date,year,month,day,weekday,brent_crude_usd,wti_crude_usd,oman_dubai_usd,brent_wti_spread,usd_dxy_index,eur_usd,usd_sar_pegged,usd_rub,ine_petroyuan_volume_klots,data_source
2000-01-03,2000,1,3,Monday,26.36,22.92,25.94,3.44,102.99,0.9579,3.7497,27.82,0,EIA/FRED/Bloomberg reference + synthetic daily interpolation
2000-01-04,2000,1,4,Tuesday,25.52,24.93,26.08,0.59,101.58,0.9673,3.7499,28.04,0,EIA/FRED/Bloomberg reference + synthetic daily interpolation
2000-01-05,2000,1,5,Wednesday,26.64,25.33,26.51,1.31,99.73,1.0039,3.75,27.92,0,EIA/FRED/Bloomberg reference + synthetic daily interpolation
2000-01-06,2000,1,6,Thursday,25.33,21.71,25.11,3.62,100.26,0.993,3.7497,28.58,0,EIA/FRED/Bloomberg reference + synthetic daily interpolation
2000-01-07,2000,1,7,Friday,25.7,24.86,27.18,0.84,100.88,0.9928,3.7497,27.6,0,EIA/FRED/Bloomberg reference + synthetic daily interpolation
2000-01-10,2000,1,10,Monday,26.27,23.3,25.18,2.97,101.27,0.9819,3.7496,27.91,0,EIA/FRED/Bloomberg reference + synthetic daily interpolation
2000-01-11,2000,1,11,Tuesday,25.69,21.08,25.33,4.61,101.48,0.9817,3.7501,28.35,0,EIA/FRED/Bloomberg reference + synthetic daily interpolation
2000-01-12,2000,1,12,Wednesday,25.75,21.99,24.74,3.76,101.64,0.9819,3.7497,29.44,0,EIA/FRED/Bloomberg reference + synthetic daily interpolation
2000-01-13,2000,1,13,Thursday,26.14,22.01,26.14,4.13,99.78,1.0091,3.7501,26.69,0,EIA/FRED/Bloomberg reference + synthetic daily interpolation
2000-01-14,2000,1,14,Friday,25.87,22.53,25.91,3.34,103.0,0.957,3.7501,28.13,0,EIA/FRED/Bloomberg reference + synthetic daily interpolation
2000-01-17,2000,1,17,Monday,26.67,21.68,25.21,4.99,101.82,0.9831,3.7496,27.82,0,EIA/FRED/Bloomberg reference + synthetic daily interpolation
2000-01-18,2000,1,18,Tuesday,26.12,23.23,24.96,2.89,102.71,0.9562,3.7499,27.7,0,EIA/FRED/Bloomberg reference + synthetic daily interpolation
2000-01-19,2000,1,19,Wednesday,26.07,21.16,26.01,4.91,101.36,0.9801,3.7496,27.86,0,EIA/FRED/Bloomberg reference + synthetic daily interpolation
2000-01-20,2000,1,20,Thursday,26.99,22.11,26.36,4.88,102.26,0.9643,3.7499,28.65,0,EIA/FRED/Bloomberg reference + synthetic daily interpolation
2000-01-21,2000,1,21,Friday,26.37,22.34,25.13,4.03,101.13,0.9829,3.7498,27.27,0,EIA/FRED/Bloomberg reference + synthetic daily interpolation
2000-01-24,2000,1,24,Monday,27.1,21.89,27.52,5.21,101.85,0.9763,3.75,27.2,0,EIA/FRED/Bloomberg reference + synthetic daily interpolation
2000-01-25,2000,1,25,Tuesday,26.37,21.52,24.97,4.85,102.16,0.9758,3.7496,28.26,0,EIA/FRED/Bloomberg reference + synthetic daily interpolation
2000-01-26,2000,1,26,Wednesday,26.47,24.97,26.08,1.5,102.65,0.9493,3.7501,27.54,0,EIA/FRED/Bloomberg reference + synthetic daily interpolation
2000-01-27,2000,1,27,Thursday,26.64,25.73,25.2,0.91,101.02,0.9797,3.7501,27.74,0,EIA/FRED/Bloomberg reference + synthetic daily interpolation
2000-01-28,2000,1,28,Friday,26.54,25.53,25.08,1.01,99.89,0.9928,3.7497,28.19,0,EIA/FRED/Bloomberg reference + synthetic daily interpolation
2000-01-31,2000,1,31,Monday,27.16,22.04,28.64,5.12,101.65,0.9793,3.75,27.78,0,EIA/FRED/Bloomberg reference + synthetic daily interpolation
2000-02-01,2000,2,1,Tuesday,27.06,23.18,28.33,3.88,99.77,0.9988,3.7498,27.91,0,EIA/FRED/Bloomberg reference + synthetic daily interpolation
2000-02-02,2000,2,2,Wednesday,27.14,22.39,27.92,4.75,100.13,1.0007,3.7497,28.39,0,EIA/FRED/Bloomberg reference + synthetic daily interpolation
2000-02-03,2000,2,3,Thursday,27.61,23.99,27.98,3.62,102.38,0.9701,3.75,27.39,0,EIA/FRED/Bloomberg reference + synthetic daily interpolation
2000-02-04,2000,2,4,Friday,27.16,23.59,27.22,3.57,101.1,0.9816,3.7499,27.7,0,EIA/FRED/Bloomberg reference + synthetic daily interpolation
2000-02-07,2000,2,7,Monday,26.83,22.03,25.55,4.8,103.62,0.9474,3.7498,27.37,0,EIA/FRED/Bloomberg reference + synthetic daily interpolation
2000-02-08,2000,2,8,Tuesday,28.06,24.43,29.25,3.63,103.1,0.9545,3.7497,28.25,0,EIA/FRED/Bloomberg reference + synthetic daily interpolation
2000-02-09,2000,2,9,Wednesday,27.41,22.06,28.2,5.35,100.03,1.0071,3.7499,27.17,0,EIA/FRED/Bloomberg reference + synthetic daily interpolation
2000-02-10,2000,2,10,Thursday,27.16,25.63,25.7,1.53,103.01,0.954,3.7496,29.0,0,EIA/FRED/Bloomberg reference + synthetic daily interpolation
2000-02-11,2000,2,11,Friday,27.27,24.74,26.19,2.53,102.7,0.962,3.7498,27.51,0,EIA/FRED/Bloomberg reference + synthetic daily interpolation
2000-02-14,2000,2,14,Monday,28.72,25.69,28.59,3.03,101.01,0.9777,3.7497,27.8,0,EIA/FRED/Bloomberg reference + synthetic daily interpolation
2000-02-15,2000,2,15,Tuesday,28.34,23.53,27.13,4.81,100.44,0.985,3.7499,27.87,0,EIA/FRED/Bloomberg reference + synthetic daily interpolation
2000-02-16,2000,2,16,Wednesday,28.41,24.65,29.73,3.76,100.81,0.9891,3.7497,28.42,0,EIA/FRED/Bloomberg reference + synthetic daily interpolation
2000-02-17,2000,2,17,Thursday,27.75,24.02,27.6,3.73,102.43,0.954,3.7501,27.93,0,EIA/FRED/Bloomberg reference + synthetic daily interpolation
2000-02-18,2000,2,18,Friday,28.63,26.66,27.53,1.97,101.99,0.966,3.7497,27.05,0,EIA/FRED/Bloomberg reference + synthetic daily interpolation
2000-02-21,2000,2,21,Monday,28.16,25.91,29.0,2.25,103.12,0.9601,3.7497,28.27,0,EIA/FRED/Bloomberg reference + synthetic daily interpolation
2000-02-22,2000,2,22,Tuesday,27.8,22.73,28.43,5.07,103.44,0.9493,3.7496,27.08,0,EIA/FRED/Bloomberg reference + synthetic daily interpolation
2000-02-23,2000,2,23,Wednesday,28.77,23.33,28.5,5.44,102.77,0.9568,3.7497,28.64,0,EIA/FRED/Bloomberg reference + synthetic daily interpolation
2000-02-24,2000,2,24,Thursday,28.87,25.78,27.9,3.09,102.3,0.971,3.7498,27.84,0,EIA/FRED/Bloomberg reference + synthetic daily interpolation
2000-02-25,2000,2,25,Friday,27.55,27.02,26.32,0.53,98.63,1.019,3.75,28.31,0,EIA/FRED/Bloomberg reference + synthetic daily interpolation
2000-02-28,2000,2,28,Monday,29.04,24.6,28.26,4.44,102.32,0.9691,3.7498,29.04,0,EIA/FRED/Bloomberg reference + synthetic daily interpolation
2000-02-29,2000,2,29,Tuesday,28.11,23.24,27.73,4.87,101.08,0.984,3.7498,27.29,0,EIA/FRED/Bloomberg reference + synthetic daily interpolation
2000-03-01,2000,3,1,Wednesday,28.3,22.58,27.07,5.72,98.59,1.015,3.7499,28.58,0,EIA/FRED/Bloomberg reference + synthetic daily interpolation
2000-03-02,2000,3,2,Thursday,27.86,26.76,28.81,1.1,102.16,0.9693,3.7496,28.6,0,EIA/FRED/Bloomberg reference + synthetic daily interpolation
2000-03-03,2000,3,3,Friday,28.17,26.42,29.12,1.75,101.61,0.9743,3.7499,28.04,0,EIA/FRED/Bloomberg reference + synthetic daily interpolation
2000-03-06,2000,3,6,Monday,28.91,28.02,28.7,0.89,101.42,0.9795,3.7501,27.97,0,EIA/FRED/Bloomberg reference + synthetic daily interpolation
2000-03-07,2000,3,7,Tuesday,29.52,23.59,28.28,5.93,99.4,1.0088,3.7499,27.81,0,EIA/FRED/Bloomberg reference + synthetic daily interpolation
2000-03-08,2000,3,8,Wednesday,29.23,24.27,28.15,4.96,100.27,0.9936,3.7499,27.1,0,EIA/FRED/Bloomberg reference + synthetic daily interpolation
2000-03-09,2000,3,9,Thursday,28.58,25.81,27.47,2.77,101.37,0.992,3.75,27.31,0,EIA/FRED/Bloomberg reference + synthetic daily interpolation
2000-03-10,2000,3,10,Friday,29.37,23.59,30.25,5.78,100.84,0.9871,3.7498,28.31,0,EIA/FRED/Bloomberg reference + synthetic daily interpolation
2000-03-13,2000,3,13,Monday,28.43,27.48,29.64,0.95,101.43,0.9767,3.7497,28.45,0,EIA/FRED/Bloomberg reference + synthetic daily interpolation
2000-03-14,2000,3,14,Tuesday,29.33,25.74,29.66,3.59,101.63,0.9787,3.7498,27.61,0,EIA/FRED/Bloomberg reference + synthetic daily interpolation
2000-03-15,2000,3,15,Wednesday,30.35,25.54,31.04,4.81,100.15,1.0001,3.75,28.05,0,EIA/FRED/Bloomberg reference + synthetic daily interpolation
2000-03-16,2000,3,16,Thursday,30.18,28.85,30.27,1.33,100.71,0.9916,3.7499,28.51,0,EIA/FRED/Bloomberg reference + synthetic daily interpolation
2000-03-17,2000,3,17,Friday,29.48,27.91,29.62,1.57,105.52,0.9161,3.75,28.54,0,EIA/FRED/Bloomberg reference + synthetic daily interpolation
2000-03-20,2000,3,20,Monday,29.3,25.79,30.7,3.51,101.14,0.9862,3.7501,28.21,0,EIA/FRED/Bloomberg reference + synthetic daily interpolation
2000-03-21,2000,3,21,Tuesday,28.98,23.81,28.7,5.17,101.74,0.9751,3.7498,27.49,0,EIA/FRED/Bloomberg reference + synthetic daily interpolation
2000-03-22,2000,3,22,Wednesday,29.76,27.74,28.41,2.02,100.44,0.9988,3.7498,27.67,0,EIA/FRED/Bloomberg reference + synthetic daily interpolation
2000-03-23,2000,3,23,Thursday,29.98,28.35,29.03,1.63,102.23,0.9606,3.7499,27.57,0,EIA/FRED/Bloomberg reference + synthetic daily interpolation
2000-03-24,2000,3,24,Friday,30.34,29.25,30.32,1.09,100.9,0.9788,3.7499,27.15,0,EIA/FRED/Bloomberg reference + synthetic daily interpolation
2000-03-27,2000,3,27,Monday,29.32,28.27,28.07,1.05,103.19,0.9573,3.7501,29.21,0,EIA/FRED/Bloomberg reference + synthetic daily interpolation
2000-03-28,2000,3,28,Tuesday,30.59,29.98,30.08,0.61,100.7,1.001,3.7499,28.73,0,EIA/FRED/Bloomberg reference + synthetic daily interpolation
2000-03-29,2000,3,29,Wednesday,30.16,28.73,28.73,1.43,101.26,0.9764,3.7497,28.48,0,EIA/FRED/Bloomberg reference + synthetic daily interpolation
2000-03-30,2000,3,30,Thursday,29.08,24.74,27.83,4.34,101.52,0.9774,3.7496,28.35,0,EIA/FRED/Bloomberg reference + synthetic daily interpolation
2000-03-31,2000,3,31,Friday,30.37,28.14,31.25,2.23,99.27,1.0069,3.7496,28.28,0,EIA/FRED/Bloomberg reference + synthetic daily interpolation
2000-04-03,2000,4,3,Monday,30.53,25.56,31.79,4.97,102.01,0.971,3.7497,27.94,0,EIA/FRED/Bloomberg reference + synthetic daily interpolation
2000-04-04,2000,4,4,Tuesday,29.93,24.6,31.33,5.33,100.47,0.9867,3.7497,27.54,0,EIA/FRED/Bloomberg reference + synthetic daily interpolation
2000-04-05,2000,4,5,Wednesday,29.8,29.12,29.15,0.68,102.84,0.9558,3.75,27.73,0,EIA/FRED/Bloomberg reference + synthetic daily interpolation
2000-04-06,2000,4,6,Thursday,29.49,26.44,29.64,3.05,103.21,0.9485,3.7499,27.92,0,EIA/FRED/Bloomberg reference + synthetic daily interpolation
2000-04-07,2000,4,7,Friday,30.4,28.63,31.15,1.77,101.65,0.9755,3.7498,28.67,0,EIA/FRED/Bloomberg reference + synthetic daily interpolation
2000-04-10,2000,4,10,Monday,30.29,24.46,31.11,5.83,103.33,0.9506,3.7499,28.46,0,EIA/FRED/Bloomberg reference + synthetic daily interpolation
2000-04-11,2000,4,11,Tuesday,30.49,24.83,31.62,5.66,100.22,0.9993,3.7499,28.01,0,EIA/FRED/Bloomberg reference + synthetic daily interpolation
2000-04-12,2000,4,12,Wednesday,30.37,26.88,30.75,3.49,104.03,0.9329,3.7501,27.64,0,EIA/FRED/Bloomberg reference + synthetic daily interpolation
2000-04-13,2000,4,13,Thursday,31.07,25.66,32.45,5.41,100.22,1.0032,3.7497,27.55,0,EIA/FRED/Bloomberg reference + synthetic daily interpolation
2000-04-14,2000,4,14,Friday,30.99,29.68,30.57,1.31,101.88,0.9726,3.7501,27.4,0,EIA/FRED/Bloomberg reference + synthetic daily interpolation
2000-04-17,2000,4,17,Monday,30.47,26.43,30.16,4.04,99.11,1.0182,3.75,28.59,0,EIA/FRED/Bloomberg reference + synthetic daily interpolation
2000-04-18,2000,4,18,Tuesday,30.94,26.5,30.87,4.44,103.28,0.9529,3.7497,27.61,0,EIA/FRED/Bloomberg reference + synthetic daily interpolation
2000-04-19,2000,4,19,Wednesday,30.82,26.58,31.47,4.24,103.2,0.95,3.7499,27.84,0,EIA/FRED/Bloomberg reference + synthetic daily interpolation
2000-04-20,2000,4,20,Thursday,31.36,25.56,30.98,5.8,101.51,0.9777,3.7498,27.31,0,EIA/FRED/Bloomberg reference + synthetic daily interpolation
2000-04-21,2000,4,21,Friday,31.42,30.06,30.9,1.36,101.84,0.9793,3.75,28.31,0,EIA/FRED/Bloomberg reference + synthetic daily interpolation
2000-04-24,2000,4,24,Monday,31.07,28.48,30.34,2.59,102.12,0.9663,3.7497,27.69,0,EIA/FRED/Bloomberg reference + synthetic daily interpolation
2000-04-25,2000,4,25,Tuesday,30.9,30.06,29.96,0.84,103.27,0.9484,3.7497,28.1,0,EIA/FRED/Bloomberg reference + synthetic daily interpolation
2000-04-26,2000,4,26,Wednesday,30.64,25.43,29.35,5.21,101.48,0.9765,3.7496,28.41,0,EIA/FRED/Bloomberg reference + synthetic daily interpolation
2000-04-27,2000,4,27,Thursday,30.75,26.53,30.32,4.22,103.54,0.9472,3.7499,28.51,0,EIA/FRED/Bloomberg reference + synthetic daily interpolation
2000-04-28,2000,4,28,Friday,30.79,28.95,29.74,1.84,101.92,0.97,3.7498,28.05,0,EIA/FRED/Bloomberg reference + synthetic daily interpolation
2000-05-01,2000,5,1,Monday,31.35,25.75,30.69,5.6,100.19,0.9858,3.7501,27.19,0,EIA/FRED/Bloomberg reference + synthetic daily interpolation
2000-05-02,2000,5,2,Tuesday,31.35,25.37,31.52,5.98,102.81,0.9572,3.75,28.14,0,EIA/FRED/Bloomberg reference + synthetic daily interpolation
2000-05-03,2000,5,3,Wednesday,31.04,27.28,31.32,3.76,100.86,0.9885,3.7496,28.35,0,EIA/FRED/Bloomberg reference + synthetic daily interpolation
2000-05-04,2000,5,4,Thursday,31.11,26.92,32.26,4.19,102.23,0.9566,3.7497,27.58,0,EIA/FRED/Bloomberg reference + synthetic daily interpolation
2000-05-05,2000,5,5,Friday,31.6,30.67,31.49,0.93,101.24,0.9817,3.7499,28.54,0,EIA/FRED/Bloomberg reference + synthetic daily interpolation
2000-05-08,2000,5,8,Monday,31.29,30.29,30.82,1.0,102.5,0.9692,3.7499,28.22,0,EIA/FRED/Bloomberg reference + synthetic daily interpolation
2000-05-09,2000,5,9,Tuesday,31.71,25.94,30.51,5.77,102.04,0.9617,3.7497,27.34,0,EIA/FRED/Bloomberg reference + synthetic daily interpolation
2000-05-10,2000,5,10,Wednesday,32.07,27.25,32.14,4.82,103.12,0.9489,3.7499,27.51,0,EIA/FRED/Bloomberg reference + synthetic daily interpolation
2000-05-11,2000,5,11,Thursday,31.15,26.4,31.16,4.75,101.78,0.978,3.7499,28.58,0,EIA/FRED/Bloomberg reference + synthetic daily interpolation
2000-05-12,2000,5,12,Friday,31.63,29.41,32.38,2.22,101.0,0.9798,3.75,28.53,0,EIA/FRED/Bloomberg reference + synthetic daily interpolation
2000-05-15,2000,5,15,Monday,31.7,30.96,30.35,0.74,102.59,0.9609,3.7497,27.11,0,EIA/FRED/Bloomberg reference + synthetic daily interpolation
2000-05-16,2000,5,16,Tuesday,31.24,27.42,30.39,3.82,100.39,0.9927,3.7501,27.34,0,EIA/FRED/Bloomberg reference + synthetic daily interpolation
2000-05-17,2000,5,17,Wednesday,31.39,25.94,32.3,5.45,101.0,0.9976,3.7498,28.21,0,EIA/FRED/Bloomberg reference + synthetic daily interpolation
2000-05-18,2000,5,18,Thursday,31.5,28.17,30.5,3.33,101.52,0.9742,3.7496,27.34,0,EIA/FRED/Bloomberg reference + synthetic daily interpolation
2000-05-19,2000,5,19,Friday,31.26,27.81,31.64,3.45,101.96,0.9675,3.7499,28.21,0,EIA/FRED/Bloomberg reference + synthetic daily interpolation
2000-05-22,2000,5,22,Monday,31.74,29.71,31.7,2.03,101.35,0.9831,3.7497,28.0,0,EIA/FRED/Bloomberg reference + synthetic daily interpolation
2000-05-23,2000,5,23,Tuesday,30.96,29.86,30.72,1.1,102.59,0.9598,3.7499,28.02,0,EIA/FRED/Bloomberg reference + synthetic daily interpolation
2000-05-24,2000,5,24,Wednesday,31.54,30.34,31.92,1.2,101.82,0.9728,3.7497,29.12,0,EIA/FRED/Bloomberg reference + synthetic daily interpolation
2000-05-25,2000,5,25,Thursday,31.8,27.47,30.96,4.33,102.79,0.964,3.7498,28.15,0,EIA/FRED/Bloomberg reference + synthetic daily interpolation
2000-05-26,2000,5,26,Friday,31.31,25.99,30.54,5.32,101.43,0.9771,3.75,28.15,0,EIA/FRED/Bloomberg reference + synthetic daily interpolation
2000-05-29,2000,5,29,Monday,31.64,29.29,30.28,2.35,101.48,0.9811,3.7499,28.21,0,EIA/FRED/Bloomberg reference + synthetic daily interpolation
2000-05-30,2000,5,30,Tuesday,31.15,26.29,30.34,4.86,102.13,0.9632,3.7498,28.18,0,EIA/FRED/Bloomberg reference + synthetic daily interpolation
2000-05-31,2000,5,31,Wednesday,31.39,27.94,30.29,3.45,101.73,0.9745,3.7497,27.58,0,EIA/FRED/Bloomberg reference + synthetic daily interpolation
2000-06-01,2000,6,1,Thursday,31.24,25.88,31.8,5.36,101.43,0.9729,3.7498,27.23,0,EIA/FRED/Bloomberg reference + synthetic daily interpolation
2000-06-02,2000,6,2,Friday,30.96,29.58,31.71,1.38,100.91,0.9859,3.75,27.92,0,EIA/FRED/Bloomberg reference + synthetic daily interpolation
2000-06-05,2000,6,5,Monday,32.3,27.72,33.26,4.58,102.58,0.9633,3.7497,27.18,0,EIA/FRED/Bloomberg reference + synthetic daily interpolation
2000-06-06,2000,6,6,Tuesday,31.16,29.54,30.02,1.62,100.09,0.9991,3.7498,27.55,0,EIA/FRED/Bloomberg reference + synthetic daily interpolation
2000-06-07,2000,6,7,Wednesday,31.33,26.2,32.35,5.13,102.61,0.9578,3.75,28.38,0,EIA/FRED/Bloomberg reference + synthetic daily interpolation
2000-06-08,2000,6,8,Thursday,31.2,26.85,32.49,4.35,102.74,0.9619,3.7498,27.73,0,EIA/FRED/Bloomberg reference + synthetic daily interpolation
2000-06-09,2000,6,9,Friday,31.74,29.66,32.53,2.08,101.45,0.9856,3.7498,26.73,0,EIA/FRED/Bloomberg reference + synthetic daily interpolation
2000-06-12,2000,6,12,Monday,31.93,27.66,32.24,4.27,101.82,0.976,3.7498,28.72,0,EIA/FRED/Bloomberg reference + synthetic daily interpolation
2000-06-13,2000,6,13,Tuesday,31.45,28.88,31.31,2.57,102.0,0.9722,3.7497,28.18,0,EIA/FRED/Bloomberg reference + synthetic daily interpolation
2000-06-14,2000,6,14,Wednesday,31.26,29.13,30.2,2.13,101.76,0.9786,3.7497,28.22,0,EIA/FRED/Bloomberg reference + synthetic daily interpolation
2000-06-15,2000,6,15,Thursday,31.05,26.95,31.64,4.1,101.43,0.9814,3.7499,28.42,0,EIA/FRED/Bloomberg reference + synthetic daily interpolation
2000-06-16,2000,6,16,Friday,30.88,25.13,30.98,5.75,97.99,1.0308,3.7501,27.39,0,EIA/FRED/Bloomberg reference + synthetic daily interpolation
2000-06-19,2000,6,19,Monday,30.86,25.24,29.8,5.62,101.56,0.9809,3.75,28.58,0,EIA/FRED/Bloomberg reference + synthetic daily interpolation
2000-06-20,2000,6,20,Tuesday,31.6,27.35,30.89,4.25,101.83,0.9769,3.7497,28.86,0,EIA/FRED/Bloomberg reference + synthetic daily interpolation
2000-06-21,2000,6,21,Wednesday,32.12,26.18,33.46,5.94,102.26,0.9656,3.7498,28.58,0,EIA/FRED/Bloomberg reference + synthetic daily interpolation
2000-06-22,2000,6,22,Thursday,31.46,29.72,30.74,1.74,102.15,0.9765,3.75,28.01,0,EIA/FRED/Bloomberg reference + synthetic daily interpolation
2000-06-23,2000,6,23,Friday,31.43,26.34,32.48,5.09,100.3,0.9946,3.7498,27.91,0,EIA/FRED/Bloomberg reference + synthetic daily interpolation
2000-06-26,2000,6,26,Monday,30.78,27.71,31.46,3.07,102.84,0.9542,3.7497,27.73,0,EIA/FRED/Bloomberg reference + synthetic daily interpolation
2000-06-27,2000,6,27,Tuesday,31.57,27.84,32.75,3.73,101.78,0.9695,3.75,28.58,0,EIA/FRED/Bloomberg reference + synthetic daily interpolation
2000-06-28,2000,6,28,Wednesday,30.79,25.08,30.37,5.71,101.57,0.9813,3.7498,28.31,0,EIA/FRED/Bloomberg reference + synthetic daily interpolation
2000-06-29,2000,6,29,Thursday,30.78,25.16,31.06,5.62,98.43,1.0233,3.7496,28.1,0,EIA/FRED/Bloomberg reference + synthetic daily interpolation
2000-06-30,2000,6,30,Friday,31.42,30.49,30.95,0.93,100.48,0.9973,3.7501,26.98,0,EIA/FRED/Bloomberg reference + synthetic daily interpolation
2000-07-03,2000,7,3,Monday,30.58,24.93,31.83,5.65,101.32,0.9822,3.7498,28.04,0,EIA/FRED/Bloomberg reference + synthetic daily interpolation
2000-07-04,2000,7,4,Tuesday,30.4,28.12,31.72,2.28,100.43,0.9912,3.75,28.41,0,EIA/FRED/Bloomberg reference + synthetic daily interpolation
2000-07-05,2000,7,5,Wednesday,31.71,29.89,31.57,1.82,102.15,0.9674,3.7498,27.7,0,EIA/FRED/Bloomberg reference + synthetic daily interpolation
2000-07-06,2000,7,6,Thursday,29.68,27.72,29.33,1.96,102.4,0.9623,3.7501,28.69,0,EIA/FRED/Bloomberg reference + synthetic daily interpolation
2000-07-07,2000,7,7,Friday,30.71,27.0,29.95,3.71,103.78,0.9361,3.75,27.86,0,EIA/FRED/Bloomberg reference + synthetic daily interpolation
2000-07-10,2000,7,10,Monday,31.15,28.95,31.81,2.2,102.96,0.9578,3.7497,28.05,0,EIA/FRED/Bloomberg reference + synthetic daily interpolation
2000-07-11,2000,7,11,Tuesday,30.45,24.66,30.99,5.79,102.97,0.9562,3.7499,28.85,0,EIA/FRED/Bloomberg reference + synthetic daily interpolation
2000-07-12,2000,7,12,Wednesday,31.43,26.41,32.69,5.02,101.88,0.9738,3.7498,27.79,0,EIA/FRED/Bloomberg reference + synthetic daily interpolation
2000-07-13,2000,7,13,Thursday,30.63,25.0,29.97,5.63,102.13,0.972,3.7501,27.8,0,EIA/FRED/Bloomberg reference + synthetic daily interpolation
2000-07-14,2000,7,14,Friday,31.55,28.67,32.77,2.88,101.77,0.9697,3.75,27.56,0,EIA/FRED/Bloomberg reference + synthetic daily interpolation
2000-07-17,2000,7,17,Monday,30.02,29.25,30.01,0.77,101.05,0.9819,3.7499,28.05,0,EIA/FRED/Bloomberg reference + synthetic daily interpolation
2000-07-18,2000,7,18,Tuesday,30.42,27.01,31.31,3.41,103.08,0.9473,3.7497,27.48,0,EIA/FRED/Bloomberg reference + synthetic daily interpolation
2000-07-19,2000,7,19,Wednesday,30.63,26.95,30.33,3.68,101.15,0.9856,3.7498,28.84,0,EIA/FRED/Bloomberg reference + synthetic daily interpolation
2000-07-20,2000,7,20,Thursday,31.03,26.98,29.67,4.05,101.65,0.9675,3.75,28.45,0,EIA/FRED/Bloomberg reference + synthetic daily interpolation
2000-07-21,2000,7,21,Friday,29.47,28.62,30.75,0.85,100.33,1.0004,3.7499,28.11,0,EIA/FRED/Bloomberg reference + synthetic daily interpolation
2000-07-24,2000,7,24,Monday,30.29,28.95,31.36,1.34,101.77,0.9758,3.7498,27.69,0,EIA/FRED/Bloomberg reference + synthetic daily interpolation
2000-07-25,2000,7,25,Tuesday,30.79,25.09,29.65,5.7,102.5,0.9632,3.7501,27.91,0,EIA/FRED/Bloomberg reference + synthetic daily interpolation
2000-07-26,2000,7,26,Wednesday,29.97,24.42,30.76,5.55,99.84,1.0011,3.7496,29.09,0,EIA/FRED/Bloomberg reference + synthetic daily interpolation
2000-07-27,2000,7,27,Thursday,30.1,28.51,29.19,1.59,100.7,0.9863,3.7497,28.05,0,EIA/FRED/Bloomberg reference + synthetic daily interpolation
2000-07-28,2000,7,28,Friday,29.83,25.37,30.13,4.46,102.25,0.9737,3.75,28.1,0,EIA/FRED/Bloomberg reference + synthetic daily interpolation
2000-07-31,2000,7,31,Monday,29.58,25.12,30.98,4.46,99.98,1.0088,3.7499,28.08,0,EIA/FRED/Bloomberg reference + synthetic daily interpolation
2000-08-01,2000,8,1,Tuesday,30.22,28.79,30.64,1.43,101.67,0.9696,3.7499,28.22,0,EIA/FRED/Bloomberg reference + synthetic daily interpolation
2000-08-02,2000,8,2,Wednesday,30.35,26.51,28.85,3.84,100.61,0.9951,3.7499,28.74,0,EIA/FRED/Bloomberg reference + synthetic daily interpolation
2000-08-03,2000,8,3,Thursday,29.32,24.52,28.5,4.8,101.69,0.9799,3.7499,28.55,0,EIA/FRED/Bloomberg reference + synthetic daily interpolation
2000-08-04,2000,8,4,Friday,29.69,28.69,28.34,1.0,101.86,0.9719,3.7497,27.31,0,EIA/FRED/Bloomberg reference + synthetic daily interpolation
2000-08-07,2000,8,7,Monday,29.16,28.0,29.18,1.16,102.78,0.9665,3.7498,28.47,0,EIA/FRED/Bloomberg reference + synthetic daily interpolation
2000-08-08,2000,8,8,Tuesday,29.87,28.51,28.67,1.36,99.68,0.9951,3.7501,28.22,0,EIA/FRED/Bloomberg reference + synthetic daily interpolation
2000-08-09,2000,8,9,Wednesday,30.62,26.39,31.02,4.23,101.71,0.9763,3.75,27.52,0,EIA/FRED/Bloomberg reference + synthetic daily interpolation
2000-08-10,2000,8,10,Thursday,28.78,25.89,29.4,2.89,101.32,0.9901,3.75,27.56,0,EIA/FRED/Bloomberg reference + synthetic daily interpolation
2000-08-11,2000,8,11,Friday,29.49,24.84,28.38,4.65,102.29,0.9785,3.7497,27.9,0,EIA/FRED/Bloomberg reference + synthetic daily interpolation
2000-08-14,2000,8,14,Monday,29.06,23.32,30.32,5.74,99.8,1.0026,3.75,27.55,0,EIA/FRED/Bloomberg reference + synthetic daily interpolation
2000-08-15,2000,8,15,Tuesday,30.65,28.25,32.12,2.4,102.47,0.9579,3.75,27.61,0,EIA/FRED/Bloomberg reference + synthetic daily interpolation
2000-08-16,2000,8,16,Wednesday,28.63,23.4,27.67,5.23,102.68,0.9585,3.7498,28.3,0,EIA/FRED/Bloomberg reference + synthetic daily interpolation
2000-08-17,2000,8,17,Thursday,28.61,22.65,27.74,5.96,100.07,0.99,3.7497,28.71,0,EIA/FRED/Bloomberg reference + synthetic daily interpolation
2000-08-18,2000,8,18,Friday,28.63,25.5,29.53,3.13,103.08,0.9567,3.7499,27.9,0,EIA/FRED/Bloomberg reference + synthetic daily interpolation
2000-08-21,2000,8,21,Monday,29.58,26.38,28.39,3.2,101.62,0.9814,3.7498,28.76,0,EIA/FRED/Bloomberg reference + synthetic daily interpolation
2000-08-22,2000,8,22,Tuesday,28.07,23.32,28.53,4.75,101.41,0.9796,3.7499,28.09,0,EIA/FRED/Bloomberg reference + synthetic daily interpolation
2000-08-23,2000,8,23,Wednesday,29.25,26.54,27.92,2.71,101.88,0.9646,3.7497,28.27,0,EIA/FRED/Bloomberg reference + synthetic daily interpolation
2000-08-24,2000,8,24,Thursday,28.36,25.85,27.05,2.51,101.24,0.9726,3.7496,27.73,0,EIA/FRED/Bloomberg reference + synthetic daily interpolation
2000-08-25,2000,8,25,Friday,29.24,24.34,30.55,4.9,100.88,0.9828,3.7498,27.96,0,EIA/FRED/Bloomberg reference + synthetic daily interpolation
2000-08-28,2000,8,28,Monday,28.42,24.81,29.67,3.61,100.81,0.9923,3.7496,28.2,0,EIA/FRED/Bloomberg reference + synthetic daily interpolation
2000-08-29,2000,8,29,Tuesday,28.45,23.99,28.73,4.46,101.75,0.978,3.7499,27.8,0,EIA/FRED/Bloomberg reference + synthetic daily interpolation
2000-08-30,2000,8,30,Wednesday,28.69,25.57,27.19,3.12,102.1,0.9714,3.7498,28.05,0,EIA/FRED/Bloomberg reference + synthetic daily interpolation
2000-08-31,2000,8,31,Thursday,28.48,24.55,28.94,3.93,103.1,0.9581,3.7496,27.58,0,EIA/FRED/Bloomberg reference + synthetic daily interpolation
2000-09-01,2000,9,1,Friday,29.32,25.68,30.08,3.64,98.87,1.0221,3.7498,27.29,0,EIA/FRED/Bloomberg reference + synthetic daily interpolation
2000-09-04,2000,9,4,Monday,28.09,25.36,28.29,2.73,100.67,0.9894,3.7497,27.43,0,EIA/FRED/Bloomberg reference + synthetic daily interpolation
2000-09-05,2000,9,5,Tuesday,28.19,27.25,28.5,0.94,101.58,0.9737,3.7499,27.95,0,EIA/FRED/Bloomberg reference + synthetic daily interpolation
2000-09-06,2000,9,6,Wednesday,28.02,22.24,28.61,5.78,102.95,0.9544,3.7498,27.55,0,EIA/FRED/Bloomberg reference + synthetic daily interpolation
2000-09-07,2000,9,7,Thursday,27.95,22.83,29.26,5.12,103.2,0.9492,3.7501,27.86,0,EIA/FRED/Bloomberg reference + synthetic daily interpolation
2000-09-08,2000,9,8,Friday,27.66,26.53,26.44,1.13,101.63,0.9711,3.7497,28.72,0,EIA/FRED/Bloomberg reference + synthetic daily interpolation
2000-09-11,2000,9,11,Monday,27.68,22.86,28.09,4.82,101.76,0.9759,3.7496,28.14,0,EIA/FRED/Bloomberg reference + synthetic daily interpolation
2000-09-12,2000,9,12,Tuesday,27.92,22.79,28.74,5.13,100.33,0.9955,3.7501,27.49,0,EIA/FRED/Bloomberg reference + synthetic daily interpolation
2000-09-13,2000,9,13,Wednesday,27.58,22.01,27.52,5.57,101.49,0.9774,3.7498,27.53,0,EIA/FRED/Bloomberg reference + synthetic daily interpolation
2000-09-14,2000,9,14,Thursday,27.55,25.35,28.05,2.2,100.38,0.9963,3.7499,27.06,0,EIA/FRED/Bloomberg reference + synthetic daily interpolation
2000-09-15,2000,9,15,Friday,27.12,21.75,25.89,5.37,101.98,0.9658,3.7498,27.95,0,EIA/FRED/Bloomberg reference + synthetic daily interpolation
2000-09-18,2000,9,18,Monday,27.41,22.19,26.01,5.22,100.57,0.994,3.7499,27.86,0,EIA/FRED/Bloomberg reference + synthetic daily interpolation
2000-09-19,2000,9,19,Tuesday,27.49,22.92,28.92,4.57,99.98,0.9975,3.7501,27.77,0,EIA/FRED/Bloomberg reference + synthetic daily interpolation
2000-09-20,2000,9,20,Wednesday,27.49,23.5,27.94,3.99,102.7,0.9654,3.7497,28.21,0,EIA/FRED/Bloomberg reference + synthetic daily interpolation
2000-09-21,2000,9,21,Thursday,28.0,24.24,28.66,3.76,101.98,0.9745,3.7497,28.27,0,EIA/FRED/Bloomberg reference + synthetic daily interpolation
2000-09-22,2000,9,22,Friday,27.69,26.05,27.09,1.64,103.84,0.9416,3.7499,28.6,0,EIA/FRED/Bloomberg reference + synthetic daily interpolation
2000-09-25,2000,9,25,Monday,26.88,23.3,27.09,3.58,100.89,0.9909,3.7501,27.54,0,EIA/FRED/Bloomberg reference + synthetic daily interpolation
2000-09-26,2000,9,26,Tuesday,27.37,25.23,26.86,2.14,101.31,0.9911,3.7501,27.99,0,EIA/FRED/Bloomberg reference + synthetic daily interpolation
2000-09-27,2000,9,27,Wednesday,26.72,24.8,25.44,1.92,102.82,0.9535,3.7498,28.6,0,EIA/FRED/Bloomberg reference + synthetic daily interpolation
2000-09-28,2000,9,28,Thursday,26.79,22.15,26.02,4.64,100.85,0.9778,3.7497,27.66,0,EIA/FRED/Bloomberg reference + synthetic daily interpolation
2000-09-29,2000,9,29,Friday,27.09,21.74,28.22,5.35,101.37,0.9855,3.7499,27.65,0,EIA/FRED/Bloomberg reference + synthetic daily interpolation
2000-10-02,2000,10,2,Monday,26.41,25.11,25.05,1.3,100.91,0.991,3.7499,26.84,0,EIA/FRED/Bloomberg reference + synthetic daily interpolation
2000-10-03,2000,10,3,Tuesday,26.97,21.03,27.48,5.94,99.49,1.0059,3.7499,28.25,0,EIA/FRED/Bloomberg reference + synthetic daily interpolation
2000-10-04,2000,10,4,Wednesday,26.52,24.65,25.33,1.87,104.04,0.9399,3.7499,28.53,0,EIA/FRED/Bloomberg reference + synthetic daily interpolation
2000-10-05,2000,10,5,Thursday,27.21,26.08,27.15,1.13,102.53,0.9632,3.75,27.68,0,EIA/FRED/Bloomberg reference + synthetic daily interpolation
2000-10-06,2000,10,6,Friday,26.66,22.69,27.51,3.97,100.57,0.9956,3.7499,28.16,0,EIA/FRED/Bloomberg reference + synthetic daily interpolation
2000-10-09,2000,10,9,Monday,26.4,24.56,25.03,1.84,101.28,0.986,3.7498,28.26,0,EIA/FRED/Bloomberg reference + synthetic daily interpolation
2000-10-10,2000,10,10,Tuesday,26.43,22.57,26.63,3.86,101.79,0.9707,3.75,27.83,0,EIA/FRED/Bloomberg reference + synthetic daily interpolation
2000-10-11,2000,10,11,Wednesday,26.68,25.55,27.38,1.13,99.2,1.0144,3.75,27.34,0,EIA/FRED/Bloomberg reference + synthetic daily interpolation
2000-10-12,2000,10,12,Thursday,26.35,24.8,26.6,1.55,99.91,0.9945,3.7501,27.5,0,EIA/FRED/Bloomberg reference + synthetic daily interpolation
2000-10-13,2000,10,13,Friday,26.27,21.34,27.54,4.93,99.27,1.0033,3.7497,27.73,0,EIA/FRED/Bloomberg reference + synthetic daily interpolation
2000-10-16,2000,10,16,Monday,26.59,24.66,26.07,1.93,101.12,0.9846,3.7497,27.54,0,EIA/FRED/Bloomberg reference + synthetic daily interpolation
2000-10-17,2000,10,17,Tuesday,26.17,20.8,25.56,5.37,102.41,0.9724,3.7497,27.87,0,EIA/FRED/Bloomberg reference + synthetic daily interpolation
2000-10-18,2000,10,18,Wednesday,26.04,20.82,25.12,5.22,100.76,0.9894,3.7498,27.95,0,EIA/FRED/Bloomberg reference + synthetic daily interpolation
2000-10-19,2000,10,19,Thursday,26.14,24.36,25.99,1.78,100.25,0.9934,3.7499,28.16,0,EIA/FRED/Bloomberg reference + synthetic daily interpolation
2000-10-20,2000,10,20,Friday,25.77,20.75,26.76,5.02,103.58,0.9481,3.7501,27.54,0,EIA/FRED/Bloomberg reference + synthetic daily interpolation
2000-10-23,2000,10,23,Monday,25.53,20.1,25.74,5.43,101.12,0.9914,3.7501,28.52,0,EIA/FRED/Bloomberg reference + synthetic daily interpolation
2000-10-24,2000,10,24,Tuesday,26.68,25.69,27.17,0.99,98.99,1.016,3.7496,27.87,0,EIA/FRED/Bloomberg reference + synthetic daily interpolation
2000-10-25,2000,10,25,Wednesday,27.37,25.21,28.39,2.16,102.31,0.9666,3.75,28.62,0,EIA/FRED/Bloomberg reference + synthetic daily interpolation
2000-10-26,2000,10,26,Thursday,25.1,23.7,26.05,1.4,100.75,0.9862,3.7498,28.35,0,EIA/FRED/Bloomberg reference + synthetic daily interpolation
2000-10-27,2000,10,27,Friday,26.61,22.1,27.37,4.51,101.54,0.9736,3.7497,28.7,0,EIA/FRED/Bloomberg reference + synthetic daily interpolation
2000-10-30,2000,10,30,Monday,25.86,24.07,24.77,1.79,102.31,0.9691,3.7501,28.22,0,EIA/FRED/Bloomberg reference + synthetic daily interpolation
2000-10-31,2000,10,31,Tuesday,26.72,24.96,25.88,1.76,101.47,0.9836,3.7496,27.74,0,EIA/FRED/Bloomberg reference + synthetic daily interpolation
2000-11-01,2000,11,1,Wednesday,25.24,22.39,25.11,2.85,101.66,0.9748,3.75,28.36,0,EIA/FRED/Bloomberg reference + synthetic daily interpolation
2000-11-02,2000,11,2,Thursday,26.19,22.34,26.94,3.85,100.48,1.0026,3.7496,27.92,0,EIA/FRED/Bloomberg reference + synthetic daily interpolation
2000-11-03,2000,11,3,Friday,26.19,25.38,27.51,0.81,101.9,0.9747,3.7499,28.11,0,EIA/FRED/Bloomberg reference + synthetic daily interpolation
2000-11-06,2000,11,6,Monday,24.95,23.51,23.54,1.44,101.15,0.9938,3.75,28.6,0,EIA/FRED/Bloomberg reference + synthetic daily interpolation
2000-11-07,2000,11,7,Tuesday,25.86,22.84,27.2,3.02,102.17,0.9588,3.75,28.08,0,EIA/FRED/Bloomberg reference + synthetic daily interpolation
2000-11-08,2000,11,8,Wednesday,25.65,22.65,24.64,3.0,102.61,0.9685,3.7497,28.13,0,EIA/FRED/Bloomberg reference + synthetic daily interpolation
2000-11-09,2000,11,9,Thursday,25.57,20.59,26.24,4.98,102.3,0.9636,3.75,27.16,0,EIA/FRED/Bloomberg reference + synthetic daily interpolation
2000-11-10,2000,11,10,Friday,25.83,24.77,27.08,1.06,100.35,0.9888,3.7498,27.98,0,EIA/FRED/Bloomberg reference + synthetic daily interpolation
2000-11-13,2000,11,13,Monday,25.81,20.98,26.11,4.83,103.27,0.9423,3.7496,27.6,0,EIA/FRED/Bloomberg reference + synthetic daily interpolation
2000-11-14,2000,11,14,Tuesday,26.01,22.56,27.27,3.45,102.52,0.9684,3.7499,27.46,0,EIA/FRED/Bloomberg reference + synthetic daily interpolation
2000-11-15,2000,11,15,Wednesday,26.32,25.47,25.29,0.85,99.74,0.9987,3.7499,27.81,0,EIA/FRED/Bloomberg reference + synthetic daily interpolation
2000-11-16,2000,11,16,Thursday,25.18,20.51,24.53,4.67,101.46,0.984,3.75,28.54,0,EIA/FRED/Bloomberg reference + synthetic daily interpolation
2000-11-17,2000,11,17,Friday,25.4,21.45,25.25,3.95,101.56,0.9746,3.7497,28.15,0,EIA/FRED/Bloomberg reference + synthetic daily interpolation
2000-11-20,2000,11,20,Monday,25.67,24.91,25.76,0.76,101.84,0.9721,3.7499,28.63,0,EIA/FRED/Bloomberg reference + synthetic daily interpolation
2000-11-21,2000,11,21,Tuesday,25.47,20.53,26.2,4.94,104.04,0.9428,3.7501,28.88,0,EIA/FRED/Bloomberg reference + synthetic daily interpolation
2000-11-22,2000,11,22,Wednesday,25.9,20.65,25.85,5.25,100.76,0.9802,3.7501,27.62,0,EIA/FRED/Bloomberg reference + synthetic daily interpolation
2000-11-23,2000,11,23,Thursday,25.28,21.55,25.64,3.73,101.49,0.9823,3.7499,27.9,0,EIA/FRED/Bloomberg reference + synthetic daily interpolation
2000-11-24,2000,11,24,Friday,24.6,23.5,23.41,1.1,102.68,0.9695,3.7501,28.0,0,EIA/FRED/Bloomberg reference + synthetic daily interpolation
2000-11-27,2000,11,27,Monday,25.18,21.61,24.23,3.57,103.85,0.9436,3.7497,28.24,0,EIA/FRED/Bloomberg reference + synthetic daily interpolation
2000-11-28,2000,11,28,Tuesday,25.67,21.43,26.23,4.24,101.33,0.9903,3.7498,29.06,0,EIA/FRED/Bloomberg reference + synthetic daily interpolation
2000-11-29,2000,11,29,Wednesday,25.26,20.69,23.76,4.57,100.73,0.9882,3.7501,27.85,0,EIA/FRED/Bloomberg reference + synthetic daily interpolation
2000-11-30,2000,11,30,Thursday,25.95,20.47,24.51,5.48,100.05,0.9992,3.7499,27.61,0,EIA/FRED/Bloomberg reference + synthetic daily interpolation
2000-12-01,2000,12,1,Friday,25.32,23.33,23.88,1.99,102.7,0.9681,3.7499,27.57,0,EIA/FRED/Bloomberg reference + synthetic daily interpolation
2000-12-04,2000,12,4,Monday,25.87,23.45,26.21,2.42,102.05,0.967,3.7499,27.3,0,EIA/FRED/Bloomberg reference + synthetic daily interpolation
2000-12-05,2000,12,5,Tuesday,25.53,20.06,25.22,5.47,100.95,0.9832,3.7501,27.64,0,EIA/FRED/Bloomberg reference + synthetic daily interpolation
2000-12-06,2000,12,6,Wednesday,25.31,23.53,24.36,1.78,102.7,0.9568,3.75,28.25,0,EIA/FRED/Bloomberg reference + synthetic daily interpolation
2000-12-07,2000,12,7,Thursday,25.87,24.53,25.63,1.34,102.34,0.9619,3.7496,28.1,0,EIA/FRED/Bloomberg reference + synthetic daily interpolation
2000-12-08,2000,12,8,Friday,25.32,21.22,25.54,4.1,102.12,0.9669,3.7497,29.02,0,EIA/FRED/Bloomberg reference + synthetic daily interpolation
2000-12-11,2000,12,11,Monday,25.99,20.24,26.8,5.75,101.64,0.9782,3.7498,28.04,0,EIA/FRED/Bloomberg reference + synthetic daily interpolation
2000-12-12,2000,12,12,Tuesday,24.91,22.2,24.72,2.71,99.64,1.0072,3.7497,27.21,0,EIA/FRED/Bloomberg reference + synthetic daily interpolation
2000-12-13,2000,12,13,Wednesday,26.02,21.55,26.51,4.47,101.84,0.972,3.7498,27.8,0,EIA/FRED/Bloomberg reference + synthetic daily interpolation
2000-12-14,2000,12,14,Thursday,25.89,22.56,26.33,3.33,100.99,0.9844,3.7497,28.57,0,EIA/FRED/Bloomberg reference + synthetic daily interpolation
2000-12-15,2000,12,15,Friday,26.0,21.32,24.62,4.68,101.29,0.9868,3.75,27.92,0,EIA/FRED/Bloomberg reference + synthetic daily interpolation
2000-12-18,2000,12,18,Monday,25.42,20.42,24.17,5.0,101.82,0.9709,3.75,28.1,0,EIA/FRED/Bloomberg reference + synthetic daily interpolation
2000-12-19,2000,12,19,Tuesday,25.28,23.15,25.77,2.13,102.91,0.9511,3.7499,28.43,0,EIA/FRED/Bloomberg reference + synthetic daily interpolation
2000-12-20,2000,12,20,Wednesday,25.31,21.86,26.78,3.45,101.45,0.9789,3.75,28.34,0,EIA/FRED/Bloomberg reference + synthetic daily interpolation
2000-12-21,2000,12,21,Thursday,25.96,22.4,24.64,3.56,101.13,0.987,3.7497,28.01,0,EIA/FRED/Bloomberg reference + synthetic daily interpolation
2000-12-22,2000,12,22,Friday,25.72,20.85,24.75,4.87,103.9,0.9366,3.7498,27.63,0,EIA/FRED/Bloomberg reference + synthetic daily interpolation
2000-12-25,2000,12,25,Monday,25.43,20.35,25.49,5.08,101.99,0.9576,3.7499,27.8,0,EIA/FRED/Bloomberg reference + synthetic daily interpolation
2000-12-26,2000,12,26,Tuesday,26.67,22.05,27.5,4.62,102.44,0.967,3.7497,27.91,0,EIA/FRED/Bloomberg reference + synthetic daily interpolation
2000-12-27,2000,12,27,Wednesday,26.11,22.25,26.75,3.86,100.88,0.9879,3.7496,28.17,0,EIA/FRED/Bloomberg reference + synthetic daily interpolation
2000-12-28,2000,12,28,Thursday,26.21,25.36,25.56,0.85,100.37,0.9905,3.75,28.62,0,EIA/FRED/Bloomberg reference + synthetic daily interpolation
2000-12-29,2000,12,29,Friday,26.35,20.69,27.6,5.66,99.33,1.0059,3.75,28.84,0,EIA/FRED/Bloomberg reference + synthetic daily interpolation
2001-01-01,2001,1,1,Monday,22.24,19.28,23.22,2.96,116.43,0.7574,3.7501,28.17,0,EIA/FRED/Bloomberg reference + synthetic daily interpolation
2001-01-02,2001,1,2,Tuesday,22.43,21.4,21.41,1.03,117.61,0.7336,3.7499,29.26,0,EIA/FRED/Bloomberg reference + synthetic daily interpolation
2001-01-03,2001,1,3,Wednesday,22.17,19.35,20.73,2.82,117.52,0.7344,3.7496,29.47,0,EIA/FRED/Bloomberg reference + synthetic daily interpolation
2001-01-04,2001,1,4,Thursday,21.96,17.35,22.08,4.61,118.22,0.7314,3.75,29.01,0,EIA/FRED/Bloomberg reference + synthetic daily interpolation
2001-01-05,2001,1,5,Friday,21.98,19.68,21.02,2.3,117.85,0.7384,3.7497,28.01,0,EIA/FRED/Bloomberg reference + synthetic daily interpolation
2001-01-08,2001,1,8,Monday,21.23,17.69,20.22,3.54,115.9,0.766,3.7497,28.45,0,EIA/FRED/Bloomberg reference + synthetic daily interpolation
2001-01-09,2001,1,9,Tuesday,21.48,20.64,21.33,0.84,116.55,0.7506,3.75,28.35,0,EIA/FRED/Bloomberg reference + synthetic daily interpolation
2001-01-10,2001,1,10,Wednesday,21.27,16.05,20.3,5.22,115.43,0.7649,3.75,27.24,0,EIA/FRED/Bloomberg reference + synthetic daily interpolation
2001-01-11,2001,1,11,Thursday,22.15,17.95,23.3,4.2,118.43,0.7323,3.7498,28.29,0,EIA/FRED/Bloomberg reference + synthetic daily interpolation
2001-01-12,2001,1,12,Friday,21.76,17.77,22.91,3.99,120.38,0.6918,3.75,28.34,0,EIA/FRED/Bloomberg reference + synthetic daily interpolation
2001-01-15,2001,1,15,Monday,22.07,19.07,21.31,3.0,114.86,0.7729,3.7497,28.62,0,EIA/FRED/Bloomberg reference + synthetic daily interpolation
2001-01-16,2001,1,16,Tuesday,22.3,18.15,23.17,4.15,118.06,0.7325,3.7499,28.81,0,EIA/FRED/Bloomberg reference + synthetic daily interpolation
2001-01-17,2001,1,17,Wednesday,22.64,19.35,24.05,3.29,117.35,0.7424,3.75,28.28,0,EIA/FRED/Bloomberg reference + synthetic daily interpolation
2001-01-18,2001,1,18,Thursday,22.28,19.16,22.9,3.12,118.06,0.7173,3.7496,28.85,0,EIA/FRED/Bloomberg reference + synthetic daily interpolation
2001-01-19,2001,1,19,Friday,22.33,19.71,22.78,2.62,116.31,0.7586,3.7498,28.25,0,EIA/FRED/Bloomberg reference + synthetic daily interpolation
2001-01-22,2001,1,22,Monday,22.55,17.11,22.66,5.44,119.21,0.7161,3.7497,28.39,0,EIA/FRED/Bloomberg reference + synthetic daily interpolation
2001-01-23,2001,1,23,Tuesday,22.11,19.04,21.94,3.07,116.68,0.7528,3.7499,29.32,0,EIA/FRED/Bloomberg reference + synthetic daily interpolation
2001-01-24,2001,1,24,Wednesday,23.28,20.48,24.34,2.8,116.87,0.7421,3.7497,28.13,0,EIA/FRED/Bloomberg reference + synthetic daily interpolation
2001-01-25,2001,1,25,Thursday,22.51,18.29,23.98,4.22,118.1,0.7259,3.7498,27.46,0,EIA/FRED/Bloomberg reference + synthetic daily interpolation
2001-01-26,2001,1,26,Friday,23.41,20.71,23.06,2.7,118.96,0.7245,3.7499,28.67,0,EIA/FRED/Bloomberg reference + synthetic daily interpolation
2001-01-29,2001,1,29,Monday,23.05,21.43,23.4,1.62,115.69,0.7588,3.7497,27.99,0,EIA/FRED/Bloomberg reference + synthetic daily interpolation
2001-01-30,2001,1,30,Tuesday,23.36,19.17,23.74,4.19,119.1,0.7138,3.7497,28.95,0,EIA/FRED/Bloomberg reference + synthetic daily interpolation
2001-01-31,2001,1,31,Wednesday,23.51,22.89,22.81,0.62,115.78,0.7646,3.7498,26.86,0,EIA/FRED/Bloomberg reference + synthetic daily interpolation
2001-02-01,2001,2,1,Thursday,22.34,21.49,22.15,0.85,116.79,0.7442,3.7499,27.66,0,EIA/FRED/Bloomberg reference + synthetic daily interpolation
2001-02-02,2001,2,2,Friday,22.89,20.7,23.43,2.19,117.77,0.7381,3.7499,27.84,0,EIA/FRED/Bloomberg reference + synthetic daily interpolation
2001-02-05,2001,2,5,Monday,23.03,22.12,23.06,0.91,118.5,0.714,3.75,28.72,0,EIA/FRED/Bloomberg reference + synthetic daily interpolation
2001-02-06,2001,2,6,Tuesday,23.51,21.42,23.39,2.09,118.83,0.716,3.7498,27.51,0,EIA/FRED/Bloomberg reference + synthetic daily interpolation
2001-02-07,2001,2,7,Wednesday,22.96,21.87,22.6,1.09,118.04,0.7233,3.7497,27.94,0,EIA/FRED/Bloomberg reference + synthetic daily interpolation
2001-02-08,2001,2,8,Thursday,23.93,22.51,24.35,1.42,118.65,0.7107,3.7498,28.75,0,EIA/FRED/Bloomberg reference + synthetic daily interpolation
2001-02-09,2001,2,9,Friday,24.0,18.07,22.99,5.93,118.65,0.7245,3.7498,28.13,0,EIA/FRED/Bloomberg reference + synthetic daily interpolation
2001-02-12,2001,2,12,Monday,24.02,23.18,25.04,0.84,118.44,0.729,3.7497,27.45,0,EIA/FRED/Bloomberg reference + synthetic daily interpolation
2001-02-13,2001,2,13,Tuesday,23.51,23.01,24.64,0.5,117.1,0.7421,3.7499,28.85,0,EIA/FRED/Bloomberg reference + synthetic daily interpolation
2001-02-14,2001,2,14,Wednesday,23.74,19.57,23.86,4.17,117.93,0.7378,3.7498,28.71,0,EIA/FRED/Bloomberg reference + synthetic daily interpolation
2001-02-15,2001,2,15,Thursday,23.16,22.08,22.7,1.08,118.68,0.7194,3.7497,29.15,0,EIA/FRED/Bloomberg reference + synthetic daily interpolation
2001-02-16,2001,2,16,Friday,23.57,18.04,22.21,5.53,118.22,0.734,3.75,28.33,0,EIA/FRED/Bloomberg reference + synthetic daily interpolation
2001-02-19,2001,2,19,Monday,23.51,19.75,24.62,3.76,116.38,0.7502,3.7496,28.76,0,EIA/FRED/Bloomberg reference + synthetic daily interpolation
2001-02-20,2001,2,20,Tuesday,23.87,21.76,24.04,2.11,117.88,0.7286,3.7498,27.37,0,EIA/FRED/Bloomberg reference + synthetic daily interpolation
2001-02-21,2001,2,21,Wednesday,23.81,17.86,23.61,5.95,116.51,0.7499,3.7498,28.28,0,EIA/FRED/Bloomberg reference + synthetic daily interpolation
2001-02-22,2001,2,22,Thursday,23.97,22.82,23.89,1.15,116.32,0.7589,3.7496,28.93,0,EIA/FRED/Bloomberg reference + synthetic daily interpolation
2001-02-23,2001,2,23,Friday,24.49,21.64,25.66,2.85,118.42,0.7262,3.7501,27.87,0,EIA/FRED/Bloomberg reference + synthetic daily interpolation
2001-02-26,2001,2,26,Monday,25.16,23.94,25.45,1.22,119.13,0.7146,3.7499,28.91,0,EIA/FRED/Bloomberg reference + synthetic daily interpolation
2001-02-27,2001,2,27,Tuesday,24.17,18.56,25.13,5.61,117.09,0.7467,3.7496,28.85,0,EIA/FRED/Bloomberg reference + synthetic daily interpolation
2001-02-28,2001,2,28,Wednesday,24.84,23.7,26.07,1.14,116.82,0.7443,3.7498,28.09,0,EIA/FRED/Bloomberg reference + synthetic daily interpolation
2001-03-01,2001,3,1,Thursday,24.75,23.27,26.07,1.48,118.49,0.7289,3.7498,28.45,0,EIA/FRED/Bloomberg reference + synthetic daily interpolation
2001-03-02,2001,3,2,Friday,24.96,20.83,24.78,4.13,119.19,0.7132,3.7498,27.82,0,EIA/FRED/Bloomberg reference + synthetic daily interpolation
2001-03-05,2001,3,5,Monday,24.9,20.63,24.38,4.27,116.47,0.7491,3.7498,29.07,0,EIA/FRED/Bloomberg reference + synthetic daily interpolation
2001-03-06,2001,3,6,Tuesday,25.05,23.28,24.23,1.77,120.06,0.6995,3.7501,28.11,0,EIA/FRED/Bloomberg reference + synthetic daily interpolation
2001-03-07,2001,3,7,Wednesday,25.28,23.58,24.28,1.7,119.02,0.7053,3.7496,28.27,0,EIA/FRED/Bloomberg reference + synthetic daily interpolation
2001-03-08,2001,3,8,Thursday,24.39,20.27,25.73,4.12,118.21,0.7261,3.75,27.18,0,EIA/FRED/Bloomberg reference + synthetic daily interpolation
2001-03-09,2001,3,9,Friday,24.96,20.94,25.36,4.02,117.12,0.7439,3.75,27.69,0,EIA/FRED/Bloomberg reference + synthetic daily interpolation
2001-03-12,2001,3,12,Monday,24.86,23.0,24.4,1.86,117.02,0.7515,3.7499,28.62,0,EIA/FRED/Bloomberg reference + synthetic daily interpolation
2001-03-13,2001,3,13,Tuesday,25.44,23.26,25.98,2.18,116.72,0.7557,3.7498,27.16,0,EIA/FRED/Bloomberg reference + synthetic daily interpolation
2001-03-14,2001,3,14,Wednesday,25.63,23.33,25.23,2.3,118.18,0.7282,3.7498,29.22,0,EIA/FRED/Bloomberg reference + synthetic daily interpolation
2001-03-15,2001,3,15,Thursday,25.35,24.59,24.78,0.76,118.89,0.7197,3.7498,27.46,0,EIA/FRED/Bloomberg reference + synthetic daily interpolation
2001-03-16,2001,3,16,Friday,25.28,21.27,24.85,4.01,118.61,0.725,3.7499,28.27,0,EIA/FRED/Bloomberg reference + synthetic daily interpolation
2001-03-19,2001,3,19,Monday,24.72,23.6,25.59,1.12,116.71,0.7505,3.7498,28.52,0,EIA/FRED/Bloomberg reference + synthetic daily interpolation
2001-03-20,2001,3,20,Tuesday,24.92,23.32,24.29,1.6,118.46,0.7211,3.7498,27.68,0,EIA/FRED/Bloomberg reference + synthetic daily interpolation
2001-03-21,2001,3,21,Wednesday,25.45,23.73,24.32,1.72,117.9,0.7335,3.75,28.16,0,EIA/FRED/Bloomberg reference + synthetic daily interpolation
2001-03-22,2001,3,22,Thursday,25.21,21.17,26.47,4.04,119.06,0.7135,3.7496,27.69,0,EIA/FRED/Bloomberg reference + synthetic daily interpolation
2001-03-23,2001,3,23,Friday,25.58,24.12,26.82,1.46,119.74,0.7076,3.7498,28.23,0,EIA/FRED/Bloomberg reference + synthetic daily interpolation
2001-03-26,2001,3,26,Monday,25.66,20.61,25.46,5.05,117.63,0.7372,3.7497,27.9,0,EIA/FRED/Bloomberg reference + synthetic daily interpolation
2001-03-27,2001,3,27,Tuesday,25.8,23.5,26.28,2.3,119.54,0.7033,3.7498,28.51,0,EIA/FRED/Bloomberg reference + synthetic daily interpolation
2001-03-28,2001,3,28,Wednesday,25.33,24.27,25.52,1.06,118.79,0.7214,3.7498,28.03,0,EIA/FRED/Bloomberg reference + synthetic daily interpolation
2001-03-29,2001,3,29,Thursday,26.5,23.27,27.21,3.23,116.7,0.7512,3.7497,28.54,0,EIA/FRED/Bloomberg reference + synthetic daily interpolation
2001-03-30,2001,3,30,Friday,25.38,24.52,24.81,0.86,118.1,0.7334,3.7499,27.37,0,EIA/FRED/Bloomberg reference + synthetic daily interpolation
2001-04-02,2001,4,2,Monday,25.62,21.66,25.41,3.96,118.88,0.716,3.7499,27.51,0,EIA/FRED/Bloomberg reference + synthetic daily interpolation
2001-04-03,2001,4,3,Tuesday,25.72,21.43,24.56,4.29,116.31,0.7541,3.7498,27.76,0,EIA/FRED/Bloomberg reference + synthetic daily interpolation
2001-04-04,2001,4,4,Wednesday,25.85,24.06,27.14,1.79,117.62,0.7328,3.75,27.8,0,EIA/FRED/Bloomberg reference + synthetic daily interpolation
2001-04-05,2001,4,5,Thursday,26.01,22.64,27.22,3.37,118.28,0.7295,3.7497,29.1,0,EIA/FRED/Bloomberg reference + synthetic daily interpolation
2001-04-06,2001,4,6,Friday,25.9,23.76,26.65,2.14,119.25,0.7069,3.75,27.83,0,EIA/FRED/Bloomberg reference + synthetic daily interpolation
2001-04-09,2001,4,9,Monday,26.07,22.48,27.2,3.59,118.93,0.7067,3.7498,28.18,0,EIA/FRED/Bloomberg reference + synthetic daily interpolation
2001-04-10,2001,4,10,Tuesday,25.98,22.62,27.32,3.36,117.68,0.7252,3.7496,28.63,0,EIA/FRED/Bloomberg reference + synthetic daily interpolation
2001-04-11,2001,4,11,Wednesday,26.66,22.95,27.35,3.71,115.82,0.7559,3.75,28.79,0,EIA/FRED/Bloomberg reference + synthetic daily interpolation
2001-04-12,2001,4,12,Thursday,25.81,23.66,25.93,2.15,116.12,0.7498,3.7498,28.37,0,EIA/FRED/Bloomberg reference + synthetic daily interpolation
2001-04-13,2001,4,13,Friday,26.45,24.15,26.69,2.3,116.85,0.7596,3.7501,28.63,0,EIA/FRED/Bloomberg reference + synthetic daily interpolation
2001-04-16,2001,4,16,Monday,25.94,21.07,25.06,4.87,115.36,0.7698,3.7499,27.83,0,EIA/FRED/Bloomberg reference + synthetic daily interpolation
2001-04-17,2001,4,17,Tuesday,26.85,25.89,27.53,0.96,117.27,0.7383,3.7499,28.31,0,EIA/FRED/Bloomberg reference + synthetic daily interpolation
2001-04-18,2001,4,18,Wednesday,25.89,24.76,24.64,1.13,117.89,0.7463,3.7498,27.91,0,EIA/FRED/Bloomberg reference + synthetic daily interpolation
2001-04-19,2001,4,19,Thursday,26.57,21.03,26.8,5.54,118.0,0.7293,3.75,27.74,0,EIA/FRED/Bloomberg reference + synthetic daily interpolation
2001-04-20,2001,4,20,Friday,26.06,20.92,26.28,5.14,119.09,0.7059,3.7498,27.87,0,EIA/FRED/Bloomberg reference + synthetic daily interpolation
2001-04-23,2001,4,23,Monday,26.61,25.3,27.69,1.31,119.22,0.7087,3.7497,28.35,0,EIA/FRED/Bloomberg reference + synthetic daily interpolation
2001-04-24,2001,4,24,Tuesday,26.65,21.59,26.09,5.06,115.8,0.7628,3.75,27.49,0,EIA/FRED/Bloomberg reference + synthetic daily interpolation
2001-04-25,2001,4,25,Wednesday,26.97,22.24,27.48,4.73,118.41,0.7309,3.7496,28.29,0,EIA/FRED/Bloomberg reference + synthetic daily interpolation
2001-04-26,2001,4,26,Thursday,26.68,24.85,26.93,1.83,120.82,0.6885,3.7499,29.17,0,EIA/FRED/Bloomberg reference + synthetic daily interpolation
2001-04-27,2001,4,27,Friday,26.05,23.86,26.49,2.19,117.56,0.7389,3.75,28.47,0,EIA/FRED/Bloomberg reference + synthetic daily interpolation
2001-04-30,2001,4,30,Monday,27.01,23.59,27.99,3.42,118.5,0.7131,3.75,28.73,0,EIA/FRED/Bloomberg reference + synthetic daily interpolation
2001-05-01,2001,5,1,Tuesday,27.09,21.75,26.49,5.34,117.62,0.7324,3.7496,27.87,0,EIA/FRED/Bloomberg reference + synthetic daily interpolation
2001-05-02,2001,5,2,Wednesday,27.5,22.67,27.49,4.83,116.92,0.7497,3.7501,28.97,0,EIA/FRED/Bloomberg reference + synthetic daily interpolation
2001-05-03,2001,5,3,Thursday,27.32,24.02,27.62,3.3,117.05,0.7428,3.7497,27.73,0,EIA/FRED/Bloomberg reference + synthetic daily interpolation
2001-05-04,2001,5,4,Friday,26.69,22.74,26.82,3.95,121.05,0.6821,3.75,27.87,0,EIA/FRED/Bloomberg reference + synthetic daily interpolation
2001-05-07,2001,5,7,Monday,27.29,21.53,27.14,5.76,117.84,0.7396,3.75,28.46,0,EIA/FRED/Bloomberg reference + synthetic daily interpolation
2001-05-08,2001,5,8,Tuesday,26.92,23.74,25.98,3.18,116.4,0.7624,3.7497,28.18,0,EIA/FRED/Bloomberg reference + synthetic daily interpolation
2001-05-09,2001,5,9,Wednesday,27.54,23.31,26.17,4.23,118.75,0.7232,3.7497,27.75,0,EIA/FRED/Bloomberg reference + synthetic daily interpolation
2001-05-10,2001,5,10,Thursday,27.24,22.04,27.37,5.2,116.0,0.764,3.7498,29.41,0,EIA/FRED/Bloomberg reference + synthetic daily interpolation
2001-05-11,2001,5,11,Friday,27.24,25.12,27.3,2.12,117.14,0.7456,3.7496,28.16,0,EIA/FRED/Bloomberg reference + synthetic daily interpolation
2001-05-14,2001,5,14,Monday,26.91,26.22,25.72,0.69,119.14,0.7129,3.7501,28.08,0,EIA/FRED/Bloomberg reference + synthetic daily interpolation
2001-05-15,2001,5,15,Tuesday,27.1,23.66,28.05,3.44,118.88,0.7143,3.7497,29.57,0,EIA/FRED/Bloomberg reference + synthetic daily interpolation
2001-05-16,2001,5,16,Wednesday,27.15,26.44,27.66,0.71,117.18,0.7415,3.7501,28.58,0,EIA/FRED/Bloomberg reference + synthetic daily interpolation
2001-05-17,2001,5,17,Thursday,27.32,24.51,27.09,2.81,119.11,0.7109,3.7497,27.8,0,EIA/FRED/Bloomberg reference + synthetic daily interpolation
2001-05-18,2001,5,18,Friday,26.91,23.92,27.0,2.99,116.39,0.751,3.75,28.89,0,EIA/FRED/Bloomberg reference + synthetic daily interpolation
2001-05-21,2001,5,21,Monday,27.14,23.48,25.77,3.66,116.87,0.7471,3.75,29.16,0,EIA/FRED/Bloomberg reference + synthetic daily interpolation
2001-05-22,2001,5,22,Tuesday,27.0,23.05,27.58,3.95,118.54,0.722,3.7499,28.33,0,EIA/FRED/Bloomberg reference + synthetic daily interpolation
2001-05-23,2001,5,23,Wednesday,27.08,23.2,26.94,3.88,117.67,0.7393,3.7501,28.9,0,EIA/FRED/Bloomberg reference + synthetic daily interpolation
2001-05-24,2001,5,24,Thursday,27.75,22.68,28.55,5.07,115.33,0.7676,3.7497,27.75,0,EIA/FRED/Bloomberg reference + synthetic daily interpolation
2001-05-25,2001,5,25,Friday,27.41,22.02,25.97,5.39,119.93,0.6992,3.7501,29.18,0,EIA/FRED/Bloomberg reference + synthetic daily interpolation
2001-05-28,2001,5,28,Monday,27.34,22.67,28.36,4.67,118.69,0.7118,3.75,28.72,0,EIA/FRED/Bloomberg reference + synthetic daily interpolation
2001-05-29,2001,5,29,Tuesday,27.47,25.82,27.48,1.65,117.36,0.7393,3.7498,27.78,0,EIA/FRED/Bloomberg reference + synthetic daily interpolation
2001-05-30,2001,5,30,Wednesday,27.28,22.67,28.67,4.61,117.95,0.7343,3.7498,28.34,0,EIA/FRED/Bloomberg reference + synthetic daily interpolation
2001-05-31,2001,5,31,Thursday,27.0,21.94,25.78,5.06,117.47,0.7313,3.7499,29.23,0,EIA/FRED/Bloomberg reference + synthetic daily interpolation
2001-06-01,2001,6,1,Friday,27.99,26.43,28.97,1.56,120.02,0.6903,3.7497,28.49,0,EIA/FRED/Bloomberg reference + synthetic daily interpolation
2001-06-04,2001,6,4,Monday,27.53,25.58,26.53,1.95,118.71,0.7203,3.7499,28.78,0,EIA/FRED/Bloomberg reference + synthetic daily interpolation
2001-06-05,2001,6,5,Tuesday,28.04,22.62,28.37,5.42,117.62,0.7311,3.7498,29.14,0,EIA/FRED/Bloomberg reference + synthetic daily interpolation
2001-06-06,2001,6,6,Wednesday,27.41,26.55,26.08,0.86,117.13,0.7359,3.75,28.21,0,EIA/FRED/Bloomberg reference + synthetic daily interpolation
2001-06-07,2001,6,7,Thursday,27.85,26.47,27.46,1.38,118.24,0.717,3.7499,28.83,0,EIA/FRED/Bloomberg reference + synthetic daily interpolation
2001-06-08,2001,6,8,Friday,27.53,23.64,26.33,3.89,117.35,0.7377,3.75,27.76,0,EIA/FRED/Bloomberg reference + synthetic daily interpolation
2001-06-11,2001,6,11,Monday,27.24,23.51,27.95,3.73,115.84,0.7637,3.7501,28.73,0,EIA/FRED/Bloomberg reference + synthetic daily interpolation
2001-06-12,2001,6,12,Tuesday,26.98,25.35,26.01,1.63,119.04,0.7172,3.7497,28.56,0,EIA/FRED/Bloomberg reference + synthetic daily interpolation
2001-06-13,2001,6,13,Wednesday,27.57,25.61,28.74,1.96,117.29,0.7379,3.7498,29.03,0,EIA/FRED/Bloomberg reference + synthetic daily interpolation
2001-06-14,2001,6,14,Thursday,27.75,26.97,26.83,0.78,116.86,0.7507,3.7499,28.42,0,EIA/FRED/Bloomberg reference + synthetic daily interpolation
2001-06-15,2001,6,15,Friday,27.71,26.39,27.41,1.32,117.55,0.7339,3.7501,28.38,0,EIA/FRED/Bloomberg reference + synthetic daily interpolation
2001-06-18,2001,6,18,Monday,27.34,23.57,28.18,3.77,118.02,0.7402,3.7498,28.73,0,EIA/FRED/Bloomberg reference + synthetic daily interpolation
2001-06-19,2001,6,19,Tuesday,27.6,26.02,28.98,1.58,117.65,0.7349,3.7498,28.2,0,EIA/FRED/Bloomberg reference + synthetic daily interpolation
2001-06-20,2001,6,20,Wednesday,27.17,26.14,26.4,1.03,116.72,0.7569,3.7501,28.85,0,EIA/FRED/Bloomberg reference + synthetic daily interpolation
2001-06-21,2001,6,21,Thursday,27.28,23.4,26.05,3.88,117.81,0.7315,3.7498,28.43,0,EIA/FRED/Bloomberg reference + synthetic daily interpolation
2001-06-22,2001,6,22,Friday,27.34,23.87,26.98,3.47,119.18,0.7138,3.75,27.97,0,EIA/FRED/Bloomberg reference + synthetic daily interpolation
2001-06-25,2001,6,25,Monday,26.78,25.26,25.35,1.52,118.27,0.722,3.7501,28.42,0,EIA/FRED/Bloomberg reference + synthetic daily interpolation
2001-06-26,2001,6,26,Tuesday,26.51,21.65,28.01,4.86,118.36,0.7265,3.75,28.85,0,EIA/FRED/Bloomberg reference + synthetic daily interpolation
2001-06-27,2001,6,27,Wednesday,27.0,26.47,26.27,0.53,117.81,0.7345,3.7501,28.68,0,EIA/FRED/Bloomberg reference + synthetic daily interpolation
2001-06-28,2001,6,28,Thursday,26.51,24.4,27.37,2.11,118.43,0.7217,3.7497,28.25,0,EIA/FRED/Bloomberg reference + synthetic daily interpolation
2001-06-29,2001,6,29,Friday,26.99,24.61,26.13,2.38,116.08,0.7544,3.7497,28.17,0,EIA/FRED/Bloomberg reference + synthetic daily interpolation
2001-07-02,2001,7,2,Monday,26.11,21.59,26.36,4.52,117.04,0.7532,3.75,27.99,0,EIA/FRED/Bloomberg reference + synthetic daily interpolation
2001-07-03,2001,7,3,Tuesday,26.97,23.08,26.09,3.89,118.51,0.7289,3.7498,29.24,0,EIA/FRED/Bloomberg reference + synthetic daily interpolation
2001-07-04,2001,7,4,Wednesday,27.37,24.28,26.11,3.09,115.64,0.7674,3.75,29.61,0,EIA/FRED/Bloomberg reference + synthetic daily interpolation
2001-07-05,2001,7,5,Thursday,27.03,25.79,28.37,1.24,118.33,0.7209,3.7499,28.4,0,EIA/FRED/Bloomberg reference + synthetic daily interpolation
2001-07-06,2001,7,6,Friday,26.91,25.83,27.13,1.08,120.1,0.7065,3.7499,28.49,0,EIA/FRED/Bloomberg reference + synthetic daily interpolation
2001-07-09,2001,7,9,Monday,26.68,21.75,26.8,4.93,116.13,0.7628,3.7497,27.81,0,EIA/FRED/Bloomberg reference + synthetic daily interpolation
2001-07-10,2001,7,10,Tuesday,26.44,23.67,26.38,2.77,115.58,0.7708,3.7501,28.18,0,EIA/FRED/Bloomberg reference + synthetic daily interpolation
2001-07-11,2001,7,11,Wednesday,26.52,23.47,28.02,3.05,118.98,0.7121,3.7497,28.19,0,EIA/FRED/Bloomberg reference + synthetic daily interpolation
2001-07-12,2001,7,12,Thursday,26.68,22.06,26.49,4.62,115.99,0.7487,3.7501,28.4,0,EIA/FRED/Bloomberg reference + synthetic daily interpolation
2001-07-13,2001,7,13,Friday,26.68,24.58,27.72,2.1,118.68,0.7237,3.7496,27.63,0,EIA/FRED/Bloomberg reference + synthetic daily interpolation
2001-07-16,2001,7,16,Monday,26.86,22.16,28.16,4.7,118.13,0.7162,3.7497,27.67,0,EIA/FRED/Bloomberg reference + synthetic daily interpolation
2001-07-17,2001,7,17,Tuesday,26.11,24.91,25.2,1.2,117.4,0.7422,3.7499,27.9,0,EIA/FRED/Bloomberg reference + synthetic daily interpolation
2001-07-18,2001,7,18,Wednesday,26.42,20.72,25.04,5.7,118.27,0.7289,3.7501,27.96,0,EIA/FRED/Bloomberg reference + synthetic daily interpolation
2001-07-19,2001,7,19,Thursday,26.56,25.03,27.2,1.53,118.24,0.7265,3.7497,28.28,0,EIA/FRED/Bloomberg reference + synthetic daily interpolation
2001-07-20,2001,7,20,Friday,25.94,20.28,24.89,5.66,120.38,0.6953,3.7496,28.39,0,EIA/FRED/Bloomberg reference + synthetic daily interpolation
2001-07-23,2001,7,23,Monday,26.49,25.65,25.04,0.84,116.9,0.746,3.7497,28.19,0,EIA/FRED/Bloomberg reference + synthetic daily interpolation
2001-07-24,2001,7,24,Tuesday,25.84,24.02,24.67,1.82,119.25,0.7114,3.7499,28.63,0,EIA/FRED/Bloomberg reference + synthetic daily interpolation
2001-07-25,2001,7,25,Wednesday,24.79,23.62,23.65,1.17,117.88,0.7308,3.7501,28.59,0,EIA/FRED/Bloomberg reference + synthetic daily interpolation
2001-07-26,2001,7,26,Thursday,25.83,21.19,26.21,4.64,118.08,0.7263,3.7498,29.05,0,EIA/FRED/Bloomberg reference + synthetic daily interpolation
2001-07-27,2001,7,27,Friday,25.84,22.14,25.94,3.7,118.08,0.7208,3.75,27.93,0,EIA/FRED/Bloomberg reference + synthetic daily interpolation
2001-07-30,2001,7,30,Monday,25.7,22.22,26.4,3.48,116.68,0.7641,3.7501,29.24,0,EIA/FRED/Bloomberg reference + synthetic daily interpolation
2001-07-31,2001,7,31,Tuesday,25.65,22.14,25.59,3.51,117.75,0.7375,3.7496,29.11,0,EIA/FRED/Bloomberg reference + synthetic daily interpolation
2001-08-01,2001,8,1,Wednesday,25.54,19.69,25.59,5.85,117.44,0.7349,3.7497,29.08,0,EIA/FRED/Bloomberg reference + synthetic daily interpolation
2001-08-02,2001,8,2,Thursday,26.21,20.47,24.96,5.74,119.84,0.7083,3.7498,27.97,0,EIA/FRED/Bloomberg reference + synthetic daily interpolation
2001-08-03,2001,8,3,Friday,25.37,22.84,24.65,2.53,115.78,0.7632,3.7501,27.81,0,EIA/FRED/Bloomberg reference + synthetic daily interpolation
2001-08-06,2001,8,6,Monday,26.54,25.0,25.82,1.54,117.91,0.7307,3.7498,28.13,0,EIA/FRED/Bloomberg reference + synthetic daily interpolation
2001-08-07,2001,8,7,Tuesday,25.82,23.05,24.41,2.77,116.55,0.7625,3.7499,28.3,0,EIA/FRED/Bloomberg reference + synthetic daily interpolation
2001-08-08,2001,8,8,Wednesday,26.02,21.65,27.11,4.37,117.18,0.7435,3.7496,28.55,0,EIA/FRED/Bloomberg reference + synthetic daily interpolation
2001-08-09,2001,8,9,Thursday,25.56,20.21,26.22,5.35,118.49,0.7154,3.7499,28.8,0,EIA/FRED/Bloomberg reference + synthetic daily interpolation
2001-08-10,2001,8,10,Friday,25.67,20.11,26.13,5.56,116.19,0.7566,3.75,28.58,0,EIA/FRED/Bloomberg reference + synthetic daily interpolation
2001-08-13,2001,8,13,Monday,25.25,19.85,24.17,5.4,116.41,0.7527,3.7496,28.27,0,EIA/FRED/Bloomberg reference + synthetic daily interpolation
2001-08-14,2001,8,14,Tuesday,25.56,24.31,24.74,1.25,119.26,0.7074,3.7497,27.84,0,EIA/FRED/Bloomberg reference + synthetic daily interpolation
2001-08-15,2001,8,15,Wednesday,26.02,24.3,27.51,1.72,118.8,0.7185,3.7497,29.01,0,EIA/FRED/Bloomberg reference + synthetic daily interpolation
2001-08-16,2001,8,16,Thursday,25.49,19.76,25.64,5.73,117.05,0.7497,3.7499,28.95,0,EIA/FRED/Bloomberg reference + synthetic daily interpolation
2001-08-17,2001,8,17,Friday,24.9,20.08,26.32,4.82,117.67,0.7357,3.7499,28.49,0,EIA/FRED/Bloomberg reference + synthetic daily interpolation
2001-08-20,2001,8,20,Monday,24.83,24.16,24.72,0.67,117.99,0.7316,3.7498,28.51,0,EIA/FRED/Bloomberg reference + synthetic daily interpolation
2001-08-21,2001,8,21,Tuesday,24.91,21.32,24.98,3.59,117.52,0.7375,3.75,28.29,0,EIA/FRED/Bloomberg reference + synthetic daily interpolation
2001-08-22,2001,8,22,Wednesday,24.61,18.7,23.49,5.91,117.54,0.7256,3.7498,28.15,0,EIA/FRED/Bloomberg reference + synthetic daily interpolation
2001-08-23,2001,8,23,Thursday,24.94,20.84,24.23,4.1,116.66,0.7491,3.7498,27.55,0,EIA/FRED/Bloomberg reference + synthetic daily interpolation
2001-08-24,2001,8,24,Friday,25.0,23.27,25.94,1.73,119.86,0.6951,3.75,27.99,0,EIA/FRED/Bloomberg reference + synthetic daily interpolation
2001-08-27,2001,8,27,Monday,25.12,19.28,24.54,5.84,118.09,0.7312,3.7498,29.27,0,EIA/FRED/Bloomberg reference + synthetic daily interpolation
2001-08-28,2001,8,28,Tuesday,24.47,22.32,25.45,2.15,119.45,0.7093,3.7498,28.89,0,EIA/FRED/Bloomberg reference + synthetic daily interpolation
2001-08-29,2001,8,29,Wednesday,24.5,19.91,24.88,4.59,118.34,0.7327,3.7498,28.52,0,EIA/FRED/Bloomberg reference + synthetic daily interpolation
2001-08-30,2001,8,30,Thursday,24.64,21.07,24.41,3.57,116.57,0.7517,3.7497,29.08,0,EIA/FRED/Bloomberg reference + synthetic daily interpolation
2001-08-31,2001,8,31,Friday,24.15,19.53,23.03,4.62,114.93,0.7792,3.7498,28.89,0,EIA/FRED/Bloomberg reference + synthetic daily interpolation
2001-09-03,2001,9,3,Monday,24.18,19.02,24.79,5.16,116.95,0.7488,3.7499,28.07,0,EIA/FRED/Bloomberg reference + synthetic daily interpolation
2001-09-04,2001,9,4,Tuesday,24.29,23.07,25.74,1.22,119.41,0.707,3.7498,29.28,0,EIA/FRED/Bloomberg reference + synthetic daily interpolation
2001-09-05,2001,9,5,Wednesday,24.11,21.18,25.18,2.93,117.59,0.7431,3.7498,28.65,0,EIA/FRED/Bloomberg reference + synthetic daily interpolation
2001-09-06,2001,9,6,Thursday,23.59,19.91,24.01,3.68,117.59,0.7372,3.7501,28.76,0,EIA/FRED/Bloomberg reference + synthetic daily interpolation
2001-09-07,2001,9,7,Friday,24.29,21.04,24.24,3.25,117.59,0.7388,3.7497,28.9,0,EIA/FRED/Bloomberg reference + synthetic daily interpolation
2001-09-10,2001,9,10,Monday,23.36,21.17,22.78,2.19,116.08,0.7628,3.7498,28.44,0,EIA/FRED/Bloomberg reference + synthetic daily interpolation
2001-09-11,2001,9,11,Tuesday,23.95,22.97,24.82,0.98,116.96,0.7472,3.75,28.01,0,EIA/FRED/Bloomberg reference + synthetic daily interpolation
2001-09-12,2001,9,12,Wednesday,24.03,20.37,23.05,3.66,119.53,0.7057,3.7497,28.11,0,EIA/FRED/Bloomberg reference + synthetic daily interpolation
2001-09-13,2001,9,13,Thursday,24.37,19.65,23.17,4.72,117.45,0.7326,3.7497,27.72,0,EIA/FRED/Bloomberg reference + synthetic daily interpolation
2001-09-14,2001,9,14,Friday,23.52,20.47,22.03,3.05,117.37,0.7363,3.7497,27.91,0,EIA/FRED/Bloomberg reference + synthetic daily interpolation
2001-09-17,2001,9,17,Monday,22.93,19.68,24.02,3.25,118.47,0.7154,3.7499,28.15,0,EIA/FRED/Bloomberg reference + synthetic daily interpolation
2001-09-18,2001,9,18,Tuesday,24.11,20.66,25.59,3.45,115.81,0.7685,3.7496,28.83,0,EIA/FRED/Bloomberg reference + synthetic daily interpolation
2001-09-19,2001,9,19,Wednesday,22.86,16.9,21.91,5.96,119.11,0.722,3.7498,28.08,0,EIA/FRED/Bloomberg reference + synthetic daily interpolation
2001-09-20,2001,9,20,Thursday,23.12,18.21,22.18,4.91,118.19,0.7252,3.7498,27.99,0,EIA/FRED/Bloomberg reference + synthetic daily interpolation
2001-09-21,2001,9,21,Friday,23.88,20.48,22.39,3.4,119.13,0.7111,3.7497,28.17,0,EIA/FRED/Bloomberg reference + synthetic daily interpolation
2001-09-24,2001,9,24,Monday,22.44,19.82,23.9,2.62,117.93,0.7328,3.7499,28.73,0,EIA/FRED/Bloomberg reference + synthetic daily interpolation
2001-09-25,2001,9,25,Tuesday,23.37,18.32,23.74,5.05,118.13,0.7272,3.7496,28.11,0,EIA/FRED/Bloomberg reference + synthetic daily interpolation
2001-09-26,2001,9,26,Wednesday,23.93,22.28,25.19,1.65,117.21,0.7422,3.7497,27.99,0,EIA/FRED/Bloomberg reference + synthetic daily interpolation
2001-09-27,2001,9,27,Thursday,22.47,18.73,22.37,3.74,117.08,0.7396,3.75,28.86,0,EIA/FRED/Bloomberg reference + synthetic daily interpolation
2001-09-28,2001,9,28,Friday,23.3,20.67,24.58,2.63,117.99,0.7183,3.7499,27.68,0,EIA/FRED/Bloomberg reference + synthetic daily interpolation
2001-10-01,2001,10,1,Monday,22.44,21.66,22.46,0.78,119.21,0.716,3.75,27.69,0,EIA/FRED/Bloomberg reference + synthetic daily interpolation
2001-10-02,2001,10,2,Tuesday,22.29,19.98,21.88,2.31,118.41,0.724,3.7497,27.97,0,EIA/FRED/Bloomberg reference + synthetic daily interpolation
2001-10-03,2001,10,3,Wednesday,22.86,19.44,23.48,3.42,120.49,0.6943,3.7499,27.87,0,EIA/FRED/Bloomberg reference + synthetic daily interpolation
2001-10-04,2001,10,4,Thursday,22.1,18.73,20.61,3.37,118.67,0.7242,3.75,28.18,0,EIA/FRED/Bloomberg reference + synthetic daily interpolation
2001-10-05,2001,10,5,Friday,22.28,16.58,21.1,5.7,119.61,0.7072,3.7497,27.28,0,EIA/FRED/Bloomberg reference + synthetic daily interpolation
2001-10-08,2001,10,8,Monday,21.89,20.54,23.07,1.35,116.71,0.7401,3.7499,28.68,0,EIA/FRED/Bloomberg reference + synthetic daily interpolation
2001-10-09,2001,10,9,Tuesday,22.49,19.29,21.35,3.2,118.15,0.7321,3.7497,27.81,0,EIA/FRED/Bloomberg reference + synthetic daily interpolation
2001-10-10,2001,10,10,Wednesday,22.6,17.35,23.8,5.25,119.95,0.7011,3.7499,27.93,0,EIA/FRED/Bloomberg reference + synthetic daily interpolation
2001-10-11,2001,10,11,Thursday,21.92,19.41,21.48,2.51,118.75,0.7144,3.7496,27.87,0,EIA/FRED/Bloomberg reference + synthetic daily interpolation
2001-10-12,2001,10,12,Friday,21.95,19.84,22.85,2.11,119.42,0.7164,3.7501,28.79,0,EIA/FRED/Bloomberg reference + synthetic daily interpolation
2001-10-15,2001,10,15,Monday,22.86,20.21,21.47,2.65,119.43,0.7083,3.75,27.38,0,EIA/FRED/Bloomberg reference + synthetic daily interpolation
2001-10-16,2001,10,16,Tuesday,22.02,20.09,22.52,1.93,119.94,0.702,3.7499,27.97,0,EIA/FRED/Bloomberg reference + synthetic daily interpolation
2001-10-17,2001,10,17,Wednesday,22.52,18.22,21.76,4.3,119.36,0.7006,3.7498,28.29,0,EIA/FRED/Bloomberg reference + synthetic daily interpolation
2001-10-18,2001,10,18,Thursday,21.43,20.15,20.9,1.28,117.6,0.7265,3.75,28.52,0,EIA/FRED/Bloomberg reference + synthetic daily interpolation
2001-10-19,2001,10,19,Friday,21.82,21.3,23.1,0.52,118.03,0.7342,3.7501,28.99,0,EIA/FRED/Bloomberg reference + synthetic daily interpolation
2001-10-22,2001,10,22,Monday,21.9,17.18,23.08,4.72,119.09,0.7217,3.75,28.06,0,EIA/FRED/Bloomberg reference + synthetic daily interpolation
2001-10-23,2001,10,23,Tuesday,21.53,16.27,21.76,5.26,117.23,0.7511,3.7499,28.31,0,EIA/FRED/Bloomberg reference + synthetic daily interpolation
2001-10-24,2001,10,24,Wednesday,22.03,16.51,22.75,5.52,116.04,0.754,3.75,28.15,0,EIA/FRED/Bloomberg reference + synthetic daily interpolation
2001-10-25,2001,10,25,Thursday,22.19,20.88,21.79,1.31,119.03,0.717,3.7498,28.52,0,EIA/FRED/Bloomberg reference + synthetic daily interpolation
2001-10-26,2001,10,26,Friday,21.49,18.86,20.86,2.63,117.59,0.7325,3.7499,29.22,0,EIA/FRED/Bloomberg reference + synthetic daily interpolation
2001-10-29,2001,10,29,Monday,21.55,19.77,21.7,1.78,118.69,0.7221,3.75,28.59,0,EIA/FRED/Bloomberg reference + synthetic daily interpolation
2001-10-30,2001,10,30,Tuesday,21.61,18.37,20.89,3.24,119.19,0.7119,3.75,27.85,0,EIA/FRED/Bloomberg reference + synthetic daily interpolation
2001-10-31,2001,10,31,Wednesday,21.59,15.81,21.05,5.78,117.82,0.7372,3.75,28.51,0,EIA/FRED/Bloomberg reference + synthetic daily interpolation
2001-11-01,2001,11,1,Thursday,21.67,18.17,20.4,3.5,116.47,0.7548,3.75,28.75,0,EIA/FRED/Bloomberg reference + synthetic daily interpolation
2001-11-02,2001,11,2,Friday,22.1,17.39,22.09,4.71,118.73,0.7218,3.7497,28.73,0,EIA/FRED/Bloomberg reference + synthetic daily interpolation
2001-11-05,2001,11,5,Monday,21.25,16.56,22.19,4.69,116.96,0.7465,3.7498,28.8,0,EIA/FRED/Bloomberg reference + synthetic daily interpolation
2001-11-06,2001,11,6,Tuesday,22.18,19.29,22.89,2.89,119.86,0.7016,3.7498,28.03,0,EIA/FRED/Bloomberg reference + synthetic daily interpolation
2001-11-07,2001,11,7,Wednesday,21.67,19.2,21.49,2.47,118.6,0.7216,3.75,27.84,0,EIA/FRED/Bloomberg reference + synthetic daily interpolation
2001-11-08,2001,11,8,Thursday,21.69,16.76,22.45,4.93,113.93,0.793,3.75,27.5,0,EIA/FRED/Bloomberg reference + synthetic daily interpolation
2001-11-09,2001,11,9,Friday,21.66,19.97,21.62,1.69,117.5,0.7409,3.7496,28.51,0,EIA/FRED/Bloomberg reference + synthetic daily interpolation
2001-11-12,2001,11,12,Monday,21.9,16.88,22.92,5.02,116.74,0.7488,3.7498,28.37,0,EIA/FRED/Bloomberg reference + synthetic daily interpolation
2001-11-13,2001,11,13,Tuesday,21.63,18.04,21.13,3.59,117.95,0.7258,3.7499,29.35,0,EIA/FRED/Bloomberg reference + synthetic daily interpolation
2001-11-14,2001,11,14,Wednesday,21.42,19.9,21.47,1.52,117.69,0.7361,3.7498,28.3,0,EIA/FRED/Bloomberg reference + synthetic daily interpolation
2001-11-15,2001,11,15,Thursday,21.55,17.46,21.18,4.09,118.17,0.7329,3.7496,28.47,0,EIA/FRED/Bloomberg reference + synthetic daily interpolation
2001-11-16,2001,11,16,Friday,21.27,18.91,21.95,2.36,118.99,0.7141,3.7498,28.74,0,EIA/FRED/Bloomberg reference + synthetic daily interpolation
2001-11-19,2001,11,19,Monday,21.83,20.13,21.92,1.7,117.4,0.7296,3.7499,27.68,0,EIA/FRED/Bloomberg reference + synthetic daily interpolation
2001-11-20,2001,11,20,Tuesday,21.75,21.08,21.04,0.67,119.07,0.711,3.7498,28.17,0,EIA/FRED/Bloomberg reference + synthetic daily interpolation
2001-11-21,2001,11,21,Wednesday,21.23,16.91,22.07,4.32,117.96,0.7268,3.7498,28.9,0,EIA/FRED/Bloomberg reference + synthetic daily interpolation
2001-11-22,2001,11,22,Thursday,21.5,16.41,22.32,5.09,116.24,0.7575,3.75,28.73,0,EIA/FRED/Bloomberg reference + synthetic daily interpolation
2001-11-23,2001,11,23,Friday,21.33,16.13,21.12,5.2,117.79,0.7338,3.7497,28.06,0,EIA/FRED/Bloomberg reference + synthetic daily interpolation
2001-11-26,2001,11,26,Monday,21.14,18.16,21.85,2.98,115.32,0.7702,3.7498,28.1,0,EIA/FRED/Bloomberg reference + synthetic daily interpolation
2001-11-27,2001,11,27,Tuesday,21.64,18.74,20.37,2.9,117.72,0.7331,3.75,28.02,0,EIA/FRED/Bloomberg reference + synthetic daily interpolation
2001-11-28,2001,11,28,Wednesday,21.37,19.87,20.5,1.5,115.93,0.7665,3.7498,28.35,0,EIA/FRED/Bloomberg reference + synthetic daily interpolation
2001-11-29,2001,11,29,Thursday,21.52,20.05,22.85,1.47,118.14,0.7298,3.75,28.78,0,EIA/FRED/Bloomberg reference + synthetic daily interpolation
2001-11-30,2001,11,30,Friday,20.81,16.73,20.78,4.08,115.33,0.7619,3.7497,28.75,0,EIA/FRED/Bloomberg reference + synthetic daily interpolation
2001-12-03,2001,12,3,Monday,21.95,20.58,23.1,1.37,117.11,0.7463,3.75,27.78,0,EIA/FRED/Bloomberg reference + synthetic daily interpolation
2001-12-04,2001,12,4,Tuesday,21.67,20.99,20.7,0.68,118.8,0.7212,3.7499,28.56,0,EIA/FRED/Bloomberg reference + synthetic daily interpolation
2001-12-05,2001,12,5,Wednesday,22.11,20.62,20.7,1.49,118.33,0.7297,3.7501,27.73,0,EIA/FRED/Bloomberg reference + synthetic daily interpolation
2001-12-06,2001,12,6,Thursday,21.22,20.19,22.66,1.03,117.62,0.7432,3.7497,28.38,0,EIA/FRED/Bloomberg reference + synthetic daily interpolation
2001-12-07,2001,12,7,Friday,21.31,17.8,22.42,3.51,115.43,0.7717,3.75,29.1,0,EIA/FRED/Bloomberg reference + synthetic daily interpolation
2001-12-10,2001,12,10,Monday,21.13,20.19,22.4,0.94,115.84,0.7653,3.75,27.83,0,EIA/FRED/Bloomberg reference + synthetic daily interpolation
2001-12-11,2001,12,11,Tuesday,20.66,18.56,19.75,2.1,118.71,0.7281,3.7497,28.72,0,EIA/FRED/Bloomberg reference + synthetic daily interpolation
2001-12-12,2001,12,12,Wednesday,21.29,19.56,20.13,1.73,118.05,0.7265,3.7497,27.0,0,EIA/FRED/Bloomberg reference + synthetic daily interpolation
2001-12-13,2001,12,13,Thursday,21.83,16.29,20.35,5.54,118.07,0.7353,3.75,28.32,0,EIA/FRED/Bloomberg reference + synthetic daily interpolation
2001-12-14,2001,12,14,Friday,21.17,20.34,22.31,0.83,116.57,0.7469,3.7501,27.95,0,EIA/FRED/Bloomberg reference + synthetic daily interpolation
2001-12-17,2001,12,17,Monday,22.04,20.34,22.35,1.7,119.1,0.7191,3.7501,27.68,0,EIA/FRED/Bloomberg reference + synthetic daily interpolation
2001-12-18,2001,12,18,Tuesday,21.57,20.59,22.75,0.98,118.68,0.7231,3.7498,29.6,0,EIA/FRED/Bloomberg reference + synthetic daily interpolation
2001-12-19,2001,12,19,Wednesday,21.86,18.26,21.65,3.6,118.7,0.7233,3.7498,27.95,0,EIA/FRED/Bloomberg reference + synthetic daily interpolation
2001-12-20,2001,12,20,Thursday,21.78,20.34,22.87,1.44,116.83,0.7462,3.7501,27.97,0,EIA/FRED/Bloomberg reference + synthetic daily interpolation
2001-12-21,2001,12,21,Friday,21.45,16.83,21.71,4.62,119.7,0.7057,3.7499,27.89,0,EIA/FRED/Bloomberg reference + synthetic daily interpolation
2001-12-24,2001,12,24,Monday,21.57,21.05,22.31,0.52,119.81,0.7025,3.75,28.45,0,EIA/FRED/Bloomberg reference + synthetic daily interpolation
2001-12-25,2001,12,25,Tuesday,21.69,21.13,22.33,0.56,120.22,0.7044,3.75,28.05,0,EIA/FRED/Bloomberg reference + synthetic daily interpolation
2001-12-26,2001,12,26,Wednesday,21.58,16.84,22.79,4.74,118.28,0.7139,3.75,28.31,0,EIA/FRED/Bloomberg reference + synthetic daily interpolation
2001-12-27,2001,12,27,Thursday,21.82,19.9,22.04,1.92,118.64,0.7212,3.75,28.11,0,EIA/FRED/Bloomberg reference + synthetic daily interpolation
2001-12-28,2001,12,28,Friday,21.94,20.31,20.46,1.63,118.36,0.7287,3.7496,28.7,0,EIA/FRED/Bloomberg reference + synthetic daily interpolation
2001-12-31,2001,12,31,Monday,21.08,16.15,20.61,4.93,118.38,0.7239,3.75,28.37,0,EIA/FRED/Bloomberg reference + synthetic daily interpolation
2002-01-01,2002,1,1,Tuesday,22.79,20.48,23.44,2.31,105.09,0.9215,3.7498,27.96,0,EIA/FRED/Bloomberg reference + synthetic daily interpolation
2002-01-02,2002,1,2,Wednesday,22.47,18.89,23.06,3.58,104.6,0.9342,3.75,28.7,0,EIA/FRED/Bloomberg reference + synthetic daily interpolation
2002-01-03,2002,1,3,Thursday,22.72,17.55,22.4,5.17,105.06,0.9286,3.7496,28.15,0,EIA/FRED/Bloomberg reference + synthetic daily interpolation
2002-01-04,2002,1,4,Friday,22.45,17.84,22.57,4.61,104.02,0.9377,3.75,28.8,0,EIA/FRED/Bloomberg reference + synthetic daily interpolation
2002-01-07,2002,1,7,Monday,22.02,21.02,23.16,1.0,106.35,0.9078,3.75,27.75,0,EIA/FRED/Bloomberg reference + synthetic daily interpolation
2002-01-08,2002,1,8,Tuesday,23.17,19.31,23.51,3.86,104.97,0.9247,3.7497,28.27,0,EIA/FRED/Bloomberg reference + synthetic daily interpolation
2002-01-09,2002,1,9,Wednesday,22.7,19.55,22.13,3.15,103.91,0.9435,3.7501,28.1,0,EIA/FRED/Bloomberg reference + synthetic daily interpolation
2002-01-10,2002,1,10,Thursday,23.06,17.79,23.48,5.27,102.04,0.965,3.7498,28.83,0,EIA/FRED/Bloomberg reference + synthetic daily interpolation
2002-01-11,2002,1,11,Friday,22.74,21.51,22.43,1.23,105.17,0.9241,3.7498,28.66,0,EIA/FRED/Bloomberg reference + synthetic daily interpolation
2002-01-14,2002,1,14,Monday,23.24,17.55,24.3,5.69,104.24,0.9407,3.7499,27.48,0,EIA/FRED/Bloomberg reference + synthetic daily interpolation
2002-01-15,2002,1,15,Tuesday,22.86,20.97,21.67,1.89,105.95,0.9064,3.75,28.11,0,EIA/FRED/Bloomberg reference + synthetic daily interpolation
2002-01-16,2002,1,16,Wednesday,23.12,18.4,21.7,4.72,103.76,0.9423,3.75,28.21,0,EIA/FRED/Bloomberg reference + synthetic daily interpolation
2002-01-17,2002,1,17,Thursday,22.92,17.61,22.23,5.31,105.08,0.9311,3.7496,28.24,0,EIA/FRED/Bloomberg reference + synthetic daily interpolation
2002-01-18,2002,1,18,Friday,22.32,19.87,21.77,2.45,104.15,0.9457,3.7497,28.39,0,EIA/FRED/Bloomberg reference + synthetic daily interpolation
2002-01-21,2002,1,21,Monday,23.05,21.24,24.07,1.81,103.11,0.9528,3.7501,28.33,0,EIA/FRED/Bloomberg reference + synthetic daily interpolation
2002-01-22,2002,1,22,Tuesday,23.22,20.16,24.64,3.06,103.01,0.9607,3.75,28.73,0,EIA/FRED/Bloomberg reference + synthetic daily interpolation
2002-01-23,2002,1,23,Wednesday,23.35,19.85,23.97,3.5,104.34,0.9438,3.7498,29.4,0,EIA/FRED/Bloomberg reference + synthetic daily interpolation
2002-01-24,2002,1,24,Thursday,22.98,19.23,23.69,3.75,105.4,0.9182,3.7499,28.07,0,EIA/FRED/Bloomberg reference + synthetic daily interpolation
2002-01-25,2002,1,25,Friday,23.32,19.33,24.31,3.99,104.66,0.9333,3.7497,28.92,0,EIA/FRED/Bloomberg reference + synthetic daily interpolation
2002-01-28,2002,1,28,Monday,23.87,20.3,23.43,3.57,103.36,0.955,3.7496,28.17,0,EIA/FRED/Bloomberg reference + synthetic daily interpolation
2002-01-29,2002,1,29,Tuesday,23.98,19.82,25.36,4.16,104.01,0.9501,3.7498,27.72,0,EIA/FRED/Bloomberg reference + synthetic daily interpolation
2002-01-30,2002,1,30,Wednesday,23.5,18.96,23.59,4.54,105.12,0.9177,3.7501,28.37,0,EIA/FRED/Bloomberg reference + synthetic daily interpolation
2002-01-31,2002,1,31,Thursday,23.93,19.06,22.83,4.87,104.45,0.9323,3.7499,28.39,0,EIA/FRED/Bloomberg reference + synthetic daily interpolation
2002-02-01,2002,2,1,Friday,23.73,20.02,22.73,3.71,104.12,0.9415,3.75,29.18,0,EIA/FRED/Bloomberg reference + synthetic daily interpolation
2002-02-04,2002,2,4,Monday,23.31,22.37,23.57,0.94,104.75,0.9313,3.7497,28.11,0,EIA/FRED/Bloomberg reference + synthetic daily interpolation
2002-02-05,2002,2,5,Tuesday,24.3,20.87,23.86,3.43,105.19,0.911,3.7498,28.67,0,EIA/FRED/Bloomberg reference + synthetic daily interpolation
2002-02-06,2002,2,6,Wednesday,22.72,19.76,22.88,2.96,105.16,0.9304,3.75,28.47,0,EIA/FRED/Bloomberg reference + synthetic daily interpolation
2002-02-07,2002,2,7,Thursday,23.76,18.06,24.64,5.7,104.43,0.9375,3.7497,28.0,0,EIA/FRED/Bloomberg reference + synthetic daily interpolation
2002-02-08,2002,2,8,Friday,23.71,18.88,24.03,4.83,103.73,0.9399,3.75,28.35,0,EIA/FRED/Bloomberg reference + synthetic daily interpolation
2002-02-11,2002,2,11,Monday,24.16,21.47,23.45,2.69,104.94,0.9219,3.75,29.06,0,EIA/FRED/Bloomberg reference + synthetic daily interpolation
2002-02-12,2002,2,12,Tuesday,24.05,22.48,22.75,1.57,105.29,0.9145,3.7496,28.62,0,EIA/FRED/Bloomberg reference + synthetic daily interpolation
2002-02-13,2002,2,13,Wednesday,24.33,19.77,23.08,4.56,104.62,0.9354,3.7497,28.4,0,EIA/FRED/Bloomberg reference + synthetic daily interpolation
2002-02-14,2002,2,14,Thursday,24.1,21.96,23.99,2.14,105.77,0.9169,3.7498,28.75,0,EIA/FRED/Bloomberg reference + synthetic daily interpolation
2002-02-15,2002,2,15,Friday,24.29,18.48,25.59,5.81,105.26,0.9256,3.7496,28.19,0,EIA/FRED/Bloomberg reference + synthetic daily interpolation
2002-02-18,2002,2,18,Monday,24.66,19.08,25.41,5.58,104.6,0.9295,3.7501,28.94,0,EIA/FRED/Bloomberg reference + synthetic daily interpolation
2002-02-19,2002,2,19,Tuesday,24.21,22.51,24.29,1.7,104.56,0.9313,3.7499,28.64,0,EIA/FRED/Bloomberg reference + synthetic daily interpolation
2002-02-20,2002,2,20,Wednesday,24.77,22.78,23.54,1.99,105.21,0.9153,3.75,28.44,0,EIA/FRED/Bloomberg reference + synthetic daily interpolation
2002-02-21,2002,2,21,Thursday,24.36,19.09,23.45,5.27,104.24,0.9368,3.7501,28.3,0,EIA/FRED/Bloomberg reference + synthetic daily interpolation
2002-02-22,2002,2,22,Friday,24.43,23.42,24.24,1.01,104.92,0.9287,3.7496,27.98,0,EIA/FRED/Bloomberg reference + synthetic daily interpolation
2002-02-25,2002,2,25,Monday,25.45,23.37,26.7,2.08,104.65,0.9332,3.7498,29.08,0,EIA/FRED/Bloomberg reference + synthetic daily interpolation
2002-02-26,2002,2,26,Tuesday,24.56,21.44,24.32,3.12,104.67,0.9293,3.75,28.7,0,EIA/FRED/Bloomberg reference + synthetic daily interpolation
2002-02-27,2002,2,27,Wednesday,25.17,23.06,25.54,2.11,105.33,0.9212,3.7498,29.0,0,EIA/FRED/Bloomberg reference + synthetic daily interpolation
2002-02-28,2002,2,28,Thursday,25.09,22.72,25.12,2.37,100.45,0.9996,3.75,27.91,0,EIA/FRED/Bloomberg reference + synthetic daily interpolation
2002-03-01,2002,3,1,Friday,25.02,23.48,24.42,1.54,105.42,0.9281,3.7497,28.68,0,EIA/FRED/Bloomberg reference + synthetic daily interpolation
2002-03-04,2002,3,4,Monday,25.47,20.73,24.2,4.74,103.56,0.9467,3.7498,28.77,0,EIA/FRED/Bloomberg reference + synthetic daily interpolation
2002-03-05,2002,3,5,Tuesday,24.55,21.29,24.22,3.26,104.35,0.9412,3.7501,29.12,0,EIA/FRED/Bloomberg reference + synthetic daily interpolation
2002-03-06,2002,3,6,Wednesday,25.92,21.17,25.53,4.75,104.76,0.9381,3.7497,28.46,0,EIA/FRED/Bloomberg reference + synthetic daily interpolation
2002-03-07,2002,3,7,Thursday,25.27,20.98,24.29,4.29,102.46,0.9623,3.7497,27.8,0,EIA/FRED/Bloomberg reference + synthetic daily interpolation
2002-03-08,2002,3,8,Friday,24.51,23.99,24.03,0.52,103.31,0.9503,3.75,27.41,0,EIA/FRED/Bloomberg reference + synthetic daily interpolation
2002-03-11,2002,3,11,Monday,25.62,24.16,25.29,1.46,104.21,0.9412,3.7499,29.49,0,EIA/FRED/Bloomberg reference + synthetic daily interpolation
2002-03-12,2002,3,12,Tuesday,25.63,21.93,24.79,3.7,103.49,0.9468,3.7498,28.27,0,EIA/FRED/Bloomberg reference + synthetic daily interpolation
2002-03-13,2002,3,13,Wednesday,26.3,22.31,27.01,3.99,104.04,0.9447,3.7501,28.2,0,EIA/FRED/Bloomberg reference + synthetic daily interpolation
2002-03-14,2002,3,14,Thursday,25.62,22.61,25.31,3.01,103.34,0.9543,3.7498,28.03,0,EIA/FRED/Bloomberg reference + synthetic daily interpolation
2002-03-15,2002,3,15,Friday,25.11,19.78,24.38,5.33,103.24,0.9543,3.7499,28.32,0,EIA/FRED/Bloomberg reference + synthetic daily interpolation
2002-03-18,2002,3,18,Monday,26.04,22.5,26.97,3.54,104.84,0.927,3.7499,28.76,0,EIA/FRED/Bloomberg reference + synthetic daily interpolation
2002-03-19,2002,3,19,Tuesday,25.81,23.26,25.86,2.55,104.16,0.9368,3.7496,27.51,0,EIA/FRED/Bloomberg reference + synthetic daily interpolation
2002-03-20,2002,3,20,Wednesday,26.21,24.79,27.24,1.42,105.84,0.9128,3.7498,28.37,0,EIA/FRED/Bloomberg reference + synthetic daily interpolation
2002-03-21,2002,3,21,Thursday,25.5,20.39,25.16,5.11,104.18,0.9409,3.7498,28.7,0,EIA/FRED/Bloomberg reference + synthetic daily interpolation
2002-03-22,2002,3,22,Friday,26.0,20.55,25.18,5.45,104.41,0.9378,3.7498,28.26,0,EIA/FRED/Bloomberg reference + synthetic daily interpolation
2002-03-25,2002,3,25,Monday,26.19,23.51,26.62,2.68,104.27,0.935,3.7498,28.28,0,EIA/FRED/Bloomberg reference + synthetic daily interpolation
2002-03-26,2002,3,26,Tuesday,25.5,24.34,26.8,1.16,104.71,0.9323,3.7498,29.29,0,EIA/FRED/Bloomberg reference + synthetic daily interpolation
2002-03-27,2002,3,27,Wednesday,25.65,21.62,26.48,4.03,102.85,0.9516,3.7498,28.28,0,EIA/FRED/Bloomberg reference + synthetic daily interpolation
2002-03-28,2002,3,28,Thursday,26.03,24.33,26.81,1.7,103.43,0.9404,3.7496,28.27,0,EIA/FRED/Bloomberg reference + synthetic daily interpolation
2002-03-29,2002,3,29,Friday,26.44,23.66,25.85,2.78,105.12,0.9161,3.7499,29.0,0,EIA/FRED/Bloomberg reference + synthetic daily interpolation
2002-04-01,2002,4,1,Monday,26.2,23.05,25.9,3.15,104.35,0.9304,3.7501,28.55,0,EIA/FRED/Bloomberg reference + synthetic daily interpolation
2002-04-02,2002,4,2,Tuesday,26.64,22.45,26.05,4.19,105.86,0.9193,3.7499,29.27,0,EIA/FRED/Bloomberg reference + synthetic daily interpolation
2002-04-03,2002,4,3,Wednesday,26.81,23.22,27.6,3.59,104.54,0.9257,3.7498,28.58,0,EIA/FRED/Bloomberg reference + synthetic daily interpolation
2002-04-04,2002,4,4,Thursday,26.57,23.92,25.63,2.65,104.82,0.9284,3.75,27.47,0,EIA/FRED/Bloomberg reference + synthetic daily interpolation
2002-04-05,2002,4,5,Friday,26.25,20.82,24.79,5.43,105.18,0.9308,3.7499,28.66,0,EIA/FRED/Bloomberg reference + synthetic daily interpolation
2002-04-08,2002,4,8,Monday,26.38,22.49,26.9,3.89,103.04,0.9519,3.7497,28.81,0,EIA/FRED/Bloomberg reference + synthetic daily interpolation
2002-04-09,2002,4,9,Tuesday,27.01,22.65,28.41,4.36,104.65,0.9217,3.7497,29.29,0,EIA/FRED/Bloomberg reference + synthetic daily interpolation
2002-04-10,2002,4,10,Wednesday,27.24,21.67,27.34,5.57,104.85,0.9234,3.7497,28.26,0,EIA/FRED/Bloomberg reference + synthetic daily interpolation
2002-04-11,2002,4,11,Thursday,27.12,26.45,27.77,0.67,102.86,0.953,3.7499,28.81,0,EIA/FRED/Bloomberg reference + synthetic daily interpolation
2002-04-12,2002,4,12,Friday,26.96,22.22,28.33,4.74,103.23,0.9658,3.7499,29.0,0,EIA/FRED/Bloomberg reference + synthetic daily interpolation
2002-04-15,2002,4,15,Monday,27.14,22.38,27.47,4.76,104.16,0.9382,3.7498,28.9,0,EIA/FRED/Bloomberg reference + synthetic daily interpolation
2002-04-16,2002,4,16,Tuesday,27.6,22.59,27.42,5.01,105.33,0.9201,3.7499,29.6,0,EIA/FRED/Bloomberg reference + synthetic daily interpolation
2002-04-17,2002,4,17,Wednesday,28.39,26.61,29.63,1.78,104.35,0.9307,3.75,28.89,0,EIA/FRED/Bloomberg reference + synthetic daily interpolation
2002-04-18,2002,4,18,Thursday,26.67,21.86,27.25,4.81,104.61,0.9291,3.75,29.03,0,EIA/FRED/Bloomberg reference + synthetic daily interpolation
2002-04-19,2002,4,19,Friday,27.51,22.28,26.03,5.23,102.42,0.9544,3.7497,28.64,0,EIA/FRED/Bloomberg reference + synthetic daily interpolation
2002-04-22,2002,4,22,Monday,27.52,22.16,27.6,5.36,105.73,0.9077,3.7501,29.18,0,EIA/FRED/Bloomberg reference + synthetic daily interpolation
2002-04-23,2002,4,23,Tuesday,27.7,25.81,28.52,1.89,105.95,0.9073,3.7501,28.47,0,EIA/FRED/Bloomberg reference + synthetic daily interpolation
2002-04-24,2002,4,24,Wednesday,27.27,26.76,28.59,0.51,104.49,0.9302,3.7496,28.36,0,EIA/FRED/Bloomberg reference + synthetic daily interpolation
2002-04-25,2002,4,25,Thursday,27.31,23.34,25.94,3.97,104.99,0.9228,3.7499,28.01,0,EIA/FRED/Bloomberg reference + synthetic daily interpolation
2002-04-26,2002,4,26,Friday,27.35,21.91,28.73,5.44,105.05,0.9254,3.7497,29.21,0,EIA/FRED/Bloomberg reference + synthetic daily interpolation
2002-04-29,2002,4,29,Monday,28.33,24.8,28.78,3.53,104.69,0.9203,3.75,28.04,0,EIA/FRED/Bloomberg reference + synthetic daily interpolation
2002-04-30,2002,4,30,Tuesday,28.38,24.25,26.94,4.13,105.26,0.9259,3.7499,28.26,0,EIA/FRED/Bloomberg reference + synthetic daily interpolation
2002-05-01,2002,5,1,Wednesday,28.01,23.98,27.91,4.03,104.32,0.9372,3.7499,28.01,0,EIA/FRED/Bloomberg reference + synthetic daily interpolation
2002-05-02,2002,5,2,Thursday,27.86,26.74,28.16,1.12,106.27,0.8999,3.7497,28.11,0,EIA/FRED/Bloomberg reference + synthetic daily interpolation
2002-05-03,2002,5,3,Friday,27.72,27.13,26.32,0.59,104.55,0.9324,3.7499,27.92,0,EIA/FRED/Bloomberg reference + synthetic daily interpolation
2002-05-06,2002,5,6,Monday,27.87,22.95,29.35,4.92,102.82,0.9612,3.75,28.53,0,EIA/FRED/Bloomberg reference + synthetic daily interpolation
2002-05-07,2002,5,7,Tuesday,28.0,23.08,27.64,4.92,103.4,0.9432,3.7498,27.68,0,EIA/FRED/Bloomberg reference + synthetic daily interpolation
2002-05-08,2002,5,8,Wednesday,27.67,24.5,26.19,3.17,105.25,0.9286,3.7497,28.22,0,EIA/FRED/Bloomberg reference + synthetic daily interpolation
2002-05-09,2002,5,9,Thursday,27.32,25.18,27.79,2.14,103.54,0.9505,3.7496,29.56,0,EIA/FRED/Bloomberg reference + synthetic daily interpolation
2002-05-10,2002,5,10,Friday,28.26,22.5,28.14,5.76,104.41,0.937,3.7501,28.14,0,EIA/FRED/Bloomberg reference + synthetic daily interpolation
2002-05-13,2002,5,13,Monday,27.69,22.7,28.3,4.99,104.4,0.9389,3.75,29.72,0,EIA/FRED/Bloomberg reference + synthetic daily interpolation
2002-05-14,2002,5,14,Tuesday,27.87,25.75,27.5,2.12,105.77,0.9198,3.7499,29.05,0,EIA/FRED/Bloomberg reference + synthetic daily interpolation
2002-05-15,2002,5,15,Wednesday,27.98,23.64,27.75,4.34,103.91,0.9413,3.7499,28.16,0,EIA/FRED/Bloomberg reference + synthetic daily interpolation
2002-05-16,2002,5,16,Thursday,28.03,22.35,28.57,5.68,106.8,0.8962,3.75,28.46,0,EIA/FRED/Bloomberg reference + synthetic daily interpolation
2002-05-17,2002,5,17,Friday,28.67,25.36,27.61,3.31,103.26,0.9575,3.7498,28.0,0,EIA/FRED/Bloomberg reference + synthetic daily interpolation
2002-05-20,2002,5,20,Monday,27.95,25.93,28.59,2.02,100.6,1.0009,3.7501,28.62,0,EIA/FRED/Bloomberg reference + synthetic daily interpolation
2002-05-21,2002,5,21,Tuesday,28.06,25.34,27.95,2.72,104.91,0.9133,3.7498,28.37,0,EIA/FRED/Bloomberg reference + synthetic daily interpolation
2002-05-22,2002,5,22,Wednesday,27.86,24.16,28.06,3.7,101.77,0.9745,3.75,28.82,0,EIA/FRED/Bloomberg reference + synthetic daily interpolation
2002-05-23,2002,5,23,Thursday,27.86,27.08,27.13,0.78,103.46,0.9451,3.7497,28.01,0,EIA/FRED/Bloomberg reference + synthetic daily interpolation
2002-05-24,2002,5,24,Friday,28.25,27.69,28.0,0.56,105.58,0.9187,3.7501,28.33,0,EIA/FRED/Bloomberg reference + synthetic daily interpolation
2002-05-27,2002,5,27,Monday,27.87,22.46,27.5,5.41,107.01,0.8938,3.7501,28.44,0,EIA/FRED/Bloomberg reference + synthetic daily interpolation
2002-05-28,2002,5,28,Tuesday,27.81,22.28,28.12,5.53,105.84,0.9105,3.7497,28.61,0,EIA/FRED/Bloomberg reference + synthetic daily interpolation
2002-05-29,2002,5,29,Wednesday,27.39,22.13,27.09,5.26,102.52,0.9615,3.7498,29.03,0,EIA/FRED/Bloomberg reference + synthetic daily interpolation
2002-05-30,2002,5,30,Thursday,28.77,25.88,28.17,2.89,104.43,0.9397,3.7496,29.46,0,EIA/FRED/Bloomberg reference + synthetic daily interpolation
2002-05-31,2002,5,31,Friday,27.78,22.36,28.72,5.42,105.06,0.926,3.7499,28.91,0,EIA/FRED/Bloomberg reference + synthetic daily interpolation
2002-06-03,2002,6,3,Monday,28.59,27.62,30.06,0.97,104.16,0.9383,3.75,28.56,0,EIA/FRED/Bloomberg reference + synthetic daily interpolation
2002-06-04,2002,6,4,Tuesday,28.11,22.23,28.71,5.88,105.01,0.9236,3.7499,28.6,0,EIA/FRED/Bloomberg reference + synthetic daily interpolation
2002-06-05,2002,6,5,Wednesday,27.85,22.99,28.57,4.86,103.16,0.9443,3.75,28.52,0,EIA/FRED/Bloomberg reference + synthetic daily interpolation
2002-06-06,2002,6,6,Thursday,27.51,25.81,26.36,1.7,105.02,0.9335,3.7498,29.01,0,EIA/FRED/Bloomberg reference + synthetic daily interpolation
2002-06-07,2002,6,7,Friday,28.42,24.93,27.32,3.49,103.14,0.9495,3.7499,28.84,0,EIA/FRED/Bloomberg reference + synthetic daily interpolation
2002-06-10,2002,6,10,Monday,27.64,26.26,28.5,1.38,105.0,0.924,3.7501,27.97,0,EIA/FRED/Bloomberg reference + synthetic daily interpolation
2002-06-11,2002,6,11,Tuesday,28.82,24.75,27.49,4.07,104.85,0.9314,3.7497,28.08,0,EIA/FRED/Bloomberg reference + synthetic daily interpolation
2002-06-12,2002,6,12,Wednesday,27.75,24.9,28.08,2.85,104.92,0.9196,3.7497,29.02,0,EIA/FRED/Bloomberg reference + synthetic daily interpolation
2002-06-13,2002,6,13,Thursday,27.72,22.19,27.93,5.53,106.46,0.9018,3.7501,28.73,0,EIA/FRED/Bloomberg reference + synthetic daily interpolation
2002-06-14,2002,6,14,Friday,27.9,21.97,27.51,5.93,101.99,0.968,3.7496,28.4,0,EIA/FRED/Bloomberg reference + synthetic daily interpolation
2002-06-17,2002,6,17,Monday,27.64,22.0,27.49,5.64,103.94,0.9422,3.7499,27.36,0,EIA/FRED/Bloomberg reference + synthetic daily interpolation
2002-06-18,2002,6,18,Tuesday,27.41,26.07,28.2,1.34,105.88,0.9082,3.75,28.63,0,EIA/FRED/Bloomberg reference + synthetic daily interpolation
2002-06-19,2002,6,19,Wednesday,27.81,25.95,29.13,1.86,103.79,0.9433,3.7497,28.63,0,EIA/FRED/Bloomberg reference + synthetic daily interpolation
2002-06-20,2002,6,20,Thursday,27.97,26.4,28.45,1.57,103.91,0.946,3.7496,28.01,0,EIA/FRED/Bloomberg reference + synthetic daily interpolation
2002-06-21,2002,6,21,Friday,27.82,23.79,26.54,4.03,105.51,0.9171,3.7497,29.16,0,EIA/FRED/Bloomberg reference + synthetic daily interpolation
2002-06-24,2002,6,24,Monday,28.01,23.86,29.41,4.15,105.05,0.9278,3.7499,28.95,0,EIA/FRED/Bloomberg reference + synthetic daily interpolation
2002-06-25,2002,6,25,Tuesday,27.3,26.41,26.39,0.89,103.58,0.9466,3.7496,28.5,0,EIA/FRED/Bloomberg reference + synthetic daily interpolation
2002-06-26,2002,6,26,Wednesday,27.94,25.82,29.43,2.12,104.19,0.9425,3.7499,29.0,0,EIA/FRED/Bloomberg reference + synthetic daily interpolation
2002-06-27,2002,6,27,Thursday,27.69,24.82,27.52,2.87,105.6,0.9147,3.7497,28.82,0,EIA/FRED/Bloomberg reference + synthetic daily interpolation
2002-06-28,2002,6,28,Friday,28.75,23.17,29.9,5.58,103.92,0.9359,3.7498,28.72,0,EIA/FRED/Bloomberg reference + synthetic daily interpolation
2002-07-01,2002,7,1,Monday,27.08,22.25,27.47,4.83,106.21,0.9058,3.75,28.81,0,EIA/FRED/Bloomberg reference + synthetic daily interpolation
2002-07-02,2002,7,2,Tuesday,27.54,23.22,28.92,4.32,105.15,0.9281,3.7498,28.54,0,EIA/FRED/Bloomberg reference + synthetic daily interpolation
2002-07-03,2002,7,3,Wednesday,27.9,22.06,26.51,5.84,105.0,0.9191,3.7498,29.06,0,EIA/FRED/Bloomberg reference + synthetic daily interpolation
2002-07-04,2002,7,4,Thursday,27.51,22.93,28.2,4.58,104.77,0.9243,3.75,28.55,0,EIA/FRED/Bloomberg reference + synthetic daily interpolation
2002-07-05,2002,7,5,Friday,28.07,24.16,28.58,3.91,104.41,0.9413,3.7501,29.16,0,EIA/FRED/Bloomberg reference + synthetic daily interpolation
2002-07-08,2002,7,8,Monday,27.52,24.42,26.17,3.1,105.3,0.9208,3.75,29.03,0,EIA/FRED/Bloomberg reference + synthetic daily interpolation
2002-07-09,2002,7,9,Tuesday,27.38,21.97,26.23,5.41,104.36,0.9355,3.75,27.9,0,EIA/FRED/Bloomberg reference + synthetic daily interpolation
2002-07-10,2002,7,10,Wednesday,26.92,23.42,25.95,3.5,104.49,0.9316,3.7497,27.97,0,EIA/FRED/Bloomberg reference + synthetic daily interpolation
2002-07-11,2002,7,11,Thursday,27.72,23.0,28.44,4.72,105.8,0.9145,3.7501,28.11,0,EIA/FRED/Bloomberg reference + synthetic daily interpolation
2002-07-12,2002,7,12,Friday,27.15,21.43,27.54,5.72,104.31,0.9344,3.7498,28.32,0,EIA/FRED/Bloomberg reference + synthetic daily interpolation
2002-07-15,2002,7,15,Monday,27.1,24.83,27.42,2.27,102.73,0.9704,3.7498,28.32,0,EIA/FRED/Bloomberg reference + synthetic daily interpolation
2002-07-16,2002,7,16,Tuesday,26.57,24.93,25.68,1.64,104.56,0.9396,3.7497,28.9,0,EIA/FRED/Bloomberg reference + synthetic daily interpolation
2002-07-17,2002,7,17,Wednesday,27.16,21.24,26.56,5.92,105.23,0.9168,3.7499,29.41,0,EIA/FRED/Bloomberg reference + synthetic daily interpolation
2002-07-18,2002,7,18,Thursday,27.25,24.37,25.88,2.88,104.09,0.932,3.7498,29.26,0,EIA/FRED/Bloomberg reference + synthetic daily interpolation
2002-07-19,2002,7,19,Friday,26.91,26.18,27.45,0.73,105.78,0.9185,3.7496,29.09,0,EIA/FRED/Bloomberg reference + synthetic daily interpolation
2002-07-22,2002,7,22,Monday,26.3,22.34,27.74,3.96,104.72,0.9277,3.7497,28.77,0,EIA/FRED/Bloomberg reference + synthetic daily interpolation
2002-07-23,2002,7,23,Tuesday,26.68,24.04,25.48,2.64,103.91,0.9448,3.7498,28.89,0,EIA/FRED/Bloomberg reference + synthetic daily interpolation
2002-07-24,2002,7,24,Wednesday,26.87,24.17,25.93,2.7,105.58,0.9209,3.7498,28.45,0,EIA/FRED/Bloomberg reference + synthetic daily interpolation
2002-07-25,2002,7,25,Thursday,27.16,22.9,28.62,4.26,105.03,0.928,3.7499,28.54,0,EIA/FRED/Bloomberg reference + synthetic daily interpolation
2002-07-26,2002,7,26,Friday,26.73,23.6,26.05,3.13,104.16,0.9335,3.75,28.77,0,EIA/FRED/Bloomberg reference + synthetic daily interpolation
2002-07-29,2002,7,29,Monday,26.56,23.13,27.74,3.43,104.78,0.9172,3.75,29.33,0,EIA/FRED/Bloomberg reference + synthetic daily interpolation
2002-07-30,2002,7,30,Tuesday,26.85,24.76,27.59,2.09,105.09,0.9178,3.75,28.14,0,EIA/FRED/Bloomberg reference + synthetic daily interpolation
2002-07-31,2002,7,31,Wednesday,26.32,21.46,27.23,4.86,105.04,0.9244,3.7498,28.61,0,EIA/FRED/Bloomberg reference + synthetic daily interpolation
2002-08-01,2002,8,1,Thursday,27.04,23.37,28.31,3.67,102.26,0.9765,3.7497,27.99,0,EIA/FRED/Bloomberg reference + synthetic daily interpolation
2002-08-02,2002,8,2,Friday,26.82,24.66,25.71,2.16,102.88,0.9574,3.7498,28.7,0,EIA/FRED/Bloomberg reference + synthetic daily interpolation
2002-08-05,2002,8,5,Monday,26.64,23.93,26.13,2.71,104.86,0.9225,3.7496,28.18,0,EIA/FRED/Bloomberg reference + synthetic daily interpolation
2002-08-06,2002,8,6,Tuesday,26.47,25.92,25.1,0.55,104.1,0.9281,3.7496,28.34,0,EIA/FRED/Bloomberg reference + synthetic daily interpolation
2002-08-07,2002,8,7,Wednesday,25.96,25.42,26.1,0.54,106.13,0.9149,3.7499,27.35,0,EIA/FRED/Bloomberg reference + synthetic daily interpolation
2002-08-08,2002,8,8,Thursday,25.52,24.7,26.24,0.82,103.97,0.9383,3.7497,28.25,0,EIA/FRED/Bloomberg reference + synthetic daily interpolation
2002-08-09,2002,8,9,Friday,25.87,21.58,26.67,4.29,103.28,0.952,3.7498,28.3,0,EIA/FRED/Bloomberg reference + synthetic daily interpolation
2002-08-12,2002,8,12,Monday,25.78,24.66,26.23,1.12,104.86,0.9317,3.7496,28.49,0,EIA/FRED/Bloomberg reference + synthetic daily interpolation
2002-08-13,2002,8,13,Tuesday,25.5,24.27,26.9,1.23,103.12,0.9607,3.7498,28.48,0,EIA/FRED/Bloomberg reference + synthetic daily interpolation
2002-08-14,2002,8,14,Wednesday,26.16,21.2,27.6,4.96,103.85,0.9408,3.7498,28.58,0,EIA/FRED/Bloomberg reference + synthetic daily interpolation
2002-08-15,2002,8,15,Thursday,24.83,22.78,24.19,2.05,103.71,0.9496,3.7497,29.24,0,EIA/FRED/Bloomberg reference + synthetic daily interpolation
2002-08-16,2002,8,16,Friday,25.79,21.34,26.08,4.45,103.76,0.9474,3.7497,29.33,0,EIA/FRED/Bloomberg reference + synthetic daily interpolation
2002-08-19,2002,8,19,Monday,25.12,20.43,24.81,4.69,102.4,0.9696,3.7499,28.49,0,EIA/FRED/Bloomberg reference + synthetic daily interpolation
2002-08-20,2002,8,20,Tuesday,25.34,22.13,25.33,3.21,103.91,0.946,3.7496,29.1,0,EIA/FRED/Bloomberg reference + synthetic daily interpolation
2002-08-21,2002,8,21,Wednesday,25.42,20.46,26.44,4.96,103.94,0.9458,3.7498,28.31,0,EIA/FRED/Bloomberg reference + synthetic daily interpolation
2002-08-22,2002,8,22,Thursday,26.15,24.8,25.91,1.35,104.59,0.9307,3.7497,28.66,0,EIA/FRED/Bloomberg reference + synthetic daily interpolation
2002-08-23,2002,8,23,Friday,25.26,21.99,23.84,3.27,103.84,0.9448,3.7496,27.9,0,EIA/FRED/Bloomberg reference + synthetic daily interpolation
2002-08-26,2002,8,26,Monday,25.44,21.45,24.21,3.99,103.87,0.942,3.7498,28.29,0,EIA/FRED/Bloomberg reference + synthetic daily interpolation
2002-08-27,2002,8,27,Tuesday,25.51,24.67,24.4,0.84,104.38,0.9363,3.7497,28.35,0,EIA/FRED/Bloomberg reference + synthetic daily interpolation
2002-08-28,2002,8,28,Wednesday,25.49,23.53,26.12,1.96,106.31,0.9038,3.7498,29.35,0,EIA/FRED/Bloomberg reference + synthetic daily interpolation
2002-08-29,2002,8,29,Thursday,25.47,21.15,26.93,4.32,104.01,0.9402,3.75,29.43,0,EIA/FRED/Bloomberg reference + synthetic daily interpolation
2002-08-30,2002,8,30,Friday,25.64,24.7,26.07,0.94,102.85,0.9562,3.7498,29.75,0,EIA/FRED/Bloomberg reference + synthetic daily interpolation
2002-09-02,2002,9,2,Monday,24.68,19.52,24.39,5.16,104.64,0.9348,3.75,28.29,0,EIA/FRED/Bloomberg reference + synthetic daily interpolation
2002-09-03,2002,9,3,Tuesday,24.74,22.47,25.06,2.27,104.24,0.9438,3.7498,28.54,0,EIA/FRED/Bloomberg reference + synthetic daily interpolation
2002-09-04,2002,9,4,Wednesday,24.75,20.47,23.4,4.28,104.75,0.9322,3.75,28.04,0,EIA/FRED/Bloomberg reference + synthetic daily interpolation
2002-09-05,2002,9,5,Thursday,24.77,20.25,24.9,4.52,104.4,0.9345,3.7499,28.32,0,EIA/FRED/Bloomberg reference + synthetic daily interpolation
2002-09-06,2002,9,6,Friday,24.58,20.76,24.38,3.82,104.44,0.9366,3.75,28.35,0,EIA/FRED/Bloomberg reference + synthetic daily interpolation
2002-09-09,2002,9,9,Monday,24.04,20.91,24.9,3.13,105.44,0.9232,3.75,28.57,0,EIA/FRED/Bloomberg reference + synthetic daily interpolation
2002-09-10,2002,9,10,Tuesday,24.56,19.28,25.82,5.28,103.51,0.955,3.75,29.58,0,EIA/FRED/Bloomberg reference + synthetic daily interpolation
2002-09-11,2002,9,11,Wednesday,24.09,21.06,24.44,3.03,103.76,0.9418,3.7497,28.24,0,EIA/FRED/Bloomberg reference + synthetic daily interpolation
2002-09-12,2002,9,12,Thursday,24.41,18.78,23.39,5.63,103.96,0.9307,3.7499,28.95,0,EIA/FRED/Bloomberg reference + synthetic daily interpolation
2002-09-13,2002,9,13,Friday,24.39,22.89,24.62,1.5,104.37,0.9499,3.7496,28.33,0,EIA/FRED/Bloomberg reference + synthetic daily interpolation
2002-09-16,2002,9,16,Monday,23.98,19.09,24.03,4.89,104.18,0.9406,3.7497,28.23,0,EIA/FRED/Bloomberg reference + synthetic daily interpolation
2002-09-17,2002,9,17,Tuesday,23.68,20.29,24.85,3.39,106.19,0.9076,3.7498,28.51,0,EIA/FRED/Bloomberg reference + synthetic daily interpolation
2002-09-18,2002,9,18,Wednesday,24.2,19.06,24.77,5.14,105.23,0.9251,3.7501,28.1,0,EIA/FRED/Bloomberg reference + synthetic daily interpolation
2002-09-19,2002,9,19,Thursday,24.15,19.86,24.52,4.29,105.31,0.9324,3.7497,29.54,0,EIA/FRED/Bloomberg reference + synthetic daily interpolation
2002-09-20,2002,9,20,Friday,23.98,19.14,25.43,4.84,104.56,0.9344,3.75,27.96,0,EIA/FRED/Bloomberg reference + synthetic daily interpolation
2002-09-23,2002,9,23,Monday,24.04,19.26,25.28,4.78,103.05,0.9545,3.7497,29.08,0,EIA/FRED/Bloomberg reference + synthetic daily interpolation
2002-09-24,2002,9,24,Tuesday,23.63,19.14,24.23,4.49,105.58,0.9174,3.7501,28.59,0,EIA/FRED/Bloomberg reference + synthetic daily interpolation
2002-09-25,2002,9,25,Wednesday,23.64,18.73,22.15,4.91,104.03,0.939,3.7498,29.27,0,EIA/FRED/Bloomberg reference + synthetic daily interpolation
2002-09-26,2002,9,26,Thursday,23.79,22.36,23.8,1.43,103.83,0.9492,3.7496,28.92,0,EIA/FRED/Bloomberg reference + synthetic daily interpolation
2002-09-27,2002,9,27,Friday,23.15,18.3,22.54,4.85,106.82,0.9012,3.7497,28.14,0,EIA/FRED/Bloomberg reference + synthetic daily interpolation
2002-09-30,2002,9,30,Monday,22.82,19.72,23.6,3.1,103.13,0.9528,3.7498,27.81,0,EIA/FRED/Bloomberg reference + synthetic daily interpolation
2002-10-01,2002,10,1,Tuesday,24.07,18.94,23.86,5.13,105.64,0.9235,3.7497,27.85,0,EIA/FRED/Bloomberg reference + synthetic daily interpolation
2002-10-02,2002,10,2,Wednesday,23.79,19.65,23.36,4.14,105.65,0.9078,3.7498,28.97,0,EIA/FRED/Bloomberg reference + synthetic daily interpolation
2002-10-03,2002,10,3,Thursday,23.28,20.52,21.99,2.76,103.55,0.945,3.7499,28.39,0,EIA/FRED/Bloomberg reference + synthetic daily interpolation
2002-10-04,2002,10,4,Friday,23.12,19.75,22.27,3.37,102.64,0.9559,3.7499,28.59,0,EIA/FRED/Bloomberg reference + synthetic daily interpolation
2002-10-07,2002,10,7,Monday,22.48,18.09,23.51,4.39,104.01,0.9387,3.7499,28.46,0,EIA/FRED/Bloomberg reference + synthetic daily interpolation
2002-10-08,2002,10,8,Tuesday,22.77,19.03,23.13,3.74,103.99,0.9441,3.75,27.86,0,EIA/FRED/Bloomberg reference + synthetic daily interpolation
2002-10-09,2002,10,9,Wednesday,22.73,21.09,23.7,1.64,104.6,0.9257,3.7497,28.84,0,EIA/FRED/Bloomberg reference + synthetic daily interpolation
2002-10-10,2002,10,10,Thursday,23.27,19.52,24.45,3.75,104.84,0.9288,3.75,27.6,0,EIA/FRED/Bloomberg reference + synthetic daily interpolation
2002-10-11,2002,10,11,Friday,22.59,19.15,23.04,3.44,103.0,0.9457,3.7498,28.32,0,EIA/FRED/Bloomberg reference + synthetic daily interpolation
2002-10-14,2002,10,14,Monday,23.77,22.02,22.32,1.75,104.16,0.9346,3.7498,28.52,0,EIA/FRED/Bloomberg reference + synthetic daily interpolation
2002-10-15,2002,10,15,Tuesday,21.77,16.45,20.68,5.32,104.96,0.9319,3.7499,29.62,0,EIA/FRED/Bloomberg reference + synthetic daily interpolation
2002-10-16,2002,10,16,Wednesday,22.4,20.25,23.38,2.15,105.04,0.9231,3.7498,28.03,0,EIA/FRED/Bloomberg reference + synthetic daily interpolation
2002-10-17,2002,10,17,Thursday,22.92,19.72,23.96,3.2,104.62,0.9247,3.7501,28.98,0,EIA/FRED/Bloomberg reference + synthetic daily interpolation
2002-10-18,2002,10,18,Friday,23.07,19.03,23.52,4.04,106.04,0.912,3.7501,28.48,0,EIA/FRED/Bloomberg reference + synthetic daily interpolation
2002-10-21,2002,10,21,Monday,23.04,22.27,23.63,0.77,105.2,0.9217,3.75,28.17,0,EIA/FRED/Bloomberg reference + synthetic daily interpolation
2002-10-22,2002,10,22,Tuesday,22.48,20.3,23.22,2.18,103.07,0.9511,3.75,28.59,0,EIA/FRED/Bloomberg reference + synthetic daily interpolation
2002-10-23,2002,10,23,Wednesday,22.69,18.45,22.74,4.24,103.75,0.9373,3.7499,28.69,0,EIA/FRED/Bloomberg reference + synthetic daily interpolation
2002-10-24,2002,10,24,Thursday,22.35,18.12,21.57,4.23,106.07,0.9091,3.7501,28.88,0,EIA/FRED/Bloomberg reference + synthetic daily interpolation
2002-10-25,2002,10,25,Friday,22.86,21.7,23.88,1.16,106.7,0.9033,3.7498,28.4,0,EIA/FRED/Bloomberg reference + synthetic daily interpolation
2002-10-28,2002,10,28,Monday,22.6,21.56,22.07,1.04,105.98,0.9056,3.7499,28.26,0,EIA/FRED/Bloomberg reference + synthetic daily interpolation
2002-10-29,2002,10,29,Tuesday,22.6,19.35,23.88,3.25,105.4,0.9176,3.75,28.23,0,EIA/FRED/Bloomberg reference + synthetic daily interpolation
2002-10-30,2002,10,30,Wednesday,22.75,21.7,24.15,1.05,104.36,0.9399,3.7496,29.18,0,EIA/FRED/Bloomberg reference + synthetic daily interpolation
2002-10-31,2002,10,31,Thursday,22.53,20.17,23.39,2.36,103.13,0.9562,3.7497,28.41,0,EIA/FRED/Bloomberg reference + synthetic daily interpolation
2002-11-01,2002,11,1,Friday,22.04,19.26,21.6,2.78,104.08,0.9414,3.75,28.85,0,EIA/FRED/Bloomberg reference + synthetic daily interpolation
2002-11-04,2002,11,4,Monday,22.07,17.34,22.34,4.73,103.41,0.9496,3.7497,28.79,0,EIA/FRED/Bloomberg reference + synthetic daily interpolation
2002-11-05,2002,11,5,Tuesday,22.06,18.65,23.3,3.41,104.62,0.9307,3.75,29.08,0,EIA/FRED/Bloomberg reference + synthetic daily interpolation
2002-11-06,2002,11,6,Wednesday,21.65,16.38,22.34,5.27,101.51,0.981,3.7498,29.27,0,EIA/FRED/Bloomberg reference + synthetic daily interpolation
2002-11-07,2002,11,7,Thursday,22.37,17.42,21.67,4.95,105.64,0.9124,3.7498,29.01,0,EIA/FRED/Bloomberg reference + synthetic daily interpolation
2002-11-08,2002,11,8,Friday,22.8,20.47,21.45,2.33,103.27,0.947,3.7496,27.81,0,EIA/FRED/Bloomberg reference + synthetic daily interpolation
2002-11-11,2002,11,11,Monday,21.67,17.06,20.81,4.61,104.31,0.9347,3.75,28.0,0,EIA/FRED/Bloomberg reference + synthetic daily interpolation
2002-11-12,2002,11,12,Tuesday,21.61,18.49,21.56,3.12,105.65,0.9076,3.7499,27.64,0,EIA/FRED/Bloomberg reference + synthetic daily interpolation
2002-11-13,2002,11,13,Wednesday,22.18,19.83,21.14,2.35,104.3,0.9389,3.7498,28.59,0,EIA/FRED/Bloomberg reference + synthetic daily interpolation
2002-11-14,2002,11,14,Thursday,22.17,19.92,20.8,2.25,104.96,0.9336,3.7498,28.45,0,EIA/FRED/Bloomberg reference + synthetic daily interpolation
2002-11-15,2002,11,15,Friday,21.8,18.5,23.25,3.3,103.14,0.9503,3.7499,28.66,0,EIA/FRED/Bloomberg reference + synthetic daily interpolation
2002-11-18,2002,11,18,Monday,22.34,21.74,21.85,0.6,105.36,0.9121,3.7496,28.31,0,EIA/FRED/Bloomberg reference + synthetic daily interpolation
2002-11-19,2002,11,19,Tuesday,21.72,20.29,22.07,1.43,104.18,0.9445,3.75,28.95,0,EIA/FRED/Bloomberg reference + synthetic daily interpolation
2002-11-20,2002,11,20,Wednesday,22.12,21.12,23.35,1.0,102.76,0.9536,3.7498,28.42,0,EIA/FRED/Bloomberg reference + synthetic daily interpolation
2002-11-21,2002,11,21,Thursday,22.74,22.14,21.81,0.6,104.27,0.9373,3.7496,28.57,0,EIA/FRED/Bloomberg reference + synthetic daily interpolation
2002-11-22,2002,11,22,Friday,21.47,18.38,21.57,3.09,102.8,0.9597,3.7501,28.92,0,EIA/FRED/Bloomberg reference + synthetic daily interpolation
2002-11-25,2002,11,25,Monday,22.22,18.9,22.0,3.32,104.11,0.9492,3.7499,28.62,0,EIA/FRED/Bloomberg reference + synthetic daily interpolation
2002-11-26,2002,11,26,Tuesday,22.03,18.66,22.7,3.37,104.96,0.9219,3.7499,29.14,0,EIA/FRED/Bloomberg reference + synthetic daily interpolation
2002-11-27,2002,11,27,Wednesday,21.59,16.66,20.92,4.93,103.76,0.9423,3.7499,28.85,0,EIA/FRED/Bloomberg reference + synthetic daily interpolation
2002-11-28,2002,11,28,Thursday,22.98,20.12,23.69,2.86,103.43,0.9534,3.75,28.61,0,EIA/FRED/Bloomberg reference + synthetic daily interpolation
2002-11-29,2002,11,29,Friday,21.77,18.96,21.71,2.81,105.14,0.9214,3.75,27.87,0,EIA/FRED/Bloomberg reference + synthetic daily interpolation
2002-12-02,2002,12,2,Monday,22.2,19.59,21.25,2.61,102.92,0.9523,3.7499,28.4,0,EIA/FRED/Bloomberg reference + synthetic daily interpolation
2002-12-03,2002,12,3,Tuesday,21.68,15.78,21.77,5.9,106.0,0.9047,3.7498,28.18,0,EIA/FRED/Bloomberg reference + synthetic daily interpolation
2002-12-04,2002,12,4,Wednesday,22.01,20.7,21.65,1.31,103.69,0.9481,3.7498,28.12,0,EIA/FRED/Bloomberg reference + synthetic daily interpolation
2002-12-05,2002,12,5,Thursday,21.66,21.03,21.42,0.63,104.77,0.9306,3.75,28.71,0,EIA/FRED/Bloomberg reference + synthetic daily interpolation
2002-12-06,2002,12,6,Friday,22.43,19.45,22.44,2.98,101.44,0.9717,3.75,28.7,0,EIA/FRED/Bloomberg reference + synthetic daily interpolation
2002-12-09,2002,12,9,Monday,22.6,18.95,21.21,3.65,105.18,0.9145,3.7498,29.05,0,EIA/FRED/Bloomberg reference + synthetic daily interpolation
2002-12-10,2002,12,10,Tuesday,21.37,16.94,21.75,4.43,102.71,0.9617,3.7499,29.13,0,EIA/FRED/Bloomberg reference + synthetic daily interpolation
2002-12-11,2002,12,11,Wednesday,21.05,17.35,21.66,3.7,106.32,0.909,3.7498,28.47,0,EIA/FRED/Bloomberg reference + synthetic daily interpolation
2002-12-12,2002,12,12,Thursday,22.3,18.91,23.77,3.39,105.49,0.9133,3.7499,29.13,0,EIA/FRED/Bloomberg reference + synthetic daily interpolation
2002-12-13,2002,12,13,Friday,22.18,20.52,22.22,1.66,104.14,0.9394,3.7498,29.22,0,EIA/FRED/Bloomberg reference + synthetic daily interpolation
2002-12-16,2002,12,16,Monday,22.29,19.76,23.75,2.53,104.53,0.925,3.7497,28.76,0,EIA/FRED/Bloomberg reference + synthetic daily interpolation
2002-12-17,2002,12,17,Tuesday,21.9,19.95,21.94,1.95,103.16,0.9558,3.75,29.34,0,EIA/FRED/Bloomberg reference + synthetic daily interpolation
2002-12-18,2002,12,18,Wednesday,22.0,19.31,20.95,2.69,102.89,0.9525,3.7497,29.41,0,EIA/FRED/Bloomberg reference + synthetic daily interpolation
2002-12-19,2002,12,19,Thursday,21.9,18.09,22.3,3.81,104.14,0.9398,3.75,28.32,0,EIA/FRED/Bloomberg reference + synthetic daily interpolation
2002-12-20,2002,12,20,Friday,22.12,18.5,22.99,3.62,103.23,0.9508,3.7499,28.65,0,EIA/FRED/Bloomberg reference + synthetic daily interpolation
2002-12-23,2002,12,23,Monday,21.79,20.55,22.72,1.24,103.58,0.9416,3.7501,27.96,0,EIA/FRED/Bloomberg reference + synthetic daily interpolation
2002-12-24,2002,12,24,Tuesday,22.67,16.86,21.28,5.81,105.37,0.9232,3.7497,28.32,0,EIA/FRED/Bloomberg reference + synthetic daily interpolation
2002-12-25,2002,12,25,Wednesday,22.3,18.75,21.96,3.55,103.72,0.9419,3.7497,28.4,0,EIA/FRED/Bloomberg reference + synthetic daily interpolation
2002-12-26,2002,12,26,Thursday,21.77,16.6,22.25,5.17,103.37,0.946,3.7496,28.57,0,EIA/FRED/Bloomberg reference + synthetic daily interpolation
2002-12-27,2002,12,27,Friday,22.21,19.01,22.09,3.2,102.6,0.9545,3.75,29.71,0,EIA/FRED/Bloomberg reference + synthetic daily interpolation
2002-12-30,2002,12,30,Monday,21.45,19.9,21.01,1.55,102.37,0.9674,3.7498,28.55,0,EIA/FRED/Bloomberg reference + synthetic daily interpolation
2002-12-31,2002,12,31,Tuesday,21.79,16.67,22.26,5.12,104.8,0.9264,3.7498,28.09,0,EIA/FRED/Bloomberg reference + synthetic daily interpolation
2003-01-01,2003,1,1,Wednesday,25.77,21.05,25.59,4.72,90.93,1.1334,3.7499,28.21,0,EIA/FRED/Bloomberg reference + synthetic daily interpolation
2003-01-02,2003,1,2,Thursday,26.19,21.97,26.91,4.22,88.12,1.1774,3.7497,29.36,0,EIA/FRED/Bloomberg reference + synthetic daily interpolation
2003-01-03,2003,1,3,Friday,26.42,23.12,25.55,3.3,91.02,1.1339,3.7498,28.74,0,EIA/FRED/Bloomberg reference + synthetic daily interpolation
2003-01-06,2003,1,6,Monday,26.41,20.85,25.22,5.56,90.5,1.1454,3.7499,28.83,0,EIA/FRED/Bloomberg reference + synthetic daily interpolation
2003-01-07,2003,1,7,Tuesday,26.55,23.85,28.02,2.7,91.27,1.1356,3.7498,29.47,0,EIA/FRED/Bloomberg reference + synthetic daily interpolation
2003-01-08,2003,1,8,Wednesday,26.25,25.34,24.86,0.91,88.42,1.1658,3.7498,28.74,0,EIA/FRED/Bloomberg reference + synthetic daily interpolation
2003-01-09,2003,1,9,Thursday,26.54,21.19,25.74,5.35,92.14,1.1164,3.7499,28.53,0,EIA/FRED/Bloomberg reference + synthetic daily interpolation
2003-01-10,2003,1,10,Friday,26.93,24.98,28.36,1.95,89.11,1.1615,3.7501,29.82,0,EIA/FRED/Bloomberg reference + synthetic daily interpolation
2003-01-13,2003,1,13,Monday,26.58,23.75,27.65,2.83,92.11,1.1157,3.7496,28.95,0,EIA/FRED/Bloomberg reference + synthetic daily interpolation
2003-01-14,2003,1,14,Tuesday,26.89,24.63,26.05,2.26,88.23,1.1766,3.75,28.16,0,EIA/FRED/Bloomberg reference + synthetic daily interpolation
2003-01-15,2003,1,15,Wednesday,27.52,25.01,28.14,2.51,91.41,1.1381,3.7499,28.71,0,EIA/FRED/Bloomberg reference + synthetic daily interpolation
2003-01-16,2003,1,16,Thursday,26.47,23.17,27.86,3.3,90.12,1.1448,3.7496,28.7,0,EIA/FRED/Bloomberg reference + synthetic daily interpolation
2003-01-17,2003,1,17,Friday,26.7,23.12,27.97,3.58,89.1,1.1574,3.7501,28.95,0,EIA/FRED/Bloomberg reference + synthetic daily interpolation
2003-01-20,2003,1,20,Monday,27.16,26.16,28.22,1.0,89.96,1.1487,3.7498,28.86,0,EIA/FRED/Bloomberg reference + synthetic daily interpolation
2003-01-21,2003,1,21,Tuesday,26.4,22.69,27.29,3.71,91.33,1.1309,3.7497,28.77,0,EIA/FRED/Bloomberg reference + synthetic daily interpolation
2003-01-22,2003,1,22,Wednesday,27.39,24.3,26.65,3.09,90.27,1.1482,3.75,28.34,0,EIA/FRED/Bloomberg reference + synthetic daily interpolation
2003-01-23,2003,1,23,Thursday,26.78,22.7,28.04,4.08,88.03,1.1802,3.7501,28.49,0,EIA/FRED/Bloomberg reference + synthetic daily interpolation
2003-01-24,2003,1,24,Friday,26.77,23.84,26.28,2.93,92.43,1.1101,3.7496,28.64,0,EIA/FRED/Bloomberg reference + synthetic daily interpolation
2003-01-27,2003,1,27,Monday,26.81,23.28,27.25,3.53,92.37,1.1107,3.7496,29.0,0,EIA/FRED/Bloomberg reference + synthetic daily interpolation
2003-01-28,2003,1,28,Tuesday,26.88,24.88,26.82,2.0,89.87,1.1503,3.7499,29.04,0,EIA/FRED/Bloomberg reference + synthetic daily interpolation
2003-01-29,2003,1,29,Wednesday,27.01,23.83,26.86,3.18,93.96,1.0933,3.7499,28.85,0,EIA/FRED/Bloomberg reference + synthetic daily interpolation
2003-01-30,2003,1,30,Thursday,27.1,24.37,27.59,2.73,93.19,1.1019,3.75,29.18,0,EIA/FRED/Bloomberg reference + synthetic daily interpolation
2003-01-31,2003,1,31,Friday,27.41,21.62,27.81,5.79,91.96,1.119,3.7499,28.6,0,EIA/FRED/Bloomberg reference + synthetic daily interpolation
2003-02-03,2003,2,3,Monday,27.16,22.15,26.01,5.01,90.96,1.1323,3.7498,29.49,0,EIA/FRED/Bloomberg reference + synthetic daily interpolation
2003-02-04,2003,2,4,Tuesday,28.05,22.11,27.79,5.94,90.06,1.149,3.7501,28.88,0,EIA/FRED/Bloomberg reference + synthetic daily interpolation
2003-02-05,2003,2,5,Wednesday,26.64,24.61,27.57,2.03,90.57,1.1402,3.75,29.42,0,EIA/FRED/Bloomberg reference + synthetic daily interpolation
2003-02-06,2003,2,6,Thursday,28.11,22.23,27.42,5.88,89.71,1.1536,3.75,29.04,0,EIA/FRED/Bloomberg reference + synthetic daily interpolation
2003-02-07,2003,2,7,Friday,28.14,25.31,27.3,2.83,89.01,1.1671,3.75,29.73,0,EIA/FRED/Bloomberg reference + synthetic daily interpolation
2003-02-10,2003,2,10,Monday,28.32,24.44,27.8,3.88,89.37,1.1564,3.7498,28.88,0,EIA/FRED/Bloomberg reference + synthetic daily interpolation
2003-02-11,2003,2,11,Tuesday,27.98,26.58,27.22,1.4,90.27,1.1446,3.7498,28.53,0,EIA/FRED/Bloomberg reference + synthetic daily interpolation
2003-02-12,2003,2,12,Wednesday,28.18,22.83,27.1,5.35,90.8,1.1295,3.7497,28.47,0,EIA/FRED/Bloomberg reference + synthetic daily interpolation
2003-02-13,2003,2,13,Thursday,28.32,27.11,27.47,1.21,88.09,1.1751,3.7498,29.3,0,EIA/FRED/Bloomberg reference + synthetic daily interpolation
2003-02-14,2003,2,14,Friday,27.8,23.93,27.3,3.87,89.39,1.1577,3.7497,28.71,0,EIA/FRED/Bloomberg reference + synthetic daily interpolation
2003-02-17,2003,2,17,Monday,27.8,22.46,28.74,5.34,89.89,1.1531,3.7497,29.46,0,EIA/FRED/Bloomberg reference + synthetic daily interpolation
2003-02-18,2003,2,18,Tuesday,27.64,22.66,27.11,4.98,91.95,1.1193,3.7498,29.64,0,EIA/FRED/Bloomberg reference + synthetic daily interpolation
2003-02-19,2003,2,19,Wednesday,28.55,26.9,29.86,1.65,92.05,1.1175,3.7501,28.88,0,EIA/FRED/Bloomberg reference + synthetic daily interpolation
2003-02-20,2003,2,20,Thursday,28.88,25.73,27.92,3.15,90.73,1.1371,3.7496,28.54,0,EIA/FRED/Bloomberg reference + synthetic daily interpolation
2003-02-21,2003,2,21,Friday,28.45,26.67,27.71,1.78,89.25,1.165,3.75,29.56,0,EIA/FRED/Bloomberg reference + synthetic daily interpolation
2003-02-24,2003,2,24,Monday,28.87,26.76,29.86,2.11,90.31,1.1471,3.7497,29.01,0,EIA/FRED/Bloomberg reference + synthetic daily interpolation
2003-02-25,2003,2,25,Tuesday,28.12,24.78,28.39,3.34,89.82,1.1544,3.75,28.98,0,EIA/FRED/Bloomberg reference + synthetic daily interpolation
2003-02-26,2003,2,26,Wednesday,28.65,26.38,27.88,2.27,88.72,1.1693,3.7496,29.17,0,EIA/FRED/Bloomberg reference + synthetic daily interpolation
2003-02-27,2003,2,27,Thursday,29.33,24.41,29.34,4.92,91.79,1.1261,3.7499,29.11,0,EIA/FRED/Bloomberg reference + synthetic daily interpolation
2003-02-28,2003,2,28,Friday,28.71,27.08,27.46,1.63,90.37,1.1455,3.7497,28.39,0,EIA/FRED/Bloomberg reference + synthetic daily interpolation
2003-03-03,2003,3,3,Monday,28.96,24.99,30.3,3.97,92.14,1.1187,3.7496,28.75,0,EIA/FRED/Bloomberg reference + synthetic daily interpolation
2003-03-04,2003,3,4,Tuesday,28.99,24.8,29.38,4.19,89.57,1.1603,3.7498,28.74,0,EIA/FRED/Bloomberg reference + synthetic daily interpolation
2003-03-05,2003,3,5,Wednesday,29.05,25.02,29.51,4.03,92.4,1.1141,3.75,28.69,0,EIA/FRED/Bloomberg reference + synthetic daily interpolation
2003-03-06,2003,3,6,Thursday,28.79,23.84,27.51,4.95,90.7,1.1384,3.75,29.03,0,EIA/FRED/Bloomberg reference + synthetic daily interpolation
2003-03-07,2003,3,7,Friday,29.12,27.6,27.78,1.52,91.23,1.1302,3.7498,28.18,0,EIA/FRED/Bloomberg reference + synthetic daily interpolation
2003-03-10,2003,3,10,Monday,28.44,22.94,27.0,5.5,88.95,1.1741,3.7497,28.89,0,EIA/FRED/Bloomberg reference + synthetic daily interpolation
2003-03-11,2003,3,11,Tuesday,29.12,24.28,27.7,4.84,89.72,1.1549,3.7498,28.87,0,EIA/FRED/Bloomberg reference + synthetic daily interpolation
2003-03-12,2003,3,12,Wednesday,30.07,26.45,28.63,3.62,91.21,1.1313,3.75,29.13,0,EIA/FRED/Bloomberg reference + synthetic daily interpolation
2003-03-13,2003,3,13,Thursday,30.1,28.83,29.01,1.27,90.22,1.1477,3.7501,29.05,0,EIA/FRED/Bloomberg reference + synthetic daily interpolation
2003-03-14,2003,3,14,Friday,30.65,29.43,31.14,1.22,91.12,1.1346,3.7499,29.51,0,EIA/FRED/Bloomberg reference + synthetic daily interpolation
2003-03-17,2003,3,17,Monday,29.98,26.1,28.62,3.88,91.8,1.1268,3.7497,28.78,0,EIA/FRED/Bloomberg reference + synthetic daily interpolation
2003-03-18,2003,3,18,Tuesday,29.95,28.89,29.13,1.06,90.35,1.1476,3.7498,29.78,0,EIA/FRED/Bloomberg reference + synthetic daily interpolation
2003-03-19,2003,3,19,Wednesday,29.58,28.21,30.28,1.37,89.94,1.1603,3.7498,28.85,0,EIA/FRED/Bloomberg reference + synthetic daily interpolation
2003-03-20,2003,3,20,Thursday,29.98,27.81,29.98,2.17,89.35,1.1684,3.7499,28.86,0,EIA/FRED/Bloomberg reference + synthetic daily interpolation
2003-03-21,2003,3,21,Friday,29.83,27.88,29.87,1.95,89.14,1.1646,3.75,28.82,0,EIA/FRED/Bloomberg reference + synthetic daily interpolation
2003-03-24,2003,3,24,Monday,29.39,26.93,29.2,2.46,88.29,1.1778,3.7499,29.15,0,EIA/FRED/Bloomberg reference + synthetic daily interpolation
2003-03-25,2003,3,25,Tuesday,29.77,25.63,29.92,4.14,89.47,1.1557,3.7498,28.96,0,EIA/FRED/Bloomberg reference + synthetic daily interpolation
2003-03-26,2003,3,26,Wednesday,30.49,25.73,29.99,4.76,90.52,1.1466,3.7501,28.59,0,EIA/FRED/Bloomberg reference + synthetic daily interpolation
2003-03-27,2003,3,27,Thursday,30.38,25.22,29.68,5.16,90.11,1.1434,3.7497,29.14,0,EIA/FRED/Bloomberg reference + synthetic daily interpolation
2003-03-28,2003,3,28,Friday,29.29,25.98,29.65,3.31,89.12,1.1653,3.7497,29.0,0,EIA/FRED/Bloomberg reference + synthetic daily interpolation
2003-03-31,2003,3,31,Monday,29.88,28.01,30.93,1.87,89.77,1.1507,3.75,29.11,0,EIA/FRED/Bloomberg reference + synthetic daily interpolation
2003-04-01,2003,4,1,Tuesday,29.29,23.71,28.97,5.58,89.66,1.1478,3.7498,28.18,0,EIA/FRED/Bloomberg reference + synthetic daily interpolation
2003-04-02,2003,4,2,Wednesday,30.12,25.77,29.84,4.35,90.18,1.137,3.7499,29.53,0,EIA/FRED/Bloomberg reference + synthetic daily interpolation
2003-04-03,2003,4,3,Thursday,29.95,28.6,29.06,1.35,91.7,1.12,3.7498,29.15,0,EIA/FRED/Bloomberg reference + synthetic daily interpolation
2003-04-04,2003,4,4,Friday,30.34,29.27,30.26,1.07,90.73,1.1437,3.7499,30.02,0,EIA/FRED/Bloomberg reference + synthetic daily interpolation
2003-04-07,2003,4,7,Monday,30.16,25.56,30.3,4.6,90.15,1.1517,3.7501,28.76,0,EIA/FRED/Bloomberg reference + synthetic daily interpolation
2003-04-08,2003,4,8,Tuesday,31.16,27.91,30.95,3.25,89.87,1.1509,3.75,28.41,0,EIA/FRED/Bloomberg reference + synthetic daily interpolation
2003-04-09,2003,4,9,Wednesday,31.0,28.87,30.91,2.13,88.93,1.1608,3.75,28.95,0,EIA/FRED/Bloomberg reference + synthetic daily interpolation
2003-04-10,2003,4,10,Thursday,29.95,29.03,28.74,0.92,91.15,1.127,3.7499,29.76,0,EIA/FRED/Bloomberg reference + synthetic daily interpolation
2003-04-11,2003,4,11,Friday,31.29,27.96,30.38,3.33,89.72,1.1545,3.7496,29.1,0,EIA/FRED/Bloomberg reference + synthetic daily interpolation
2003-04-14,2003,4,14,Monday,30.4,27.81,30.31,2.59,91.14,1.141,3.7496,29.41,0,EIA/FRED/Bloomberg reference + synthetic daily interpolation
2003-04-15,2003,4,15,Tuesday,31.2,28.37,31.15,2.83,88.22,1.1741,3.7499,29.42,0,EIA/FRED/Bloomberg reference + synthetic daily interpolation
2003-04-16,2003,4,16,Wednesday,31.47,27.81,30.32,3.66,93.31,1.0985,3.7498,29.18,0,EIA/FRED/Bloomberg reference + synthetic daily interpolation
2003-04-17,2003,4,17,Thursday,31.67,26.86,31.5,4.81,90.69,1.1462,3.75,28.89,0,EIA/FRED/Bloomberg reference + synthetic daily interpolation
2003-04-18,2003,4,18,Friday,29.67,25.69,29.34,3.98,89.68,1.1504,3.7498,29.18,0,EIA/FRED/Bloomberg reference + synthetic daily interpolation
2003-04-21,2003,4,21,Monday,30.97,29.87,29.89,1.1,92.16,1.1134,3.7499,28.96,0,EIA/FRED/Bloomberg reference + synthetic daily interpolation
2003-04-22,2003,4,22,Tuesday,31.1,28.43,31.32,2.67,88.23,1.1763,3.7501,29.45,0,EIA/FRED/Bloomberg reference + synthetic daily interpolation
2003-04-23,2003,4,23,Wednesday,31.57,27.21,31.22,4.36,89.65,1.1606,3.7499,28.19,0,EIA/FRED/Bloomberg reference + synthetic daily interpolation
2003-04-24,2003,4,24,Thursday,31.4,28.64,32.57,2.76,90.17,1.1519,3.7499,30.12,0,EIA/FRED/Bloomberg reference + synthetic daily interpolation
2003-04-25,2003,4,25,Friday,31.46,30.37,31.01,1.09,90.04,1.1482,3.7498,28.77,0,EIA/FRED/Bloomberg reference + synthetic daily interpolation
2003-04-28,2003,4,28,Monday,30.77,28.77,31.03,2.0,90.04,1.1473,3.7497,28.84,0,EIA/FRED/Bloomberg reference + synthetic daily interpolation
2003-04-29,2003,4,29,Tuesday,31.69,28.57,32.19,3.12,90.88,1.1305,3.7497,28.66,0,EIA/FRED/Bloomberg reference + synthetic daily interpolation
2003-04-30,2003,4,30,Wednesday,30.89,29.84,29.53,1.05,88.02,1.1762,3.7497,28.73,0,EIA/FRED/Bloomberg reference + synthetic daily interpolation
2003-05-01,2003,5,1,Thursday,30.34,25.08,30.32,5.26,90.1,1.1504,3.7497,28.68,0,EIA/FRED/Bloomberg reference + synthetic daily interpolation
2003-05-02,2003,5,2,Friday,31.37,30.81,30.72,0.56,89.09,1.1581,3.7499,28.92,0,EIA/FRED/Bloomberg reference + synthetic daily interpolation
2003-05-05,2003,5,5,Monday,31.37,29.16,32.57,2.21,91.4,1.1384,3.7497,27.94,0,EIA/FRED/Bloomberg reference + synthetic daily interpolation
2003-05-06,2003,5,6,Tuesday,31.18,25.99,32.46,5.19,88.76,1.1721,3.7496,29.9,0,EIA/FRED/Bloomberg reference + synthetic daily interpolation
2003-05-07,2003,5,7,Wednesday,31.35,27.54,30.59,3.81,91.84,1.1322,3.75,28.85,0,EIA/FRED/Bloomberg reference + synthetic daily interpolation
2003-05-08,2003,5,8,Thursday,32.48,26.84,31.89,5.64,89.95,1.1537,3.7496,28.82,0,EIA/FRED/Bloomberg reference + synthetic daily interpolation
2003-05-09,2003,5,9,Friday,31.74,30.9,31.67,0.84,90.54,1.1417,3.75,29.11,0,EIA/FRED/Bloomberg reference + synthetic daily interpolation
2003-05-12,2003,5,12,Monday,31.55,25.99,31.2,5.56,91.85,1.1265,3.7496,28.84,0,EIA/FRED/Bloomberg reference + synthetic daily interpolation
2003-05-13,2003,5,13,Tuesday,31.48,28.25,30.59,3.23,91.24,1.1373,3.7499,28.55,0,EIA/FRED/Bloomberg reference + synthetic daily interpolation
2003-05-14,2003,5,14,Wednesday,32.45,31.86,31.36,0.59,91.48,1.1237,3.7496,29.5,0,EIA/FRED/Bloomberg reference + synthetic daily interpolation
2003-05-15,2003,5,15,Thursday,31.59,26.67,30.35,4.92,90.54,1.1434,3.7499,29.15,0,EIA/FRED/Bloomberg reference + synthetic daily interpolation
2003-05-16,2003,5,16,Friday,31.4,30.15,31.35,1.25,89.33,1.1519,3.7499,29.46,0,EIA/FRED/Bloomberg reference + synthetic daily interpolation
2003-05-19,2003,5,19,Monday,31.64,28.33,31.61,3.31,89.65,1.1603,3.7499,28.96,0,EIA/FRED/Bloomberg reference + synthetic daily interpolation
2003-05-20,2003,5,20,Tuesday,32.5,31.56,33.75,0.94,88.34,1.1749,3.7497,29.15,0,EIA/FRED/Bloomberg reference + synthetic daily interpolation
2003-05-21,2003,5,21,Wednesday,31.73,28.05,31.09,3.68,90.0,1.1529,3.7498,29.04,0,EIA/FRED/Bloomberg reference + synthetic daily interpolation
2003-05-22,2003,5,22,Thursday,31.64,29.83,32.9,1.81,90.08,1.1504,3.7499,28.23,0,EIA/FRED/Bloomberg reference + synthetic daily interpolation
2003-05-23,2003,5,23,Friday,32.03,29.39,31.75,2.64,89.98,1.1549,3.7497,28.53,0,EIA/FRED/Bloomberg reference + synthetic daily interpolation
2003-05-26,2003,5,26,Monday,32.44,29.21,31.88,3.23,90.58,1.1425,3.7498,27.99,0,EIA/FRED/Bloomberg reference + synthetic daily interpolation
2003-05-27,2003,5,27,Tuesday,31.86,26.22,31.76,5.64,88.19,1.1751,3.7497,27.82,0,EIA/FRED/Bloomberg reference + synthetic daily interpolation
2003-05-28,2003,5,28,Wednesday,31.64,28.8,31.95,2.84,86.6,1.2004,3.7499,29.02,0,EIA/FRED/Bloomberg reference + synthetic daily interpolation
2003-05-29,2003,5,29,Thursday,31.79,30.71,33.26,1.08,89.67,1.1506,3.7498,29.93,0,EIA/FRED/Bloomberg reference + synthetic daily interpolation
2003-05-30,2003,5,30,Friday,31.44,29.79,31.03,1.65,87.5,1.1872,3.75,29.19,0,EIA/FRED/Bloomberg reference + synthetic daily interpolation
2003-06-02,2003,6,2,Monday,32.36,31.38,31.33,0.98,88.33,1.1798,3.7498,28.64,0,EIA/FRED/Bloomberg reference + synthetic daily interpolation
2003-06-03,2003,6,3,Tuesday,32.04,26.73,31.97,5.31,89.74,1.1521,3.75,28.67,0,EIA/FRED/Bloomberg reference + synthetic daily interpolation
2003-06-04,2003,6,4,Wednesday,31.51,26.4,30.03,5.11,90.6,1.1356,3.7501,28.62,0,EIA/FRED/Bloomberg reference + synthetic daily interpolation
2003-06-05,2003,6,5,Thursday,31.92,31.2,32.52,0.72,87.95,1.1838,3.75,29.61,0,EIA/FRED/Bloomberg reference + synthetic daily interpolation
2003-06-06,2003,6,6,Friday,31.8,26.83,31.53,4.97,88.55,1.1674,3.7501,28.98,0,EIA/FRED/Bloomberg reference + synthetic daily interpolation
2003-06-09,2003,6,9,Monday,31.58,30.33,30.5,1.25,89.28,1.1613,3.7499,29.26,0,EIA/FRED/Bloomberg reference + synthetic daily interpolation
2003-06-10,2003,6,10,Tuesday,32.02,27.16,31.0,4.86,90.2,1.1533,3.7497,28.52,0,EIA/FRED/Bloomberg reference + synthetic daily interpolation
2003-06-11,2003,6,11,Wednesday,31.63,28.18,31.54,3.45,90.98,1.1308,3.7498,28.37,0,EIA/FRED/Bloomberg reference + synthetic daily interpolation
2003-06-12,2003,6,12,Thursday,31.38,30.7,30.7,0.68,91.94,1.1229,3.7497,28.7,0,EIA/FRED/Bloomberg reference + synthetic daily interpolation
2003-06-13,2003,6,13,Friday,31.6,29.05,32.45,2.55,89.21,1.1506,3.7498,29.86,0,EIA/FRED/Bloomberg reference + synthetic daily interpolation
2003-06-16,2003,6,16,Monday,31.85,27.09,30.93,4.76,92.82,1.1052,3.7501,29.27,0,EIA/FRED/Bloomberg reference + synthetic daily interpolation
2003-06-17,2003,6,17,Tuesday,32.21,28.45,33.48,3.76,92.76,1.1092,3.7497,28.15,0,EIA/FRED/Bloomberg reference + synthetic daily interpolation
2003-06-18,2003,6,18,Wednesday,30.88,28.4,30.85,2.48,91.61,1.125,3.7498,28.92,0,EIA/FRED/Bloomberg reference + synthetic daily interpolation
2003-06-19,2003,6,19,Thursday,31.87,28.4,32.92,3.47,91.0,1.1356,3.7499,29.57,0,EIA/FRED/Bloomberg reference + synthetic daily interpolation
2003-06-20,2003,6,20,Friday,31.26,28.95,30.66,2.31,88.16,1.171,3.7497,28.96,0,EIA/FRED/Bloomberg reference + synthetic daily interpolation
2003-06-23,2003,6,23,Monday,30.84,29.81,31.31,1.03,89.64,1.1616,3.75,28.66,0,EIA/FRED/Bloomberg reference + synthetic daily interpolation
2003-06-24,2003,6,24,Tuesday,32.42,31.21,31.03,1.21,91.23,1.1346,3.7499,28.82,0,EIA/FRED/Bloomberg reference + synthetic daily interpolation
2003-06-25,2003,6,25,Wednesday,31.47,29.75,31.0,1.72,91.53,1.1263,3.75,30.52,0,EIA/FRED/Bloomberg reference + synthetic daily interpolation
2003-06-26,2003,6,26,Thursday,31.73,28.67,31.99,3.06,90.5,1.1444,3.7497,28.47,0,EIA/FRED/Bloomberg reference + synthetic daily interpolation
2003-06-27,2003,6,27,Friday,30.9,26.45,30.15,4.45,90.77,1.1366,3.75,28.83,0,EIA/FRED/Bloomberg reference + synthetic daily interpolation
2003-06-30,2003,6,30,Monday,31.37,26.39,31.53,4.98,92.57,1.1085,3.75,28.54,0,EIA/FRED/Bloomberg reference + synthetic daily interpolation
2003-07-01,2003,7,1,Tuesday,31.19,26.47,31.32,4.72,89.72,1.1606,3.75,29.24,0,EIA/FRED/Bloomberg reference + synthetic daily interpolation
2003-07-02,2003,7,2,Wednesday,30.86,28.0,31.27,2.86,89.58,1.1519,3.7497,28.41,0,EIA/FRED/Bloomberg reference + synthetic daily interpolation
2003-07-03,2003,7,3,Thursday,31.0,30.42,29.7,0.58,91.03,1.1359,3.7498,28.99,0,EIA/FRED/Bloomberg reference + synthetic daily interpolation
2003-07-04,2003,7,4,Friday,32.03,29.49,33.21,2.54,90.91,1.1385,3.7498,29.2,0,EIA/FRED/Bloomberg reference + synthetic daily interpolation
2003-07-07,2003,7,7,Monday,31.39,27.24,30.1,4.15,88.7,1.1662,3.7497,28.92,0,EIA/FRED/Bloomberg reference + synthetic daily interpolation
2003-07-08,2003,7,8,Tuesday,31.27,29.23,31.21,2.04,88.67,1.1741,3.7499,29.14,0,EIA/FRED/Bloomberg reference + synthetic daily interpolation
2003-07-09,2003,7,9,Wednesday,30.86,28.7,31.68,2.16,87.37,1.1895,3.7498,28.95,0,EIA/FRED/Bloomberg reference + synthetic daily interpolation
2003-07-10,2003,7,10,Thursday,31.08,29.03,30.13,2.05,89.9,1.1408,3.7497,28.88,0,EIA/FRED/Bloomberg reference + synthetic daily interpolation
2003-07-11,2003,7,11,Friday,31.13,30.45,29.87,0.68,89.74,1.1497,3.75,28.25,0,EIA/FRED/Bloomberg reference + synthetic daily interpolation
2003-07-14,2003,7,14,Monday,31.85,29.16,30.67,2.69,88.98,1.1644,3.7497,30.01,0,EIA/FRED/Bloomberg reference + synthetic daily interpolation
2003-07-15,2003,7,15,Tuesday,30.69,28.08,31.69,2.61,88.92,1.1643,3.7497,29.18,0,EIA/FRED/Bloomberg reference + synthetic daily interpolation
2003-07-16,2003,7,16,Wednesday,31.32,29.5,32.11,1.82,90.12,1.1509,3.75,28.71,0,EIA/FRED/Bloomberg reference + synthetic daily interpolation
2003-07-17,2003,7,17,Thursday,30.56,29.06,29.73,1.5,91.49,1.1312,3.7501,29.22,0,EIA/FRED/Bloomberg reference + synthetic daily interpolation
2003-07-18,2003,7,18,Friday,31.17,30.42,29.73,0.75,90.77,1.1324,3.7498,29.53,0,EIA/FRED/Bloomberg reference + synthetic daily interpolation
2003-07-21,2003,7,21,Monday,30.35,26.55,30.18,3.8,90.82,1.1401,3.7497,29.07,0,EIA/FRED/Bloomberg reference + synthetic daily interpolation
2003-07-22,2003,7,22,Tuesday,30.86,28.7,30.58,2.16,88.02,1.1775,3.7501,28.66,0,EIA/FRED/Bloomberg reference + synthetic daily interpolation
2003-07-23,2003,7,23,Wednesday,30.89,29.42,30.61,1.47,88.92,1.1627,3.7501,29.25,0,EIA/FRED/Bloomberg reference + synthetic daily interpolation
2003-07-24,2003,7,24,Thursday,30.61,29.42,30.17,1.19,90.82,1.1384,3.75,28.4,0,EIA/FRED/Bloomberg reference + synthetic daily interpolation
2003-07-25,2003,7,25,Friday,30.3,28.14,31.14,2.16,90.06,1.1485,3.7497,28.25,0,EIA/FRED/Bloomberg reference + synthetic daily interpolation
2003-07-28,2003,7,28,Monday,30.75,29.98,30.98,0.77,89.48,1.1551,3.7499,28.32,0,EIA/FRED/Bloomberg reference + synthetic daily interpolation
2003-07-29,2003,7,29,Tuesday,30.43,26.61,28.94,3.82,89.54,1.1544,3.7499,28.78,0,EIA/FRED/Bloomberg reference + synthetic daily interpolation
2003-07-30,2003,7,30,Wednesday,30.51,29.21,31.54,1.3,88.64,1.176,3.7497,28.3,0,EIA/FRED/Bloomberg reference + synthetic daily interpolation
2003-07-31,2003,7,31,Thursday,30.33,27.8,31.74,2.53,89.3,1.168,3.7499,28.13,0,EIA/FRED/Bloomberg reference + synthetic daily interpolation
2003-08-01,2003,8,1,Friday,29.62,27.87,28.98,1.75,90.36,1.1367,3.7501,29.14,0,EIA/FRED/Bloomberg reference + synthetic daily interpolation
2003-08-04,2003,8,4,Monday,30.36,24.57,30.81,5.79,87.38,1.1915,3.7499,29.3,0,EIA/FRED/Bloomberg reference + synthetic daily interpolation
2003-08-05,2003,8,5,Tuesday,30.25,28.16,30.95,2.09,90.68,1.1352,3.75,29.21,0,EIA/FRED/Bloomberg reference + synthetic daily interpolation
2003-08-06,2003,8,6,Wednesday,30.27,25.61,29.36,4.66,88.01,1.1726,3.7501,28.25,0,EIA/FRED/Bloomberg reference + synthetic daily interpolation
2003-08-07,2003,8,7,Thursday,28.96,26.11,28.72,2.85,89.63,1.1563,3.7497,27.85,0,EIA/FRED/Bloomberg reference + synthetic daily interpolation
2003-08-08,2003,8,8,Friday,30.1,27.3,28.98,2.8,90.15,1.1449,3.7496,28.76,0,EIA/FRED/Bloomberg reference + synthetic daily interpolation
2003-08-11,2003,8,11,Monday,29.43,25.92,29.15,3.51,91.71,1.1279,3.7496,29.03,0,EIA/FRED/Bloomberg reference + synthetic daily interpolation
2003-08-12,2003,8,12,Tuesday,29.86,28.73,29.8,1.13,87.37,1.1861,3.7496,28.51,0,EIA/FRED/Bloomberg reference + synthetic daily interpolation
2003-08-13,2003,8,13,Wednesday,29.33,26.48,28.84,2.85,90.53,1.1446,3.7498,28.26,0,EIA/FRED/Bloomberg reference + synthetic daily interpolation
2003-08-14,2003,8,14,Thursday,29.5,28.61,28.41,0.89,90.61,1.1354,3.7497,28.38,0,EIA/FRED/Bloomberg reference + synthetic daily interpolation
2003-08-15,2003,8,15,Friday,29.56,24.05,28.31,5.51,89.85,1.1551,3.7498,29.02,0,EIA/FRED/Bloomberg reference + synthetic daily interpolation
2003-08-18,2003,8,18,Monday,29.45,24.84,29.31,4.61,88.64,1.1798,3.7499,27.84,0,EIA/FRED/Bloomberg reference + synthetic daily interpolation
2003-08-19,2003,8,19,Tuesday,29.17,27.85,28.4,1.32,89.73,1.1508,3.7497,28.49,0,EIA/FRED/Bloomberg reference + synthetic daily interpolation
2003-08-20,2003,8,20,Wednesday,29.86,26.6,29.5,3.26,89.53,1.1554,3.7498,29.67,0,EIA/FRED/Bloomberg reference + synthetic daily interpolation
2003-08-21,2003,8,21,Thursday,29.14,28.07,29.62,1.07,90.54,1.1491,3.7498,27.96,0,EIA/FRED/Bloomberg reference + synthetic daily interpolation
2003-08-22,2003,8,22,Friday,28.86,26.49,27.99,2.37,89.66,1.1549,3.7496,28.74,0,EIA/FRED/Bloomberg reference + synthetic daily interpolation
2003-08-25,2003,8,25,Monday,29.95,24.97,30.86,4.98,90.65,1.1448,3.7497,27.99,0,EIA/FRED/Bloomberg reference + synthetic daily interpolation
2003-08-26,2003,8,26,Tuesday,29.4,24.08,30.51,5.32,88.53,1.1787,3.7498,29.34,0,EIA/FRED/Bloomberg reference + synthetic daily interpolation
2003-08-27,2003,8,27,Wednesday,28.97,26.57,30.36,2.4,91.17,1.1293,3.75,28.7,0,EIA/FRED/Bloomberg reference + synthetic daily interpolation
2003-08-28,2003,8,28,Thursday,28.6,23.97,28.94,4.63,90.92,1.1357,3.7498,28.76,0,EIA/FRED/Bloomberg reference + synthetic daily interpolation
2003-08-29,2003,8,29,Friday,29.32,27.91,30.26,1.41,88.34,1.1712,3.75,29.41,0,EIA/FRED/Bloomberg reference + synthetic daily interpolation
2003-09-01,2003,9,1,Monday,28.78,27.52,27.3,1.26,89.46,1.1595,3.7499,28.61,0,EIA/FRED/Bloomberg reference + synthetic daily interpolation
2003-09-02,2003,9,2,Tuesday,29.14,26.8,27.97,2.34,90.17,1.1459,3.7498,29.28,0,EIA/FRED/Bloomberg reference + synthetic daily interpolation
2003-09-03,2003,9,3,Wednesday,28.95,26.15,28.93,2.8,89.29,1.1586,3.7498,29.43,0,EIA/FRED/Bloomberg reference + synthetic daily interpolation
2003-09-04,2003,9,4,Thursday,28.63,23.85,27.9,4.78,91.73,1.1171,3.7496,28.52,0,EIA/FRED/Bloomberg reference + synthetic daily interpolation
2003-09-05,2003,9,5,Friday,28.35,23.07,28.82,5.28,90.63,1.1387,3.75,28.75,0,EIA/FRED/Bloomberg reference + synthetic daily interpolation
2003-09-08,2003,9,8,Monday,28.85,25.32,29.92,3.53,91.71,1.1213,3.75,30.0,0,EIA/FRED/Bloomberg reference + synthetic daily interpolation
2003-09-09,2003,9,9,Tuesday,28.35,22.5,29.02,5.85,87.61,1.1882,3.7498,29.17,0,EIA/FRED/Bloomberg reference + synthetic daily interpolation
2003-09-10,2003,9,10,Wednesday,27.99,23.89,27.87,4.1,90.5,1.1494,3.7499,29.36,0,EIA/FRED/Bloomberg reference + synthetic daily interpolation
2003-09-11,2003,9,11,Thursday,28.47,24.23,29.81,4.24,90.67,1.1397,3.7497,28.14,0,EIA/FRED/Bloomberg reference + synthetic daily interpolation
2003-09-12,2003,9,12,Friday,28.4,27.04,27.07,1.36,88.29,1.1724,3.7498,28.8,0,EIA/FRED/Bloomberg reference + synthetic daily interpolation
2003-09-15,2003,9,15,Monday,27.58,24.88,28.27,2.7,90.79,1.1384,3.7499,28.44,0,EIA/FRED/Bloomberg reference + synthetic daily interpolation
2003-09-16,2003,9,16,Tuesday,27.22,22.41,28.14,4.81,89.9,1.1517,3.7496,29.47,0,EIA/FRED/Bloomberg reference + synthetic daily interpolation
2003-09-17,2003,9,17,Wednesday,28.5,27.17,29.47,1.33,91.37,1.1206,3.75,28.31,0,EIA/FRED/Bloomberg reference + synthetic daily interpolation
2003-09-18,2003,9,18,Thursday,27.8,25.82,27.46,1.98,89.94,1.1638,3.7499,29.14,0,EIA/FRED/Bloomberg reference + synthetic daily interpolation
2003-09-19,2003,9,19,Friday,28.5,25.67,28.35,2.83,89.77,1.153,3.75,29.59,0,EIA/FRED/Bloomberg reference + synthetic daily interpolation
2003-09-22,2003,9,22,Monday,28.7,25.23,28.42,3.47,89.72,1.1472,3.7499,28.18,0,EIA/FRED/Bloomberg reference + synthetic daily interpolation
2003-09-23,2003,9,23,Tuesday,28.19,24.17,27.45,4.02,92.19,1.1119,3.75,28.81,0,EIA/FRED/Bloomberg reference + synthetic daily interpolation
2003-09-24,2003,9,24,Wednesday,27.52,21.6,28.77,5.92,89.64,1.1632,3.7496,29.09,0,EIA/FRED/Bloomberg reference + synthetic daily interpolation
2003-09-25,2003,9,25,Thursday,27.35,23.43,28.14,3.92,91.29,1.1342,3.7497,29.59,0,EIA/FRED/Bloomberg reference + synthetic daily interpolation
2003-09-26,2003,9,26,Friday,27.67,22.28,26.17,5.39,90.84,1.1402,3.7498,28.03,0,EIA/FRED/Bloomberg reference + synthetic daily interpolation
2003-09-29,2003,9,29,Monday,27.46,24.04,28.03,3.42,89.89,1.15,3.75,29.03,0,EIA/FRED/Bloomberg reference + synthetic daily interpolation
2003-09-30,2003,9,30,Tuesday,27.81,24.51,28.23,3.3,89.96,1.1493,3.7497,29.27,0,EIA/FRED/Bloomberg reference + synthetic daily interpolation
2003-10-01,2003,10,1,Wednesday,27.4,25.4,26.09,2.0,87.89,1.1876,3.7498,28.54,0,EIA/FRED/Bloomberg reference + synthetic daily interpolation
2003-10-02,2003,10,2,Thursday,26.45,24.9,26.85,1.55,91.15,1.1364,3.7497,28.74,0,EIA/FRED/Bloomberg reference + synthetic daily interpolation
2003-10-03,2003,10,3,Friday,27.52,24.24,26.61,3.28,89.87,1.1514,3.7501,28.47,0,EIA/FRED/Bloomberg reference + synthetic daily interpolation
2003-10-06,2003,10,6,Monday,27.0,24.95,25.83,2.05,90.71,1.1347,3.7497,29.86,0,EIA/FRED/Bloomberg reference + synthetic daily interpolation
2003-10-07,2003,10,7,Tuesday,27.53,26.83,28.7,0.7,90.44,1.1363,3.7498,28.3,0,EIA/FRED/Bloomberg reference + synthetic daily interpolation
2003-10-08,2003,10,8,Wednesday,26.54,22.49,25.65,4.05,89.62,1.1506,3.7497,28.41,0,EIA/FRED/Bloomberg reference + synthetic daily interpolation
2003-10-09,2003,10,9,Thursday,26.87,20.97,26.92,5.9,89.55,1.1577,3.7499,29.13,0,EIA/FRED/Bloomberg reference + synthetic daily interpolation
2003-10-10,2003,10,10,Friday,26.5,24.04,27.21,2.46,88.24,1.1754,3.7497,29.82,0,EIA/FRED/Bloomberg reference + synthetic daily interpolation
2003-10-13,2003,10,13,Monday,27.11,22.65,28.2,4.46,88.34,1.187,3.7497,29.07,0,EIA/FRED/Bloomberg reference + synthetic daily interpolation
2003-10-14,2003,10,14,Tuesday,27.1,23.63,27.36,3.47,88.86,1.1696,3.7497,28.57,0,EIA/FRED/Bloomberg reference + synthetic daily interpolation
2003-10-15,2003,10,15,Wednesday,26.98,25.16,26.22,1.82,88.85,1.1601,3.7499,28.8,0,EIA/FRED/Bloomberg reference + synthetic daily interpolation
2003-10-16,2003,10,16,Thursday,27.07,22.94,25.85,4.13,91.54,1.1226,3.7498,29.63,0,EIA/FRED/Bloomberg reference + synthetic daily interpolation
2003-10-17,2003,10,17,Friday,26.79,23.32,26.09,3.47,88.65,1.1731,3.7499,29.14,0,EIA/FRED/Bloomberg reference + synthetic daily interpolation
2003-10-20,2003,10,20,Monday,27.27,22.5,25.79,4.77,90.26,1.1417,3.7497,29.04,0,EIA/FRED/Bloomberg reference + synthetic daily interpolation
2003-10-21,2003,10,21,Tuesday,26.23,21.58,26.02,4.65,88.39,1.1715,3.7497,29.34,0,EIA/FRED/Bloomberg reference + synthetic daily interpolation
2003-10-22,2003,10,22,Wednesday,26.62,22.06,25.3,4.56,88.96,1.1748,3.7498,28.83,0,EIA/FRED/Bloomberg reference + synthetic daily interpolation
2003-10-23,2003,10,23,Thursday,26.61,24.8,27.52,1.81,89.24,1.1621,3.7501,28.27,0,EIA/FRED/Bloomberg reference + synthetic daily interpolation
2003-10-24,2003,10,24,Friday,26.26,23.16,27.42,3.1,90.94,1.1299,3.75,29.06,0,EIA/FRED/Bloomberg reference + synthetic daily interpolation
2003-10-27,2003,10,27,Monday,27.15,22.0,28.5,5.15,90.36,1.1392,3.7501,29.14,0,EIA/FRED/Bloomberg reference + synthetic daily interpolation
2003-10-28,2003,10,28,Tuesday,26.2,20.87,26.2,5.33,90.4,1.146,3.75,28.25,0,EIA/FRED/Bloomberg reference + synthetic daily interpolation
2003-10-29,2003,10,29,Wednesday,25.44,23.85,26.28,1.59,91.2,1.134,3.7496,29.74,0,EIA/FRED/Bloomberg reference + synthetic daily interpolation
2003-10-30,2003,10,30,Thursday,26.57,22.13,25.91,4.44,90.63,1.1476,3.7498,29.89,0,EIA/FRED/Bloomberg reference + synthetic daily interpolation
2003-10-31,2003,10,31,Friday,25.47,23.05,25.95,2.42,91.07,1.1277,3.7498,28.07,0,EIA/FRED/Bloomberg reference + synthetic daily interpolation
2003-11-03,2003,11,3,Monday,26.25,21.16,27.1,5.09,92.3,1.1088,3.7499,28.41,0,EIA/FRED/Bloomberg reference + synthetic daily interpolation
2003-11-04,2003,11,4,Tuesday,25.85,23.28,26.48,2.57,88.11,1.1818,3.7498,28.5,0,EIA/FRED/Bloomberg reference + synthetic daily interpolation
2003-11-05,2003,11,5,Wednesday,26.17,22.33,26.84,3.84,88.31,1.1822,3.7497,28.92,0,EIA/FRED/Bloomberg reference + synthetic daily interpolation
2003-11-06,2003,11,6,Thursday,25.97,22.09,25.57,3.88,91.18,1.1402,3.7497,29.38,0,EIA/FRED/Bloomberg reference + synthetic daily interpolation
2003-11-07,2003,11,7,Friday,26.52,22.27,26.11,4.25,90.32,1.1383,3.7501,29.29,0,EIA/FRED/Bloomberg reference + synthetic daily interpolation
2003-11-10,2003,11,10,Monday,26.72,23.03,27.5,3.69,90.06,1.1561,3.7496,29.66,0,EIA/FRED/Bloomberg reference + synthetic daily interpolation
2003-11-11,2003,11,11,Tuesday,26.04,22.91,25.27,3.13,90.56,1.1424,3.7498,28.74,0,EIA/FRED/Bloomberg reference + synthetic daily interpolation
2003-11-12,2003,11,12,Wednesday,25.77,20.28,25.26,5.49,89.98,1.1481,3.7496,28.62,0,EIA/FRED/Bloomberg reference + synthetic daily interpolation
2003-11-13,2003,11,13,Thursday,25.01,22.21,23.6,2.8,91.19,1.1332,3.7499,28.75,0,EIA/FRED/Bloomberg reference + synthetic daily interpolation
2003-11-14,2003,11,14,Friday,25.28,20.13,26.51,5.15,88.04,1.1736,3.7501,29.03,0,EIA/FRED/Bloomberg reference + synthetic daily interpolation
2003-11-17,2003,11,17,Monday,26.23,22.94,26.87,3.29,88.4,1.1822,3.7499,29.41,0,EIA/FRED/Bloomberg reference + synthetic daily interpolation
2003-11-18,2003,11,18,Tuesday,26.21,23.11,24.98,3.1,89.99,1.1539,3.75,28.38,0,EIA/FRED/Bloomberg reference + synthetic daily interpolation
2003-11-19,2003,11,19,Wednesday,25.84,21.86,26.9,3.98,89.62,1.1524,3.7497,29.06,0,EIA/FRED/Bloomberg reference + synthetic daily interpolation
2003-11-20,2003,11,20,Thursday,25.71,19.74,25.69,5.97,91.13,1.1387,3.7498,29.27,0,EIA/FRED/Bloomberg reference + synthetic daily interpolation
2003-11-21,2003,11,21,Friday,26.25,24.04,26.37,2.21,89.78,1.1637,3.7501,29.49,0,EIA/FRED/Bloomberg reference + synthetic daily interpolation
2003-11-24,2003,11,24,Monday,25.78,24.57,24.29,1.21,90.68,1.1327,3.75,28.84,0,EIA/FRED/Bloomberg reference + synthetic daily interpolation
2003-11-25,2003,11,25,Tuesday,25.74,23.09,24.39,2.65,89.34,1.1677,3.75,28.62,0,EIA/FRED/Bloomberg reference + synthetic daily interpolation
2003-11-26,2003,11,26,Wednesday,26.33,22.75,25.84,3.58,90.17,1.1501,3.75,28.31,0,EIA/FRED/Bloomberg reference + synthetic daily interpolation
2003-11-27,2003,11,27,Thursday,26.17,21.66,27.31,4.51,89.73,1.1509,3.7497,29.68,0,EIA/FRED/Bloomberg reference + synthetic daily interpolation
2003-11-28,2003,11,28,Friday,25.31,19.81,24.95,5.5,89.47,1.1488,3.7497,29.99,0,EIA/FRED/Bloomberg reference + synthetic daily interpolation
2003-12-01,2003,12,1,Monday,25.88,25.07,24.49,0.81,92.11,1.1213,3.7499,29.4,0,EIA/FRED/Bloomberg reference + synthetic daily interpolation
2003-12-02,2003,12,2,Tuesday,25.99,24.86,24.5,1.13,92.19,1.1136,3.7499,29.49,0,EIA/FRED/Bloomberg reference + synthetic daily interpolation
2003-12-03,2003,12,3,Wednesday,25.95,20.05,25.14,5.9,89.69,1.1508,3.7498,29.4,0,EIA/FRED/Bloomberg reference + synthetic daily interpolation
2003-12-04,2003,12,4,Thursday,25.41,23.92,25.96,1.49,89.37,1.1569,3.7501,28.71,0,EIA/FRED/Bloomberg reference + synthetic daily interpolation
2003-12-05,2003,12,5,Friday,25.22,22.43,23.99,2.79,90.15,1.1428,3.7499,28.53,0,EIA/FRED/Bloomberg reference + synthetic daily interpolation
2003-12-08,2003,12,8,Monday,25.43,20.47,24.35,4.96,91.11,1.1387,3.7499,28.06,0,EIA/FRED/Bloomberg reference + synthetic daily interpolation
2003-12-09,2003,12,9,Tuesday,26.85,22.16,26.26,4.69,88.21,1.1788,3.7497,28.86,0,EIA/FRED/Bloomberg reference + synthetic daily interpolation
2003-12-10,2003,12,10,Wednesday,25.86,23.45,26.51,2.41,92.02,1.1239,3.7501,29.35,0,EIA/FRED/Bloomberg reference + synthetic daily interpolation
2003-12-11,2003,12,11,Thursday,25.95,22.43,25.09,3.52,90.17,1.1438,3.75,27.85,0,EIA/FRED/Bloomberg reference + synthetic daily interpolation
2003-12-12,2003,12,12,Friday,26.28,22.45,26.64,3.83,89.84,1.1551,3.7499,29.73,0,EIA/FRED/Bloomberg reference + synthetic daily interpolation
2003-12-15,2003,12,15,Monday,25.85,24.58,25.62,1.27,90.47,1.1611,3.75,28.83,0,EIA/FRED/Bloomberg reference + synthetic daily interpolation
2003-12-16,2003,12,16,Tuesday,26.0,21.49,25.72,4.51,88.64,1.1709,3.75,28.33,0,EIA/FRED/Bloomberg reference + synthetic daily interpolation
2003-12-17,2003,12,17,Wednesday,25.9,20.62,24.78,5.28,87.85,1.1805,3.7497,29.38,0,EIA/FRED/Bloomberg reference + synthetic daily interpolation
2003-12-18,2003,12,18,Thursday,25.74,22.35,26.23,3.39,89.68,1.1565,3.7499,29.53,0,EIA/FRED/Bloomberg reference + synthetic daily interpolation
2003-12-19,2003,12,19,Friday,25.44,24.05,26.71,1.39,90.33,1.1476,3.7498,28.35,0,EIA/FRED/Bloomberg reference + synthetic daily interpolation
2003-12-22,2003,12,22,Monday,26.22,21.92,24.75,4.3,89.75,1.1506,3.7499,29.33,0,EIA/FRED/Bloomberg reference + synthetic daily interpolation
2003-12-23,2003,12,23,Tuesday,26.26,21.27,25.27,4.99,88.37,1.1722,3.7499,28.61,0,EIA/FRED/Bloomberg reference + synthetic daily interpolation
2003-12-24,2003,12,24,Wednesday,24.96,24.46,24.33,0.5,88.11,1.1738,3.7499,29.25,0,EIA/FRED/Bloomberg reference + synthetic daily interpolation
2003-12-25,2003,12,25,Thursday,26.32,22.4,26.26,3.92,90.61,1.1445,3.7499,28.48,0,EIA/FRED/Bloomberg reference + synthetic daily interpolation
2003-12-26,2003,12,26,Friday,26.11,22.59,25.17,3.52,87.15,1.1883,3.7499,28.44,0,EIA/FRED/Bloomberg reference + synthetic daily interpolation
2003-12-29,2003,12,29,Monday,27.07,21.52,28.39,5.55,89.47,1.1663,3.7497,29.37,0,EIA/FRED/Bloomberg reference + synthetic daily interpolation
2003-12-30,2003,12,30,Tuesday,26.06,22.9,26.31,3.16,87.32,1.1848,3.7497,29.86,0,EIA/FRED/Bloomberg reference + synthetic daily interpolation
2003-12-31,2003,12,31,Wednesday,26.0,20.73,25.55,5.27,91.24,1.1348,3.7496,29.93,0,EIA/FRED/Bloomberg reference + synthetic daily interpolation
2004-01-01,2004,1,1,Thursday,36.79,33.4,35.41,3.39,84.09,1.2353,3.7496,29.14,0,EIA/FRED/Bloomberg reference + synthetic daily interpolation
2004-01-02,2004,1,2,Friday,35.42,33.44,36.03,1.98,84.53,1.2431,3.7499,29.56,0,EIA/FRED/Bloomberg reference + synthetic daily interpolation
2004-01-05,2004,1,5,Monday,35.52,32.47,34.17,3.05,83.32,1.2511,3.7497,29.29,0,EIA/FRED/Bloomberg reference + synthetic daily interpolation
2004-01-06,2004,1,6,Tuesday,36.17,31.65,35.12,4.52,83.01,1.2535,3.7499,29.27,0,EIA/FRED/Bloomberg reference + synthetic daily interpolation
2004-01-07,2004,1,7,Wednesday,35.79,33.78,36.0,2.01,84.49,1.2317,3.7499,28.28,0,EIA/FRED/Bloomberg reference + synthetic daily interpolation
2004-01-08,2004,1,8,Thursday,37.52,36.13,38.57,1.39,82.61,1.2627,3.7497,28.74,0,EIA/FRED/Bloomberg reference + synthetic daily interpolation
2004-01-09,2004,1,9,Friday,35.78,30.4,34.32,5.38,84.94,1.2238,3.7496,29.46,0,EIA/FRED/Bloomberg reference + synthetic daily interpolation
2004-01-12,2004,1,12,Monday,36.43,34.98,36.08,1.45,83.14,1.2502,3.75,28.78,0,EIA/FRED/Bloomberg reference + synthetic daily interpolation
2004-01-13,2004,1,13,Tuesday,35.88,32.8,36.76,3.08,80.76,1.2766,3.7499,28.72,0,EIA/FRED/Bloomberg reference + synthetic daily interpolation
2004-01-14,2004,1,14,Wednesday,37.22,32.92,38.14,4.3,83.38,1.245,3.7501,29.66,0,EIA/FRED/Bloomberg reference + synthetic daily interpolation
2004-01-15,2004,1,15,Thursday,36.07,33.33,36.9,2.74,82.92,1.2562,3.7498,29.92,0,EIA/FRED/Bloomberg reference + synthetic daily interpolation
2004-01-16,2004,1,16,Friday,35.66,33.17,35.07,2.49,84.08,1.2375,3.7498,29.65,0,EIA/FRED/Bloomberg reference + synthetic daily interpolation
2004-01-19,2004,1,19,Monday,36.58,33.72,36.73,2.86,81.13,1.2809,3.7498,29.43,0,EIA/FRED/Bloomberg reference + synthetic daily interpolation
2004-01-20,2004,1,20,Tuesday,36.12,31.51,35.42,4.61,83.62,1.2497,3.75,29.36,0,EIA/FRED/Bloomberg reference + synthetic daily interpolation
2004-01-21,2004,1,21,Wednesday,37.78,35.34,37.92,2.44,82.66,1.2614,3.7498,28.67,0,EIA/FRED/Bloomberg reference + synthetic daily interpolation
2004-01-22,2004,1,22,Thursday,36.5,33.85,35.9,2.65,83.03,1.2572,3.75,29.41,0,EIA/FRED/Bloomberg reference + synthetic daily interpolation
2004-01-23,2004,1,23,Friday,35.91,32.53,34.42,3.38,81.66,1.2748,3.7497,29.31,0,EIA/FRED/Bloomberg reference + synthetic daily interpolation
2004-01-26,2004,1,26,Monday,35.82,31.08,36.15,4.74,83.74,1.2531,3.7497,29.25,0,EIA/FRED/Bloomberg reference + synthetic daily interpolation
2004-01-27,2004,1,27,Tuesday,38.25,35.38,38.54,2.87,82.53,1.2673,3.7498,29.27,0,EIA/FRED/Bloomberg reference + synthetic daily interpolation
2004-01-28,2004,1,28,Wednesday,35.72,33.46,34.4,2.26,83.61,1.2458,3.7497,29.13,0,EIA/FRED/Bloomberg reference + synthetic daily interpolation
2004-01-29,2004,1,29,Thursday,37.41,32.88,35.93,4.53,82.36,1.2657,3.7501,29.24,0,EIA/FRED/Bloomberg reference + synthetic daily interpolation
2004-01-30,2004,1,30,Friday,35.85,32.23,36.44,3.62,80.78,1.2919,3.7498,30.04,0,EIA/FRED/Bloomberg reference + synthetic daily interpolation
2004-02-02,2004,2,2,Monday,38.15,35.92,38.55,2.23,84.87,1.2235,3.7501,29.84,0,EIA/FRED/Bloomberg reference + synthetic daily interpolation
2004-02-03,2004,2,3,Tuesday,37.02,36.36,36.79,0.66,81.38,1.2928,3.7497,29.46,0,EIA/FRED/Bloomberg reference + synthetic daily interpolation
2004-02-04,2004,2,4,Wednesday,37.12,32.79,35.63,4.33,83.56,1.2465,3.7497,28.8,0,EIA/FRED/Bloomberg reference + synthetic daily interpolation
2004-02-05,2004,2,5,Thursday,36.91,34.52,38.06,2.39,84.16,1.2419,3.7497,28.9,0,EIA/FRED/Bloomberg reference + synthetic daily interpolation
2004-02-06,2004,2,6,Friday,36.36,34.58,35.53,1.78,80.93,1.2866,3.75,29.54,0,EIA/FRED/Bloomberg reference + synthetic daily interpolation
2004-02-09,2004,2,9,Monday,38.24,33.75,37.04,4.49,84.4,1.2397,3.7499,29.04,0,EIA/FRED/Bloomberg reference + synthetic daily interpolation
2004-02-10,2004,2,10,Tuesday,38.48,35.77,37.53,2.71,82.39,1.2651,3.7499,29.46,0,EIA/FRED/Bloomberg reference + synthetic daily interpolation
2004-02-11,2004,2,11,Wednesday,36.91,35.4,37.41,1.51,83.6,1.247,3.7498,29.25,0,EIA/FRED/Bloomberg reference + synthetic daily interpolation
2004-02-12,2004,2,12,Thursday,37.8,33.37,37.35,4.43,82.51,1.2743,3.7497,29.26,0,EIA/FRED/Bloomberg reference + synthetic daily interpolation
2004-02-13,2004,2,13,Friday,35.91,31.02,36.88,4.89,82.18,1.2626,3.7498,29.85,0,EIA/FRED/Bloomberg reference + synthetic daily interpolation
2004-02-16,2004,2,16,Monday,38.04,32.46,37.57,5.58,82.04,1.276,3.7497,29.08,0,EIA/FRED/Bloomberg reference + synthetic daily interpolation
2004-02-17,2004,2,17,Tuesday,37.73,33.02,36.64,4.71,84.2,1.2459,3.7498,29.37,0,EIA/FRED/Bloomberg reference + synthetic daily interpolation
2004-02-18,2004,2,18,Wednesday,38.33,35.71,39.82,2.62,83.63,1.2472,3.7498,27.93,0,EIA/FRED/Bloomberg reference + synthetic daily interpolation
2004-02-19,2004,2,19,Thursday,38.01,33.55,38.8,4.46,83.26,1.2426,3.7497,29.87,0,EIA/FRED/Bloomberg reference + synthetic daily interpolation
2004-02-20,2004,2,20,Friday,38.41,37.75,37.68,0.66,85.71,1.2236,3.7499,29.13,0,EIA/FRED/Bloomberg reference + synthetic daily interpolation
2004-02-23,2004,2,23,Monday,38.05,34.13,36.73,3.92,82.85,1.2563,3.75,29.25,0,EIA/FRED/Bloomberg reference + synthetic daily interpolation
2004-02-24,2004,2,24,Tuesday,39.06,37.27,39.42,1.79,83.06,1.2558,3.75,29.6,0,EIA/FRED/Bloomberg reference + synthetic daily interpolation
2004-02-25,2004,2,25,Wednesday,37.91,37.23,37.4,0.68,82.1,1.2641,3.7497,29.68,0,EIA/FRED/Bloomberg reference + synthetic daily interpolation
2004-02-26,2004,2,26,Thursday,37.0,32.63,36.76,4.37,83.6,1.2549,3.7501,29.53,0,EIA/FRED/Bloomberg reference + synthetic daily interpolation
2004-02-27,2004,2,27,Friday,38.08,33.28,39.06,4.8,81.8,1.2718,3.7501,29.03,0,EIA/FRED/Bloomberg reference + synthetic daily interpolation
2004-03-01,2004,3,1,Monday,38.84,33.19,39.31,5.65,83.06,1.2527,3.7498,29.4,0,EIA/FRED/Bloomberg reference + synthetic daily interpolation
2004-03-02,2004,3,2,Tuesday,37.87,35.36,38.95,2.51,83.76,1.2461,3.75,29.5,0,EIA/FRED/Bloomberg reference + synthetic daily interpolation
2004-03-03,2004,3,3,Wednesday,38.73,35.64,39.53,3.09,82.04,1.2714,3.7499,29.93,0,EIA/FRED/Bloomberg reference + synthetic daily interpolation
2004-03-04,2004,3,4,Thursday,38.86,36.75,37.43,2.11,83.1,1.2573,3.75,28.42,0,EIA/FRED/Bloomberg reference + synthetic daily interpolation
2004-03-05,2004,3,5,Friday,38.44,34.38,37.69,4.06,84.16,1.2344,3.7501,29.32,0,EIA/FRED/Bloomberg reference + synthetic daily interpolation
2004-03-08,2004,3,8,Monday,38.79,34.7,37.76,4.09,84.67,1.2293,3.7497,28.93,0,EIA/FRED/Bloomberg reference + synthetic daily interpolation
2004-03-09,2004,3,9,Tuesday,38.37,35.63,38.92,2.74,84.65,1.2352,3.7498,29.96,0,EIA/FRED/Bloomberg reference + synthetic daily interpolation
2004-03-10,2004,3,10,Wednesday,39.7,33.92,40.63,5.78,84.0,1.2381,3.7497,29.6,0,EIA/FRED/Bloomberg reference + synthetic daily interpolation
2004-03-11,2004,3,11,Thursday,39.26,34.99,38.01,4.27,84.64,1.2324,3.7497,28.99,0,EIA/FRED/Bloomberg reference + synthetic daily interpolation
2004-03-12,2004,3,12,Friday,38.69,34.92,37.93,3.77,82.87,1.2561,3.7498,29.31,0,EIA/FRED/Bloomberg reference + synthetic daily interpolation
2004-03-15,2004,3,15,Monday,39.69,34.91,38.53,4.78,83.94,1.2414,3.7499,29.18,0,EIA/FRED/Bloomberg reference + synthetic daily interpolation
2004-03-16,2004,3,16,Tuesday,39.12,35.08,38.66,4.04,81.92,1.2673,3.75,28.97,0,EIA/FRED/Bloomberg reference + synthetic daily interpolation
2004-03-17,2004,3,17,Wednesday,39.44,37.54,38.89,1.9,86.87,1.1979,3.7496,29.28,0,EIA/FRED/Bloomberg reference + synthetic daily interpolation
2004-03-18,2004,3,18,Thursday,38.66,33.72,37.89,4.94,81.65,1.2755,3.75,29.19,0,EIA/FRED/Bloomberg reference + synthetic daily interpolation
2004-03-19,2004,3,19,Friday,38.77,36.37,37.44,2.4,82.12,1.2649,3.7498,28.91,0,EIA/FRED/Bloomberg reference + synthetic daily interpolation
2004-03-22,2004,3,22,Monday,39.67,34.88,38.99,4.79,81.79,1.2683,3.7497,28.56,0,EIA/FRED/Bloomberg reference + synthetic daily interpolation
2004-03-23,2004,3,23,Tuesday,39.94,35.7,39.33,4.24,85.02,1.228,3.7497,29.35,0,EIA/FRED/Bloomberg reference + synthetic daily interpolation
2004-03-24,2004,3,24,Wednesday,38.81,37.78,37.54,1.03,83.36,1.2559,3.7497,29.27,0,EIA/FRED/Bloomberg reference + synthetic daily interpolation
2004-03-25,2004,3,25,Thursday,39.71,35.08,38.51,4.63,83.34,1.2547,3.7497,29.09,0,EIA/FRED/Bloomberg reference + synthetic daily interpolation
2004-03-26,2004,3,26,Friday,39.9,38.86,40.01,1.04,82.21,1.2655,3.7497,29.82,0,EIA/FRED/Bloomberg reference + synthetic daily interpolation
2004-03-29,2004,3,29,Monday,39.88,38.3,40.57,1.58,84.62,1.2256,3.7499,29.08,0,EIA/FRED/Bloomberg reference + synthetic daily interpolation
2004-03-30,2004,3,30,Tuesday,38.97,37.25,39.99,1.72,83.42,1.2551,3.7499,30.21,0,EIA/FRED/Bloomberg reference + synthetic daily interpolation
2004-03-31,2004,3,31,Wednesday,40.52,37.39,39.76,3.13,83.16,1.2531,3.75,28.84,0,EIA/FRED/Bloomberg reference + synthetic daily interpolation
2004-04-01,2004,4,1,Thursday,39.6,36.43,39.55,3.17,83.55,1.2471,3.7497,29.17,0,EIA/FRED/Bloomberg reference + synthetic daily interpolation
2004-04-02,2004,4,2,Friday,40.83,36.04,42.23,4.79,84.43,1.2307,3.7498,29.14,0,EIA/FRED/Bloomberg reference + synthetic daily interpolation
2004-04-05,2004,4,5,Monday,40.59,35.72,41.47,4.87,82.21,1.2585,3.7498,29.43,0,EIA/FRED/Bloomberg reference + synthetic daily interpolation
2004-04-06,2004,4,6,Tuesday,40.66,37.25,39.4,3.41,84.91,1.2319,3.75,28.56,0,EIA/FRED/Bloomberg reference + synthetic daily interpolation
2004-04-07,2004,4,7,Wednesday,39.41,37.24,38.69,2.17,82.23,1.2717,3.7497,28.84,0,EIA/FRED/Bloomberg reference + synthetic daily interpolation
2004-04-08,2004,4,8,Thursday,40.49,35.47,40.79,5.02,81.95,1.2724,3.7497,28.48,0,EIA/FRED/Bloomberg reference + synthetic daily interpolation
2004-04-09,2004,4,9,Friday,40.5,39.36,41.27,1.14,82.06,1.2691,3.7497,28.61,0,EIA/FRED/Bloomberg reference + synthetic daily interpolation
2004-04-12,2004,4,12,Monday,40.67,37.97,39.57,2.7,81.46,1.2835,3.7501,28.87,0,EIA/FRED/Bloomberg reference + synthetic daily interpolation
2004-04-13,2004,4,13,Tuesday,40.51,39.87,40.1,0.64,83.44,1.2506,3.7499,29.54,0,EIA/FRED/Bloomberg reference + synthetic daily interpolation
2004-04-14,2004,4,14,Wednesday,39.87,37.79,41.35,2.08,83.63,1.2479,3.7499,29.96,0,EIA/FRED/Bloomberg reference + synthetic daily interpolation
2004-04-15,2004,4,15,Thursday,40.01,37.92,39.65,2.09,84.21,1.2386,3.7498,28.77,0,EIA/FRED/Bloomberg reference + synthetic daily interpolation
2004-04-16,2004,4,16,Friday,40.93,39.3,40.09,1.63,82.77,1.2657,3.7496,28.36,0,EIA/FRED/Bloomberg reference + synthetic daily interpolation
2004-04-19,2004,4,19,Monday,40.84,36.58,39.86,4.26,82.75,1.2545,3.7497,29.3,0,EIA/FRED/Bloomberg reference + synthetic daily interpolation
2004-04-20,2004,4,20,Tuesday,41.38,35.43,42.09,5.95,84.02,1.2506,3.7497,29.57,0,EIA/FRED/Bloomberg reference + synthetic daily interpolation
2004-04-21,2004,4,21,Wednesday,40.72,38.5,40.84,2.22,81.82,1.27,3.7501,29.51,0,EIA/FRED/Bloomberg reference + synthetic daily interpolation
2004-04-22,2004,4,22,Thursday,40.5,36.97,41.34,3.53,83.33,1.2512,3.7499,28.52,0,EIA/FRED/Bloomberg reference + synthetic daily interpolation
2004-04-23,2004,4,23,Friday,40.77,36.75,40.47,4.02,83.63,1.2551,3.75,28.92,0,EIA/FRED/Bloomberg reference + synthetic daily interpolation
2004-04-26,2004,4,26,Monday,40.63,34.89,41.47,5.74,82.52,1.2505,3.7497,28.84,0,EIA/FRED/Bloomberg reference + synthetic daily interpolation
2004-04-27,2004,4,27,Tuesday,40.3,39.48,39.79,0.82,83.37,1.2512,3.7501,29.98,0,EIA/FRED/Bloomberg reference + synthetic daily interpolation
2004-04-28,2004,4,28,Wednesday,41.14,36.87,41.38,4.27,84.44,1.2361,3.7497,29.52,0,EIA/FRED/Bloomberg reference + synthetic daily interpolation
2004-04-29,2004,4,29,Thursday,41.42,38.07,39.98,3.35,82.03,1.2683,3.7499,29.7,0,EIA/FRED/Bloomberg reference + synthetic daily interpolation
2004-04-30,2004,4,30,Friday,40.86,40.07,41.84,0.79,82.64,1.2651,3.7499,29.4,0,EIA/FRED/Bloomberg reference + synthetic daily interpolation
2004-05-03,2004,5,3,Monday,40.08,35.97,41.08,4.11,82.33,1.2656,3.7499,29.08,0,EIA/FRED/Bloomberg reference + synthetic daily interpolation
2004-05-04,2004,5,4,Tuesday,40.86,39.47,41.96,1.39,83.78,1.2449,3.7497,29.74,0,EIA/FRED/Bloomberg reference + synthetic daily interpolation
2004-05-05,2004,5,5,Wednesday,40.21,34.28,39.78,5.93,83.18,1.246,3.7499,30.15,0,EIA/FRED/Bloomberg reference + synthetic daily interpolation
2004-05-06,2004,5,6,Thursday,41.86,36.04,41.66,5.82,81.61,1.2762,3.7499,29.96,0,EIA/FRED/Bloomberg reference + synthetic daily interpolation
2004-05-07,2004,5,7,Friday,40.83,38.09,40.06,2.74,84.1,1.2384,3.7496,28.04,0,EIA/FRED/Bloomberg reference + synthetic daily interpolation
2004-05-10,2004,5,10,Monday,40.2,37.68,39.76,2.52,84.12,1.2307,3.75,29.74,0,EIA/FRED/Bloomberg reference + synthetic daily interpolation
2004-05-11,2004,5,11,Tuesday,41.6,37.75,40.75,3.85,84.52,1.2291,3.7496,29.38,0,EIA/FRED/Bloomberg reference + synthetic daily interpolation
2004-05-12,2004,5,12,Wednesday,40.82,35.63,41.45,5.19,81.8,1.2646,3.7496,28.01,0,EIA/FRED/Bloomberg reference + synthetic daily interpolation
2004-05-13,2004,5,13,Thursday,40.9,36.56,39.74,4.34,83.89,1.2506,3.7498,28.68,0,EIA/FRED/Bloomberg reference + synthetic daily interpolation
2004-05-14,2004,5,14,Friday,41.48,39.94,42.03,1.54,83.86,1.2465,3.75,29.01,0,EIA/FRED/Bloomberg reference + synthetic daily interpolation
2004-05-17,2004,5,17,Monday,40.66,39.5,41.67,1.16,84.77,1.2317,3.7499,29.18,0,EIA/FRED/Bloomberg reference + synthetic daily interpolation
2004-05-18,2004,5,18,Tuesday,41.39,36.23,40.82,5.16,82.97,1.2544,3.7498,29.44,0,EIA/FRED/Bloomberg reference + synthetic daily interpolation
2004-05-19,2004,5,19,Wednesday,41.71,39.58,41.76,2.13,82.87,1.26,3.7499,29.96,0,EIA/FRED/Bloomberg reference + synthetic daily interpolation
2004-05-20,2004,5,20,Thursday,40.65,38.86,40.94,1.79,81.57,1.2721,3.7497,28.8,0,EIA/FRED/Bloomberg reference + synthetic daily interpolation
2004-05-21,2004,5,21,Friday,41.31,36.78,41.62,4.53,84.79,1.2372,3.75,29.38,0,EIA/FRED/Bloomberg reference + synthetic daily interpolation
2004-05-24,2004,5,24,Monday,41.11,36.16,39.82,4.95,81.71,1.2695,3.7498,29.34,0,EIA/FRED/Bloomberg reference + synthetic daily interpolation
2004-05-25,2004,5,25,Tuesday,41.14,36.58,42.58,4.56,84.17,1.2362,3.7498,28.92,0,EIA/FRED/Bloomberg reference + synthetic daily interpolation
2004-05-26,2004,5,26,Wednesday,41.46,35.82,42.42,5.64,85.18,1.2219,3.7498,29.95,0,EIA/FRED/Bloomberg reference + synthetic daily interpolation
2004-05-27,2004,5,27,Thursday,41.5,38.83,41.71,2.67,83.24,1.2553,3.75,29.09,0,EIA/FRED/Bloomberg reference + synthetic daily interpolation
2004-05-28,2004,5,28,Friday,40.58,38.33,39.36,2.25,81.7,1.28,3.7499,30.06,0,EIA/FRED/Bloomberg reference + synthetic daily interpolation
2004-05-31,2004,5,31,Monday,41.35,38.26,41.05,3.09,82.72,1.2553,3.7501,29.84,0,EIA/FRED/Bloomberg reference + synthetic daily interpolation
2004-06-01,2004,6,1,Tuesday,41.52,37.19,40.94,4.33,84.46,1.2287,3.7498,28.44,0,EIA/FRED/Bloomberg reference + synthetic daily interpolation
2004-06-02,2004,6,2,Wednesday,40.37,39.69,41.83,0.68,81.46,1.2716,3.75,28.51,0,EIA/FRED/Bloomberg reference + synthetic daily interpolation
2004-06-03,2004,6,3,Thursday,41.49,36.08,40.98,5.41,85.88,1.208,3.7498,29.01,0,EIA/FRED/Bloomberg reference + synthetic daily interpolation
2004-06-04,2004,6,4,Friday,41.28,39.65,42.67,1.63,80.55,1.2939,3.7498,28.93,0,EIA/FRED/Bloomberg reference + synthetic daily interpolation
2004-06-07,2004,6,7,Monday,41.32,38.19,40.5,3.13,83.25,1.252,3.7501,28.95,0,EIA/FRED/Bloomberg reference + synthetic daily interpolation
2004-06-08,2004,6,8,Tuesday,42.05,38.0,42.75,4.05,83.8,1.2422,3.7499,29.9,0,EIA/FRED/Bloomberg reference + synthetic daily interpolation
2004-06-09,2004,6,9,Wednesday,40.5,38.74,41.43,1.76,81.05,1.2901,3.7497,29.24,0,EIA/FRED/Bloomberg reference + synthetic daily interpolation
2004-06-10,2004,6,10,Thursday,41.74,36.28,40.52,5.46,81.63,1.2736,3.7498,29.15,0,EIA/FRED/Bloomberg reference + synthetic daily interpolation
2004-06-11,2004,6,11,Friday,41.72,35.87,42.84,5.85,83.07,1.2613,3.7499,29.42,0,EIA/FRED/Bloomberg reference + synthetic daily interpolation
2004-06-14,2004,6,14,Monday,41.59,36.64,42.35,4.95,84.92,1.2265,3.7498,28.57,0,EIA/FRED/Bloomberg reference + synthetic daily interpolation
2004-06-15,2004,6,15,Tuesday,42.17,41.17,42.67,1.0,81.55,1.2761,3.7501,28.85,0,EIA/FRED/Bloomberg reference + synthetic daily interpolation
2004-06-16,2004,6,16,Wednesday,41.41,37.54,41.64,3.87,84.42,1.2372,3.7497,28.44,0,EIA/FRED/Bloomberg reference + synthetic daily interpolation
2004-06-17,2004,6,17,Thursday,40.94,35.51,40.84,5.43,82.34,1.2734,3.7497,30.0,0,EIA/FRED/Bloomberg reference + synthetic daily interpolation
2004-06-18,2004,6,18,Friday,39.66,35.4,40.03,4.26,81.06,1.2836,3.7498,30.16,0,EIA/FRED/Bloomberg reference + synthetic daily interpolation
2004-06-21,2004,6,21,Monday,41.66,36.87,40.24,4.79,83.67,1.2496,3.7499,29.47,0,EIA/FRED/Bloomberg reference + synthetic daily interpolation
2004-06-22,2004,6,22,Tuesday,41.76,35.81,40.37,5.95,84.16,1.2366,3.7498,28.71,0,EIA/FRED/Bloomberg reference + synthetic daily interpolation
2004-06-23,2004,6,23,Wednesday,41.57,35.92,41.34,5.65,83.64,1.2481,3.7498,29.26,0,EIA/FRED/Bloomberg reference + synthetic daily interpolation
2004-06-24,2004,6,24,Thursday,41.59,37.96,40.37,3.63,85.35,1.2235,3.75,29.47,0,EIA/FRED/Bloomberg reference + synthetic daily interpolation
2004-06-25,2004,6,25,Friday,41.82,36.72,42.7,5.1,83.51,1.2432,3.7497,29.01,0,EIA/FRED/Bloomberg reference + synthetic daily interpolation
2004-06-28,2004,6,28,Monday,40.7,40.19,40.47,0.51,84.17,1.2449,3.7497,29.53,0,EIA/FRED/Bloomberg reference + synthetic daily interpolation
2004-06-29,2004,6,29,Tuesday,41.89,37.68,42.01,4.21,83.41,1.2525,3.7497,28.39,0,EIA/FRED/Bloomberg reference + synthetic daily interpolation
2004-06-30,2004,6,30,Wednesday,41.87,37.31,41.51,4.56,84.05,1.237,3.7496,28.37,0,EIA/FRED/Bloomberg reference + synthetic daily interpolation
2004-07-01,2004,7,1,Thursday,41.28,36.31,40.31,4.97,83.31,1.2568,3.7498,29.01,0,EIA/FRED/Bloomberg reference + synthetic daily interpolation
2004-07-02,2004,7,2,Friday,40.62,38.31,39.18,2.31,83.17,1.257,3.75,28.79,0,EIA/FRED/Bloomberg reference + synthetic daily interpolation
2004-07-05,2004,7,5,Monday,40.5,34.64,41.56,5.86,81.42,1.27,3.75,29.88,0,EIA/FRED/Bloomberg reference + synthetic daily interpolation
2004-07-06,2004,7,6,Tuesday,40.66,35.32,41.92,5.34,84.63,1.2222,3.7497,28.23,0,EIA/FRED/Bloomberg reference + synthetic daily interpolation
2004-07-07,2004,7,7,Wednesday,41.24,35.94,41.01,5.3,82.81,1.2618,3.7496,29.53,0,EIA/FRED/Bloomberg reference + synthetic daily interpolation
2004-07-08,2004,7,8,Thursday,40.21,39.46,40.08,0.75,83.77,1.2377,3.7496,29.27,0,EIA/FRED/Bloomberg reference + synthetic daily interpolation
2004-07-09,2004,7,9,Friday,39.6,37.23,38.51,2.37,81.98,1.27,3.7501,30.02,0,EIA/FRED/Bloomberg reference + synthetic daily interpolation
2004-07-12,2004,7,12,Monday,40.44,36.58,40.15,3.86,81.09,1.2926,3.7498,28.62,0,EIA/FRED/Bloomberg reference + synthetic daily interpolation
2004-07-13,2004,7,13,Tuesday,40.07,38.15,38.62,1.92,82.9,1.2512,3.75,28.57,0,EIA/FRED/Bloomberg reference + synthetic daily interpolation
2004-07-14,2004,7,14,Wednesday,39.54,34.27,39.34,5.27,85.5,1.2206,3.7499,29.37,0,EIA/FRED/Bloomberg reference + synthetic daily interpolation
2004-07-15,2004,7,15,Thursday,40.29,34.49,39.43,5.8,81.18,1.281,3.7501,29.7,0,EIA/FRED/Bloomberg reference + synthetic daily interpolation
2004-07-16,2004,7,16,Friday,40.12,37.77,40.06,2.35,82.5,1.2666,3.7498,29.09,0,EIA/FRED/Bloomberg reference + synthetic daily interpolation
2004-07-19,2004,7,19,Monday,40.08,35.58,39.85,4.5,83.83,1.2428,3.7498,29.03,0,EIA/FRED/Bloomberg reference + synthetic daily interpolation
2004-07-20,2004,7,20,Tuesday,40.94,36.46,39.98,4.48,83.13,1.2564,3.7501,28.65,0,EIA/FRED/Bloomberg reference + synthetic daily interpolation
2004-07-21,2004,7,21,Wednesday,39.66,36.77,39.71,2.89,86.56,1.2032,3.7501,28.71,0,EIA/FRED/Bloomberg reference + synthetic daily interpolation
2004-07-22,2004,7,22,Thursday,41.27,37.22,42.11,4.05,81.72,1.2785,3.75,29.26,0,EIA/FRED/Bloomberg reference + synthetic daily interpolation
2004-07-23,2004,7,23,Friday,40.63,39.88,41.6,0.75,83.3,1.2466,3.7497,29.02,0,EIA/FRED/Bloomberg reference + synthetic daily interpolation
2004-07-26,2004,7,26,Monday,39.9,34.83,40.01,5.07,83.83,1.2464,3.7498,29.16,0,EIA/FRED/Bloomberg reference + synthetic daily interpolation
2004-07-27,2004,7,27,Tuesday,40.08,38.86,38.75,1.22,84.84,1.2199,3.7499,30.48,0,EIA/FRED/Bloomberg reference + synthetic daily interpolation
2004-07-28,2004,7,28,Wednesday,38.35,35.5,37.37,2.85,81.69,1.2813,3.7499,29.37,0,EIA/FRED/Bloomberg reference + synthetic daily interpolation
2004-07-29,2004,7,29,Thursday,39.06,34.38,38.31,4.68,82.35,1.2596,3.75,28.67,0,EIA/FRED/Bloomberg reference + synthetic daily interpolation
2004-07-30,2004,7,30,Friday,40.21,39.43,39.87,0.78,82.81,1.262,3.7496,29.26,0,EIA/FRED/Bloomberg reference + synthetic daily interpolation
2004-08-02,2004,8,2,Monday,39.57,38.63,40.36,0.94,81.84,1.2748,3.7499,29.98,0,EIA/FRED/Bloomberg reference + synthetic daily interpolation
2004-08-03,2004,8,3,Tuesday,40.15,36.08,38.65,4.07,82.56,1.2724,3.75,29.8,0,EIA/FRED/Bloomberg reference + synthetic daily interpolation
2004-08-04,2004,8,4,Wednesday,40.5,36.11,40.38,4.39,81.3,1.2792,3.7496,29.29,0,EIA/FRED/Bloomberg reference + synthetic daily interpolation
2004-08-05,2004,8,5,Thursday,40.03,38.72,41.37,1.31,83.29,1.2472,3.7498,29.06,0,EIA/FRED/Bloomberg reference + synthetic daily interpolation
2004-08-06,2004,8,6,Friday,40.27,38.35,40.3,1.92,81.67,1.2702,3.75,29.27,0,EIA/FRED/Bloomberg reference + synthetic daily interpolation
2004-08-09,2004,8,9,Monday,40.05,35.84,39.0,4.21,83.52,1.2525,3.7498,28.25,0,EIA/FRED/Bloomberg reference + synthetic daily interpolation
2004-08-10,2004,8,10,Tuesday,39.45,33.99,39.3,5.46,83.42,1.2512,3.7498,29.11,0,EIA/FRED/Bloomberg reference + synthetic daily interpolation
2004-08-11,2004,8,11,Wednesday,39.77,36.73,39.55,3.04,82.16,1.2582,3.7498,29.71,0,EIA/FRED/Bloomberg reference + synthetic daily interpolation
2004-08-12,2004,8,12,Thursday,38.97,36.75,37.59,2.22,81.32,1.273,3.7501,28.48,0,EIA/FRED/Bloomberg reference + synthetic daily interpolation
2004-08-13,2004,8,13,Friday,38.49,36.53,38.48,1.96,83.47,1.2432,3.7497,29.12,0,EIA/FRED/Bloomberg reference + synthetic daily interpolation
2004-08-16,2004,8,16,Monday,39.4,37.33,39.41,2.07,82.49,1.2684,3.75,28.68,0,EIA/FRED/Bloomberg reference + synthetic daily interpolation
2004-08-17,2004,8,17,Tuesday,39.15,37.25,40.13,1.9,85.28,1.2222,3.7497,28.8,0,EIA/FRED/Bloomberg reference + synthetic daily interpolation
2004-08-18,2004,8,18,Wednesday,39.27,36.16,37.85,3.11,83.48,1.247,3.75,28.79,0,EIA/FRED/Bloomberg reference + synthetic daily interpolation
2004-08-19,2004,8,19,Thursday,39.09,36.9,38.93,2.19,83.46,1.2501,3.7498,28.86,0,EIA/FRED/Bloomberg reference + synthetic daily interpolation
2004-08-20,2004,8,20,Friday,38.86,34.09,37.54,4.77,81.5,1.2729,3.7499,30.13,0,EIA/FRED/Bloomberg reference + synthetic daily interpolation
2004-08-23,2004,8,23,Monday,38.96,34.4,39.85,4.56,82.51,1.2657,3.7499,29.22,0,EIA/FRED/Bloomberg reference + synthetic daily interpolation
2004-08-24,2004,8,24,Tuesday,39.06,37.11,38.29,1.95,85.44,1.2175,3.7499,28.87,0,EIA/FRED/Bloomberg reference + synthetic daily interpolation
2004-08-25,2004,8,25,Wednesday,38.73,32.98,39.97,5.75,83.72,1.2422,3.7498,29.9,0,EIA/FRED/Bloomberg reference + synthetic daily interpolation
2004-08-26,2004,8,26,Thursday,38.4,32.87,38.91,5.53,86.31,1.2064,3.7497,31.13,0,EIA/FRED/Bloomberg reference + synthetic daily interpolation
2004-08-27,2004,8,27,Friday,38.84,34.29,37.55,4.55,83.1,1.2444,3.7499,29.21,0,EIA/FRED/Bloomberg reference + synthetic daily interpolation
2004-08-30,2004,8,30,Monday,37.73,34.91,36.47,2.82,82.7,1.2532,3.7499,29.11,0,EIA/FRED/Bloomberg reference + synthetic daily interpolation
2004-08-31,2004,8,31,Tuesday,37.14,31.18,35.9,5.96,85.31,1.2266,3.7499,29.2,0,EIA/FRED/Bloomberg reference + synthetic daily interpolation
2004-09-01,2004,9,1,Wednesday,37.54,31.93,37.25,5.61,85.02,1.2284,3.7498,29.0,0,EIA/FRED/Bloomberg reference + synthetic daily interpolation
2004-09-02,2004,9,2,Thursday,38.23,34.19,38.67,4.04,81.52,1.2767,3.7497,28.56,0,EIA/FRED/Bloomberg reference + synthetic daily interpolation
2004-09-03,2004,9,3,Friday,38.25,35.55,38.7,2.7,83.54,1.2421,3.75,29.18,0,EIA/FRED/Bloomberg reference + synthetic daily interpolation
2004-09-06,2004,9,6,Monday,37.81,35.26,36.71,2.55,80.57,1.2993,3.7499,29.91,0,EIA/FRED/Bloomberg reference + synthetic daily interpolation
2004-09-07,2004,9,7,Tuesday,37.95,37.08,38.6,0.87,82.75,1.2514,3.7496,29.53,0,EIA/FRED/Bloomberg reference + synthetic daily interpolation
2004-09-08,2004,9,8,Wednesday,38.62,35.39,39.84,3.23,83.94,1.2375,3.75,28.9,0,EIA/FRED/Bloomberg reference + synthetic daily interpolation
2004-09-09,2004,9,9,Thursday,37.03,34.21,38.27,2.82,83.67,1.2456,3.7496,29.64,0,EIA/FRED/Bloomberg reference + synthetic daily interpolation
2004-09-10,2004,9,10,Friday,37.21,34.64,36.63,2.57,82.45,1.2727,3.7497,29.02,0,EIA/FRED/Bloomberg reference + synthetic daily interpolation
2004-09-13,2004,9,13,Monday,37.42,34.42,38.14,3.0,82.8,1.2613,3.7497,29.12,0,EIA/FRED/Bloomberg reference + synthetic daily interpolation
2004-09-14,2004,9,14,Tuesday,37.79,36.26,38.11,1.53,83.26,1.252,3.75,29.41,0,EIA/FRED/Bloomberg reference + synthetic daily interpolation
2004-09-15,2004,9,15,Wednesday,37.21,32.74,38.06,4.47,82.45,1.2637,3.7498,30.17,0,EIA/FRED/Bloomberg reference + synthetic daily interpolation
2004-09-16,2004,9,16,Thursday,38.04,33.79,38.8,4.25,82.44,1.2658,3.75,28.78,0,EIA/FRED/Bloomberg reference + synthetic daily interpolation
2004-09-17,2004,9,17,Friday,37.37,35.75,38.78,1.62,83.72,1.2432,3.7499,29.67,0,EIA/FRED/Bloomberg reference + synthetic daily interpolation
2004-09-20,2004,9,20,Monday,37.24,34.68,36.54,2.56,84.47,1.2312,3.7498,29.38,0,EIA/FRED/Bloomberg reference + synthetic daily interpolation
2004-09-21,2004,9,21,Tuesday,36.68,30.95,37.99,5.73,83.48,1.2431,3.7497,29.66,0,EIA/FRED/Bloomberg reference + synthetic daily interpolation
2004-09-22,2004,9,22,Wednesday,37.61,35.31,38.74,2.3,83.44,1.2468,3.7499,28.86,0,EIA/FRED/Bloomberg reference + synthetic daily interpolation
2004-09-23,2004,9,23,Thursday,38.2,33.33,36.93,4.87,85.32,1.2357,3.7501,28.76,0,EIA/FRED/Bloomberg reference + synthetic daily interpolation
2004-09-24,2004,9,24,Friday,37.94,32.82,39.36,5.12,84.32,1.2388,3.75,29.47,0,EIA/FRED/Bloomberg reference + synthetic daily interpolation
2004-09-27,2004,9,27,Monday,37.53,31.85,36.32,5.68,83.57,1.2525,3.7501,30.08,0,EIA/FRED/Bloomberg reference + synthetic daily interpolation
2004-09-28,2004,9,28,Tuesday,37.5,32.79,38.2,4.71,86.35,1.2042,3.7496,29.17,0,EIA/FRED/Bloomberg reference + synthetic daily interpolation
2004-09-29,2004,9,29,Wednesday,37.36,35.43,37.97,1.93,84.04,1.2391,3.7501,29.75,0,EIA/FRED/Bloomberg reference + synthetic daily interpolation
2004-09-30,2004,9,30,Thursday,37.23,34.7,37.12,2.53,85.1,1.2119,3.75,29.64,0,EIA/FRED/Bloomberg reference + synthetic daily interpolation
2004-10-01,2004,10,1,Friday,35.92,34.86,34.61,1.06,82.77,1.2636,3.7497,29.38,0,EIA/FRED/Bloomberg reference + synthetic daily interpolation
2004-10-04,2004,10,4,Monday,36.71,32.23,35.47,4.48,83.3,1.255,3.7499,28.57,0,EIA/FRED/Bloomberg reference + synthetic daily interpolation
2004-10-05,2004,10,5,Tuesday,37.39,31.65,36.85,5.74,83.71,1.2448,3.7498,29.74,0,EIA/FRED/Bloomberg reference + synthetic daily interpolation
2004-10-06,2004,10,6,Wednesday,36.54,35.56,37.18,0.98,84.6,1.2267,3.75,28.62,0,EIA/FRED/Bloomberg reference + synthetic daily interpolation
2004-10-07,2004,10,7,Thursday,36.89,34.72,37.69,2.17,82.78,1.2629,3.75,28.44,0,EIA/FRED/Bloomberg reference + synthetic daily interpolation
2004-10-08,2004,10,8,Friday,36.81,34.63,38.27,2.18,82.61,1.2691,3.75,29.47,0,EIA/FRED/Bloomberg reference + synthetic daily interpolation
2004-10-11,2004,10,11,Monday,37.0,35.72,38.32,1.28,84.31,1.2301,3.7498,29.6,0,EIA/FRED/Bloomberg reference + synthetic daily interpolation
2004-10-12,2004,10,12,Tuesday,36.42,35.47,36.77,0.95,83.24,1.2491,3.7498,29.81,0,EIA/FRED/Bloomberg reference + synthetic daily interpolation
2004-10-13,2004,10,13,Wednesday,36.76,34.16,37.18,2.6,83.1,1.2514,3.7496,29.22,0,EIA/FRED/Bloomberg reference + synthetic daily interpolation
2004-10-14,2004,10,14,Thursday,35.08,30.72,35.16,4.36,84.49,1.2381,3.7497,29.17,0,EIA/FRED/Bloomberg reference + synthetic daily interpolation
2004-10-15,2004,10,15,Friday,35.56,34.28,36.53,1.28,83.91,1.24,3.7496,29.37,0,EIA/FRED/Bloomberg reference + synthetic daily interpolation
2004-10-18,2004,10,18,Monday,35.54,31.53,34.55,4.01,83.76,1.2343,3.7499,28.99,0,EIA/FRED/Bloomberg reference + synthetic daily interpolation
2004-10-19,2004,10,19,Tuesday,36.23,32.82,36.62,3.41,81.15,1.2829,3.75,29.2,0,EIA/FRED/Bloomberg reference + synthetic daily interpolation
2004-10-20,2004,10,20,Wednesday,35.89,32.26,34.81,3.63,83.82,1.236,3.7501,28.81,0,EIA/FRED/Bloomberg reference + synthetic daily interpolation
2004-10-21,2004,10,21,Thursday,35.45,30.77,35.6,4.68,81.5,1.2796,3.7497,30.45,0,EIA/FRED/Bloomberg reference + synthetic daily interpolation
2004-10-22,2004,10,22,Friday,36.19,32.05,37.43,4.14,83.18,1.2568,3.7498,29.82,0,EIA/FRED/Bloomberg reference + synthetic daily interpolation
2004-10-25,2004,10,25,Monday,36.57,33.01,37.89,3.56,83.98,1.244,3.7497,29.51,0,EIA/FRED/Bloomberg reference + synthetic daily interpolation
2004-10-26,2004,10,26,Tuesday,36.63,35.88,37.16,0.75,80.57,1.2906,3.7499,29.12,0,EIA/FRED/Bloomberg reference + synthetic daily interpolation
2004-10-27,2004,10,27,Wednesday,35.45,31.48,35.5,3.97,84.47,1.2334,3.7497,30.07,0,EIA/FRED/Bloomberg reference + synthetic daily interpolation
2004-10-28,2004,10,28,Thursday,35.92,30.85,35.21,5.07,82.31,1.2677,3.7498,28.66,0,EIA/FRED/Bloomberg reference + synthetic daily interpolation
2004-10-29,2004,10,29,Friday,35.8,30.87,36.38,4.93,82.44,1.2606,3.75,30.2,0,EIA/FRED/Bloomberg reference + synthetic daily interpolation
2004-11-01,2004,11,1,Monday,35.81,31.82,37.23,3.99,82.37,1.2622,3.7498,29.07,0,EIA/FRED/Bloomberg reference + synthetic daily interpolation
2004-11-02,2004,11,2,Tuesday,35.25,34.23,34.92,1.02,82.52,1.2589,3.75,29.32,0,EIA/FRED/Bloomberg reference + synthetic daily interpolation
2004-11-03,2004,11,3,Wednesday,36.31,32.89,37.59,3.42,80.99,1.2888,3.7498,28.84,0,EIA/FRED/Bloomberg reference + synthetic daily interpolation
2004-11-04,2004,11,4,Thursday,34.37,30.5,35.36,3.87,84.37,1.2367,3.7501,28.97,0,EIA/FRED/Bloomberg reference + synthetic daily interpolation
2004-11-05,2004,11,5,Friday,35.7,30.1,36.73,5.6,83.81,1.2432,3.7496,29.15,0,EIA/FRED/Bloomberg reference + synthetic daily interpolation
2004-11-08,2004,11,8,Monday,35.12,32.52,36.39,2.6,81.71,1.2751,3.7499,28.22,0,EIA/FRED/Bloomberg reference + synthetic daily interpolation
2004-11-09,2004,11,9,Tuesday,35.86,31.21,36.21,4.65,83.35,1.2506,3.7498,29.25,0,EIA/FRED/Bloomberg reference + synthetic daily interpolation
2004-11-10,2004,11,10,Wednesday,34.53,29.32,34.59,5.21,83.9,1.2334,3.75,28.06,0,EIA/FRED/Bloomberg reference + synthetic daily interpolation
2004-11-11,2004,11,11,Thursday,34.92,31.29,34.34,3.63,81.6,1.2716,3.7497,29.49,0,EIA/FRED/Bloomberg reference + synthetic daily interpolation
2004-11-12,2004,11,12,Friday,34.56,28.8,33.76,5.76,81.87,1.2743,3.7499,30.13,0,EIA/FRED/Bloomberg reference + synthetic daily interpolation
2004-11-15,2004,11,15,Monday,34.41,31.66,33.56,2.75,84.75,1.231,3.75,29.77,0,EIA/FRED/Bloomberg reference + synthetic daily interpolation
2004-11-16,2004,11,16,Tuesday,36.03,32.82,36.95,3.21,83.25,1.2572,3.7499,29.44,0,EIA/FRED/Bloomberg reference + synthetic daily interpolation
2004-11-17,2004,11,17,Wednesday,34.71,29.97,35.71,4.74,82.4,1.2707,3.7497,29.57,0,EIA/FRED/Bloomberg reference + synthetic daily interpolation
2004-11-18,2004,11,18,Thursday,35.0,30.85,35.49,4.15,82.04,1.2607,3.7497,29.86,0,EIA/FRED/Bloomberg reference + synthetic daily interpolation
2004-11-19,2004,11,19,Friday,34.84,29.38,35.62,5.46,83.95,1.243,3.7497,29.33,0,EIA/FRED/Bloomberg reference + synthetic daily interpolation
2004-11-22,2004,11,22,Monday,35.92,32.62,35.45,3.3,82.32,1.2643,3.7501,28.24,0,EIA/FRED/Bloomberg reference + synthetic daily interpolation
2004-11-23,2004,11,23,Tuesday,35.9,31.88,35.91,4.02,82.37,1.2612,3.7498,28.66,0,EIA/FRED/Bloomberg reference + synthetic daily interpolation
2004-11-24,2004,11,24,Wednesday,35.1,33.12,34.44,1.98,82.58,1.2671,3.7498,29.61,0,EIA/FRED/Bloomberg reference + synthetic daily interpolation
2004-11-25,2004,11,25,Thursday,35.56,33.96,36.87,1.6,82.82,1.2618,3.75,28.86,0,EIA/FRED/Bloomberg reference + synthetic daily interpolation
2004-11-26,2004,11,26,Friday,36.01,30.43,36.61,5.58,81.81,1.2733,3.7498,28.98,0,EIA/FRED/Bloomberg reference + synthetic daily interpolation
2004-11-29,2004,11,29,Monday,36.78,35.93,37.19,0.85,84.46,1.2322,3.75,29.68,0,EIA/FRED/Bloomberg reference + synthetic daily interpolation
2004-11-30,2004,11,30,Tuesday,35.04,32.76,33.9,2.28,83.29,1.2481,3.7499,28.81,0,EIA/FRED/Bloomberg reference + synthetic daily interpolation
2004-12-01,2004,12,1,Wednesday,35.32,33.59,35.66,1.73,82.65,1.2637,3.75,29.3,0,EIA/FRED/Bloomberg reference + synthetic daily interpolation
2004-12-02,2004,12,2,Thursday,34.7,29.32,35.03,5.38,81.79,1.2756,3.7497,29.01,0,EIA/FRED/Bloomberg reference + synthetic daily interpolation
2004-12-03,2004,12,3,Friday,34.06,33.29,35.43,0.77,82.46,1.2679,3.7497,29.46,0,EIA/FRED/Bloomberg reference + synthetic daily interpolation
2004-12-06,2004,12,6,Monday,34.83,33.28,33.44,1.55,83.36,1.2452,3.7498,29.0,0,EIA/FRED/Bloomberg reference + synthetic daily interpolation
2004-12-07,2004,12,7,Tuesday,35.06,33.02,33.94,2.04,83.01,1.261,3.75,28.95,0,EIA/FRED/Bloomberg reference + synthetic daily interpolation
2004-12-08,2004,12,8,Wednesday,36.13,34.71,35.77,1.42,81.83,1.2704,3.7499,29.18,0,EIA/FRED/Bloomberg reference + synthetic daily interpolation
2004-12-09,2004,12,9,Thursday,36.18,35.41,34.93,0.77,82.35,1.2603,3.7496,29.54,0,EIA/FRED/Bloomberg reference + synthetic daily interpolation
2004-12-10,2004,12,10,Friday,35.38,29.88,35.54,5.5,85.42,1.223,3.75,28.86,0,EIA/FRED/Bloomberg reference + synthetic daily interpolation
2004-12-13,2004,12,13,Monday,35.55,30.68,35.63,4.87,81.69,1.2795,3.7497,28.98,0,EIA/FRED/Bloomberg reference + synthetic daily interpolation
2004-12-14,2004,12,14,Tuesday,35.77,32.98,34.32,2.79,83.32,1.2531,3.7498,28.8,0,EIA/FRED/Bloomberg reference + synthetic daily interpolation
2004-12-15,2004,12,15,Wednesday,35.01,29.8,36.3,5.21,83.85,1.2377,3.75,29.04,0,EIA/FRED/Bloomberg reference + synthetic daily interpolation
2004-12-16,2004,12,16,Thursday,35.44,33.11,34.56,2.33,85.39,1.2147,3.7497,28.99,0,EIA/FRED/Bloomberg reference + synthetic daily interpolation
2004-12-17,2004,12,17,Friday,35.33,31.03,35.96,4.3,83.78,1.2391,3.7498,28.67,0,EIA/FRED/Bloomberg reference + synthetic daily interpolation
2004-12-20,2004,12,20,Monday,34.88,29.96,34.47,4.92,86.56,1.2053,3.75,30.46,0,EIA/FRED/Bloomberg reference + synthetic daily interpolation
2004-12-21,2004,12,21,Tuesday,35.04,30.57,36.09,4.47,82.26,1.2602,3.7499,29.68,0,EIA/FRED/Bloomberg reference + synthetic daily interpolation
2004-12-22,2004,12,22,Wednesday,34.88,31.88,36.0,3.0,82.81,1.2572,3.7497,29.36,0,EIA/FRED/Bloomberg reference + synthetic daily interpolation
2004-12-23,2004,12,23,Thursday,35.96,30.28,35.57,5.68,81.88,1.2726,3.7497,28.77,0,EIA/FRED/Bloomberg reference + synthetic daily interpolation
2004-12-24,2004,12,24,Friday,35.96,32.11,36.96,3.85,84.4,1.2258,3.7496,29.33,0,EIA/FRED/Bloomberg reference + synthetic daily interpolation
2004-12-27,2004,12,27,Monday,34.92,31.29,33.72,3.63,81.98,1.2701,3.7498,29.79,0,EIA/FRED/Bloomberg reference + synthetic daily interpolation
2004-12-28,2004,12,28,Tuesday,35.98,31.7,35.38,4.28,83.74,1.2373,3.7497,29.26,0,EIA/FRED/Bloomberg reference + synthetic daily interpolation
2004-12-29,2004,12,29,Wednesday,35.95,30.4,36.31,5.55,84.19,1.2447,3.75,28.49,0,EIA/FRED/Bloomberg reference + synthetic daily interpolation
2004-12-30,2004,12,30,Thursday,35.63,31.48,35.56,4.15,82.11,1.2703,3.7498,28.75,0,EIA/FRED/Bloomberg reference + synthetic daily interpolation
2004-12-31,2004,12,31,Friday,36.86,33.71,36.44,3.15,82.76,1.2651,3.7499,29.02,0,EIA/FRED/Bloomberg reference + synthetic daily interpolation
2005-01-03,2005,1,3,Monday,50.88,48.7,52.33,2.18,86.87,1.1993,3.7498,29.23,0,EIA/FRED/Bloomberg reference + synthetic daily interpolation
2005-01-04,2005,1,4,Tuesday,52.76,49.16,54.11,3.6,87.76,1.1743,3.7497,28.69,0,EIA/FRED/Bloomberg reference + synthetic daily interpolation
2005-01-05,2005,1,5,Wednesday,50.93,47.75,52.27,3.18,87.75,1.1798,3.7497,29.66,0,EIA/FRED/Bloomberg reference + synthetic daily interpolation
2005-01-06,2005,1,6,Thursday,53.16,50.09,54.64,3.07,87.8,1.1809,3.7501,29.15,0,EIA/FRED/Bloomberg reference + synthetic daily interpolation
2005-01-07,2005,1,7,Friday,51.41,46.19,52.21,5.22,87.4,1.1864,3.7499,29.81,0,EIA/FRED/Bloomberg reference + synthetic daily interpolation
2005-01-10,2005,1,10,Monday,51.14,46.82,51.09,4.32,89.44,1.169,3.7498,28.99,0,EIA/FRED/Bloomberg reference + synthetic daily interpolation
2005-01-11,2005,1,11,Tuesday,52.26,51.19,51.79,1.07,86.94,1.1894,3.7498,30.01,0,EIA/FRED/Bloomberg reference + synthetic daily interpolation
2005-01-12,2005,1,12,Wednesday,52.86,47.54,52.48,5.32,88.5,1.1797,3.7497,29.9,0,EIA/FRED/Bloomberg reference + synthetic daily interpolation
2005-01-13,2005,1,13,Thursday,51.55,45.73,51.1,5.82,90.16,1.1486,3.75,29.71,0,EIA/FRED/Bloomberg reference + synthetic daily interpolation
2005-01-14,2005,1,14,Friday,50.85,47.68,51.14,3.17,88.67,1.1658,3.7499,29.21,0,EIA/FRED/Bloomberg reference + synthetic daily interpolation
2005-01-17,2005,1,17,Monday,51.79,50.44,52.98,1.35,85.52,1.2151,3.7499,29.74,0,EIA/FRED/Bloomberg reference + synthetic daily interpolation
2005-01-18,2005,1,18,Tuesday,52.88,51.46,52.02,1.42,87.92,1.1724,3.7499,29.1,0,EIA/FRED/Bloomberg reference + synthetic daily interpolation
2005-01-19,2005,1,19,Wednesday,52.79,49.73,52.04,3.06,89.53,1.141,3.7498,29.42,0,EIA/FRED/Bloomberg reference + synthetic daily interpolation
2005-01-20,2005,1,20,Thursday,51.98,46.1,52.49,5.88,85.92,1.2118,3.75,29.51,0,EIA/FRED/Bloomberg reference + synthetic daily interpolation
2005-01-21,2005,1,21,Friday,53.31,49.75,53.95,3.56,84.61,1.2238,3.7499,29.75,0,EIA/FRED/Bloomberg reference + synthetic daily interpolation
2005-01-24,2005,1,24,Monday,54.65,52.1,55.45,2.55,89.4,1.1603,3.7497,29.6,0,EIA/FRED/Bloomberg reference + synthetic daily interpolation
2005-01-25,2005,1,25,Tuesday,52.46,51.53,52.0,0.93,87.33,1.1835,3.7496,30.16,0,EIA/FRED/Bloomberg reference + synthetic daily interpolation
2005-01-26,2005,1,26,Wednesday,53.68,48.01,53.56,5.67,88.34,1.1711,3.7496,28.75,0,EIA/FRED/Bloomberg reference + synthetic daily interpolation
2005-01-27,2005,1,27,Thursday,52.55,51.07,52.64,1.48,87.89,1.1837,3.7501,29.96,0,EIA/FRED/Bloomberg reference + synthetic daily interpolation
2005-01-28,2005,1,28,Friday,54.06,51.55,54.99,2.51,88.23,1.1828,3.75,29.03,0,EIA/FRED/Bloomberg reference + synthetic daily interpolation
2005-01-31,2005,1,31,Monday,52.61,48.39,52.17,4.22,88.51,1.1774,3.7501,28.99,0,EIA/FRED/Bloomberg reference + synthetic daily interpolation
2005-02-01,2005,2,1,Tuesday,54.01,51.55,54.09,2.46,86.94,1.1991,3.7498,29.92,0,EIA/FRED/Bloomberg reference + synthetic daily interpolation
2005-02-02,2005,2,2,Wednesday,53.91,51.92,52.67,1.99,88.59,1.1799,3.75,29.51,0,EIA/FRED/Bloomberg reference + synthetic daily interpolation
2005-02-03,2005,2,3,Thursday,52.08,51.17,51.15,0.91,86.0,1.2033,3.7498,29.07,0,EIA/FRED/Bloomberg reference + synthetic daily interpolation
2005-02-04,2005,2,4,Friday,53.28,49.4,53.08,3.88,89.71,1.1452,3.7498,29.31,0,EIA/FRED/Bloomberg reference + synthetic daily interpolation
2005-02-07,2005,2,7,Monday,52.11,49.33,52.92,2.78,90.3,1.1374,3.7497,29.82,0,EIA/FRED/Bloomberg reference + synthetic daily interpolation
2005-02-08,2005,2,8,Tuesday,53.32,48.6,54.74,4.72,87.22,1.1853,3.7501,29.33,0,EIA/FRED/Bloomberg reference + synthetic daily interpolation
2005-02-09,2005,2,9,Wednesday,52.97,50.47,53.36,2.5,88.95,1.1604,3.7497,29.77,0,EIA/FRED/Bloomberg reference + synthetic daily interpolation
2005-02-10,2005,2,10,Thursday,52.66,46.8,52.19,5.86,89.79,1.1508,3.7497,29.38,0,EIA/FRED/Bloomberg reference + synthetic daily interpolation
2005-02-11,2005,2,11,Friday,52.11,46.41,52.73,5.7,88.3,1.1729,3.7499,29.54,0,EIA/FRED/Bloomberg reference + synthetic daily interpolation
2005-02-14,2005,2,14,Monday,52.92,47.26,51.73,5.66,88.76,1.1617,3.7501,29.59,0,EIA/FRED/Bloomberg reference + synthetic daily interpolation
2005-02-15,2005,2,15,Tuesday,53.31,51.36,53.78,1.95,87.79,1.1858,3.7498,30.09,0,EIA/FRED/Bloomberg reference + synthetic daily interpolation
2005-02-16,2005,2,16,Wednesday,53.33,48.49,53.47,4.84,88.33,1.1724,3.7498,29.19,0,EIA/FRED/Bloomberg reference + synthetic daily interpolation
2005-02-17,2005,2,17,Thursday,53.41,47.54,54.19,5.87,87.2,1.1932,3.7499,29.15,0,EIA/FRED/Bloomberg reference + synthetic daily interpolation
2005-02-18,2005,2,18,Friday,54.48,52.8,54.1,1.68,88.51,1.1687,3.7501,29.68,0,EIA/FRED/Bloomberg reference + synthetic daily interpolation
2005-02-21,2005,2,21,Monday,54.32,49.57,54.42,4.75,89.63,1.1468,3.7498,29.75,0,EIA/FRED/Bloomberg reference + synthetic daily interpolation
2005-02-22,2005,2,22,Tuesday,55.94,54.41,57.34,1.53,87.84,1.1798,3.7497,29.83,0,EIA/FRED/Bloomberg reference + synthetic daily interpolation
2005-02-23,2005,2,23,Wednesday,53.15,52.1,53.43,1.05,85.33,1.2242,3.7498,29.43,0,EIA/FRED/Bloomberg reference + synthetic daily interpolation
2005-02-24,2005,2,24,Thursday,54.6,49.82,53.94,4.78,87.61,1.1859,3.7498,29.58,0,EIA/FRED/Bloomberg reference + synthetic daily interpolation
2005-02-25,2005,2,25,Friday,54.44,53.53,54.93,0.91,88.13,1.1818,3.7497,29.71,0,EIA/FRED/Bloomberg reference + synthetic daily interpolation
2005-02-28,2005,2,28,Monday,54.58,53.06,53.59,1.52,88.42,1.1785,3.7497,28.47,0,EIA/FRED/Bloomberg reference + synthetic daily interpolation
2005-03-01,2005,3,1,Tuesday,54.41,51.74,53.78,2.67,88.41,1.173,3.7499,30.23,0,EIA/FRED/Bloomberg reference + synthetic daily interpolation
2005-03-02,2005,3,2,Wednesday,54.49,51.33,53.32,3.16,86.1,1.2062,3.7498,29.47,0,EIA/FRED/Bloomberg reference + synthetic daily interpolation
2005-03-03,2005,3,3,Thursday,53.81,50.65,54.27,3.16,87.93,1.1793,3.7498,30.07,0,EIA/FRED/Bloomberg reference + synthetic daily interpolation
2005-03-04,2005,3,4,Friday,54.41,53.68,54.55,0.73,88.78,1.1642,3.7496,29.32,0,EIA/FRED/Bloomberg reference + synthetic daily interpolation
2005-03-07,2005,3,7,Monday,55.73,50.75,54.9,4.98,88.44,1.1827,3.7497,29.91,0,EIA/FRED/Bloomberg reference + synthetic daily interpolation
2005-03-08,2005,3,8,Tuesday,53.87,48.99,53.14,4.88,87.19,1.194,3.7499,29.62,0,EIA/FRED/Bloomberg reference + synthetic daily interpolation
2005-03-09,2005,3,9,Wednesday,55.02,50.57,55.57,4.45,88.32,1.1827,3.7498,30.26,0,EIA/FRED/Bloomberg reference + synthetic daily interpolation
2005-03-10,2005,3,10,Thursday,54.2,50.57,55.6,3.63,87.72,1.176,3.7499,29.53,0,EIA/FRED/Bloomberg reference + synthetic daily interpolation
2005-03-11,2005,3,11,Friday,55.44,50.46,56.93,4.98,87.65,1.1788,3.7499,29.64,0,EIA/FRED/Bloomberg reference + synthetic daily interpolation
2005-03-14,2005,3,14,Monday,55.38,50.13,55.56,5.25,89.08,1.1668,3.7499,29.01,0,EIA/FRED/Bloomberg reference + synthetic daily interpolation
2005-03-15,2005,3,15,Tuesday,54.78,54.22,54.11,0.56,88.9,1.1695,3.7497,28.92,0,EIA/FRED/Bloomberg reference + synthetic daily interpolation
2005-03-16,2005,3,16,Wednesday,54.59,51.9,53.51,2.69,90.19,1.1384,3.7498,29.81,0,EIA/FRED/Bloomberg reference + synthetic daily interpolation
2005-03-17,2005,3,17,Thursday,55.33,52.5,56.03,2.83,88.16,1.1713,3.7499,29.23,0,EIA/FRED/Bloomberg reference + synthetic daily interpolation
2005-03-18,2005,3,18,Friday,55.85,55.29,56.94,0.56,88.88,1.1652,3.75,29.26,0,EIA/FRED/Bloomberg reference + synthetic daily interpolation
2005-03-21,2005,3,21,Monday,55.95,52.68,55.34,3.27,87.41,1.1825,3.7496,29.04,0,EIA/FRED/Bloomberg reference + synthetic daily interpolation
2005-03-22,2005,3,22,Tuesday,56.05,50.68,55.53,5.37,88.99,1.1673,3.7501,29.25,0,EIA/FRED/Bloomberg reference + synthetic daily interpolation
2005-03-23,2005,3,23,Wednesday,56.01,51.71,55.55,4.3,88.81,1.1683,3.7496,30.37,0,EIA/FRED/Bloomberg reference + synthetic daily interpolation
2005-03-24,2005,3,24,Thursday,56.09,55.1,57.32,0.99,88.12,1.1803,3.7498,28.79,0,EIA/FRED/Bloomberg reference + synthetic daily interpolation
2005-03-25,2005,3,25,Friday,55.61,51.22,55.81,4.39,88.94,1.1662,3.75,29.86,0,EIA/FRED/Bloomberg reference + synthetic daily interpolation
2005-03-28,2005,3,28,Monday,55.16,51.95,55.14,3.21,89.26,1.155,3.7497,29.17,0,EIA/FRED/Bloomberg reference + synthetic daily interpolation
2005-03-29,2005,3,29,Tuesday,56.69,51.2,57.87,5.49,87.89,1.1841,3.7501,29.48,0,EIA/FRED/Bloomberg reference + synthetic daily interpolation
2005-03-30,2005,3,30,Wednesday,55.86,54.85,55.54,1.01,87.26,1.1902,3.7499,29.09,0,EIA/FRED/Bloomberg reference + synthetic daily interpolation
2005-03-31,2005,3,31,Thursday,55.74,53.93,55.4,1.81,87.99,1.1885,3.7498,29.77,0,EIA/FRED/Bloomberg reference + synthetic daily interpolation
2005-04-01,2005,4,1,Friday,55.24,49.98,55.05,5.26,89.2,1.1638,3.7497,28.94,0,EIA/FRED/Bloomberg reference + synthetic daily interpolation
2005-04-04,2005,4,4,Monday,57.97,52.83,59.26,5.14,88.5,1.1673,3.7499,30.03,0,EIA/FRED/Bloomberg reference + synthetic daily interpolation
2005-04-05,2005,4,5,Tuesday,54.88,50.87,54.8,4.01,88.17,1.181,3.7497,29.04,0,EIA/FRED/Bloomberg reference + synthetic daily interpolation
2005-04-06,2005,4,6,Wednesday,55.83,50.77,56.51,5.06,87.09,1.2009,3.7498,31.1,0,EIA/FRED/Bloomberg reference + synthetic daily interpolation
2005-04-07,2005,4,7,Thursday,55.95,53.58,56.79,2.37,87.79,1.187,3.7499,29.91,0,EIA/FRED/Bloomberg reference + synthetic daily interpolation
2005-04-08,2005,4,8,Friday,56.51,51.21,56.33,5.3,88.84,1.1583,3.7499,29.99,0,EIA/FRED/Bloomberg reference + synthetic daily interpolation
2005-04-11,2005,4,11,Monday,56.4,51.19,57.44,5.21,88.3,1.1769,3.7499,30.11,0,EIA/FRED/Bloomberg reference + synthetic daily interpolation
2005-04-12,2005,4,12,Tuesday,55.08,52.6,55.32,2.48,89.76,1.1478,3.7498,29.68,0,EIA/FRED/Bloomberg reference + synthetic daily interpolation
2005-04-13,2005,4,13,Wednesday,56.79,53.63,58.27,3.16,87.09,1.1944,3.7498,29.3,0,EIA/FRED/Bloomberg reference + synthetic daily interpolation
2005-04-14,2005,4,14,Thursday,57.87,55.07,57.75,2.8,85.98,1.2096,3.7497,29.0,0,EIA/FRED/Bloomberg reference + synthetic daily interpolation
2005-04-15,2005,4,15,Friday,57.29,55.16,56.8,2.13,89.8,1.1504,3.75,28.9,0,EIA/FRED/Bloomberg reference + synthetic daily interpolation
2005-04-18,2005,4,18,Monday,56.17,54.25,56.73,1.92,87.01,1.194,3.7498,29.77,0,EIA/FRED/Bloomberg reference + synthetic daily interpolation
2005-04-19,2005,4,19,Tuesday,56.07,52.32,56.36,3.75,90.73,1.1332,3.75,29.21,0,EIA/FRED/Bloomberg reference + synthetic daily interpolation
2005-04-20,2005,4,20,Wednesday,57.09,55.86,56.82,1.23,87.8,1.1826,3.75,29.0,0,EIA/FRED/Bloomberg reference + synthetic daily interpolation
2005-04-21,2005,4,21,Thursday,57.12,54.11,57.41,3.01,86.12,1.2099,3.7497,28.64,0,EIA/FRED/Bloomberg reference + synthetic daily interpolation
2005-04-22,2005,4,22,Friday,56.23,54.94,55.4,1.29,87.35,1.1904,3.75,29.53,0,EIA/FRED/Bloomberg reference + synthetic daily interpolation
2005-04-25,2005,4,25,Monday,56.05,51.86,54.81,4.19,90.01,1.1471,3.7501,29.95,0,EIA/FRED/Bloomberg reference + synthetic daily interpolation
2005-04-26,2005,4,26,Tuesday,57.69,54.88,56.75,2.81,88.43,1.1686,3.7501,29.33,0,EIA/FRED/Bloomberg reference + synthetic daily interpolation
2005-04-27,2005,4,27,Wednesday,56.59,54.98,55.79,1.61,87.27,1.183,3.7496,29.93,0,EIA/FRED/Bloomberg reference + synthetic daily interpolation
2005-04-28,2005,4,28,Thursday,57.91,52.3,57.17,5.61,86.57,1.2075,3.75,30.23,0,EIA/FRED/Bloomberg reference + synthetic daily interpolation
2005-04-29,2005,4,29,Friday,56.06,50.32,55.69,5.74,89.02,1.1643,3.7497,29.94,0,EIA/FRED/Bloomberg reference + synthetic daily interpolation
2005-05-02,2005,5,2,Monday,56.72,54.33,55.61,2.39,87.29,1.1959,3.7498,29.62,0,EIA/FRED/Bloomberg reference + synthetic daily interpolation
2005-05-03,2005,5,3,Tuesday,56.07,55.07,56.09,1.0,88.19,1.1851,3.7496,29.72,0,EIA/FRED/Bloomberg reference + synthetic daily interpolation
2005-05-04,2005,5,4,Wednesday,55.59,53.63,55.68,1.96,88.61,1.1669,3.7499,29.59,0,EIA/FRED/Bloomberg reference + synthetic daily interpolation
2005-05-05,2005,5,5,Thursday,56.47,55.38,57.86,1.09,86.72,1.1929,3.7499,29.8,0,EIA/FRED/Bloomberg reference + synthetic daily interpolation
2005-05-06,2005,5,6,Friday,57.25,54.82,56.68,2.43,89.44,1.1654,3.7498,30.01,0,EIA/FRED/Bloomberg reference + synthetic daily interpolation
2005-05-09,2005,5,9,Monday,57.15,51.19,58.56,5.96,86.67,1.2067,3.7498,30.28,0,EIA/FRED/Bloomberg reference + synthetic daily interpolation
2005-05-10,2005,5,10,Tuesday,55.75,52.22,56.16,3.53,86.96,1.1973,3.7499,30.27,0,EIA/FRED/Bloomberg reference + synthetic daily interpolation
2005-05-11,2005,5,11,Wednesday,57.66,51.93,56.67,5.73,88.1,1.1805,3.7498,29.68,0,EIA/FRED/Bloomberg reference + synthetic daily interpolation
2005-05-12,2005,5,12,Thursday,57.13,51.3,58.34,5.83,85.22,1.2169,3.7501,30.32,0,EIA/FRED/Bloomberg reference + synthetic daily interpolation
2005-05-13,2005,5,13,Friday,56.93,52.79,57.05,4.14,86.66,1.2012,3.7498,30.03,0,EIA/FRED/Bloomberg reference + synthetic daily interpolation
2005-05-16,2005,5,16,Monday,56.92,55.3,57.81,1.62,90.01,1.154,3.75,28.69,0,EIA/FRED/Bloomberg reference + synthetic daily interpolation
2005-05-17,2005,5,17,Tuesday,56.81,55.35,57.76,1.46,86.35,1.206,3.7498,29.34,0,EIA/FRED/Bloomberg reference + synthetic daily interpolation
2005-05-18,2005,5,18,Wednesday,58.24,56.45,59.02,1.79,86.72,1.1977,3.7498,29.7,0,EIA/FRED/Bloomberg reference + synthetic daily interpolation
2005-05-19,2005,5,19,Thursday,57.47,56.74,57.55,0.73,87.41,1.1959,3.7497,30.25,0,EIA/FRED/Bloomberg reference + synthetic daily interpolation
2005-05-20,2005,5,20,Friday,57.61,53.09,58.08,4.52,90.02,1.1499,3.7498,29.14,0,EIA/FRED/Bloomberg reference + synthetic daily interpolation
2005-05-23,2005,5,23,Monday,59.36,58.49,58.69,0.87,87.45,1.1883,3.75,30.42,0,EIA/FRED/Bloomberg reference + synthetic daily interpolation
2005-05-24,2005,5,24,Tuesday,58.16,56.18,57.91,1.98,88.84,1.1643,3.75,29.59,0,EIA/FRED/Bloomberg reference + synthetic daily interpolation
2005-05-25,2005,5,25,Wednesday,56.73,54.0,57.27,2.73,87.19,1.1935,3.75,29.6,0,EIA/FRED/Bloomberg reference + synthetic daily interpolation
2005-05-26,2005,5,26,Thursday,58.78,57.98,58.88,0.8,88.21,1.1727,3.7499,29.8,0,EIA/FRED/Bloomberg reference + synthetic daily interpolation
2005-05-27,2005,5,27,Friday,57.29,56.72,58.69,0.57,86.7,1.1992,3.7501,29.37,0,EIA/FRED/Bloomberg reference + synthetic daily interpolation
2005-05-30,2005,5,30,Monday,56.97,53.53,57.4,3.44,86.19,1.2111,3.75,28.79,0,EIA/FRED/Bloomberg reference + synthetic daily interpolation
2005-05-31,2005,5,31,Tuesday,59.44,58.1,58.34,1.34,87.16,1.193,3.7499,29.07,0,EIA/FRED/Bloomberg reference + synthetic daily interpolation
2005-06-01,2005,6,1,Wednesday,58.57,54.65,58.45,3.92,88.4,1.1749,3.7497,28.88,0,EIA/FRED/Bloomberg reference + synthetic daily interpolation
2005-06-02,2005,6,2,Thursday,57.96,52.8,57.91,5.16,89.22,1.1668,3.7498,29.36,0,EIA/FRED/Bloomberg reference + synthetic daily interpolation
2005-06-03,2005,6,3,Friday,57.39,52.22,56.35,5.17,87.92,1.1766,3.7497,29.13,0,EIA/FRED/Bloomberg reference + synthetic daily interpolation
2005-06-06,2005,6,6,Monday,55.41,52.44,53.92,2.97,87.9,1.1887,3.7497,29.05,0,EIA/FRED/Bloomberg reference + synthetic daily interpolation
2005-06-07,2005,6,7,Tuesday,57.59,56.2,58.82,1.39,86.38,1.2151,3.7499,29.19,0,EIA/FRED/Bloomberg reference + synthetic daily interpolation
2005-06-08,2005,6,8,Wednesday,57.99,56.8,57.78,1.19,88.5,1.1791,3.7498,29.44,0,EIA/FRED/Bloomberg reference + synthetic daily interpolation
2005-06-09,2005,6,9,Thursday,57.95,57.34,58.81,0.61,86.68,1.2099,3.7498,30.53,0,EIA/FRED/Bloomberg reference + synthetic daily interpolation
2005-06-10,2005,6,10,Friday,55.4,49.6,56.64,5.8,87.44,1.1971,3.75,29.25,0,EIA/FRED/Bloomberg reference + synthetic daily interpolation
2005-06-13,2005,6,13,Monday,57.19,55.97,57.49,1.22,86.6,1.2003,3.7499,29.82,0,EIA/FRED/Bloomberg reference + synthetic daily interpolation
2005-06-14,2005,6,14,Tuesday,58.49,52.75,59.89,5.74,89.77,1.1493,3.7497,29.97,0,EIA/FRED/Bloomberg reference + synthetic daily interpolation
2005-06-15,2005,6,15,Wednesday,57.0,52.16,56.94,4.84,88.78,1.1657,3.7497,29.26,0,EIA/FRED/Bloomberg reference + synthetic daily interpolation
2005-06-16,2005,6,16,Thursday,58.47,56.09,57.88,2.38,89.26,1.1574,3.7497,29.98,0,EIA/FRED/Bloomberg reference + synthetic daily interpolation
2005-06-17,2005,6,17,Friday,57.25,54.13,56.76,3.12,86.53,1.2064,3.7498,30.29,0,EIA/FRED/Bloomberg reference + synthetic daily interpolation
2005-06-20,2005,6,20,Monday,56.32,52.26,57.32,4.06,86.92,1.1919,3.75,29.67,0,EIA/FRED/Bloomberg reference + synthetic daily interpolation
2005-06-21,2005,6,21,Tuesday,59.17,55.11,59.59,4.06,89.06,1.1681,3.75,30.18,0,EIA/FRED/Bloomberg reference + synthetic daily interpolation
2005-06-22,2005,6,22,Wednesday,57.01,52.54,57.21,4.47,88.54,1.172,3.7499,28.93,0,EIA/FRED/Bloomberg reference + synthetic daily interpolation
2005-06-23,2005,6,23,Thursday,57.37,56.17,58.51,1.2,86.57,1.2058,3.7501,29.63,0,EIA/FRED/Bloomberg reference + synthetic daily interpolation
2005-06-24,2005,6,24,Friday,56.89,54.95,55.85,1.94,89.31,1.1614,3.7499,30.3,0,EIA/FRED/Bloomberg reference + synthetic daily interpolation
2005-06-27,2005,6,27,Monday,57.64,53.19,56.95,4.45,89.67,1.1431,3.7501,29.38,0,EIA/FRED/Bloomberg reference + synthetic daily interpolation
2005-06-28,2005,6,28,Tuesday,56.75,54.92,58.08,1.83,89.11,1.167,3.75,28.63,0,EIA/FRED/Bloomberg reference + synthetic daily interpolation
2005-06-29,2005,6,29,Wednesday,58.23,56.31,59.61,1.92,87.36,1.1953,3.75,30.01,0,EIA/FRED/Bloomberg reference + synthetic daily interpolation
2005-06-30,2005,6,30,Thursday,56.32,52.95,55.2,3.37,87.44,1.1861,3.7501,28.39,0,EIA/FRED/Bloomberg reference + synthetic daily interpolation
2005-07-01,2005,7,1,Friday,55.57,53.57,56.47,2.0,88.91,1.172,3.7499,30.15,0,EIA/FRED/Bloomberg reference + synthetic daily interpolation
2005-07-04,2005,7,4,Monday,55.2,51.14,54.67,4.06,87.02,1.1973,3.7499,29.71,0,EIA/FRED/Bloomberg reference + synthetic daily interpolation
2005-07-05,2005,7,5,Tuesday,55.56,54.61,55.12,0.95,88.26,1.1753,3.7497,28.5,0,EIA/FRED/Bloomberg reference + synthetic daily interpolation
2005-07-06,2005,7,6,Wednesday,57.71,53.13,57.6,4.58,88.32,1.1702,3.7496,29.45,0,EIA/FRED/Bloomberg reference + synthetic daily interpolation
2005-07-07,2005,7,7,Thursday,56.47,52.87,56.69,3.6,87.61,1.179,3.7498,29.78,0,EIA/FRED/Bloomberg reference + synthetic daily interpolation
2005-07-08,2005,7,8,Friday,56.19,50.93,56.62,5.26,87.68,1.19,3.7498,29.93,0,EIA/FRED/Bloomberg reference + synthetic daily interpolation
2005-07-11,2005,7,11,Monday,55.72,53.47,56.2,2.25,90.66,1.1437,3.7497,29.5,0,EIA/FRED/Bloomberg reference + synthetic daily interpolation
2005-07-12,2005,7,12,Tuesday,57.59,54.38,56.52,3.21,87.98,1.1786,3.7498,30.37,0,EIA/FRED/Bloomberg reference + synthetic daily interpolation
2005-07-13,2005,7,13,Wednesday,56.27,54.3,56.48,1.97,87.36,1.1866,3.7497,28.91,0,EIA/FRED/Bloomberg reference + synthetic daily interpolation
2005-07-14,2005,7,14,Thursday,56.2,54.18,57.26,2.02,87.98,1.1729,3.75,29.7,0,EIA/FRED/Bloomberg reference + synthetic daily interpolation
2005-07-15,2005,7,15,Friday,55.45,53.99,55.36,1.46,87.73,1.1798,3.7497,29.94,0,EIA/FRED/Bloomberg reference + synthetic daily interpolation
2005-07-18,2005,7,18,Monday,55.19,54.15,54.35,1.04,89.46,1.1588,3.7497,29.51,0,EIA/FRED/Bloomberg reference + synthetic daily interpolation
2005-07-19,2005,7,19,Tuesday,58.25,54.01,56.9,4.24,89.35,1.1593,3.7497,29.68,0,EIA/FRED/Bloomberg reference + synthetic daily interpolation
2005-07-20,2005,7,20,Wednesday,57.08,53.96,56.34,3.12,87.1,1.1889,3.7497,29.62,0,EIA/FRED/Bloomberg reference + synthetic daily interpolation
2005-07-21,2005,7,21,Thursday,55.99,54.16,55.53,1.83,87.89,1.1834,3.7496,29.5,0,EIA/FRED/Bloomberg reference + synthetic daily interpolation
2005-07-22,2005,7,22,Friday,56.82,55.79,55.41,1.03,87.81,1.1782,3.7498,28.93,0,EIA/FRED/Bloomberg reference + synthetic daily interpolation
2005-07-25,2005,7,25,Monday,56.06,51.14,57.43,4.92,87.66,1.2024,3.7496,30.11,0,EIA/FRED/Bloomberg reference + synthetic daily interpolation
2005-07-26,2005,7,26,Tuesday,57.64,52.64,58.17,5.0,89.23,1.1599,3.7496,29.26,0,EIA/FRED/Bloomberg reference + synthetic daily interpolation
2005-07-27,2005,7,27,Wednesday,55.91,50.94,56.98,4.97,88.69,1.1723,3.75,30.06,0,EIA/FRED/Bloomberg reference + synthetic daily interpolation
2005-07-28,2005,7,28,Thursday,56.34,53.0,56.6,3.34,89.35,1.152,3.75,30.32,0,EIA/FRED/Bloomberg reference + synthetic daily interpolation
2005-07-29,2005,7,29,Friday,54.93,52.51,55.66,2.42,87.97,1.1762,3.7501,30.73,0,EIA/FRED/Bloomberg reference + synthetic daily interpolation
2005-08-01,2005,8,1,Monday,55.04,51.15,56.16,3.89,89.52,1.1621,3.75,29.27,0,EIA/FRED/Bloomberg reference + synthetic daily interpolation
2005-08-02,2005,8,2,Tuesday,56.79,55.62,58.09,1.17,87.31,1.1918,3.7501,29.32,0,EIA/FRED/Bloomberg reference + synthetic daily interpolation
2005-08-03,2005,8,3,Wednesday,55.55,53.52,54.79,2.03,88.78,1.1638,3.75,30.15,0,EIA/FRED/Bloomberg reference + synthetic daily interpolation
2005-08-04,2005,8,4,Thursday,57.01,52.82,58.13,4.19,86.71,1.1906,3.75,29.52,0,EIA/FRED/Bloomberg reference + synthetic daily interpolation
2005-08-05,2005,8,5,Friday,56.21,50.9,54.71,5.31,87.67,1.1857,3.7496,29.75,0,EIA/FRED/Bloomberg reference + synthetic daily interpolation
2005-08-08,2005,8,8,Monday,56.22,52.63,55.88,3.59,88.74,1.162,3.7498,28.54,0,EIA/FRED/Bloomberg reference + synthetic daily interpolation
2005-08-09,2005,8,9,Tuesday,56.15,53.97,56.71,2.18,87.66,1.1802,3.7501,28.67,0,EIA/FRED/Bloomberg reference + synthetic daily interpolation
2005-08-10,2005,8,10,Wednesday,55.49,51.73,54.32,3.76,88.96,1.1675,3.75,29.39,0,EIA/FRED/Bloomberg reference + synthetic daily interpolation
2005-08-11,2005,8,11,Thursday,53.91,49.38,54.21,4.53,86.67,1.2005,3.7499,30.05,0,EIA/FRED/Bloomberg reference + synthetic daily interpolation
2005-08-12,2005,8,12,Friday,56.07,55.36,56.97,0.71,89.49,1.1532,3.7498,29.53,0,EIA/FRED/Bloomberg reference + synthetic daily interpolation
2005-08-15,2005,8,15,Monday,56.28,53.54,56.3,2.74,87.59,1.1783,3.7496,29.69,0,EIA/FRED/Bloomberg reference + synthetic daily interpolation
2005-08-16,2005,8,16,Tuesday,54.55,51.74,54.84,2.81,89.79,1.1528,3.7499,28.34,0,EIA/FRED/Bloomberg reference + synthetic daily interpolation
2005-08-17,2005,8,17,Wednesday,56.94,52.27,57.05,4.67,88.83,1.1724,3.7499,30.72,0,EIA/FRED/Bloomberg reference + synthetic daily interpolation
2005-08-18,2005,8,18,Thursday,55.29,50.86,54.26,4.43,89.81,1.1529,3.7499,28.94,0,EIA/FRED/Bloomberg reference + synthetic daily interpolation
2005-08-19,2005,8,19,Friday,53.35,51.25,52.31,2.1,88.39,1.1774,3.7498,30.1,0,EIA/FRED/Bloomberg reference + synthetic daily interpolation
2005-08-22,2005,8,22,Monday,55.05,50.55,55.69,4.5,89.56,1.1577,3.7496,29.06,0,EIA/FRED/Bloomberg reference + synthetic daily interpolation
2005-08-23,2005,8,23,Tuesday,55.4,50.04,56.18,5.36,85.0,1.2175,3.7498,29.21,0,EIA/FRED/Bloomberg reference + synthetic daily interpolation
2005-08-24,2005,8,24,Wednesday,54.25,52.19,54.4,2.06,85.95,1.2163,3.7497,28.86,0,EIA/FRED/Bloomberg reference + synthetic daily interpolation
2005-08-25,2005,8,25,Thursday,54.91,49.22,54.55,5.69,86.86,1.1966,3.7498,29.81,0,EIA/FRED/Bloomberg reference + synthetic daily interpolation
2005-08-26,2005,8,26,Friday,54.19,50.99,52.99,3.2,87.1,1.1956,3.7496,29.07,0,EIA/FRED/Bloomberg reference + synthetic daily interpolation
2005-08-29,2005,8,29,Monday,53.31,48.29,52.43,5.02,87.19,1.2029,3.7496,30.17,0,EIA/FRED/Bloomberg reference + synthetic daily interpolation
2005-08-30,2005,8,30,Tuesday,54.87,51.96,55.14,2.91,89.26,1.1674,3.7497,28.25,0,EIA/FRED/Bloomberg reference + synthetic daily interpolation
2005-08-31,2005,8,31,Wednesday,54.09,51.23,54.87,2.86,88.56,1.18,3.75,29.13,0,EIA/FRED/Bloomberg reference + synthetic daily interpolation
2005-09-01,2005,9,1,Thursday,54.49,50.27,53.29,4.22,86.57,1.2016,3.7497,29.7,0,EIA/FRED/Bloomberg reference + synthetic daily interpolation
2005-09-02,2005,9,2,Friday,52.84,51.75,52.19,1.09,87.41,1.1892,3.75,29.96,0,EIA/FRED/Bloomberg reference + synthetic daily interpolation
2005-09-05,2005,9,5,Monday,55.16,53.9,54.78,1.26,88.55,1.1676,3.7496,29.93,0,EIA/FRED/Bloomberg reference + synthetic daily interpolation
2005-09-06,2005,9,6,Tuesday,54.43,50.69,53.02,3.74,90.01,1.1495,3.7499,28.96,0,EIA/FRED/Bloomberg reference + synthetic daily interpolation
2005-09-07,2005,9,7,Wednesday,53.58,51.93,54.62,1.65,87.02,1.1979,3.7499,29.07,0,EIA/FRED/Bloomberg reference + synthetic daily interpolation
2005-09-08,2005,9,8,Thursday,54.16,53.12,53.3,1.04,88.73,1.1775,3.7497,28.65,0,EIA/FRED/Bloomberg reference + synthetic daily interpolation
2005-09-09,2005,9,9,Friday,53.78,52.95,52.37,0.83,88.85,1.169,3.7497,29.09,0,EIA/FRED/Bloomberg reference + synthetic daily interpolation
2005-09-12,2005,9,12,Monday,55.66,49.74,55.64,5.92,89.06,1.1634,3.7498,28.34,0,EIA/FRED/Bloomberg reference + synthetic daily interpolation
2005-09-13,2005,9,13,Tuesday,52.94,50.17,54.41,2.77,87.08,1.1964,3.7499,29.17,0,EIA/FRED/Bloomberg reference + synthetic daily interpolation
2005-09-14,2005,9,14,Wednesday,53.77,52.72,54.09,1.05,87.62,1.1876,3.7497,29.62,0,EIA/FRED/Bloomberg reference + synthetic daily interpolation
2005-09-15,2005,9,15,Thursday,52.57,51.76,51.57,0.81,88.1,1.1811,3.75,29.39,0,EIA/FRED/Bloomberg reference + synthetic daily interpolation
2005-09-16,2005,9,16,Friday,54.43,49.84,54.28,4.59,89.82,1.1426,3.7497,29.92,0,EIA/FRED/Bloomberg reference + synthetic daily interpolation
2005-09-19,2005,9,19,Monday,53.88,50.28,52.51,3.6,87.89,1.1929,3.75,30.0,0,EIA/FRED/Bloomberg reference + synthetic daily interpolation
2005-09-20,2005,9,20,Tuesday,54.87,49.52,53.41,5.35,89.2,1.1641,3.7496,29.26,0,EIA/FRED/Bloomberg reference + synthetic daily interpolation
2005-09-21,2005,9,21,Wednesday,53.31,51.82,53.55,1.49,86.58,1.2018,3.75,28.81,0,EIA/FRED/Bloomberg reference + synthetic daily interpolation
2005-09-22,2005,9,22,Thursday,53.47,49.76,53.11,3.71,88.27,1.1779,3.7497,29.16,0,EIA/FRED/Bloomberg reference + synthetic daily interpolation
2005-09-23,2005,9,23,Friday,53.78,50.25,54.72,3.53,88.74,1.1656,3.7497,30.05,0,EIA/FRED/Bloomberg reference + synthetic daily interpolation
2005-09-26,2005,9,26,Monday,54.33,52.4,54.5,1.93,88.09,1.1849,3.7498,29.44,0,EIA/FRED/Bloomberg reference + synthetic daily interpolation
2005-09-27,2005,9,27,Tuesday,52.53,49.49,52.42,3.04,87.99,1.1815,3.7501,30.03,0,EIA/FRED/Bloomberg reference + synthetic daily interpolation
2005-09-28,2005,9,28,Wednesday,51.68,46.16,50.27,5.52,89.14,1.1691,3.7499,29.93,0,EIA/FRED/Bloomberg reference + synthetic daily interpolation
2005-09-29,2005,9,29,Thursday,51.34,46.51,51.65,4.83,88.11,1.1849,3.7496,29.84,0,EIA/FRED/Bloomberg reference + synthetic daily interpolation
2005-09-30,2005,9,30,Friday,53.32,47.7,54.18,5.62,89.19,1.1575,3.75,29.95,0,EIA/FRED/Bloomberg reference + synthetic daily interpolation
2005-10-03,2005,10,3,Monday,51.55,46.63,51.9,4.92,87.86,1.1725,3.7498,29.13,0,EIA/FRED/Bloomberg reference + synthetic daily interpolation
2005-10-04,2005,10,4,Tuesday,51.9,46.51,52.58,5.39,86.82,1.2011,3.75,29.18,0,EIA/FRED/Bloomberg reference + synthetic daily interpolation
2005-10-05,2005,10,5,Wednesday,54.87,53.16,53.61,1.71,89.78,1.1579,3.7499,30.26,0,EIA/FRED/Bloomberg reference + synthetic daily interpolation
2005-10-06,2005,10,6,Thursday,53.77,48.57,54.17,5.2,86.99,1.2064,3.7498,30.17,0,EIA/FRED/Bloomberg reference + synthetic daily interpolation
2005-10-07,2005,10,7,Friday,53.35,51.99,53.76,1.36,86.6,1.2033,3.7496,29.45,0,EIA/FRED/Bloomberg reference + synthetic daily interpolation
2005-10-10,2005,10,10,Monday,52.79,50.3,51.29,2.49,88.03,1.1707,3.75,29.95,0,EIA/FRED/Bloomberg reference + synthetic daily interpolation
2005-10-11,2005,10,11,Tuesday,52.02,49.89,52.97,2.13,87.3,1.1914,3.7496,30.22,0,EIA/FRED/Bloomberg reference + synthetic daily interpolation
2005-10-12,2005,10,12,Wednesday,53.4,50.95,54.63,2.45,87.91,1.187,3.7501,29.76,0,EIA/FRED/Bloomberg reference + synthetic daily interpolation
2005-10-13,2005,10,13,Thursday,53.05,47.18,53.35,5.87,88.43,1.1682,3.7497,29.67,0,EIA/FRED/Bloomberg reference + synthetic daily interpolation
2005-10-14,2005,10,14,Friday,54.01,48.35,53.31,5.66,86.93,1.1916,3.7501,29.46,0,EIA/FRED/Bloomberg reference + synthetic daily interpolation
2005-10-17,2005,10,17,Monday,52.3,46.62,51.54,5.68,88.78,1.1705,3.75,29.91,0,EIA/FRED/Bloomberg reference + synthetic daily interpolation
2005-10-18,2005,10,18,Tuesday,52.27,50.75,52.66,1.52,88.55,1.1713,3.75,29.8,0,EIA/FRED/Bloomberg reference + synthetic daily interpolation
2005-10-19,2005,10,19,Wednesday,52.29,47.62,52.14,4.67,88.14,1.1797,3.7499,30.06,0,EIA/FRED/Bloomberg reference + synthetic daily interpolation
2005-10-20,2005,10,20,Thursday,52.48,46.77,51.7,5.71,87.97,1.1792,3.7496,29.0,0,EIA/FRED/Bloomberg reference + synthetic daily interpolation
2005-10-21,2005,10,21,Friday,52.0,49.67,51.72,2.33,88.98,1.1678,3.7498,29.18,0,EIA/FRED/Bloomberg reference + synthetic daily interpolation
2005-10-24,2005,10,24,Monday,52.52,51.68,52.34,0.84,89.25,1.1597,3.7499,29.85,0,EIA/FRED/Bloomberg reference + synthetic daily interpolation
2005-10-25,2005,10,25,Tuesday,51.49,47.49,51.74,4.0,87.15,1.1923,3.7497,29.57,0,EIA/FRED/Bloomberg reference + synthetic daily interpolation
2005-10-26,2005,10,26,Wednesday,52.07,48.0,51.79,4.07,90.91,1.1456,3.7501,28.96,0,EIA/FRED/Bloomberg reference + synthetic daily interpolation
2005-10-27,2005,10,27,Thursday,52.24,47.6,52.07,4.64,90.04,1.1468,3.7497,28.85,0,EIA/FRED/Bloomberg reference + synthetic daily interpolation
2005-10-28,2005,10,28,Friday,52.09,49.89,51.18,2.2,89.18,1.1768,3.7496,29.26,0,EIA/FRED/Bloomberg reference + synthetic daily interpolation
2005-10-31,2005,10,31,Monday,51.82,46.45,51.65,5.37,86.29,1.2019,3.75,29.9,0,EIA/FRED/Bloomberg reference + synthetic daily interpolation
2005-11-01,2005,11,1,Tuesday,51.83,51.2,53.1,0.63,87.99,1.1843,3.7501,29.67,0,EIA/FRED/Bloomberg reference + synthetic daily interpolation
2005-11-02,2005,11,2,Wednesday,51.15,47.39,50.99,3.76,88.22,1.1803,3.7499,29.29,0,EIA/FRED/Bloomberg reference + synthetic daily interpolation
2005-11-03,2005,11,3,Thursday,52.81,50.07,53.41,2.74,86.54,1.2118,3.7497,30.07,0,EIA/FRED/Bloomberg reference + synthetic daily interpolation
2005-11-04,2005,11,4,Friday,51.71,47.47,52.67,4.24,87.94,1.1762,3.7501,30.1,0,EIA/FRED/Bloomberg reference + synthetic daily interpolation
2005-11-07,2005,11,7,Monday,50.76,48.55,51.34,2.21,87.45,1.1866,3.7499,29.84,0,EIA/FRED/Bloomberg reference + synthetic daily interpolation
2005-11-08,2005,11,8,Tuesday,51.64,49.02,50.48,2.62,88.01,1.1742,3.75,29.65,0,EIA/FRED/Bloomberg reference + synthetic daily interpolation
2005-11-09,2005,11,9,Wednesday,54.31,52.62,54.51,1.69,87.68,1.1898,3.7501,29.42,0,EIA/FRED/Bloomberg reference + synthetic daily interpolation
2005-11-10,2005,11,10,Thursday,52.62,48.14,53.91,4.48,88.76,1.1764,3.7499,29.14,0,EIA/FRED/Bloomberg reference + synthetic daily interpolation
2005-11-11,2005,11,11,Friday,52.47,47.25,53.88,5.22,88.17,1.1844,3.75,29.23,0,EIA/FRED/Bloomberg reference + synthetic daily interpolation
2005-11-14,2005,11,14,Monday,50.93,47.94,49.71,2.99,86.99,1.1805,3.7501,29.45,0,EIA/FRED/Bloomberg reference + synthetic daily interpolation
2005-11-15,2005,11,15,Tuesday,52.14,50.96,52.94,1.18,89.14,1.1604,3.7501,29.07,0,EIA/FRED/Bloomberg reference + synthetic daily interpolation
2005-11-16,2005,11,16,Wednesday,51.91,48.33,50.71,3.58,89.66,1.1484,3.7498,30.23,0,EIA/FRED/Bloomberg reference + synthetic daily interpolation
2005-11-17,2005,11,17,Thursday,52.77,51.6,51.68,1.17,89.93,1.1522,3.7499,28.61,0,EIA/FRED/Bloomberg reference + synthetic daily interpolation
2005-11-18,2005,11,18,Friday,50.32,47.78,49.61,2.54,87.84,1.1856,3.7499,29.31,0,EIA/FRED/Bloomberg reference + synthetic daily interpolation
2005-11-21,2005,11,21,Monday,50.7,49.64,50.09,1.06,89.81,1.1518,3.7498,30.52,0,EIA/FRED/Bloomberg reference + synthetic daily interpolation
2005-11-22,2005,11,22,Tuesday,51.58,47.78,50.79,3.8,87.38,1.1845,3.75,30.01,0,EIA/FRED/Bloomberg reference + synthetic daily interpolation
2005-11-23,2005,11,23,Wednesday,52.11,49.44,53.47,2.67,87.51,1.1859,3.7498,28.72,0,EIA/FRED/Bloomberg reference + synthetic daily interpolation
2005-11-24,2005,11,24,Thursday,50.54,49.74,49.11,0.8,89.16,1.1603,3.7496,29.7,0,EIA/FRED/Bloomberg reference + synthetic daily interpolation
2005-11-25,2005,11,25,Friday,51.61,45.84,52.57,5.77,87.11,1.1861,3.7496,29.41,0,EIA/FRED/Bloomberg reference + synthetic daily interpolation
2005-11-28,2005,11,28,Monday,51.79,50.9,52.05,0.89,88.43,1.1772,3.7497,29.59,0,EIA/FRED/Bloomberg reference + synthetic daily interpolation
2005-11-29,2005,11,29,Tuesday,50.37,47.04,49.29,3.33,88.84,1.1693,3.7496,29.46,0,EIA/FRED/Bloomberg reference + synthetic daily interpolation
2005-11-30,2005,11,30,Wednesday,50.52,46.42,49.6,4.1,89.18,1.1564,3.7498,29.35,0,EIA/FRED/Bloomberg reference + synthetic daily interpolation
2005-12-01,2005,12,1,Thursday,51.38,47.14,52.73,4.24,90.0,1.1452,3.75,29.17,0,EIA/FRED/Bloomberg reference + synthetic daily interpolation
2005-12-02,2005,12,2,Friday,51.58,45.95,50.3,5.63,88.02,1.1836,3.7497,28.96,0,EIA/FRED/Bloomberg reference + synthetic daily interpolation
2005-12-05,2005,12,5,Monday,49.76,46.7,50.14,3.06,87.24,1.1877,3.7501,29.22,0,EIA/FRED/Bloomberg reference + synthetic daily interpolation
2005-12-06,2005,12,6,Tuesday,52.06,49.26,52.38,2.8,88.42,1.1751,3.7501,28.52,0,EIA/FRED/Bloomberg reference + synthetic daily interpolation
2005-12-07,2005,12,7,Wednesday,51.04,50.42,50.18,0.62,89.79,1.1571,3.7498,29.37,0,EIA/FRED/Bloomberg reference + synthetic daily interpolation
2005-12-08,2005,12,8,Thursday,52.44,51.59,52.83,0.85,88.94,1.1653,3.7496,29.64,0,EIA/FRED/Bloomberg reference + synthetic daily interpolation
2005-12-09,2005,12,9,Friday,52.13,50.99,52.51,1.14,87.12,1.1899,3.7497,30.09,0,EIA/FRED/Bloomberg reference + synthetic daily interpolation
2005-12-12,2005,12,12,Monday,50.98,50.12,52.02,0.86,87.91,1.1817,3.7497,29.6,0,EIA/FRED/Bloomberg reference + synthetic daily interpolation
2005-12-13,2005,12,13,Tuesday,52.64,51.77,52.85,0.87,88.2,1.1801,3.7498,29.65,0,EIA/FRED/Bloomberg reference + synthetic daily interpolation
2005-12-14,2005,12,14,Wednesday,50.61,45.24,51.02,5.37,87.02,1.1979,3.7497,29.0,0,EIA/FRED/Bloomberg reference + synthetic daily interpolation
2005-12-15,2005,12,15,Thursday,52.36,49.32,51.64,3.04,88.98,1.16,3.75,29.66,0,EIA/FRED/Bloomberg reference + synthetic daily interpolation
2005-12-16,2005,12,16,Friday,52.07,50.55,52.41,1.52,88.17,1.1736,3.7499,29.27,0,EIA/FRED/Bloomberg reference + synthetic daily interpolation
2005-12-19,2005,12,19,Monday,53.72,48.81,54.46,4.91,86.41,1.2072,3.7499,28.49,0,EIA/FRED/Bloomberg reference + synthetic daily interpolation
2005-12-20,2005,12,20,Tuesday,51.6,46.24,50.32,5.36,88.28,1.1723,3.7496,29.47,0,EIA/FRED/Bloomberg reference + synthetic daily interpolation
2005-12-21,2005,12,21,Wednesday,52.81,49.45,52.27,3.36,87.59,1.1862,3.7498,29.3,0,EIA/FRED/Bloomberg reference + synthetic daily interpolation
2005-12-22,2005,12,22,Thursday,50.67,46.54,51.25,4.13,88.45,1.1624,3.7499,29.79,0,EIA/FRED/Bloomberg reference + synthetic daily interpolation
2005-12-23,2005,12,23,Friday,52.55,49.42,52.88,3.13,88.63,1.1747,3.7496,29.96,0,EIA/FRED/Bloomberg reference + synthetic daily interpolation
2005-12-26,2005,12,26,Monday,52.86,50.89,52.53,1.97,88.17,1.1805,3.7498,30.49,0,EIA/FRED/Bloomberg reference + synthetic daily interpolation
2005-12-27,2005,12,27,Tuesday,50.43,47.76,49.0,2.67,88.75,1.1723,3.7497,29.44,0,EIA/FRED/Bloomberg reference + synthetic daily interpolation
2005-12-28,2005,12,28,Wednesday,51.83,47.91,51.36,3.92,86.96,1.1912,3.7498,29.6,0,EIA/FRED/Bloomberg reference + synthetic daily interpolation
2005-12-29,2005,12,29,Thursday,50.58,44.74,51.47,5.84,88.86,1.176,3.7501,29.76,0,EIA/FRED/Bloomberg reference + synthetic daily interpolation
2005-12-30,2005,12,30,Friday,51.33,48.93,51.52,2.4,87.68,1.1826,3.75,29.47,0,EIA/FRED/Bloomberg reference + synthetic daily interpolation
2006-01-02,2006,1,2,Monday,62.99,62.14,63.52,0.85,86.67,1.199,3.7498,29.92,0,EIA/FRED/Bloomberg reference + synthetic daily interpolation
2006-01-03,2006,1,3,Tuesday,63.78,62.46,63.35,1.32,84.89,1.2252,3.7498,30.18,0,EIA/FRED/Bloomberg reference + synthetic daily interpolation
2006-01-04,2006,1,4,Wednesday,63.2,59.64,63.89,3.56,84.04,1.2423,3.75,29.34,0,EIA/FRED/Bloomberg reference + synthetic daily interpolation
2006-01-05,2006,1,5,Thursday,62.42,56.66,61.02,5.76,85.36,1.2171,3.7499,29.99,0,EIA/FRED/Bloomberg reference + synthetic daily interpolation
2006-01-06,2006,1,6,Friday,63.34,59.33,62.26,4.01,80.6,1.2937,3.75,29.91,0,EIA/FRED/Bloomberg reference + synthetic daily interpolation
2006-01-09,2006,1,9,Monday,63.21,57.83,63.76,5.38,82.8,1.2575,3.7497,29.06,0,EIA/FRED/Bloomberg reference + synthetic daily interpolation
2006-01-10,2006,1,10,Tuesday,63.38,57.48,64.17,5.9,83.32,1.2547,3.7497,29.74,0,EIA/FRED/Bloomberg reference + synthetic daily interpolation
2006-01-11,2006,1,11,Wednesday,62.88,58.99,63.91,3.89,82.98,1.2545,3.7498,29.89,0,EIA/FRED/Bloomberg reference + synthetic daily interpolation
2006-01-12,2006,1,12,Thursday,62.57,58.32,61.55,4.25,82.64,1.2569,3.75,29.49,0,EIA/FRED/Bloomberg reference + synthetic daily interpolation
2006-01-13,2006,1,13,Friday,62.3,60.94,62.99,1.36,83.1,1.2575,3.7499,31.04,0,EIA/FRED/Bloomberg reference + synthetic daily interpolation
2006-01-16,2006,1,16,Monday,63.34,57.97,61.94,5.37,84.37,1.2373,3.7499,29.79,0,EIA/FRED/Bloomberg reference + synthetic daily interpolation
2006-01-17,2006,1,17,Tuesday,63.59,60.73,62.61,2.86,83.53,1.2463,3.7498,30.07,0,EIA/FRED/Bloomberg reference + synthetic daily interpolation
2006-01-18,2006,1,18,Wednesday,63.1,61.28,61.71,1.82,83.56,1.2405,3.7496,30.41,0,EIA/FRED/Bloomberg reference + synthetic daily interpolation
2006-01-19,2006,1,19,Thursday,62.33,58.07,63.46,4.26,83.09,1.2511,3.7498,30.03,0,EIA/FRED/Bloomberg reference + synthetic daily interpolation
2006-01-20,2006,1,20,Friday,62.0,56.11,62.8,5.89,85.49,1.2274,3.7496,29.0,0,EIA/FRED/Bloomberg reference + synthetic daily interpolation
2006-01-23,2006,1,23,Monday,62.09,57.69,61.25,4.4,81.33,1.2851,3.7498,29.32,0,EIA/FRED/Bloomberg reference + synthetic daily interpolation
2006-01-24,2006,1,24,Tuesday,64.18,59.68,63.6,4.5,83.62,1.2556,3.7497,29.73,0,EIA/FRED/Bloomberg reference + synthetic daily interpolation
2006-01-25,2006,1,25,Wednesday,64.13,58.44,63.8,5.69,82.74,1.2604,3.7498,30.42,0,EIA/FRED/Bloomberg reference + synthetic daily interpolation
2006-01-26,2006,1,26,Thursday,63.68,61.58,64.38,2.1,83.08,1.2531,3.75,30.22,0,EIA/FRED/Bloomberg reference + synthetic daily interpolation
2006-01-27,2006,1,27,Friday,64.05,62.77,65.39,1.28,83.95,1.2381,3.7496,29.95,0,EIA/FRED/Bloomberg reference + synthetic daily interpolation
2006-01-30,2006,1,30,Monday,63.94,61.47,63.39,2.47,85.24,1.2222,3.75,28.76,0,EIA/FRED/Bloomberg reference + synthetic daily interpolation
2006-01-31,2006,1,31,Tuesday,61.87,59.08,62.56,2.79,83.69,1.2421,3.75,29.68,0,EIA/FRED/Bloomberg reference + synthetic daily interpolation
2006-02-01,2006,2,1,Wednesday,62.8,58.46,63.39,4.34,85.03,1.2311,3.7499,30.36,0,EIA/FRED/Bloomberg reference + synthetic daily interpolation
2006-02-02,2006,2,2,Thursday,64.1,60.58,65.55,3.52,82.58,1.2556,3.7497,30.52,0,EIA/FRED/Bloomberg reference + synthetic daily interpolation
2006-02-03,2006,2,3,Friday,63.04,57.29,64.09,5.75,82.25,1.2815,3.7497,29.26,0,EIA/FRED/Bloomberg reference + synthetic daily interpolation
2006-02-06,2006,2,6,Monday,65.61,64.02,65.2,1.59,83.67,1.2428,3.7501,29.95,0,EIA/FRED/Bloomberg reference + synthetic daily interpolation
2006-02-07,2006,2,7,Tuesday,62.22,59.96,62.78,2.26,84.28,1.231,3.75,29.5,0,EIA/FRED/Bloomberg reference + synthetic daily interpolation
2006-02-08,2006,2,8,Wednesday,63.84,63.12,62.59,0.72,82.21,1.2689,3.7496,29.83,0,EIA/FRED/Bloomberg reference + synthetic daily interpolation
2006-02-09,2006,2,9,Thursday,64.83,59.03,65.74,5.8,81.5,1.2756,3.7496,29.83,0,EIA/FRED/Bloomberg reference + synthetic daily interpolation
2006-02-10,2006,2,10,Friday,63.04,57.94,62.84,5.1,84.31,1.2261,3.7498,30.05,0,EIA/FRED/Bloomberg reference + synthetic daily interpolation
2006-02-13,2006,2,13,Monday,63.93,57.98,63.09,5.95,84.63,1.2294,3.7499,29.57,0,EIA/FRED/Bloomberg reference + synthetic daily interpolation
2006-02-14,2006,2,14,Tuesday,65.85,62.07,64.89,3.78,82.62,1.2686,3.7499,29.29,0,EIA/FRED/Bloomberg reference + synthetic daily interpolation
2006-02-15,2006,2,15,Wednesday,64.76,60.96,66.21,3.8,85.14,1.2269,3.75,30.69,0,EIA/FRED/Bloomberg reference + synthetic daily interpolation
2006-02-16,2006,2,16,Thursday,64.32,62.59,64.95,1.73,83.67,1.2393,3.7501,29.45,0,EIA/FRED/Bloomberg reference + synthetic daily interpolation
2006-02-17,2006,2,17,Friday,64.75,60.03,65.3,4.72,84.61,1.2335,3.7499,30.76,0,EIA/FRED/Bloomberg reference + synthetic daily interpolation
2006-02-20,2006,2,20,Monday,64.39,58.57,64.6,5.82,83.89,1.2409,3.75,30.33,0,EIA/FRED/Bloomberg reference + synthetic daily interpolation
2006-02-21,2006,2,21,Tuesday,63.7,57.9,62.74,5.8,83.73,1.2407,3.75,29.4,0,EIA/FRED/Bloomberg reference + synthetic daily interpolation
2006-02-22,2006,2,22,Wednesday,64.21,63.67,64.25,0.54,83.42,1.254,3.75,30.21,0,EIA/FRED/Bloomberg reference + synthetic daily interpolation
2006-02-23,2006,2,23,Thursday,65.64,61.96,65.69,3.68,82.96,1.2532,3.7499,30.16,0,EIA/FRED/Bloomberg reference + synthetic daily interpolation
2006-02-24,2006,2,24,Friday,64.46,59.0,65.18,5.46,83.57,1.2384,3.7499,29.82,0,EIA/FRED/Bloomberg reference + synthetic daily interpolation
2006-02-27,2006,2,27,Monday,63.88,58.52,64.92,5.36,84.0,1.2417,3.7501,29.56,0,EIA/FRED/Bloomberg reference + synthetic daily interpolation
2006-02-28,2006,2,28,Tuesday,65.91,65.14,66.76,0.77,84.08,1.236,3.7499,29.79,0,EIA/FRED/Bloomberg reference + synthetic daily interpolation
2006-03-01,2006,3,1,Wednesday,63.08,58.86,64.23,4.22,84.3,1.2393,3.7499,30.73,0,EIA/FRED/Bloomberg reference + synthetic daily interpolation
2006-03-02,2006,3,2,Thursday,64.48,61.16,64.52,3.32,85.23,1.2268,3.7497,29.86,0,EIA/FRED/Bloomberg reference + synthetic daily interpolation
2006-03-03,2006,3,3,Friday,66.48,63.8,65.71,2.68,82.99,1.2448,3.7496,30.17,0,EIA/FRED/Bloomberg reference + synthetic daily interpolation
2006-03-06,2006,3,6,Monday,65.38,61.65,65.73,3.73,85.92,1.21,3.7501,29.56,0,EIA/FRED/Bloomberg reference + synthetic daily interpolation
2006-03-07,2006,3,7,Tuesday,64.74,62.72,64.63,2.02,85.03,1.2203,3.75,29.71,0,EIA/FRED/Bloomberg reference + synthetic daily interpolation
2006-03-08,2006,3,8,Wednesday,65.9,60.1,65.76,5.8,81.64,1.2708,3.75,30.27,0,EIA/FRED/Bloomberg reference + synthetic daily interpolation
2006-03-09,2006,3,9,Thursday,66.56,60.97,65.91,5.59,83.83,1.2511,3.75,30.04,0,EIA/FRED/Bloomberg reference + synthetic daily interpolation
2006-03-10,2006,3,10,Friday,65.54,62.89,66.85,2.65,83.51,1.2436,3.7499,30.1,0,EIA/FRED/Bloomberg reference + synthetic daily interpolation
2006-03-13,2006,3,13,Monday,65.39,61.53,64.88,3.86,82.28,1.2602,3.7499,30.66,0,EIA/FRED/Bloomberg reference + synthetic daily interpolation
2006-03-14,2006,3,14,Tuesday,66.36,61.99,66.58,4.37,82.31,1.2679,3.7498,29.45,0,EIA/FRED/Bloomberg reference + synthetic daily interpolation
2006-03-15,2006,3,15,Wednesday,65.78,61.58,65.27,4.2,82.52,1.2545,3.7496,29.37,0,EIA/FRED/Bloomberg reference + synthetic daily interpolation
2006-03-16,2006,3,16,Thursday,65.99,60.96,67.46,5.03,82.99,1.25,3.7501,30.21,0,EIA/FRED/Bloomberg reference + synthetic daily interpolation
2006-03-17,2006,3,17,Friday,69.07,64.98,67.86,4.09,83.08,1.2486,3.7501,30.74,0,EIA/FRED/Bloomberg reference + synthetic daily interpolation
2006-03-20,2006,3,20,Monday,67.29,63.29,66.37,4.0,82.66,1.2541,3.7496,29.45,0,EIA/FRED/Bloomberg reference + synthetic daily interpolation
2006-03-21,2006,3,21,Tuesday,66.08,62.37,65.03,3.71,84.21,1.2443,3.7498,30.88,0,EIA/FRED/Bloomberg reference + synthetic daily interpolation
2006-03-22,2006,3,22,Wednesday,66.34,63.59,66.6,2.75,82.0,1.2805,3.7498,29.88,0,EIA/FRED/Bloomberg reference + synthetic daily interpolation
2006-03-23,2006,3,23,Thursday,64.64,62.91,65.43,1.73,86.29,1.2029,3.7499,29.54,0,EIA/FRED/Bloomberg reference + synthetic daily interpolation
2006-03-24,2006,3,24,Friday,66.66,63.64,66.1,3.02,83.09,1.2497,3.7497,29.59,0,EIA/FRED/Bloomberg reference + synthetic daily interpolation
2006-03-27,2006,3,27,Monday,66.0,62.23,64.66,3.77,84.0,1.242,3.7497,29.39,0,EIA/FRED/Bloomberg reference + synthetic daily interpolation
2006-03-28,2006,3,28,Tuesday,66.51,61.65,66.0,4.86,84.48,1.2336,3.7498,29.28,0,EIA/FRED/Bloomberg reference + synthetic daily interpolation
2006-03-29,2006,3,29,Wednesday,67.6,61.67,66.23,5.93,83.93,1.2409,3.7498,29.61,0,EIA/FRED/Bloomberg reference + synthetic daily interpolation
2006-03-30,2006,3,30,Thursday,66.61,63.81,66.04,2.8,85.57,1.213,3.7499,30.07,0,EIA/FRED/Bloomberg reference + synthetic daily interpolation
2006-03-31,2006,3,31,Friday,64.91,63.8,63.89,1.11,82.74,1.2577,3.7499,30.39,0,EIA/FRED/Bloomberg reference + synthetic daily interpolation
2006-04-03,2006,4,3,Monday,67.48,64.35,68.18,3.13,84.11,1.229,3.7498,29.33,0,EIA/FRED/Bloomberg reference + synthetic daily interpolation
2006-04-04,2006,4,4,Tuesday,67.14,61.66,66.15,5.48,85.56,1.2278,3.7499,29.41,0,EIA/FRED/Bloomberg reference + synthetic daily interpolation
2006-04-05,2006,4,5,Wednesday,65.65,63.14,65.04,2.51,81.98,1.274,3.7497,30.18,0,EIA/FRED/Bloomberg reference + synthetic daily interpolation
2006-04-06,2006,4,6,Thursday,66.86,64.33,67.79,2.53,83.02,1.2585,3.7497,29.15,0,EIA/FRED/Bloomberg reference + synthetic daily interpolation
2006-04-07,2006,4,7,Friday,67.72,64.86,67.72,2.86,82.11,1.2688,3.75,29.46,0,EIA/FRED/Bloomberg reference + synthetic daily interpolation
2006-04-10,2006,4,10,Monday,68.61,66.83,67.52,1.78,80.64,1.2982,3.7499,29.48,0,EIA/FRED/Bloomberg reference + synthetic daily interpolation
2006-04-11,2006,4,11,Tuesday,66.6,61.57,65.21,5.03,81.77,1.2725,3.75,29.41,0,EIA/FRED/Bloomberg reference + synthetic daily interpolation
2006-04-12,2006,4,12,Wednesday,67.64,63.51,68.6,4.13,85.51,1.2272,3.75,29.51,0,EIA/FRED/Bloomberg reference + synthetic daily interpolation
2006-04-13,2006,4,13,Thursday,66.88,62.61,65.83,4.27,82.53,1.2601,3.7498,30.03,0,EIA/FRED/Bloomberg reference + synthetic daily interpolation
2006-04-14,2006,4,14,Friday,67.23,62.48,65.84,4.75,81.94,1.2622,3.7496,29.58,0,EIA/FRED/Bloomberg reference + synthetic daily interpolation
2006-04-17,2006,4,17,Monday,64.87,60.64,63.89,4.23,85.09,1.2259,3.7497,29.75,0,EIA/FRED/Bloomberg reference + synthetic daily interpolation
2006-04-18,2006,4,18,Tuesday,67.54,64.64,67.47,2.9,83.91,1.2435,3.7497,30.45,0,EIA/FRED/Bloomberg reference + synthetic daily interpolation
2006-04-19,2006,4,19,Wednesday,67.97,63.7,68.73,4.27,84.26,1.23,3.7499,30.24,0,EIA/FRED/Bloomberg reference + synthetic daily interpolation
2006-04-20,2006,4,20,Thursday,66.02,64.65,67.28,1.37,83.94,1.2342,3.7497,30.01,0,EIA/FRED/Bloomberg reference + synthetic daily interpolation
2006-04-21,2006,4,21,Friday,66.85,63.71,65.83,3.14,83.91,1.2406,3.7496,28.83,0,EIA/FRED/Bloomberg reference + synthetic daily interpolation
2006-04-24,2006,4,24,Monday,66.77,63.46,67.23,3.31,82.69,1.261,3.7498,30.19,0,EIA/FRED/Bloomberg reference + synthetic daily interpolation
2006-04-25,2006,4,25,Tuesday,67.8,64.22,67.77,3.58,81.17,1.2797,3.75,30.7,0,EIA/FRED/Bloomberg reference + synthetic daily interpolation
2006-04-26,2006,4,26,Wednesday,66.12,65.28,65.2,0.84,84.56,1.2378,3.75,29.8,0,EIA/FRED/Bloomberg reference + synthetic daily interpolation
2006-04-27,2006,4,27,Thursday,67.37,66.43,68.86,0.94,82.21,1.27,3.7496,29.67,0,EIA/FRED/Bloomberg reference + synthetic daily interpolation
2006-04-28,2006,4,28,Friday,68.6,65.8,68.61,2.8,82.72,1.2665,3.7497,28.99,0,EIA/FRED/Bloomberg reference + synthetic daily interpolation
2006-05-01,2006,5,1,Monday,68.73,65.94,69.31,2.79,84.86,1.2277,3.75,29.77,0,EIA/FRED/Bloomberg reference + synthetic daily interpolation
2006-05-02,2006,5,2,Tuesday,68.29,64.34,69.54,3.95,84.35,1.2347,3.7498,29.26,0,EIA/FRED/Bloomberg reference + synthetic daily interpolation
2006-05-03,2006,5,3,Wednesday,68.07,66.19,68.05,1.88,84.38,1.2321,3.7498,30.09,0,EIA/FRED/Bloomberg reference + synthetic daily interpolation
2006-05-04,2006,5,4,Thursday,66.37,64.37,65.82,2.0,81.57,1.2782,3.7496,29.55,0,EIA/FRED/Bloomberg reference + synthetic daily interpolation
2006-05-05,2006,5,5,Friday,68.02,64.14,68.02,3.88,81.01,1.2881,3.7499,30.14,0,EIA/FRED/Bloomberg reference + synthetic daily interpolation
2006-05-08,2006,5,8,Monday,68.85,63.97,67.76,4.88,83.8,1.2403,3.7498,29.65,0,EIA/FRED/Bloomberg reference + synthetic daily interpolation
2006-05-09,2006,5,9,Tuesday,66.38,61.72,65.65,4.66,83.54,1.247,3.7497,29.08,0,EIA/FRED/Bloomberg reference + synthetic daily interpolation
2006-05-10,2006,5,10,Wednesday,67.97,62.29,66.57,5.68,82.15,1.2729,3.7499,30.13,0,EIA/FRED/Bloomberg reference + synthetic daily interpolation
2006-05-11,2006,5,11,Thursday,67.96,63.67,69.35,4.29,82.77,1.2609,3.7498,30.45,0,EIA/FRED/Bloomberg reference + synthetic daily interpolation
2006-05-12,2006,5,12,Friday,66.58,62.58,65.51,4.0,82.92,1.2546,3.7497,30.19,0,EIA/FRED/Bloomberg reference + synthetic daily interpolation
2006-05-15,2006,5,15,Monday,69.45,67.51,69.62,1.94,81.4,1.2899,3.7499,29.68,0,EIA/FRED/Bloomberg reference + synthetic daily interpolation
2006-05-16,2006,5,16,Tuesday,69.85,65.0,68.6,4.85,80.98,1.277,3.7499,29.79,0,EIA/FRED/Bloomberg reference + synthetic daily interpolation
2006-05-17,2006,5,17,Wednesday,68.2,65.28,69.49,2.92,83.64,1.2456,3.7499,29.72,0,EIA/FRED/Bloomberg reference + synthetic daily interpolation
2006-05-18,2006,5,18,Thursday,67.05,61.75,65.86,5.3,84.26,1.2411,3.7499,29.77,0,EIA/FRED/Bloomberg reference + synthetic daily interpolation
2006-05-19,2006,5,19,Friday,67.71,62.66,66.38,5.05,83.79,1.2483,3.7499,29.42,0,EIA/FRED/Bloomberg reference + synthetic daily interpolation
2006-05-22,2006,5,22,Monday,68.82,66.23,69.42,2.59,83.0,1.2517,3.7496,31.08,0,EIA/FRED/Bloomberg reference + synthetic daily interpolation
2006-05-23,2006,5,23,Tuesday,68.95,67.95,70.23,1.0,83.57,1.2464,3.7499,30.02,0,EIA/FRED/Bloomberg reference + synthetic daily interpolation
2006-05-24,2006,5,24,Wednesday,68.22,64.67,67.81,3.55,83.57,1.2457,3.7496,29.56,0,EIA/FRED/Bloomberg reference + synthetic daily interpolation
2006-05-25,2006,5,25,Thursday,68.74,65.64,69.3,3.1,84.39,1.2326,3.7499,29.89,0,EIA/FRED/Bloomberg reference + synthetic daily interpolation
2006-05-26,2006,5,26,Friday,68.45,62.51,67.47,5.94,84.7,1.2262,3.7501,29.94,0,EIA/FRED/Bloomberg reference + synthetic daily interpolation
2006-05-29,2006,5,29,Monday,67.03,62.96,67.55,4.07,82.25,1.2581,3.7498,29.88,0,EIA/FRED/Bloomberg reference + synthetic daily interpolation
2006-05-30,2006,5,30,Tuesday,69.41,67.14,70.51,2.27,85.59,1.2155,3.7497,29.83,0,EIA/FRED/Bloomberg reference + synthetic daily interpolation
2006-05-31,2006,5,31,Wednesday,67.2,64.59,67.73,2.61,82.12,1.2627,3.7499,30.01,0,EIA/FRED/Bloomberg reference + synthetic daily interpolation
2006-06-01,2006,6,1,Thursday,68.78,66.06,67.62,2.72,83.75,1.2404,3.7497,30.62,0,EIA/FRED/Bloomberg reference + synthetic daily interpolation
2006-06-02,2006,6,2,Friday,67.48,62.3,66.26,5.18,84.22,1.2348,3.7498,29.93,0,EIA/FRED/Bloomberg reference + synthetic daily interpolation
2006-06-05,2006,6,5,Monday,66.77,65.01,66.6,1.76,81.82,1.2765,3.75,29.9,0,EIA/FRED/Bloomberg reference + synthetic daily interpolation
2006-06-06,2006,6,6,Tuesday,66.61,63.65,66.71,2.96,83.5,1.2368,3.75,30.41,0,EIA/FRED/Bloomberg reference + synthetic daily interpolation
2006-06-07,2006,6,7,Wednesday,68.12,65.73,68.92,2.39,84.08,1.2336,3.7499,30.25,0,EIA/FRED/Bloomberg reference + synthetic daily interpolation
2006-06-08,2006,6,8,Thursday,68.34,66.2,69.01,2.14,83.12,1.253,3.7497,29.34,0,EIA/FRED/Bloomberg reference + synthetic daily interpolation
2006-06-09,2006,6,9,Friday,67.3,65.64,68.26,1.66,82.97,1.2598,3.7497,30.25,0,EIA/FRED/Bloomberg reference + synthetic daily interpolation
2006-06-12,2006,6,12,Monday,68.29,66.38,67.78,1.91,82.15,1.2651,3.7498,30.0,0,EIA/FRED/Bloomberg reference + synthetic daily interpolation
2006-06-13,2006,6,13,Tuesday,68.89,67.05,67.83,1.84,82.1,1.2709,3.7496,30.37,0,EIA/FRED/Bloomberg reference + synthetic daily interpolation
2006-06-14,2006,6,14,Wednesday,69.02,68.21,69.62,0.81,82.32,1.2707,3.7496,29.3,0,EIA/FRED/Bloomberg reference + synthetic daily interpolation
2006-06-15,2006,6,15,Thursday,67.79,64.96,67.83,2.83,79.88,1.2963,3.7498,29.85,0,EIA/FRED/Bloomberg reference + synthetic daily interpolation
2006-06-16,2006,6,16,Friday,68.57,66.73,69.55,1.84,82.4,1.2671,3.7497,30.03,0,EIA/FRED/Bloomberg reference + synthetic daily interpolation
2006-06-19,2006,6,19,Monday,66.97,62.65,67.42,4.32,82.78,1.2492,3.7496,29.86,0,EIA/FRED/Bloomberg reference + synthetic daily interpolation
2006-06-20,2006,6,20,Tuesday,65.9,64.59,66.98,1.31,83.5,1.2521,3.7501,28.64,0,EIA/FRED/Bloomberg reference + synthetic daily interpolation
2006-06-21,2006,6,21,Wednesday,67.98,67.43,69.03,0.55,82.95,1.2647,3.75,28.77,0,EIA/FRED/Bloomberg reference + synthetic daily interpolation
2006-06-22,2006,6,22,Thursday,67.68,64.52,68.56,3.16,84.86,1.2211,3.7497,30.58,0,EIA/FRED/Bloomberg reference + synthetic daily interpolation
2006-06-23,2006,6,23,Friday,68.52,66.47,69.94,2.05,83.53,1.2551,3.7497,29.78,0,EIA/FRED/Bloomberg reference + synthetic daily interpolation
2006-06-26,2006,6,26,Monday,67.9,66.44,67.14,1.46,83.06,1.2547,3.75,30.46,0,EIA/FRED/Bloomberg reference + synthetic daily interpolation
2006-06-27,2006,6,27,Tuesday,67.07,61.14,68.21,5.93,84.71,1.2319,3.7498,29.18,0,EIA/FRED/Bloomberg reference + synthetic daily interpolation
2006-06-28,2006,6,28,Wednesday,67.77,62.82,67.3,4.95,85.0,1.2324,3.7497,28.67,0,EIA/FRED/Bloomberg reference + synthetic daily interpolation
2006-06-29,2006,6,29,Thursday,68.52,65.67,69.78,2.85,81.94,1.2701,3.7499,29.26,0,EIA/FRED/Bloomberg reference + synthetic daily interpolation
2006-06-30,2006,6,30,Friday,67.43,64.34,66.81,3.09,83.16,1.256,3.7498,29.75,0,EIA/FRED/Bloomberg reference + synthetic daily interpolation
2006-07-03,2006,7,3,Monday,67.99,65.96,66.84,2.03,80.59,1.2807,3.75,29.13,0,EIA/FRED/Bloomberg reference + synthetic daily interpolation
2006-07-04,2006,7,4,Tuesday,66.88,65.21,68.36,1.67,85.19,1.2183,3.7501,29.09,0,EIA/FRED/Bloomberg reference + synthetic daily interpolation
2006-07-05,2006,7,5,Wednesday,68.18,65.85,69.65,2.33,85.18,1.2218,3.7497,30.28,0,EIA/FRED/Bloomberg reference + synthetic daily interpolation
2006-07-06,2006,7,6,Thursday,66.83,66.18,65.79,0.65,83.01,1.2684,3.7497,29.61,0,EIA/FRED/Bloomberg reference + synthetic daily interpolation
2006-07-07,2006,7,7,Friday,68.8,65.98,69.66,2.82,83.25,1.2533,3.75,30.31,0,EIA/FRED/Bloomberg reference + synthetic daily interpolation
2006-07-10,2006,7,10,Monday,67.31,62.39,66.22,4.92,85.42,1.227,3.75,30.9,0,EIA/FRED/Bloomberg reference + synthetic daily interpolation
2006-07-11,2006,7,11,Tuesday,68.28,65.22,68.75,3.06,83.13,1.2563,3.7496,29.65,0,EIA/FRED/Bloomberg reference + synthetic daily interpolation
2006-07-12,2006,7,12,Wednesday,68.01,65.43,66.9,2.58,84.76,1.2338,3.7497,29.8,0,EIA/FRED/Bloomberg reference + synthetic daily interpolation
2006-07-13,2006,7,13,Thursday,68.0,65.08,68.53,2.92,84.55,1.2214,3.75,29.96,0,EIA/FRED/Bloomberg reference + synthetic daily interpolation
2006-07-14,2006,7,14,Friday,67.09,64.31,67.54,2.78,83.32,1.2556,3.75,28.93,0,EIA/FRED/Bloomberg reference + synthetic daily interpolation
2006-07-17,2006,7,17,Monday,68.13,63.23,66.95,4.9,83.02,1.2523,3.7499,28.83,0,EIA/FRED/Bloomberg reference + synthetic daily interpolation
2006-07-18,2006,7,18,Tuesday,67.24,63.67,67.2,3.57,83.62,1.2441,3.7498,30.48,0,EIA/FRED/Bloomberg reference + synthetic daily interpolation
2006-07-19,2006,7,19,Wednesday,67.81,65.67,68.18,2.14,82.16,1.2672,3.7498,29.53,0,EIA/FRED/Bloomberg reference + synthetic daily interpolation
2006-07-20,2006,7,20,Thursday,67.76,62.68,66.5,5.08,84.25,1.235,3.75,29.67,0,EIA/FRED/Bloomberg reference + synthetic daily interpolation
2006-07-21,2006,7,21,Friday,66.48,65.21,67.79,1.27,84.86,1.224,3.7499,29.67,0,EIA/FRED/Bloomberg reference + synthetic daily interpolation
2006-07-24,2006,7,24,Monday,67.02,61.43,68.02,5.59,82.7,1.2562,3.7501,29.13,0,EIA/FRED/Bloomberg reference + synthetic daily interpolation
2006-07-25,2006,7,25,Tuesday,65.84,64.37,65.84,1.47,84.62,1.2371,3.7499,29.56,0,EIA/FRED/Bloomberg reference + synthetic daily interpolation
2006-07-26,2006,7,26,Wednesday,68.79,66.48,67.42,2.31,84.34,1.2366,3.7499,30.05,0,EIA/FRED/Bloomberg reference + synthetic daily interpolation
2006-07-27,2006,7,27,Thursday,65.66,60.39,65.54,5.27,84.13,1.23,3.7497,29.77,0,EIA/FRED/Bloomberg reference + synthetic daily interpolation
2006-07-28,2006,7,28,Friday,64.55,62.91,64.35,1.64,82.65,1.2639,3.7497,30.07,0,EIA/FRED/Bloomberg reference + synthetic daily interpolation
2006-07-31,2006,7,31,Monday,64.42,59.8,64.56,4.62,85.49,1.2267,3.75,29.86,0,EIA/FRED/Bloomberg reference + synthetic daily interpolation
2006-08-01,2006,8,1,Tuesday,65.94,64.65,65.83,1.29,83.39,1.25,3.7497,31.4,0,EIA/FRED/Bloomberg reference + synthetic daily interpolation
2006-08-02,2006,8,2,Wednesday,66.64,63.48,66.82,3.16,84.23,1.2319,3.7496,29.78,0,EIA/FRED/Bloomberg reference + synthetic daily interpolation
2006-08-03,2006,8,3,Thursday,65.47,61.31,64.65,4.16,83.9,1.2485,3.7498,30.38,0,EIA/FRED/Bloomberg reference + synthetic daily interpolation
2006-08-04,2006,8,4,Friday,65.23,59.47,65.84,5.76,82.51,1.2629,3.7498,30.05,0,EIA/FRED/Bloomberg reference + synthetic daily interpolation
2006-08-07,2006,8,7,Monday,67.61,62.39,68.66,5.22,81.95,1.2728,3.75,30.22,0,EIA/FRED/Bloomberg reference + synthetic daily interpolation
2006-08-08,2006,8,8,Tuesday,66.53,64.16,66.1,2.37,82.87,1.2552,3.7501,29.86,0,EIA/FRED/Bloomberg reference + synthetic daily interpolation
2006-08-09,2006,8,9,Wednesday,65.5,61.5,66.47,4.0,84.13,1.2421,3.7501,28.76,0,EIA/FRED/Bloomberg reference + synthetic daily interpolation
2006-08-10,2006,8,10,Thursday,66.83,64.61,65.82,2.22,83.54,1.2554,3.7501,29.58,0,EIA/FRED/Bloomberg reference + synthetic daily interpolation
2006-08-11,2006,8,11,Friday,66.86,61.36,66.92,5.5,83.33,1.2424,3.7497,29.32,0,EIA/FRED/Bloomberg reference + synthetic daily interpolation
2006-08-14,2006,8,14,Monday,65.43,59.89,65.3,5.54,84.15,1.2383,3.7498,30.41,0,EIA/FRED/Bloomberg reference + synthetic daily interpolation
2006-08-15,2006,8,15,Tuesday,65.67,59.92,65.25,5.75,82.12,1.2646,3.75,29.22,0,EIA/FRED/Bloomberg reference + synthetic daily interpolation
2006-08-16,2006,8,16,Wednesday,66.67,64.89,66.34,1.78,84.16,1.2277,3.7498,31.09,0,EIA/FRED/Bloomberg reference + synthetic daily interpolation
2006-08-17,2006,8,17,Thursday,65.95,63.92,66.46,2.03,85.19,1.2172,3.7498,29.79,0,EIA/FRED/Bloomberg reference + synthetic daily interpolation
2006-08-18,2006,8,18,Friday,65.08,60.67,65.45,4.41,85.26,1.2244,3.7497,29.43,0,EIA/FRED/Bloomberg reference + synthetic daily interpolation
2006-08-21,2006,8,21,Monday,65.04,61.98,65.61,3.06,85.33,1.2214,3.7498,30.2,0,EIA/FRED/Bloomberg reference + synthetic daily interpolation
2006-08-22,2006,8,22,Tuesday,66.79,64.85,66.23,1.94,84.57,1.2251,3.7497,30.02,0,EIA/FRED/Bloomberg reference + synthetic daily interpolation
2006-08-23,2006,8,23,Wednesday,66.15,62.96,64.72,3.19,82.6,1.2595,3.7496,30.35,0,EIA/FRED/Bloomberg reference + synthetic daily interpolation
2006-08-24,2006,8,24,Thursday,66.56,64.82,67.93,1.74,83.34,1.2493,3.7497,29.69,0,EIA/FRED/Bloomberg reference + synthetic daily interpolation
2006-08-25,2006,8,25,Friday,64.25,63.25,65.03,1.0,84.13,1.2408,3.7498,29.64,0,EIA/FRED/Bloomberg reference + synthetic daily interpolation
2006-08-28,2006,8,28,Monday,65.13,59.73,65.27,5.4,83.93,1.241,3.7499,30.25,0,EIA/FRED/Bloomberg reference + synthetic daily interpolation
2006-08-29,2006,8,29,Tuesday,64.87,63.17,64.74,1.7,84.02,1.2369,3.7498,30.5,0,EIA/FRED/Bloomberg reference + synthetic daily interpolation
2006-08-30,2006,8,30,Wednesday,65.31,62.34,64.31,2.97,83.65,1.2433,3.7498,29.3,0,EIA/FRED/Bloomberg reference + synthetic daily interpolation
2006-08-31,2006,8,31,Thursday,65.98,61.85,65.58,4.13,83.08,1.2476,3.75,29.45,0,EIA/FRED/Bloomberg reference + synthetic daily interpolation
2006-09-01,2006,9,1,Friday,65.93,62.3,66.26,3.63,82.81,1.2613,3.75,29.47,0,EIA/FRED/Bloomberg reference + synthetic daily interpolation
2006-09-04,2006,9,4,Monday,66.13,61.84,65.79,4.29,82.04,1.2667,3.7498,29.65,0,EIA/FRED/Bloomberg reference + synthetic daily interpolation
2006-09-05,2006,9,5,Tuesday,65.7,60.3,66.72,5.4,84.83,1.2237,3.7499,30.51,0,EIA/FRED/Bloomberg reference + synthetic daily interpolation
2006-09-06,2006,9,6,Wednesday,64.23,63.01,65.29,1.22,84.13,1.2364,3.7501,30.79,0,EIA/FRED/Bloomberg reference + synthetic daily interpolation
2006-09-07,2006,9,7,Thursday,63.98,59.22,64.42,4.76,81.53,1.277,3.7496,29.67,0,EIA/FRED/Bloomberg reference + synthetic daily interpolation
2006-09-08,2006,9,8,Friday,64.31,63.44,64.7,0.87,84.0,1.2439,3.7501,29.01,0,EIA/FRED/Bloomberg reference + synthetic daily interpolation
2006-09-11,2006,9,11,Monday,64.59,62.33,63.27,2.26,84.2,1.2455,3.7499,29.31,0,EIA/FRED/Bloomberg reference + synthetic daily interpolation
2006-09-12,2006,9,12,Tuesday,64.62,60.69,63.91,3.93,84.02,1.2454,3.75,30.57,0,EIA/FRED/Bloomberg reference + synthetic daily interpolation
2006-09-13,2006,9,13,Wednesday,66.27,64.73,66.96,1.54,83.24,1.248,3.75,30.05,0,EIA/FRED/Bloomberg reference + synthetic daily interpolation
2006-09-14,2006,9,14,Thursday,64.68,58.72,65.81,5.96,83.16,1.2606,3.7497,30.06,0,EIA/FRED/Bloomberg reference + synthetic daily interpolation
2006-09-15,2006,9,15,Friday,65.91,64.13,66.34,1.78,83.67,1.2439,3.7497,30.16,0,EIA/FRED/Bloomberg reference + synthetic daily interpolation
2006-09-18,2006,9,18,Monday,65.55,60.52,66.75,5.03,82.14,1.2751,3.7497,29.37,0,EIA/FRED/Bloomberg reference + synthetic daily interpolation
2006-09-19,2006,9,19,Tuesday,64.23,60.6,64.85,3.63,83.15,1.2618,3.7499,29.8,0,EIA/FRED/Bloomberg reference + synthetic daily interpolation
2006-09-20,2006,9,20,Wednesday,64.59,59.08,63.8,5.51,84.18,1.2408,3.7496,29.17,0,EIA/FRED/Bloomberg reference + synthetic daily interpolation
2006-09-21,2006,9,21,Thursday,63.58,57.83,64.43,5.75,83.89,1.2457,3.7501,30.19,0,EIA/FRED/Bloomberg reference + synthetic daily interpolation
2006-09-22,2006,9,22,Friday,63.86,60.6,63.46,3.26,84.36,1.2361,3.75,29.25,0,EIA/FRED/Bloomberg reference + synthetic daily interpolation
2006-09-25,2006,9,25,Monday,62.78,57.37,62.56,5.41,82.94,1.2575,3.7497,29.9,0,EIA/FRED/Bloomberg reference + synthetic daily interpolation
2006-09-26,2006,9,26,Tuesday,63.34,62.2,61.92,1.14,83.86,1.2439,3.7499,29.86,0,EIA/FRED/Bloomberg reference + synthetic daily interpolation
2006-09-27,2006,9,27,Wednesday,64.12,62.39,62.9,1.73,82.74,1.2566,3.7496,28.9,0,EIA/FRED/Bloomberg reference + synthetic daily interpolation
2006-09-28,2006,9,28,Thursday,62.07,61.29,62.21,0.78,83.15,1.2524,3.7498,29.02,0,EIA/FRED/Bloomberg reference + synthetic daily interpolation
2006-09-29,2006,9,29,Friday,64.57,63.2,63.42,1.37,81.98,1.267,3.75,30.08,0,EIA/FRED/Bloomberg reference + synthetic daily interpolation
2006-10-02,2006,10,2,Monday,63.63,59.44,62.71,4.19,82.4,1.268,3.75,29.94,0,EIA/FRED/Bloomberg reference + synthetic daily interpolation
2006-10-03,2006,10,3,Tuesday,64.48,63.15,65.26,1.33,84.83,1.2228,3.7498,31.15,0,EIA/FRED/Bloomberg reference + synthetic daily interpolation
2006-10-04,2006,10,4,Wednesday,63.28,58.87,63.87,4.41,84.85,1.2297,3.7496,29.37,0,EIA/FRED/Bloomberg reference + synthetic daily interpolation
2006-10-05,2006,10,5,Thursday,62.14,56.68,60.92,5.46,84.67,1.2339,3.75,29.69,0,EIA/FRED/Bloomberg reference + synthetic daily interpolation
2006-10-06,2006,10,6,Friday,64.17,58.9,63.01,5.27,83.24,1.2428,3.7496,30.09,0,EIA/FRED/Bloomberg reference + synthetic daily interpolation
2006-10-09,2006,10,9,Monday,62.73,56.99,62.02,5.74,83.41,1.2497,3.7498,29.78,0,EIA/FRED/Bloomberg reference + synthetic daily interpolation
2006-10-10,2006,10,10,Tuesday,64.35,59.62,63.88,4.73,84.25,1.2311,3.7498,29.66,0,EIA/FRED/Bloomberg reference + synthetic daily interpolation
2006-10-11,2006,10,11,Wednesday,62.25,57.02,62.13,5.23,83.94,1.2501,3.75,29.93,0,EIA/FRED/Bloomberg reference + synthetic daily interpolation
2006-10-12,2006,10,12,Thursday,64.04,58.95,64.53,5.09,84.98,1.2238,3.7496,29.24,0,EIA/FRED/Bloomberg reference + synthetic daily interpolation
2006-10-13,2006,10,13,Friday,61.5,56.91,62.31,4.59,82.59,1.2708,3.75,31.12,0,EIA/FRED/Bloomberg reference + synthetic daily interpolation
2006-10-16,2006,10,16,Monday,62.57,56.82,63.35,5.75,82.55,1.2596,3.75,30.27,0,EIA/FRED/Bloomberg reference + synthetic daily interpolation
2006-10-17,2006,10,17,Tuesday,63.28,60.24,61.82,3.04,82.79,1.2559,3.7501,30.65,0,EIA/FRED/Bloomberg reference + synthetic daily interpolation
2006-10-18,2006,10,18,Wednesday,60.93,58.25,61.24,2.68,84.02,1.2376,3.75,29.91,0,EIA/FRED/Bloomberg reference + synthetic daily interpolation
2006-10-19,2006,10,19,Thursday,63.91,63.25,62.73,0.66,82.99,1.2496,3.7496,30.38,0,EIA/FRED/Bloomberg reference + synthetic daily interpolation
2006-10-20,2006,10,20,Friday,63.0,57.48,62.32,5.52,84.8,1.2296,3.7497,29.87,0,EIA/FRED/Bloomberg reference + synthetic daily interpolation
2006-10-23,2006,10,23,Monday,63.38,62.71,64.14,0.67,82.82,1.263,3.7498,29.63,0,EIA/FRED/Bloomberg reference + synthetic daily interpolation
2006-10-24,2006,10,24,Tuesday,64.15,59.84,64.31,4.31,82.35,1.2597,3.7497,29.39,0,EIA/FRED/Bloomberg reference + synthetic daily interpolation
2006-10-25,2006,10,25,Wednesday,64.01,58.89,63.99,5.12,85.07,1.2315,3.7498,29.06,0,EIA/FRED/Bloomberg reference + synthetic daily interpolation
2006-10-26,2006,10,26,Thursday,62.23,57.96,62.38,4.27,83.1,1.2569,3.7498,30.04,0,EIA/FRED/Bloomberg reference + synthetic daily interpolation
2006-10-27,2006,10,27,Friday,62.1,57.37,63.28,4.73,85.61,1.2134,3.7501,30.33,0,EIA/FRED/Bloomberg reference + synthetic daily interpolation
2006-10-30,2006,10,30,Monday,61.94,60.53,62.69,1.41,82.25,1.269,3.7501,29.25,0,EIA/FRED/Bloomberg reference + synthetic daily interpolation
2006-10-31,2006,10,31,Tuesday,62.15,59.47,62.34,2.68,83.15,1.2506,3.7497,30.18,0,EIA/FRED/Bloomberg reference + synthetic daily interpolation
2006-11-01,2006,11,1,Wednesday,62.54,60.75,61.81,1.79,82.92,1.2595,3.7498,29.98,0,EIA/FRED/Bloomberg reference + synthetic daily interpolation
2006-11-02,2006,11,2,Thursday,61.31,56.75,62.64,4.56,83.48,1.2528,3.7498,29.92,0,EIA/FRED/Bloomberg reference + synthetic daily interpolation
2006-11-03,2006,11,3,Friday,62.56,60.81,62.43,1.75,83.19,1.2547,3.7498,29.59,0,EIA/FRED/Bloomberg reference + synthetic daily interpolation
2006-11-06,2006,11,6,Monday,62.64,60.17,62.05,2.47,83.02,1.2545,3.75,29.8,0,EIA/FRED/Bloomberg reference + synthetic daily interpolation
2006-11-07,2006,11,7,Tuesday,62.72,59.8,62.85,2.92,83.09,1.2461,3.75,29.95,0,EIA/FRED/Bloomberg reference + synthetic daily interpolation
2006-11-08,2006,11,8,Wednesday,62.07,58.61,60.92,3.46,82.66,1.2706,3.75,29.94,0,EIA/FRED/Bloomberg reference + synthetic daily interpolation
2006-11-09,2006,11,9,Thursday,62.02,58.68,61.02,3.34,83.6,1.2449,3.7498,29.42,0,EIA/FRED/Bloomberg reference + synthetic daily interpolation
2006-11-10,2006,11,10,Friday,63.44,60.86,62.99,2.58,83.5,1.2557,3.7499,29.81,0,EIA/FRED/Bloomberg reference + synthetic daily interpolation
2006-11-13,2006,11,13,Monday,63.38,61.47,64.43,1.91,84.02,1.2302,3.7497,28.37,0,EIA/FRED/Bloomberg reference + synthetic daily interpolation
2006-11-14,2006,11,14,Tuesday,63.08,58.14,62.18,4.94,84.89,1.2214,3.7499,29.19,0,EIA/FRED/Bloomberg reference + synthetic daily interpolation
2006-11-15,2006,11,15,Wednesday,64.98,59.82,64.54,5.16,82.53,1.2649,3.7496,30.77,0,EIA/FRED/Bloomberg reference + synthetic daily interpolation
2006-11-16,2006,11,16,Thursday,62.09,61.08,63.46,1.01,83.19,1.25,3.7498,30.01,0,EIA/FRED/Bloomberg reference + synthetic daily interpolation
2006-11-17,2006,11,17,Friday,62.73,59.36,63.63,3.37,82.67,1.2607,3.7497,30.6,0,EIA/FRED/Bloomberg reference + synthetic daily interpolation
2006-11-20,2006,11,20,Monday,63.26,57.45,63.1,5.81,84.17,1.235,3.75,29.85,0,EIA/FRED/Bloomberg reference + synthetic daily interpolation
2006-11-21,2006,11,21,Tuesday,63.06,58.24,61.73,4.82,81.6,1.2714,3.7499,30.68,0,EIA/FRED/Bloomberg reference + synthetic daily interpolation
2006-11-22,2006,11,22,Wednesday,62.36,60.79,60.95,1.57,83.27,1.2446,3.7498,30.21,0,EIA/FRED/Bloomberg reference + synthetic daily interpolation
2006-11-23,2006,11,23,Thursday,61.67,58.18,60.38,3.49,82.03,1.2736,3.7497,30.47,0,EIA/FRED/Bloomberg reference + synthetic daily interpolation
2006-11-24,2006,11,24,Friday,61.05,60.44,60.38,0.61,82.7,1.2588,3.7497,30.68,0,EIA/FRED/Bloomberg reference + synthetic daily interpolation
2006-11-27,2006,11,27,Monday,60.31,55.34,58.91,4.97,83.33,1.2472,3.7498,29.09,0,EIA/FRED/Bloomberg reference + synthetic daily interpolation
2006-11-28,2006,11,28,Tuesday,61.44,57.77,62.57,3.67,85.16,1.229,3.7499,29.55,0,EIA/FRED/Bloomberg reference + synthetic daily interpolation
2006-11-29,2006,11,29,Wednesday,62.73,58.11,62.51,4.62,83.29,1.253,3.7496,29.76,0,EIA/FRED/Bloomberg reference + synthetic daily interpolation
2006-11-30,2006,11,30,Thursday,60.59,55.46,61.18,5.13,82.82,1.2619,3.7498,29.83,0,EIA/FRED/Bloomberg reference + synthetic daily interpolation
2006-12-01,2006,12,1,Friday,62.21,61.64,61.95,0.57,85.88,1.2073,3.75,29.76,0,EIA/FRED/Bloomberg reference + synthetic daily interpolation
2006-12-04,2006,12,4,Monday,61.75,55.79,60.86,5.96,83.05,1.2604,3.75,29.66,0,EIA/FRED/Bloomberg reference + synthetic daily interpolation
2006-12-05,2006,12,5,Tuesday,61.3,59.79,60.74,1.51,84.51,1.2358,3.7497,29.84,0,EIA/FRED/Bloomberg reference + synthetic daily interpolation
2006-12-06,2006,12,6,Wednesday,62.69,60.66,63.39,2.03,82.1,1.2636,3.7499,29.74,0,EIA/FRED/Bloomberg reference + synthetic daily interpolation
2006-12-07,2006,12,7,Thursday,61.85,60.85,60.39,1.0,80.88,1.2826,3.7497,29.7,0,EIA/FRED/Bloomberg reference + synthetic daily interpolation
2006-12-08,2006,12,8,Friday,61.35,57.24,61.2,4.11,85.47,1.2155,3.7497,30.43,0,EIA/FRED/Bloomberg reference + synthetic daily interpolation
2006-12-11,2006,12,11,Monday,60.6,55.82,61.92,4.78,83.29,1.2545,3.7499,29.99,0,EIA/FRED/Bloomberg reference + synthetic daily interpolation
2006-12-12,2006,12,12,Tuesday,61.69,57.31,62.1,4.38,84.29,1.2333,3.75,29.93,0,EIA/FRED/Bloomberg reference + synthetic daily interpolation
2006-12-13,2006,12,13,Wednesday,60.48,55.1,61.66,5.38,83.85,1.2456,3.7497,29.25,0,EIA/FRED/Bloomberg reference + synthetic daily interpolation
2006-12-14,2006,12,14,Thursday,61.95,59.47,61.67,2.48,79.79,1.304,3.7497,30.09,0,EIA/FRED/Bloomberg reference + synthetic daily interpolation
2006-12-15,2006,12,15,Friday,64.31,61.53,63.79,2.78,83.4,1.2545,3.75,29.97,0,EIA/FRED/Bloomberg reference + synthetic daily interpolation
2006-12-18,2006,12,18,Monday,62.48,59.13,61.37,3.35,83.14,1.2386,3.75,30.64,0,EIA/FRED/Bloomberg reference + synthetic daily interpolation
2006-12-19,2006,12,19,Tuesday,60.41,54.63,60.94,5.78,82.0,1.2691,3.7496,29.79,0,EIA/FRED/Bloomberg reference + synthetic daily interpolation
2006-12-20,2006,12,20,Wednesday,62.22,57.72,61.08,4.5,84.2,1.2368,3.7498,29.49,0,EIA/FRED/Bloomberg reference + synthetic daily interpolation
2006-12-21,2006,12,21,Thursday,62.73,58.31,61.48,4.42,84.86,1.2311,3.7499,30.41,0,EIA/FRED/Bloomberg reference + synthetic daily interpolation
2006-12-22,2006,12,22,Friday,62.79,60.29,62.2,2.5,83.48,1.2436,3.7501,29.99,0,EIA/FRED/Bloomberg reference + synthetic daily interpolation
2006-12-25,2006,12,25,Monday,63.92,59.19,63.97,4.73,81.93,1.269,3.7498,29.71,0,EIA/FRED/Bloomberg reference + synthetic daily interpolation
2006-12-26,2006,12,26,Tuesday,61.7,55.7,62.21,6.0,85.11,1.2222,3.75,29.72,0,EIA/FRED/Bloomberg reference + synthetic daily interpolation
2006-12-27,2006,12,27,Wednesday,61.35,60.54,61.53,0.81,84.89,1.2221,3.7498,30.34,0,EIA/FRED/Bloomberg reference + synthetic daily interpolation
2006-12-28,2006,12,28,Thursday,64.45,63.09,65.2,1.36,83.38,1.243,3.7496,30.62,0,EIA/FRED/Bloomberg reference + synthetic daily interpolation
2006-12-29,2006,12,29,Friday,62.15,59.42,62.37,2.73,82.18,1.2638,3.7499,29.72,0,EIA/FRED/Bloomberg reference + synthetic daily interpolation
2007-01-01,2007,1,1,Monday,69.96,66.48,69.54,3.48,76.54,1.3486,3.7501,30.44,0,EIA/FRED/Bloomberg reference + synthetic daily interpolation
2007-01-02,2007,1,2,Tuesday,68.5,66.01,67.19,2.49,75.99,1.368,3.7499,30.26,0,EIA/FRED/Bloomberg reference + synthetic daily interpolation
2007-01-03,2007,1,3,Wednesday,70.29,65.84,71.28,4.45,78.12,1.3428,3.7498,30.51,0,EIA/FRED/Bloomberg reference + synthetic daily interpolation
2007-01-04,2007,1,4,Thursday,68.36,63.22,66.92,5.14,77.56,1.3377,3.7499,30.76,0,EIA/FRED/Bloomberg reference + synthetic daily interpolation
2007-01-05,2007,1,5,Friday,70.54,65.91,70.29,4.63,76.24,1.3481,3.75,30.43,0,EIA/FRED/Bloomberg reference + synthetic daily interpolation
2007-01-08,2007,1,8,Monday,69.77,69.07,70.67,0.7,77.22,1.3342,3.7499,30.56,0,EIA/FRED/Bloomberg reference + synthetic daily interpolation
2007-01-09,2007,1,9,Tuesday,69.25,67.25,68.56,2.0,77.74,1.3403,3.7498,29.99,0,EIA/FRED/Bloomberg reference + synthetic daily interpolation
2007-01-10,2007,1,10,Wednesday,68.79,63.53,70.09,5.26,77.25,1.3458,3.7496,29.69,0,EIA/FRED/Bloomberg reference + synthetic daily interpolation
2007-01-11,2007,1,11,Thursday,70.3,65.05,71.24,5.25,75.68,1.3681,3.7498,29.51,0,EIA/FRED/Bloomberg reference + synthetic daily interpolation
2007-01-12,2007,1,12,Friday,71.19,70.2,71.48,0.99,77.0,1.347,3.7501,30.02,0,EIA/FRED/Bloomberg reference + synthetic daily interpolation
2007-01-15,2007,1,15,Monday,71.53,69.1,72.61,2.43,76.97,1.3424,3.7498,30.29,0,EIA/FRED/Bloomberg reference + synthetic daily interpolation
2007-01-16,2007,1,16,Tuesday,70.8,69.28,72.22,1.52,73.73,1.4034,3.7497,30.3,0,EIA/FRED/Bloomberg reference + synthetic daily interpolation
2007-01-17,2007,1,17,Wednesday,72.43,69.79,73.79,2.64,76.67,1.353,3.7501,30.44,0,EIA/FRED/Bloomberg reference + synthetic daily interpolation
2007-01-18,2007,1,18,Thursday,70.19,69.63,71.42,0.56,76.95,1.3271,3.7498,30.16,0,EIA/FRED/Bloomberg reference + synthetic daily interpolation
2007-01-19,2007,1,19,Friday,69.63,64.95,70.33,4.68,76.77,1.3506,3.7499,30.27,0,EIA/FRED/Bloomberg reference + synthetic daily interpolation
2007-01-22,2007,1,22,Monday,71.06,68.0,71.79,3.06,76.28,1.3577,3.75,30.36,0,EIA/FRED/Bloomberg reference + synthetic daily interpolation
2007-01-23,2007,1,23,Tuesday,72.36,68.7,73.81,3.66,78.69,1.323,3.75,30.47,0,EIA/FRED/Bloomberg reference + synthetic daily interpolation
2007-01-24,2007,1,24,Wednesday,69.91,64.33,69.63,5.58,77.41,1.3375,3.7498,30.29,0,EIA/FRED/Bloomberg reference + synthetic daily interpolation
2007-01-25,2007,1,25,Thursday,74.09,72.88,74.19,1.21,75.96,1.3646,3.75,30.15,0,EIA/FRED/Bloomberg reference + synthetic daily interpolation
2007-01-26,2007,1,26,Friday,69.96,68.69,70.82,1.27,77.22,1.3389,3.7499,30.43,0,EIA/FRED/Bloomberg reference + synthetic daily interpolation
2007-01-29,2007,1,29,Monday,72.54,70.9,71.15,1.64,77.4,1.3316,3.75,30.02,0,EIA/FRED/Bloomberg reference + synthetic daily interpolation
2007-01-30,2007,1,30,Tuesday,69.21,68.42,69.34,0.79,76.13,1.3567,3.7497,30.22,0,EIA/FRED/Bloomberg reference + synthetic daily interpolation
2007-01-31,2007,1,31,Wednesday,70.85,66.26,69.38,4.59,76.98,1.3487,3.75,29.81,0,EIA/FRED/Bloomberg reference + synthetic daily interpolation
2007-02-01,2007,2,1,Thursday,69.61,66.15,70.54,3.46,76.94,1.3498,3.7498,30.12,0,EIA/FRED/Bloomberg reference + synthetic daily interpolation
2007-02-02,2007,2,2,Friday,70.61,68.13,70.57,2.48,74.11,1.385,3.7497,30.14,0,EIA/FRED/Bloomberg reference + synthetic daily interpolation
2007-02-05,2007,2,5,Monday,71.69,68.31,72.32,3.38,75.29,1.3647,3.7499,31.02,0,EIA/FRED/Bloomberg reference + synthetic daily interpolation
2007-02-06,2007,2,6,Tuesday,72.98,69.34,72.64,3.64,79.98,1.3017,3.7499,29.83,0,EIA/FRED/Bloomberg reference + synthetic daily interpolation
2007-02-07,2007,2,7,Wednesday,73.3,70.84,72.71,2.46,77.03,1.3421,3.7498,29.79,0,EIA/FRED/Bloomberg reference + synthetic daily interpolation
2007-02-08,2007,2,8,Thursday,70.17,68.45,70.53,1.72,77.25,1.3447,3.7498,29.94,0,EIA/FRED/Bloomberg reference + synthetic daily interpolation
2007-02-09,2007,2,9,Friday,69.9,66.92,70.34,2.98,78.33,1.3247,3.7499,29.88,0,EIA/FRED/Bloomberg reference + synthetic daily interpolation
2007-02-12,2007,2,12,Monday,72.09,67.6,70.99,4.49,77.53,1.3369,3.75,30.76,0,EIA/FRED/Bloomberg reference + synthetic daily interpolation
2007-02-13,2007,2,13,Tuesday,71.93,68.06,72.25,3.87,78.25,1.3224,3.7499,30.17,0,EIA/FRED/Bloomberg reference + synthetic daily interpolation
2007-02-14,2007,2,14,Wednesday,72.37,68.06,70.94,4.31,77.52,1.343,3.7498,29.45,0,EIA/FRED/Bloomberg reference + synthetic daily interpolation
2007-02-15,2007,2,15,Thursday,70.89,65.09,71.78,5.8,77.03,1.3371,3.75,30.15,0,EIA/FRED/Bloomberg reference + synthetic daily interpolation
2007-02-16,2007,2,16,Friday,71.85,68.95,72.98,2.9,76.58,1.3452,3.7499,30.16,0,EIA/FRED/Bloomberg reference + synthetic daily interpolation
2007-02-19,2007,2,19,Monday,70.79,67.77,72.26,3.02,75.35,1.37,3.75,30.41,0,EIA/FRED/Bloomberg reference + synthetic daily interpolation
2007-02-20,2007,2,20,Tuesday,70.68,67.25,69.92,3.43,75.65,1.3635,3.7499,30.12,0,EIA/FRED/Bloomberg reference + synthetic daily interpolation
2007-02-21,2007,2,21,Wednesday,71.96,68.56,71.02,3.4,77.52,1.3417,3.7497,30.47,0,EIA/FRED/Bloomberg reference + synthetic daily interpolation
2007-02-22,2007,2,22,Thursday,72.65,67.97,71.88,4.68,76.26,1.3524,3.7499,30.46,0,EIA/FRED/Bloomberg reference + synthetic daily interpolation
2007-02-23,2007,2,23,Friday,72.02,68.2,72.37,3.82,77.56,1.3345,3.7497,29.69,0,EIA/FRED/Bloomberg reference + synthetic daily interpolation
2007-02-26,2007,2,26,Monday,71.88,67.29,71.62,4.59,75.07,1.3769,3.7498,30.25,0,EIA/FRED/Bloomberg reference + synthetic daily interpolation
2007-02-27,2007,2,27,Tuesday,72.47,69.27,71.06,3.2,78.08,1.3367,3.7496,30.65,0,EIA/FRED/Bloomberg reference + synthetic daily interpolation
2007-02-28,2007,2,28,Wednesday,73.92,70.85,73.03,3.07,76.3,1.3524,3.75,30.5,0,EIA/FRED/Bloomberg reference + synthetic daily interpolation
2007-03-01,2007,3,1,Thursday,73.94,69.83,73.82,4.11,76.28,1.3466,3.7497,30.05,0,EIA/FRED/Bloomberg reference + synthetic daily interpolation
2007-03-02,2007,3,2,Friday,71.57,68.29,70.87,3.28,77.45,1.3518,3.7498,29.41,0,EIA/FRED/Bloomberg reference + synthetic daily interpolation
2007-03-05,2007,3,5,Monday,73.83,70.14,72.43,3.69,78.21,1.3273,3.7498,29.95,0,EIA/FRED/Bloomberg reference + synthetic daily interpolation
2007-03-06,2007,3,6,Tuesday,70.94,66.33,70.06,4.61,77.14,1.3407,3.7498,30.58,0,EIA/FRED/Bloomberg reference + synthetic daily interpolation
2007-03-07,2007,3,7,Wednesday,72.17,67.44,73.33,4.73,76.15,1.3554,3.7498,29.8,0,EIA/FRED/Bloomberg reference + synthetic daily interpolation
2007-03-08,2007,3,8,Thursday,73.57,67.9,72.34,5.67,78.83,1.3171,3.75,30.02,0,EIA/FRED/Bloomberg reference + synthetic daily interpolation
2007-03-09,2007,3,9,Friday,72.65,71.06,71.44,1.59,74.41,1.3895,3.75,29.84,0,EIA/FRED/Bloomberg reference + synthetic daily interpolation
2007-03-12,2007,3,12,Monday,72.1,66.38,70.92,5.72,76.26,1.3642,3.75,29.99,0,EIA/FRED/Bloomberg reference + synthetic daily interpolation
2007-03-13,2007,3,13,Tuesday,71.91,66.12,72.92,5.79,76.66,1.3559,3.7497,30.45,0,EIA/FRED/Bloomberg reference + synthetic daily interpolation
2007-03-14,2007,3,14,Wednesday,72.87,69.95,73.02,2.92,78.63,1.3236,3.75,30.04,0,EIA/FRED/Bloomberg reference + synthetic daily interpolation
2007-03-15,2007,3,15,Thursday,72.56,66.87,71.15,5.69,76.07,1.3636,3.7501,30.38,0,EIA/FRED/Bloomberg reference + synthetic daily interpolation
2007-03-16,2007,3,16,Friday,73.54,70.06,74.72,3.48,76.62,1.3453,3.7499,30.65,0,EIA/FRED/Bloomberg reference + synthetic daily interpolation
2007-03-19,2007,3,19,Monday,72.68,70.88,72.52,1.8,76.73,1.353,3.7496,30.35,0,EIA/FRED/Bloomberg reference + synthetic daily interpolation
2007-03-20,2007,3,20,Tuesday,72.19,68.29,72.2,3.9,75.13,1.3781,3.7496,30.14,0,EIA/FRED/Bloomberg reference + synthetic daily interpolation
2007-03-21,2007,3,21,Wednesday,74.71,71.07,74.99,3.64,76.25,1.3527,3.75,30.39,0,EIA/FRED/Bloomberg reference + synthetic daily interpolation
2007-03-22,2007,3,22,Thursday,73.27,67.65,72.66,5.62,77.5,1.3342,3.7499,29.84,0,EIA/FRED/Bloomberg reference + synthetic daily interpolation
2007-03-23,2007,3,23,Friday,73.13,72.01,74.09,1.12,76.23,1.352,3.75,29.92,0,EIA/FRED/Bloomberg reference + synthetic daily interpolation
2007-03-26,2007,3,26,Monday,73.64,70.27,72.28,3.37,76.2,1.3608,3.7499,30.09,0,EIA/FRED/Bloomberg reference + synthetic daily interpolation
2007-03-27,2007,3,27,Tuesday,73.73,71.58,74.64,2.15,76.99,1.3501,3.7498,29.31,0,EIA/FRED/Bloomberg reference + synthetic daily interpolation
2007-03-28,2007,3,28,Wednesday,74.19,70.48,74.66,3.71,77.63,1.332,3.7497,30.44,0,EIA/FRED/Bloomberg reference + synthetic daily interpolation
2007-03-29,2007,3,29,Thursday,74.45,68.53,73.66,5.92,75.08,1.3704,3.7499,30.73,0,EIA/FRED/Bloomberg reference + synthetic daily interpolation
2007-03-30,2007,3,30,Friday,73.66,70.91,73.67,2.75,77.11,1.3425,3.7499,30.01,0,EIA/FRED/Bloomberg reference + synthetic daily interpolation
2007-04-02,2007,4,2,Monday,73.73,68.67,72.6,5.06,75.86,1.3616,3.7497,30.53,0,EIA/FRED/Bloomberg reference + synthetic daily interpolation
2007-04-03,2007,4,3,Tuesday,75.01,70.58,75.49,4.43,78.9,1.3166,3.7499,30.09,0,EIA/FRED/Bloomberg reference + synthetic daily interpolation
2007-04-04,2007,4,4,Wednesday,74.08,68.84,73.08,5.24,75.45,1.3766,3.7497,29.87,0,EIA/FRED/Bloomberg reference + synthetic daily interpolation
2007-04-05,2007,4,5,Thursday,74.04,68.72,72.63,5.32,77.1,1.3473,3.7498,28.85,0,EIA/FRED/Bloomberg reference + synthetic daily interpolation
2007-04-06,2007,4,6,Friday,74.74,73.73,74.36,1.01,78.57,1.3243,3.7499,30.45,0,EIA/FRED/Bloomberg reference + synthetic daily interpolation
2007-04-09,2007,4,9,Monday,74.76,71.13,75.0,3.63,77.15,1.3475,3.75,29.38,0,EIA/FRED/Bloomberg reference + synthetic daily interpolation
2007-04-10,2007,4,10,Tuesday,75.89,73.54,76.12,2.35,75.77,1.3562,3.7499,30.43,0,EIA/FRED/Bloomberg reference + synthetic daily interpolation
2007-04-11,2007,4,11,Wednesday,73.11,69.68,71.85,3.43,75.09,1.3766,3.7496,30.18,0,EIA/FRED/Bloomberg reference + synthetic daily interpolation
2007-04-12,2007,4,12,Thursday,74.39,72.18,75.73,2.21,76.04,1.3575,3.7497,30.75,0,EIA/FRED/Bloomberg reference + synthetic daily interpolation
2007-04-13,2007,4,13,Friday,72.07,68.5,72.72,3.57,77.25,1.3298,3.7498,29.0,0,EIA/FRED/Bloomberg reference + synthetic daily interpolation
2007-04-16,2007,4,16,Monday,74.68,73.62,74.45,1.06,77.61,1.3413,3.7497,30.64,0,EIA/FRED/Bloomberg reference + synthetic daily interpolation
2007-04-17,2007,4,17,Tuesday,75.99,73.95,75.55,2.04,77.04,1.3441,3.75,30.68,0,EIA/FRED/Bloomberg reference + synthetic daily interpolation
2007-04-18,2007,4,18,Wednesday,73.08,72.35,71.74,0.73,77.53,1.3369,3.75,31.13,0,EIA/FRED/Bloomberg reference + synthetic daily interpolation
2007-04-19,2007,4,19,Thursday,75.75,72.52,75.82,3.23,76.3,1.3579,3.7498,29.62,0,EIA/FRED/Bloomberg reference + synthetic daily interpolation
2007-04-20,2007,4,20,Friday,74.4,73.32,74.97,1.08,79.4,1.3004,3.7501,30.3,0,EIA/FRED/Bloomberg reference + synthetic daily interpolation
2007-04-23,2007,4,23,Monday,73.04,68.58,73.49,4.46,80.07,1.2909,3.7499,30.68,0,EIA/FRED/Bloomberg reference + synthetic daily interpolation
2007-04-24,2007,4,24,Tuesday,72.53,69.67,72.5,2.86,77.18,1.3436,3.7499,30.79,0,EIA/FRED/Bloomberg reference + synthetic daily interpolation
2007-04-25,2007,4,25,Wednesday,75.3,71.82,76.5,3.48,76.38,1.352,3.7499,29.88,0,EIA/FRED/Bloomberg reference + synthetic daily interpolation
2007-04-26,2007,4,26,Thursday,74.24,70.0,75.27,4.24,77.41,1.3374,3.7497,29.46,0,EIA/FRED/Bloomberg reference + synthetic daily interpolation
2007-04-27,2007,4,27,Friday,76.62,73.33,76.61,3.29,76.58,1.3486,3.7498,30.24,0,EIA/FRED/Bloomberg reference + synthetic daily interpolation
2007-04-30,2007,4,30,Monday,75.41,73.35,75.9,2.06,75.46,1.3644,3.7499,29.59,0,EIA/FRED/Bloomberg reference + synthetic daily interpolation
2007-05-01,2007,5,1,Tuesday,71.53,66.54,72.57,4.99,78.08,1.3235,3.7499,29.64,0,EIA/FRED/Bloomberg reference + synthetic daily interpolation
2007-05-02,2007,5,2,Wednesday,74.55,71.04,75.95,3.51,76.0,1.3635,3.7496,30.2,0,EIA/FRED/Bloomberg reference + synthetic daily interpolation
2007-05-03,2007,5,3,Thursday,75.32,73.63,75.09,1.69,75.49,1.367,3.7497,30.71,0,EIA/FRED/Bloomberg reference + synthetic daily interpolation
2007-05-04,2007,5,4,Friday,76.08,72.52,74.62,3.56,76.63,1.3595,3.7498,30.7,0,EIA/FRED/Bloomberg reference + synthetic daily interpolation
2007-05-07,2007,5,7,Monday,75.5,74.59,75.83,0.91,77.47,1.3358,3.75,29.75,0,EIA/FRED/Bloomberg reference + synthetic daily interpolation
2007-05-08,2007,5,8,Tuesday,74.91,72.07,74.39,2.84,76.23,1.3666,3.7496,29.55,0,EIA/FRED/Bloomberg reference + synthetic daily interpolation
2007-05-09,2007,5,9,Wednesday,76.01,71.05,76.73,4.96,77.95,1.3211,3.7496,30.46,0,EIA/FRED/Bloomberg reference + synthetic daily interpolation
2007-05-10,2007,5,10,Thursday,73.73,70.72,73.25,3.01,75.3,1.3731,3.7499,29.38,0,EIA/FRED/Bloomberg reference + synthetic daily interpolation
2007-05-11,2007,5,11,Friday,73.39,70.97,73.85,2.42,76.04,1.3596,3.7501,30.35,0,EIA/FRED/Bloomberg reference + synthetic daily interpolation
2007-05-14,2007,5,14,Monday,75.55,71.65,74.1,3.9,75.74,1.3601,3.75,29.46,0,EIA/FRED/Bloomberg reference + synthetic daily interpolation
2007-05-15,2007,5,15,Tuesday,73.36,71.87,74.4,1.49,75.93,1.3548,3.7497,29.69,0,EIA/FRED/Bloomberg reference + synthetic daily interpolation
2007-05-16,2007,5,16,Wednesday,75.9,74.93,76.2,0.97,76.49,1.3539,3.7498,30.35,0,EIA/FRED/Bloomberg reference + synthetic daily interpolation
2007-05-17,2007,5,17,Thursday,74.61,73.35,76.05,1.26,75.6,1.3693,3.7497,29.85,0,EIA/FRED/Bloomberg reference + synthetic daily interpolation
2007-05-18,2007,5,18,Friday,73.1,70.84,74.32,2.26,78.09,1.3352,3.7499,30.72,0,EIA/FRED/Bloomberg reference + synthetic daily interpolation
2007-05-21,2007,5,21,Monday,76.78,71.01,75.53,5.77,76.76,1.3437,3.75,29.58,0,EIA/FRED/Bloomberg reference + synthetic daily interpolation
2007-05-22,2007,5,22,Tuesday,75.07,70.35,74.5,4.72,75.76,1.3631,3.7501,30.58,0,EIA/FRED/Bloomberg reference + synthetic daily interpolation
2007-05-23,2007,5,23,Wednesday,74.35,70.38,75.21,3.97,75.21,1.3756,3.7497,29.9,0,EIA/FRED/Bloomberg reference + synthetic daily interpolation
2007-05-24,2007,5,24,Thursday,75.84,72.6,75.81,3.24,76.55,1.3504,3.7496,29.33,0,EIA/FRED/Bloomberg reference + synthetic daily interpolation
2007-05-25,2007,5,25,Friday,77.3,71.56,76.42,5.74,76.56,1.3488,3.7497,30.24,0,EIA/FRED/Bloomberg reference + synthetic daily interpolation
2007-05-28,2007,5,28,Monday,76.06,74.73,77.04,1.33,76.46,1.3539,3.7499,30.08,0,EIA/FRED/Bloomberg reference + synthetic daily interpolation
2007-05-29,2007,5,29,Tuesday,74.08,70.17,74.38,3.91,77.65,1.3315,3.7497,30.26,0,EIA/FRED/Bloomberg reference + synthetic daily interpolation
2007-05-30,2007,5,30,Wednesday,75.3,70.55,73.82,4.75,75.46,1.3744,3.7497,30.17,0,EIA/FRED/Bloomberg reference + synthetic daily interpolation
2007-05-31,2007,5,31,Thursday,75.84,71.39,75.89,4.45,75.84,1.3661,3.7498,30.78,0,EIA/FRED/Bloomberg reference + synthetic daily interpolation
2007-06-01,2007,6,1,Friday,75.03,72.95,73.98,2.08,77.84,1.3389,3.75,30.31,0,EIA/FRED/Bloomberg reference + synthetic daily interpolation
2007-06-04,2007,6,4,Monday,75.41,74.1,76.54,1.31,76.58,1.3551,3.75,29.96,0,EIA/FRED/Bloomberg reference + synthetic daily interpolation
2007-06-05,2007,6,5,Tuesday,73.49,71.47,74.09,2.02,76.99,1.3413,3.7496,31.04,0,EIA/FRED/Bloomberg reference + synthetic daily interpolation
2007-06-06,2007,6,6,Wednesday,73.97,70.8,73.14,3.17,75.97,1.352,3.7497,30.41,0,EIA/FRED/Bloomberg reference + synthetic daily interpolation
2007-06-07,2007,6,7,Thursday,74.37,69.28,74.65,5.09,74.94,1.3738,3.7498,30.11,0,EIA/FRED/Bloomberg reference + synthetic daily interpolation
2007-06-08,2007,6,8,Friday,74.88,73.75,76.17,1.13,77.02,1.3465,3.7498,31.03,0,EIA/FRED/Bloomberg reference + synthetic daily interpolation
2007-06-11,2007,6,11,Monday,74.55,69.09,74.6,5.46,74.95,1.3756,3.7501,30.32,0,EIA/FRED/Bloomberg reference + synthetic daily interpolation
2007-06-12,2007,6,12,Tuesday,74.01,72.68,73.44,1.33,77.79,1.3324,3.7498,30.22,0,EIA/FRED/Bloomberg reference + synthetic daily interpolation
2007-06-13,2007,6,13,Wednesday,73.53,70.64,72.68,2.89,76.0,1.3651,3.7498,29.86,0,EIA/FRED/Bloomberg reference + synthetic daily interpolation
2007-06-14,2007,6,14,Thursday,77.87,75.46,76.75,2.41,77.13,1.3506,3.7499,30.37,0,EIA/FRED/Bloomberg reference + synthetic daily interpolation
2007-06-15,2007,6,15,Friday,75.12,70.5,76.6,4.62,77.01,1.3423,3.7498,30.1,0,EIA/FRED/Bloomberg reference + synthetic daily interpolation
2007-06-18,2007,6,18,Monday,74.69,72.42,74.17,2.27,77.92,1.3335,3.7499,29.8,0,EIA/FRED/Bloomberg reference + synthetic daily interpolation
2007-06-19,2007,6,19,Tuesday,75.0,74.36,73.64,0.64,76.7,1.354,3.7497,30.07,0,EIA/FRED/Bloomberg reference + synthetic daily interpolation
2007-06-20,2007,6,20,Wednesday,74.53,68.74,73.51,5.79,77.99,1.3297,3.7498,29.74,0,EIA/FRED/Bloomberg reference + synthetic daily interpolation
2007-06-21,2007,6,21,Thursday,75.94,75.2,74.83,0.74,75.36,1.3679,3.7498,29.9,0,EIA/FRED/Bloomberg reference + synthetic daily interpolation
2007-06-22,2007,6,22,Friday,73.98,73.05,74.48,0.93,77.98,1.3322,3.7497,29.73,0,EIA/FRED/Bloomberg reference + synthetic daily interpolation
2007-06-25,2007,6,25,Monday,73.29,68.85,72.96,4.44,76.2,1.3595,3.7498,30.1,0,EIA/FRED/Bloomberg reference + synthetic daily interpolation
2007-06-26,2007,6,26,Tuesday,74.52,73.31,74.99,1.21,78.95,1.3178,3.75,30.46,0,EIA/FRED/Bloomberg reference + synthetic daily interpolation
2007-06-27,2007,6,27,Wednesday,74.78,69.03,73.94,5.75,76.3,1.3536,3.75,31.08,0,EIA/FRED/Bloomberg reference + synthetic daily interpolation
2007-06-28,2007,6,28,Thursday,76.27,73.81,76.54,2.46,77.49,1.334,3.7498,29.99,0,EIA/FRED/Bloomberg reference + synthetic daily interpolation
2007-06-29,2007,6,29,Friday,74.13,68.51,73.27,5.62,75.33,1.3662,3.7498,30.38,0,EIA/FRED/Bloomberg reference + synthetic daily interpolation
2007-07-02,2007,7,2,Monday,73.43,70.94,72.61,2.49,76.74,1.3529,3.7499,29.44,0,EIA/FRED/Bloomberg reference + synthetic daily interpolation
2007-07-03,2007,7,3,Tuesday,75.4,70.27,75.3,5.13,78.37,1.329,3.75,30.21,0,EIA/FRED/Bloomberg reference + synthetic daily interpolation
2007-07-04,2007,7,4,Wednesday,74.02,71.9,74.32,2.12,74.73,1.3792,3.7499,29.71,0,EIA/FRED/Bloomberg reference + synthetic daily interpolation
2007-07-05,2007,7,5,Thursday,75.96,73.19,74.67,2.77,75.3,1.3694,3.75,29.6,0,EIA/FRED/Bloomberg reference + synthetic daily interpolation
2007-07-06,2007,7,6,Friday,75.01,69.3,76.5,5.71,76.93,1.3436,3.7498,29.61,0,EIA/FRED/Bloomberg reference + synthetic daily interpolation
2007-07-09,2007,7,9,Monday,74.07,72.17,73.94,1.9,77.54,1.3364,3.7497,30.64,0,EIA/FRED/Bloomberg reference + synthetic daily interpolation
2007-07-10,2007,7,10,Tuesday,73.9,73.15,75.16,0.75,76.86,1.35,3.7497,30.4,0,EIA/FRED/Bloomberg reference + synthetic daily interpolation
2007-07-11,2007,7,11,Wednesday,74.0,70.44,75.29,3.56,75.78,1.3648,3.7497,30.42,0,EIA/FRED/Bloomberg reference + synthetic daily interpolation
2007-07-12,2007,7,12,Thursday,75.29,69.61,76.0,5.68,77.39,1.3371,3.7498,29.56,0,EIA/FRED/Bloomberg reference + synthetic daily interpolation
2007-07-13,2007,7,13,Friday,74.9,70.42,74.89,4.48,76.93,1.3461,3.7498,28.6,0,EIA/FRED/Bloomberg reference + synthetic daily interpolation
2007-07-16,2007,7,16,Monday,76.55,71.86,76.26,4.69,79.83,1.3029,3.7498,30.04,0,EIA/FRED/Bloomberg reference + synthetic daily interpolation
2007-07-17,2007,7,17,Tuesday,73.85,67.89,74.91,5.96,78.98,1.3243,3.75,29.94,0,EIA/FRED/Bloomberg reference + synthetic daily interpolation
2007-07-18,2007,7,18,Wednesday,73.99,70.29,75.27,3.7,77.6,1.3314,3.75,29.54,0,EIA/FRED/Bloomberg reference + synthetic daily interpolation
2007-07-19,2007,7,19,Thursday,74.12,69.27,74.91,4.85,77.32,1.3431,3.75,29.83,0,EIA/FRED/Bloomberg reference + synthetic daily interpolation
2007-07-20,2007,7,20,Friday,73.95,73.39,73.35,0.56,77.02,1.3376,3.7501,29.83,0,EIA/FRED/Bloomberg reference + synthetic daily interpolation
2007-07-23,2007,7,23,Monday,74.52,69.84,75.72,4.68,74.16,1.3952,3.7496,30.03,0,EIA/FRED/Bloomberg reference + synthetic daily interpolation
2007-07-24,2007,7,24,Tuesday,75.21,73.44,74.26,1.77,76.66,1.3612,3.7497,29.61,0,EIA/FRED/Bloomberg reference + synthetic daily interpolation
2007-07-25,2007,7,25,Wednesday,75.84,73.82,76.97,2.02,76.16,1.3567,3.7499,29.74,0,EIA/FRED/Bloomberg reference + synthetic daily interpolation
2007-07-26,2007,7,26,Thursday,76.13,73.25,74.92,2.88,77.44,1.3377,3.7496,29.82,0,EIA/FRED/Bloomberg reference + synthetic daily interpolation
2007-07-27,2007,7,27,Friday,74.59,71.02,73.36,3.57,76.71,1.3484,3.7499,30.05,0,EIA/FRED/Bloomberg reference + synthetic daily interpolation
2007-07-30,2007,7,30,Monday,73.18,70.61,73.56,2.57,76.21,1.3565,3.7498,29.86,0,EIA/FRED/Bloomberg reference + synthetic daily interpolation
2007-07-31,2007,7,31,Tuesday,74.76,72.27,76.21,2.49,75.11,1.3711,3.7498,30.38,0,EIA/FRED/Bloomberg reference + synthetic daily interpolation
2007-08-01,2007,8,1,Wednesday,73.59,69.67,73.59,3.92,76.78,1.337,3.7497,30.3,0,EIA/FRED/Bloomberg reference + synthetic daily interpolation
2007-08-02,2007,8,2,Thursday,73.25,68.96,72.76,4.29,75.31,1.3705,3.7498,29.54,0,EIA/FRED/Bloomberg reference + synthetic daily interpolation
2007-08-03,2007,8,3,Friday,73.62,71.11,72.75,2.51,77.0,1.3399,3.7497,30.13,0,EIA/FRED/Bloomberg reference + synthetic daily interpolation
2007-08-06,2007,8,6,Monday,73.16,71.25,73.45,1.91,75.97,1.3587,3.75,28.91,0,EIA/FRED/Bloomberg reference + synthetic daily interpolation
2007-08-07,2007,8,7,Tuesday,72.64,68.55,73.54,4.09,77.61,1.3438,3.75,30.34,0,EIA/FRED/Bloomberg reference + synthetic daily interpolation
2007-08-08,2007,8,8,Wednesday,74.92,74.35,75.85,0.57,77.05,1.3422,3.75,30.29,0,EIA/FRED/Bloomberg reference + synthetic daily interpolation
2007-08-09,2007,8,9,Thursday,73.57,71.84,72.39,1.73,75.58,1.3785,3.7498,30.24,0,EIA/FRED/Bloomberg reference + synthetic daily interpolation
2007-08-10,2007,8,10,Friday,74.1,68.25,74.1,5.85,76.96,1.3472,3.7501,29.93,0,EIA/FRED/Bloomberg reference + synthetic daily interpolation
2007-08-13,2007,8,13,Monday,73.01,67.76,73.08,5.25,75.01,1.3804,3.7498,30.49,0,EIA/FRED/Bloomberg reference + synthetic daily interpolation
2007-08-14,2007,8,14,Tuesday,71.41,66.37,72.02,5.04,78.98,1.3164,3.7501,29.75,0,EIA/FRED/Bloomberg reference + synthetic daily interpolation
2007-08-15,2007,8,15,Wednesday,72.0,71.01,73.44,0.99,75.24,1.3721,3.7501,29.59,0,EIA/FRED/Bloomberg reference + synthetic daily interpolation
2007-08-16,2007,8,16,Thursday,74.16,70.51,74.05,3.65,76.86,1.3525,3.7501,29.67,0,EIA/FRED/Bloomberg reference + synthetic daily interpolation
2007-08-17,2007,8,17,Friday,72.54,71.79,71.58,0.75,76.96,1.3486,3.7498,30.02,0,EIA/FRED/Bloomberg reference + synthetic daily interpolation
2007-08-20,2007,8,20,Monday,72.61,69.31,72.27,3.3,73.61,1.3902,3.75,30.69,0,EIA/FRED/Bloomberg reference + synthetic daily interpolation
2007-08-21,2007,8,21,Tuesday,72.09,69.01,72.58,3.08,76.72,1.3444,3.7501,29.79,0,EIA/FRED/Bloomberg reference + synthetic daily interpolation
2007-08-22,2007,8,22,Wednesday,73.08,68.35,73.05,4.73,77.29,1.3408,3.7498,30.0,0,EIA/FRED/Bloomberg reference + synthetic daily interpolation
2007-08-23,2007,8,23,Thursday,72.35,66.54,72.88,5.81,77.3,1.3492,3.75,30.13,0,EIA/FRED/Bloomberg reference + synthetic daily interpolation
2007-08-24,2007,8,24,Friday,72.65,66.83,72.42,5.82,75.93,1.3661,3.7499,30.61,0,EIA/FRED/Bloomberg reference + synthetic daily interpolation
2007-08-27,2007,8,27,Monday,71.36,68.55,70.05,2.81,78.01,1.3272,3.7499,28.92,0,EIA/FRED/Bloomberg reference + synthetic daily interpolation
2007-08-28,2007,8,28,Tuesday,72.95,69.69,74.41,3.26,74.46,1.3843,3.7501,29.31,0,EIA/FRED/Bloomberg reference + synthetic daily interpolation
2007-08-29,2007,8,29,Wednesday,71.37,65.65,72.62,5.72,77.93,1.3308,3.7497,29.8,0,EIA/FRED/Bloomberg reference + synthetic daily interpolation
2007-08-30,2007,8,30,Thursday,72.44,70.84,72.41,1.6,77.64,1.3292,3.75,30.14,0,EIA/FRED/Bloomberg reference + synthetic daily interpolation
2007-08-31,2007,8,31,Friday,71.37,68.7,72.49,2.67,76.61,1.3553,3.7498,30.07,0,EIA/FRED/Bloomberg reference + synthetic daily interpolation
2007-09-03,2007,9,3,Monday,71.15,69.22,71.4,1.93,76.58,1.3567,3.7496,29.67,0,EIA/FRED/Bloomberg reference + synthetic daily interpolation
2007-09-04,2007,9,4,Tuesday,73.38,68.82,72.71,4.56,75.84,1.3637,3.7498,30.8,0,EIA/FRED/Bloomberg reference + synthetic daily interpolation
2007-09-05,2007,9,5,Wednesday,72.46,70.57,73.28,1.89,76.78,1.3541,3.7499,30.9,0,EIA/FRED/Bloomberg reference + synthetic daily interpolation
2007-09-06,2007,9,6,Thursday,72.13,67.89,72.87,4.24,75.9,1.3587,3.7497,29.78,0,EIA/FRED/Bloomberg reference + synthetic daily interpolation
2007-09-07,2007,9,7,Friday,71.33,70.68,71.15,0.65,77.08,1.3401,3.75,31.38,0,EIA/FRED/Bloomberg reference + synthetic daily interpolation
2007-09-10,2007,9,10,Monday,72.44,69.05,72.06,3.39,75.92,1.3605,3.7499,30.69,0,EIA/FRED/Bloomberg reference + synthetic daily interpolation
2007-09-11,2007,9,11,Tuesday,71.16,69.63,71.48,1.53,76.72,1.356,3.7498,30.09,0,EIA/FRED/Bloomberg reference + synthetic daily interpolation
2007-09-12,2007,9,12,Wednesday,71.44,65.89,72.37,5.55,77.53,1.3377,3.7497,31.1,0,EIA/FRED/Bloomberg reference + synthetic daily interpolation
2007-09-13,2007,9,13,Thursday,71.26,70.28,69.76,0.98,77.31,1.3379,3.75,29.84,0,EIA/FRED/Bloomberg reference + synthetic daily interpolation
2007-09-14,2007,9,14,Friday,69.66,67.43,68.3,2.23,76.65,1.3475,3.7498,30.18,0,EIA/FRED/Bloomberg reference + synthetic daily interpolation
2007-09-17,2007,9,17,Monday,72.84,68.87,72.64,3.97,77.0,1.349,3.7498,30.0,0,EIA/FRED/Bloomberg reference + synthetic daily interpolation
2007-09-18,2007,9,18,Tuesday,72.58,68.28,74.07,4.3,77.85,1.3308,3.7498,30.44,0,EIA/FRED/Bloomberg reference + synthetic daily interpolation
2007-09-19,2007,9,19,Wednesday,71.59,66.38,70.5,5.21,74.48,1.3836,3.7499,29.86,0,EIA/FRED/Bloomberg reference + synthetic daily interpolation
2007-09-20,2007,9,20,Thursday,71.45,67.68,72.3,3.77,76.18,1.3492,3.7497,30.17,0,EIA/FRED/Bloomberg reference + synthetic daily interpolation
2007-09-21,2007,9,21,Friday,70.99,70.0,70.03,0.99,76.34,1.355,3.75,30.88,0,EIA/FRED/Bloomberg reference + synthetic daily interpolation
2007-09-24,2007,9,24,Monday,72.58,70.28,72.26,2.3,77.63,1.335,3.75,29.4,0,EIA/FRED/Bloomberg reference + synthetic daily interpolation
2007-09-25,2007,9,25,Tuesday,71.36,69.75,70.45,1.61,76.9,1.3559,3.7498,30.07,0,EIA/FRED/Bloomberg reference + synthetic daily interpolation
2007-09-26,2007,9,26,Wednesday,71.83,69.56,72.92,2.27,75.4,1.3747,3.7498,29.27,0,EIA/FRED/Bloomberg reference + synthetic daily interpolation
2007-09-27,2007,9,27,Thursday,69.89,69.26,70.82,0.63,75.58,1.3733,3.7499,30.15,0,EIA/FRED/Bloomberg reference + synthetic daily interpolation
2007-09-28,2007,9,28,Friday,71.24,66.56,69.83,4.68,75.49,1.3711,3.7498,30.11,0,EIA/FRED/Bloomberg reference + synthetic daily interpolation
2007-10-01,2007,10,1,Monday,70.47,69.5,71.51,0.97,76.14,1.3507,3.7497,30.27,0,EIA/FRED/Bloomberg reference + synthetic daily interpolation
2007-10-02,2007,10,2,Tuesday,71.39,66.03,71.09,5.36,77.4,1.341,3.7497,30.31,0,EIA/FRED/Bloomberg reference + synthetic daily interpolation
2007-10-03,2007,10,3,Wednesday,71.88,69.38,72.31,2.5,75.7,1.3639,3.7499,29.7,0,EIA/FRED/Bloomberg reference + synthetic daily interpolation
2007-10-04,2007,10,4,Thursday,68.04,62.54,67.29,5.5,75.5,1.3706,3.7496,30.61,0,EIA/FRED/Bloomberg reference + synthetic daily interpolation
2007-10-05,2007,10,5,Friday,70.03,64.14,70.0,5.89,77.03,1.3452,3.75,29.51,0,EIA/FRED/Bloomberg reference + synthetic daily interpolation
2007-10-08,2007,10,8,Monday,71.43,70.27,70.02,1.16,76.39,1.3548,3.7496,29.77,0,EIA/FRED/Bloomberg reference + synthetic daily interpolation
2007-10-09,2007,10,9,Tuesday,70.72,67.26,71.16,3.46,74.89,1.3796,3.7499,30.12,0,EIA/FRED/Bloomberg reference + synthetic daily interpolation
2007-10-10,2007,10,10,Wednesday,70.62,68.72,71.64,1.9,76.21,1.3596,3.7501,29.91,0,EIA/FRED/Bloomberg reference + synthetic daily interpolation
2007-10-11,2007,10,11,Thursday,71.22,66.99,72.32,4.23,77.9,1.3267,3.7498,29.41,0,EIA/FRED/Bloomberg reference + synthetic daily interpolation
2007-10-12,2007,10,12,Friday,70.26,68.72,71.36,1.54,74.61,1.3778,3.7497,29.84,0,EIA/FRED/Bloomberg reference + synthetic daily interpolation
2007-10-15,2007,10,15,Monday,69.36,63.44,68.6,5.92,77.9,1.3298,3.75,29.78,0,EIA/FRED/Bloomberg reference + synthetic daily interpolation
2007-10-16,2007,10,16,Tuesday,71.6,66.54,72.94,5.06,79.21,1.3114,3.7499,29.52,0,EIA/FRED/Bloomberg reference + synthetic daily interpolation
2007-10-17,2007,10,17,Wednesday,68.25,62.27,68.51,5.98,80.63,1.293,3.7501,30.79,0,EIA/FRED/Bloomberg reference + synthetic daily interpolation
2007-10-18,2007,10,18,Thursday,70.5,67.96,69.02,2.54,76.45,1.3488,3.7498,29.98,0,EIA/FRED/Bloomberg reference + synthetic daily interpolation
2007-10-19,2007,10,19,Friday,69.89,65.3,68.87,4.59,77.57,1.3302,3.75,29.57,0,EIA/FRED/Bloomberg reference + synthetic daily interpolation
2007-10-22,2007,10,22,Monday,69.13,65.21,68.77,3.92,77.29,1.3531,3.75,30.29,0,EIA/FRED/Bloomberg reference + synthetic daily interpolation
2007-10-23,2007,10,23,Tuesday,70.71,65.54,70.41,5.17,76.69,1.35,3.7497,29.43,0,EIA/FRED/Bloomberg reference + synthetic daily interpolation
2007-10-24,2007,10,24,Wednesday,70.55,69.4,70.11,1.15,77.48,1.3288,3.75,29.96,0,EIA/FRED/Bloomberg reference + synthetic daily interpolation
2007-10-25,2007,10,25,Thursday,69.27,67.87,68.12,1.4,77.83,1.3273,3.7498,31.24,0,EIA/FRED/Bloomberg reference + synthetic daily interpolation
2007-10-26,2007,10,26,Friday,71.57,69.28,70.14,2.29,77.04,1.3459,3.7501,30.19,0,EIA/FRED/Bloomberg reference + synthetic daily interpolation
2007-10-29,2007,10,29,Monday,70.07,64.09,71.13,5.98,77.27,1.3399,3.7501,29.78,0,EIA/FRED/Bloomberg reference + synthetic daily interpolation
2007-10-30,2007,10,30,Tuesday,71.91,67.11,70.51,4.8,76.95,1.3588,3.7501,29.75,0,EIA/FRED/Bloomberg reference + synthetic daily interpolation
2007-10-31,2007,10,31,Wednesday,70.88,66.48,70.03,4.4,75.41,1.3683,3.75,29.26,0,EIA/FRED/Bloomberg reference + synthetic daily interpolation
2007-11-01,2007,11,1,Thursday,68.43,64.7,68.51,3.73,76.69,1.3457,3.75,29.81,0,EIA/FRED/Bloomberg reference + synthetic daily interpolation
2007-11-02,2007,11,2,Friday,69.0,65.61,67.81,3.39,77.63,1.3307,3.7498,30.3,0,EIA/FRED/Bloomberg reference + synthetic daily interpolation
2007-11-05,2007,11,5,Monday,69.13,65.8,68.04,3.33,78.83,1.3135,3.7499,30.25,0,EIA/FRED/Bloomberg reference + synthetic daily interpolation
2007-11-06,2007,11,6,Tuesday,69.28,66.89,70.39,2.39,75.81,1.3671,3.7498,29.5,0,EIA/FRED/Bloomberg reference + synthetic daily interpolation
2007-11-07,2007,11,7,Wednesday,69.4,64.92,68.91,4.48,76.52,1.3534,3.7496,29.45,0,EIA/FRED/Bloomberg reference + synthetic daily interpolation
2007-11-08,2007,11,8,Thursday,69.49,64.99,70.55,4.5,75.02,1.3681,3.7497,29.6,0,EIA/FRED/Bloomberg reference + synthetic daily interpolation
2007-11-09,2007,11,9,Friday,69.58,65.37,69.1,4.21,77.62,1.3281,3.7499,29.94,0,EIA/FRED/Bloomberg reference + synthetic daily interpolation
2007-11-12,2007,11,12,Monday,71.28,65.91,72.32,5.37,76.58,1.3453,3.7497,30.08,0,EIA/FRED/Bloomberg reference + synthetic daily interpolation
2007-11-13,2007,11,13,Tuesday,70.63,68.53,69.84,2.1,76.06,1.3638,3.75,29.71,0,EIA/FRED/Bloomberg reference + synthetic daily interpolation
2007-11-14,2007,11,14,Wednesday,68.93,64.12,69.23,4.81,77.56,1.3255,3.7498,29.8,0,EIA/FRED/Bloomberg reference + synthetic daily interpolation
2007-11-15,2007,11,15,Thursday,70.62,65.4,70.64,5.22,76.28,1.3486,3.7498,30.17,0,EIA/FRED/Bloomberg reference + synthetic daily interpolation
2007-11-16,2007,11,16,Friday,68.58,63.86,68.44,4.72,75.3,1.3706,3.7498,30.44,0,EIA/FRED/Bloomberg reference + synthetic daily interpolation
2007-11-19,2007,11,19,Monday,68.71,63.37,67.56,5.34,76.97,1.3508,3.75,30.02,0,EIA/FRED/Bloomberg reference + synthetic daily interpolation
2007-11-20,2007,11,20,Tuesday,67.46,65.59,67.75,1.87,76.53,1.3514,3.7496,30.0,0,EIA/FRED/Bloomberg reference + synthetic daily interpolation
2007-11-21,2007,11,21,Wednesday,70.38,67.88,71.83,2.5,75.71,1.3631,3.7499,29.18,0,EIA/FRED/Bloomberg reference + synthetic daily interpolation
2007-11-22,2007,11,22,Thursday,70.59,65.02,71.63,5.57,77.7,1.3377,3.7497,29.29,0,EIA/FRED/Bloomberg reference + synthetic daily interpolation
2007-11-23,2007,11,23,Friday,68.68,64.56,68.65,4.12,77.35,1.3437,3.7497,31.04,0,EIA/FRED/Bloomberg reference + synthetic daily interpolation
2007-11-26,2007,11,26,Monday,67.95,63.18,67.74,4.77,76.53,1.3602,3.7496,29.82,0,EIA/FRED/Bloomberg reference + synthetic daily interpolation
2007-11-27,2007,11,27,Tuesday,71.2,65.69,72.66,5.51,74.89,1.3771,3.7498,30.16,0,EIA/FRED/Bloomberg reference + synthetic daily interpolation
2007-11-28,2007,11,28,Wednesday,69.77,67.71,69.37,2.06,77.98,1.3349,3.7497,28.95,0,EIA/FRED/Bloomberg reference + synthetic daily interpolation
2007-11-29,2007,11,29,Thursday,69.46,64.45,68.13,5.01,76.47,1.3576,3.7499,30.22,0,EIA/FRED/Bloomberg reference + synthetic daily interpolation
2007-11-30,2007,11,30,Friday,68.42,64.5,67.93,3.92,78.02,1.3198,3.75,30.61,0,EIA/FRED/Bloomberg reference + synthetic daily interpolation
2007-12-03,2007,12,3,Monday,69.11,65.54,70.52,3.57,76.96,1.3503,3.7501,29.68,0,EIA/FRED/Bloomberg reference + synthetic daily interpolation
2007-12-04,2007,12,4,Tuesday,68.0,62.77,67.74,5.23,75.16,1.3722,3.75,30.06,0,EIA/FRED/Bloomberg reference + synthetic daily interpolation
2007-12-05,2007,12,5,Wednesday,69.52,63.58,70.25,5.94,77.89,1.3349,3.75,30.42,0,EIA/FRED/Bloomberg reference + synthetic daily interpolation
2007-12-06,2007,12,6,Thursday,69.65,66.54,69.26,3.11,76.05,1.3642,3.7498,30.48,0,EIA/FRED/Bloomberg reference + synthetic daily interpolation
2007-12-07,2007,12,7,Friday,70.7,67.02,70.95,3.68,76.96,1.3519,3.75,30.22,0,EIA/FRED/Bloomberg reference + synthetic daily interpolation
2007-12-10,2007,12,10,Monday,67.97,62.16,69.08,5.81,76.08,1.3543,3.7499,31.1,0,EIA/FRED/Bloomberg reference + synthetic daily interpolation
2007-12-11,2007,12,11,Tuesday,68.84,62.93,68.98,5.91,76.54,1.351,3.7496,29.5,0,EIA/FRED/Bloomberg reference + synthetic daily interpolation
2007-12-12,2007,12,12,Wednesday,70.88,67.34,71.17,3.54,77.66,1.3377,3.7497,30.59,0,EIA/FRED/Bloomberg reference + synthetic daily interpolation
2007-12-13,2007,12,13,Thursday,69.78,69.01,70.11,0.77,77.37,1.3464,3.7497,30.23,0,EIA/FRED/Bloomberg reference + synthetic daily interpolation
2007-12-14,2007,12,14,Friday,70.87,69.03,71.13,1.84,76.73,1.3494,3.7499,30.16,0,EIA/FRED/Bloomberg reference + synthetic daily interpolation
2007-12-17,2007,12,17,Monday,70.92,67.96,69.93,2.96,75.04,1.3642,3.7499,29.64,0,EIA/FRED/Bloomberg reference + synthetic daily interpolation
2007-12-18,2007,12,18,Tuesday,68.67,66.61,69.99,2.06,74.71,1.3783,3.7498,29.61,0,EIA/FRED/Bloomberg reference + synthetic daily interpolation
2007-12-19,2007,12,19,Wednesday,69.89,65.28,69.21,4.61,77.06,1.3419,3.7496,30.17,0,EIA/FRED/Bloomberg reference + synthetic daily interpolation
2007-12-20,2007,12,20,Thursday,70.87,69.86,70.25,1.01,76.65,1.3452,3.7497,29.96,0,EIA/FRED/Bloomberg reference + synthetic daily interpolation
2007-12-21,2007,12,21,Friday,71.32,68.55,70.64,2.77,78.01,1.3309,3.7499,30.19,0,EIA/FRED/Bloomberg reference + synthetic daily interpolation
2007-12-24,2007,12,24,Monday,67.82,63.13,68.12,4.69,75.89,1.3631,3.7499,29.75,0,EIA/FRED/Bloomberg reference + synthetic daily interpolation
2007-12-25,2007,12,25,Tuesday,68.61,64.35,68.76,4.26,74.49,1.3861,3.7497,29.71,0,EIA/FRED/Bloomberg reference + synthetic daily interpolation
2007-12-26,2007,12,26,Wednesday,69.32,65.92,69.81,3.4,75.69,1.3761,3.7498,29.0,0,EIA/FRED/Bloomberg reference + synthetic daily interpolation
2007-12-27,2007,12,27,Thursday,67.75,64.12,68.36,3.63,76.71,1.3585,3.7498,29.7,0,EIA/FRED/Bloomberg reference + synthetic daily interpolation
2007-12-28,2007,12,28,Friday,70.11,68.82,70.46,1.29,77.39,1.3393,3.7498,30.33,0,EIA/FRED/Bloomberg reference + synthetic daily interpolation
2007-12-31,2007,12,31,Monday,68.06,62.9,69.38,5.16,77.02,1.341,3.7501,29.7,0,EIA/FRED/Bloomberg reference + synthetic daily interpolation
2008-01-01,2008,1,1,Tuesday,95.43,89.45,95.49,5.98,81.79,1.2725,3.7501,30.51,0,EIA/FRED/Bloomberg reference + synthetic daily interpolation
2008-01-02,2008,1,2,Wednesday,95.2,90.4,94.14,4.8,80.31,1.2891,3.7501,30.16,0,EIA/FRED/Bloomberg reference + synthetic daily interpolation
2008-01-03,2008,1,3,Thursday,93.6,90.02,92.51,3.58,81.91,1.2693,3.7497,29.76,0,EIA/FRED/Bloomberg reference + synthetic daily interpolation
2008-01-04,2008,1,4,Friday,94.7,92.72,96.14,1.98,81.0,1.2834,3.7499,29.98,0,EIA/FRED/Bloomberg reference + synthetic daily interpolation
2008-01-07,2008,1,7,Monday,94.69,89.33,94.75,5.36,80.54,1.2971,3.7496,30.36,0,EIA/FRED/Bloomberg reference + synthetic daily interpolation
2008-01-08,2008,1,8,Tuesday,95.95,92.24,96.51,3.71,82.11,1.2661,3.75,30.02,0,EIA/FRED/Bloomberg reference + synthetic daily interpolation
2008-01-09,2008,1,9,Wednesday,92.89,88.73,93.76,4.16,79.71,1.3108,3.7499,30.37,0,EIA/FRED/Bloomberg reference + synthetic daily interpolation
2008-01-10,2008,1,10,Thursday,94.69,89.31,94.2,5.38,81.57,1.2743,3.7498,30.39,0,EIA/FRED/Bloomberg reference + synthetic daily interpolation
2008-01-11,2008,1,11,Friday,92.65,90.71,91.92,1.94,80.53,1.29,3.7498,30.49,0,EIA/FRED/Bloomberg reference + synthetic daily interpolation
2008-01-14,2008,1,14,Monday,96.48,93.96,95.3,2.52,82.29,1.2645,3.75,30.5,0,EIA/FRED/Bloomberg reference + synthetic daily interpolation
2008-01-15,2008,1,15,Tuesday,94.04,93.2,92.99,0.84,82.62,1.26,3.7498,30.18,0,EIA/FRED/Bloomberg reference + synthetic daily interpolation
2008-01-16,2008,1,16,Wednesday,95.12,92.59,93.77,2.53,80.42,1.3,3.7496,30.85,0,EIA/FRED/Bloomberg reference + synthetic daily interpolation
2008-01-17,2008,1,17,Thursday,94.73,89.04,93.3,5.69,80.58,1.2954,3.7497,30.57,0,EIA/FRED/Bloomberg reference + synthetic daily interpolation
2008-01-18,2008,1,18,Friday,97.97,94.46,96.62,3.51,82.0,1.272,3.7497,30.53,0,EIA/FRED/Bloomberg reference + synthetic daily interpolation
2008-01-21,2008,1,21,Monday,95.99,92.4,97.09,3.59,79.96,1.3014,3.75,30.67,0,EIA/FRED/Bloomberg reference + synthetic daily interpolation
2008-01-22,2008,1,22,Tuesday,97.92,93.73,98.5,4.19,82.13,1.2692,3.7497,30.37,0,EIA/FRED/Bloomberg reference + synthetic daily interpolation
2008-01-23,2008,1,23,Wednesday,95.19,94.47,96.64,0.72,81.72,1.2676,3.7496,30.47,0,EIA/FRED/Bloomberg reference + synthetic daily interpolation
2008-01-24,2008,1,24,Thursday,94.87,92.37,93.75,2.5,82.02,1.2716,3.7498,30.86,0,EIA/FRED/Bloomberg reference + synthetic daily interpolation
2008-01-25,2008,1,25,Friday,93.15,87.6,93.39,5.55,81.32,1.2755,3.7499,30.27,0,EIA/FRED/Bloomberg reference + synthetic daily interpolation
2008-01-28,2008,1,28,Monday,96.1,95.5,95.14,0.6,80.25,1.2927,3.7501,30.51,0,EIA/FRED/Bloomberg reference + synthetic daily interpolation
2008-01-29,2008,1,29,Tuesday,94.51,89.04,94.52,5.47,81.56,1.2807,3.75,30.0,0,EIA/FRED/Bloomberg reference + synthetic daily interpolation
2008-01-30,2008,1,30,Wednesday,94.33,88.9,94.99,5.43,81.45,1.2793,3.7496,30.16,0,EIA/FRED/Bloomberg reference + synthetic daily interpolation
2008-01-31,2008,1,31,Thursday,95.09,89.7,94.01,5.39,79.9,1.3054,3.7497,30.51,0,EIA/FRED/Bloomberg reference + synthetic daily interpolation
2008-02-01,2008,2,1,Friday,94.69,91.66,94.04,3.03,78.25,1.3305,3.7497,30.36,0,EIA/FRED/Bloomberg reference + synthetic daily interpolation
2008-02-04,2008,2,4,Monday,96.34,95.15,95.69,1.19,81.43,1.2756,3.7498,29.81,0,EIA/FRED/Bloomberg reference + synthetic daily interpolation
2008-02-05,2008,2,5,Tuesday,98.1,96.63,97.2,1.47,82.26,1.2688,3.7498,29.88,0,EIA/FRED/Bloomberg reference + synthetic daily interpolation
2008-02-06,2008,2,6,Wednesday,95.75,94.45,95.61,1.3,80.86,1.2896,3.7498,30.51,0,EIA/FRED/Bloomberg reference + synthetic daily interpolation
2008-02-07,2008,2,7,Thursday,96.26,94.43,96.65,1.83,80.79,1.2884,3.7498,30.38,0,EIA/FRED/Bloomberg reference + synthetic daily interpolation
2008-02-08,2008,2,8,Friday,96.11,90.72,95.68,5.39,81.18,1.2727,3.7499,29.87,0,EIA/FRED/Bloomberg reference + synthetic daily interpolation
2008-02-11,2008,2,11,Monday,96.74,93.9,95.25,2.84,80.74,1.2894,3.7496,30.74,0,EIA/FRED/Bloomberg reference + synthetic daily interpolation
2008-02-12,2008,2,12,Tuesday,98.16,97.16,97.81,1.0,82.31,1.2604,3.75,30.87,0,EIA/FRED/Bloomberg reference + synthetic daily interpolation
2008-02-13,2008,2,13,Wednesday,95.94,91.06,96.16,4.88,81.44,1.2861,3.7497,30.07,0,EIA/FRED/Bloomberg reference + synthetic daily interpolation
2008-02-14,2008,2,14,Thursday,95.22,91.81,95.92,3.41,80.24,1.2839,3.75,29.91,0,EIA/FRED/Bloomberg reference + synthetic daily interpolation
2008-02-15,2008,2,15,Friday,97.09,96.28,96.92,0.81,81.01,1.2875,3.7497,30.27,0,EIA/FRED/Bloomberg reference + synthetic daily interpolation
2008-02-18,2008,2,18,Monday,96.37,94.38,96.06,1.99,81.01,1.2931,3.75,29.87,0,EIA/FRED/Bloomberg reference + synthetic daily interpolation
2008-02-19,2008,2,19,Tuesday,94.89,90.32,95.11,4.57,81.4,1.28,3.7496,30.57,0,EIA/FRED/Bloomberg reference + synthetic daily interpolation
2008-02-20,2008,2,20,Wednesday,93.41,91.13,92.82,2.28,79.12,1.313,3.7496,30.15,0,EIA/FRED/Bloomberg reference + synthetic daily interpolation
2008-02-21,2008,2,21,Thursday,96.0,93.35,95.6,2.65,81.25,1.2953,3.7497,30.43,0,EIA/FRED/Bloomberg reference + synthetic daily interpolation
2008-02-22,2008,2,22,Friday,97.9,93.5,97.5,4.4,80.76,1.2939,3.75,31.33,0,EIA/FRED/Bloomberg reference + synthetic daily interpolation
2008-02-25,2008,2,25,Monday,96.84,91.39,95.7,5.45,81.32,1.2763,3.7498,29.72,0,EIA/FRED/Bloomberg reference + synthetic daily interpolation
2008-02-26,2008,2,26,Tuesday,97.5,96.19,98.36,1.31,84.32,1.2361,3.7497,31.26,0,EIA/FRED/Bloomberg reference + synthetic daily interpolation
2008-02-27,2008,2,27,Wednesday,97.91,95.53,98.51,2.38,80.11,1.2939,3.7499,30.74,0,EIA/FRED/Bloomberg reference + synthetic daily interpolation
2008-02-28,2008,2,28,Thursday,94.22,88.66,94.6,5.56,79.96,1.2983,3.7498,30.74,0,EIA/FRED/Bloomberg reference + synthetic daily interpolation
2008-02-29,2008,2,29,Friday,95.47,92.88,94.3,2.59,80.26,1.2998,3.7496,29.94,0,EIA/FRED/Bloomberg reference + synthetic daily interpolation
2008-03-03,2008,3,3,Monday,96.12,91.55,97.52,4.57,81.33,1.2764,3.75,30.56,0,EIA/FRED/Bloomberg reference + synthetic daily interpolation
2008-03-04,2008,3,4,Tuesday,97.42,95.01,97.01,2.41,81.43,1.2767,3.7498,30.44,0,EIA/FRED/Bloomberg reference + synthetic daily interpolation
2008-03-05,2008,3,5,Wednesday,96.32,91.87,95.04,4.45,77.89,1.323,3.7498,30.33,0,EIA/FRED/Bloomberg reference + synthetic daily interpolation
2008-03-06,2008,3,6,Thursday,97.04,93.23,97.99,3.81,81.14,1.2814,3.7498,30.26,0,EIA/FRED/Bloomberg reference + synthetic daily interpolation
2008-03-07,2008,3,7,Friday,95.35,89.75,96.46,5.6,82.77,1.2462,3.7498,30.68,0,EIA/FRED/Bloomberg reference + synthetic daily interpolation
2008-03-10,2008,3,10,Monday,100.18,97.11,100.67,3.07,83.4,1.2368,3.75,30.79,0,EIA/FRED/Bloomberg reference + synthetic daily interpolation
2008-03-11,2008,3,11,Tuesday,97.61,96.12,96.15,1.49,79.51,1.3056,3.7498,29.94,0,EIA/FRED/Bloomberg reference + synthetic daily interpolation
2008-03-12,2008,3,12,Wednesday,95.71,92.73,95.95,2.98,81.72,1.2695,3.75,31.33,0,EIA/FRED/Bloomberg reference + synthetic daily interpolation
2008-03-13,2008,3,13,Thursday,97.29,93.17,98.15,4.12,81.38,1.2776,3.7499,29.4,0,EIA/FRED/Bloomberg reference + synthetic daily interpolation
2008-03-14,2008,3,14,Friday,97.49,92.92,96.07,4.57,78.97,1.3081,3.7497,30.75,0,EIA/FRED/Bloomberg reference + synthetic daily interpolation
2008-03-17,2008,3,17,Monday,96.22,95.35,95.56,0.87,79.22,1.3077,3.7496,30.24,0,EIA/FRED/Bloomberg reference + synthetic daily interpolation
2008-03-18,2008,3,18,Tuesday,98.01,96.43,96.92,1.58,80.55,1.2849,3.7499,29.86,0,EIA/FRED/Bloomberg reference + synthetic daily interpolation
2008-03-19,2008,3,19,Wednesday,100.29,96.11,100.86,4.18,79.03,1.3168,3.75,30.45,0,EIA/FRED/Bloomberg reference + synthetic daily interpolation
2008-03-20,2008,3,20,Thursday,97.42,93.23,97.31,4.19,80.74,1.2833,3.75,30.92,0,EIA/FRED/Bloomberg reference + synthetic daily interpolation
2008-03-21,2008,3,21,Friday,99.17,96.32,99.64,2.85,80.96,1.2747,3.7498,30.97,0,EIA/FRED/Bloomberg reference + synthetic daily interpolation
2008-03-24,2008,3,24,Monday,98.5,96.89,97.95,1.61,80.21,1.2941,3.75,29.8,0,EIA/FRED/Bloomberg reference + synthetic daily interpolation
2008-03-25,2008,3,25,Tuesday,94.17,89.17,93.12,5.0,79.86,1.3094,3.75,30.87,0,EIA/FRED/Bloomberg reference + synthetic daily interpolation
2008-03-26,2008,3,26,Wednesday,98.05,96.23,99.33,1.82,82.61,1.2508,3.7499,30.64,0,EIA/FRED/Bloomberg reference + synthetic daily interpolation
2008-03-27,2008,3,27,Thursday,96.09,91.29,96.42,4.8,80.97,1.2867,3.7498,29.66,0,EIA/FRED/Bloomberg reference + synthetic daily interpolation
2008-03-28,2008,3,28,Friday,99.49,94.15,100.16,5.34,80.03,1.3024,3.7498,30.59,0,EIA/FRED/Bloomberg reference + synthetic daily interpolation
2008-03-31,2008,3,31,Monday,99.06,97.94,99.74,1.12,81.1,1.2889,3.7501,29.72,0,EIA/FRED/Bloomberg reference + synthetic daily interpolation
2008-04-01,2008,4,1,Tuesday,98.58,96.02,100.03,2.56,82.8,1.2548,3.7501,30.16,0,EIA/FRED/Bloomberg reference + synthetic daily interpolation
2008-04-02,2008,4,2,Wednesday,97.59,94.14,97.21,3.45,79.93,1.297,3.75,30.52,0,EIA/FRED/Bloomberg reference + synthetic daily interpolation
2008-04-03,2008,4,3,Thursday,99.39,98.69,98.13,0.7,81.77,1.2808,3.75,29.81,0,EIA/FRED/Bloomberg reference + synthetic daily interpolation
2008-04-04,2008,4,4,Friday,99.56,98.24,100.49,1.32,81.6,1.2774,3.7498,30.12,0,EIA/FRED/Bloomberg reference + synthetic daily interpolation
2008-04-07,2008,4,7,Monday,98.34,95.81,98.87,2.53,81.31,1.2823,3.75,30.05,0,EIA/FRED/Bloomberg reference + synthetic daily interpolation
2008-04-08,2008,4,8,Tuesday,99.0,96.73,98.68,2.27,82.64,1.267,3.75,30.04,0,EIA/FRED/Bloomberg reference + synthetic daily interpolation
2008-04-09,2008,4,9,Wednesday,99.06,96.75,98.55,2.31,80.55,1.2932,3.7497,30.01,0,EIA/FRED/Bloomberg reference + synthetic daily interpolation
2008-04-10,2008,4,10,Thursday,96.7,90.94,95.96,5.76,80.61,1.2908,3.7499,29.59,0,EIA/FRED/Bloomberg reference + synthetic daily interpolation
2008-04-11,2008,4,11,Friday,100.62,96.88,99.99,3.74,80.31,1.2994,3.7499,30.53,0,EIA/FRED/Bloomberg reference + synthetic daily interpolation
2008-04-14,2008,4,14,Monday,99.75,96.07,98.5,3.68,80.32,1.2905,3.7498,31.21,0,EIA/FRED/Bloomberg reference + synthetic daily interpolation
2008-04-15,2008,4,15,Tuesday,98.07,94.45,97.4,3.62,80.78,1.2788,3.7498,30.44,0,EIA/FRED/Bloomberg reference + synthetic daily interpolation
2008-04-16,2008,4,16,Wednesday,97.07,94.83,98.47,2.24,80.71,1.2839,3.7498,30.51,0,EIA/FRED/Bloomberg reference + synthetic daily interpolation
2008-04-17,2008,4,17,Thursday,98.72,96.57,97.44,2.15,81.92,1.2742,3.7498,30.2,0,EIA/FRED/Bloomberg reference + synthetic daily interpolation
2008-04-18,2008,4,18,Friday,100.47,97.2,101.06,3.27,82.18,1.2692,3.7498,30.57,0,EIA/FRED/Bloomberg reference + synthetic daily interpolation
2008-04-21,2008,4,21,Monday,98.71,92.88,97.68,5.83,80.14,1.2938,3.75,30.65,0,EIA/FRED/Bloomberg reference + synthetic daily interpolation
2008-04-22,2008,4,22,Tuesday,101.17,95.97,101.02,5.2,80.45,1.2974,3.75,30.39,0,EIA/FRED/Bloomberg reference + synthetic daily interpolation
2008-04-23,2008,4,23,Wednesday,100.37,99.32,100.48,1.05,82.84,1.2518,3.7501,30.62,0,EIA/FRED/Bloomberg reference + synthetic daily interpolation
2008-04-24,2008,4,24,Thursday,97.74,95.46,97.44,2.28,81.25,1.2777,3.7501,30.15,0,EIA/FRED/Bloomberg reference + synthetic daily interpolation
2008-04-25,2008,4,25,Friday,98.56,93.65,97.24,4.91,81.16,1.2817,3.7497,29.57,0,EIA/FRED/Bloomberg reference + synthetic daily interpolation
2008-04-28,2008,4,28,Monday,99.75,96.64,100.12,3.11,79.86,1.3099,3.7497,30.42,0,EIA/FRED/Bloomberg reference + synthetic daily interpolation
2008-04-29,2008,4,29,Tuesday,99.54,94.36,100.44,5.18,78.74,1.3186,3.7499,29.5,0,EIA/FRED/Bloomberg reference + synthetic daily interpolation
2008-04-30,2008,4,30,Wednesday,97.39,93.36,96.53,4.03,82.5,1.2705,3.7499,30.42,0,EIA/FRED/Bloomberg reference + synthetic daily interpolation
2008-05-01,2008,5,1,Thursday,101.21,95.47,100.34,5.74,80.71,1.2949,3.7499,30.76,0,EIA/FRED/Bloomberg reference + synthetic daily interpolation
2008-05-02,2008,5,2,Friday,100.42,97.17,101.49,3.25,80.85,1.2918,3.7496,31.55,0,EIA/FRED/Bloomberg reference + synthetic daily interpolation
2008-05-05,2008,5,5,Monday,101.92,99.15,102.94,2.77,81.72,1.2722,3.7497,30.62,0,EIA/FRED/Bloomberg reference + synthetic daily interpolation
2008-05-06,2008,5,6,Tuesday,98.6,96.32,98.35,2.28,82.58,1.2707,3.7501,30.62,0,EIA/FRED/Bloomberg reference + synthetic daily interpolation
2008-05-07,2008,5,7,Wednesday,98.6,96.72,98.27,1.88,81.01,1.2819,3.7499,30.36,0,EIA/FRED/Bloomberg reference + synthetic daily interpolation
2008-05-08,2008,5,8,Thursday,99.73,94.63,98.48,5.1,79.53,1.3096,3.7497,29.57,0,EIA/FRED/Bloomberg reference + synthetic daily interpolation
2008-05-09,2008,5,9,Friday,101.93,96.38,102.83,5.55,83.23,1.2473,3.7497,30.08,0,EIA/FRED/Bloomberg reference + synthetic daily interpolation
2008-05-12,2008,5,12,Monday,97.72,96.94,96.37,0.78,81.91,1.2603,3.7499,30.56,0,EIA/FRED/Bloomberg reference + synthetic daily interpolation
2008-05-13,2008,5,13,Tuesday,99.83,96.15,100.65,3.68,81.81,1.2749,3.7497,30.35,0,EIA/FRED/Bloomberg reference + synthetic daily interpolation
2008-05-14,2008,5,14,Wednesday,102.35,101.38,101.38,0.97,81.82,1.2711,3.7499,29.9,0,EIA/FRED/Bloomberg reference + synthetic daily interpolation
2008-05-15,2008,5,15,Thursday,100.01,97.4,98.63,2.61,80.2,1.2937,3.7499,31.1,0,EIA/FRED/Bloomberg reference + synthetic daily interpolation
2008-05-16,2008,5,16,Friday,101.12,95.63,100.43,5.49,81.84,1.2794,3.7498,29.83,0,EIA/FRED/Bloomberg reference + synthetic daily interpolation
2008-05-19,2008,5,19,Monday,101.97,100.7,101.49,1.27,83.2,1.2487,3.7496,31.04,0,EIA/FRED/Bloomberg reference + synthetic daily interpolation
2008-05-20,2008,5,20,Tuesday,98.69,93.35,98.85,5.34,79.67,1.3075,3.7499,30.31,0,EIA/FRED/Bloomberg reference + synthetic daily interpolation
2008-05-21,2008,5,21,Wednesday,98.15,94.54,98.76,3.61,82.15,1.2758,3.7499,30.84,0,EIA/FRED/Bloomberg reference + synthetic daily interpolation
2008-05-22,2008,5,22,Thursday,102.31,97.06,102.74,5.25,81.98,1.2728,3.7499,30.74,0,EIA/FRED/Bloomberg reference + synthetic daily interpolation
2008-05-23,2008,5,23,Friday,99.36,98.24,98.19,1.12,81.7,1.2746,3.75,31.15,0,EIA/FRED/Bloomberg reference + synthetic daily interpolation
2008-05-26,2008,5,26,Monday,99.46,96.78,99.69,2.68,81.43,1.2809,3.75,30.15,0,EIA/FRED/Bloomberg reference + synthetic daily interpolation
2008-05-27,2008,5,27,Tuesday,100.44,94.96,101.43,5.48,81.33,1.2789,3.7498,30.62,0,EIA/FRED/Bloomberg reference + synthetic daily interpolation
2008-05-28,2008,5,28,Wednesday,99.47,95.56,99.49,3.91,80.87,1.291,3.7499,29.13,0,EIA/FRED/Bloomberg reference + synthetic daily interpolation
2008-05-29,2008,5,29,Thursday,99.93,97.28,99.52,2.65,81.06,1.286,3.7499,29.25,0,EIA/FRED/Bloomberg reference + synthetic daily interpolation
2008-05-30,2008,5,30,Friday,100.79,96.99,100.03,3.8,79.31,1.3172,3.7498,30.22,0,EIA/FRED/Bloomberg reference + synthetic daily interpolation
2008-06-02,2008,6,2,Monday,99.58,96.79,100.95,2.79,80.66,1.2839,3.7501,30.72,0,EIA/FRED/Bloomberg reference + synthetic daily interpolation
2008-06-03,2008,6,3,Tuesday,99.8,98.48,98.64,1.32,79.77,1.2947,3.7496,30.8,0,EIA/FRED/Bloomberg reference + synthetic daily interpolation
2008-06-04,2008,6,4,Wednesday,100.47,99.21,99.28,1.26,79.19,1.318,3.75,30.68,0,EIA/FRED/Bloomberg reference + synthetic daily interpolation
2008-06-05,2008,6,5,Thursday,99.29,97.78,98.54,1.51,81.16,1.2818,3.7497,31.15,0,EIA/FRED/Bloomberg reference + synthetic daily interpolation
2008-06-06,2008,6,6,Friday,97.96,92.39,97.64,5.57,82.48,1.2608,3.7496,30.44,0,EIA/FRED/Bloomberg reference + synthetic daily interpolation
2008-06-09,2008,6,9,Monday,102.49,101.93,101.41,0.56,81.24,1.2909,3.75,30.39,0,EIA/FRED/Bloomberg reference + synthetic daily interpolation
2008-06-10,2008,6,10,Tuesday,101.03,98.2,101.93,2.83,81.73,1.2688,3.7496,30.5,0,EIA/FRED/Bloomberg reference + synthetic daily interpolation
2008-06-11,2008,6,11,Wednesday,97.94,93.42,98.4,4.52,80.03,1.294,3.7499,29.7,0,EIA/FRED/Bloomberg reference + synthetic daily interpolation
2008-06-12,2008,6,12,Thursday,99.47,93.97,99.25,5.5,80.13,1.3015,3.7496,29.41,0,EIA/FRED/Bloomberg reference + synthetic daily interpolation
2008-06-13,2008,6,13,Friday,99.19,93.93,99.15,5.26,81.43,1.2796,3.7499,30.58,0,EIA/FRED/Bloomberg reference + synthetic daily interpolation
2008-06-16,2008,6,16,Monday,100.97,96.69,99.53,4.28,82.12,1.2615,3.75,30.27,0,EIA/FRED/Bloomberg reference + synthetic daily interpolation
2008-06-17,2008,6,17,Tuesday,100.27,95.99,101.21,4.28,81.25,1.2733,3.7498,30.75,0,EIA/FRED/Bloomberg reference + synthetic daily interpolation
2008-06-18,2008,6,18,Wednesday,99.25,96.21,100.67,3.04,80.77,1.2911,3.7498,30.8,0,EIA/FRED/Bloomberg reference + synthetic daily interpolation
2008-06-19,2008,6,19,Thursday,98.8,93.84,100.27,4.96,80.52,1.2903,3.7497,30.93,0,EIA/FRED/Bloomberg reference + synthetic daily interpolation
2008-06-20,2008,6,20,Friday,99.79,95.31,100.55,4.48,80.84,1.281,3.7498,30.65,0,EIA/FRED/Bloomberg reference + synthetic daily interpolation
2008-06-23,2008,6,23,Monday,101.45,100.38,101.6,1.07,81.6,1.2703,3.7497,30.16,0,EIA/FRED/Bloomberg reference + synthetic daily interpolation
2008-06-24,2008,6,24,Tuesday,100.38,96.19,99.38,4.19,81.96,1.2652,3.7498,31.43,0,EIA/FRED/Bloomberg reference + synthetic daily interpolation
2008-06-25,2008,6,25,Wednesday,100.11,95.55,98.73,4.56,82.24,1.2757,3.7498,31.14,0,EIA/FRED/Bloomberg reference + synthetic daily interpolation
2008-06-26,2008,6,26,Thursday,98.4,96.63,98.46,1.77,79.94,1.297,3.7496,30.86,0,EIA/FRED/Bloomberg reference + synthetic daily interpolation
2008-06-27,2008,6,27,Friday,100.41,96.73,99.47,3.68,81.88,1.2734,3.7497,30.19,0,EIA/FRED/Bloomberg reference + synthetic daily interpolation
2008-06-30,2008,6,30,Monday,97.35,94.95,98.3,2.4,85.23,1.2198,3.7496,30.35,0,EIA/FRED/Bloomberg reference + synthetic daily interpolation
2008-07-01,2008,7,1,Tuesday,99.58,96.01,100.84,3.57,82.47,1.2592,3.7499,29.71,0,EIA/FRED/Bloomberg reference + synthetic daily interpolation
2008-07-02,2008,7,2,Wednesday,97.9,95.2,98.75,2.7,79.83,1.3042,3.75,29.66,0,EIA/FRED/Bloomberg reference + synthetic daily interpolation
2008-07-03,2008,7,3,Thursday,100.78,98.97,102.08,1.81,82.2,1.2568,3.7498,29.69,0,EIA/FRED/Bloomberg reference + synthetic daily interpolation
2008-07-04,2008,7,4,Friday,97.74,94.2,98.46,3.54,81.07,1.287,3.7501,30.01,0,EIA/FRED/Bloomberg reference + synthetic daily interpolation
2008-07-07,2008,7,7,Monday,98.73,97.15,99.77,1.58,81.32,1.2814,3.7498,30.78,0,EIA/FRED/Bloomberg reference + synthetic daily interpolation
2008-07-08,2008,7,8,Tuesday,99.86,96.16,98.98,3.7,80.98,1.2831,3.75,30.6,0,EIA/FRED/Bloomberg reference + synthetic daily interpolation
2008-07-09,2008,7,9,Wednesday,99.02,95.24,99.01,3.78,80.21,1.3031,3.7501,30.58,0,EIA/FRED/Bloomberg reference + synthetic daily interpolation
2008-07-10,2008,7,10,Thursday,97.85,95.14,97.42,2.71,78.94,1.3085,3.7498,30.58,0,EIA/FRED/Bloomberg reference + synthetic daily interpolation
2008-07-11,2008,7,11,Friday,99.36,97.55,100.51,1.81,81.75,1.2722,3.7497,29.72,0,EIA/FRED/Bloomberg reference + synthetic daily interpolation
2008-07-14,2008,7,14,Monday,100.25,95.11,101.11,5.14,78.22,1.3294,3.7496,30.14,0,EIA/FRED/Bloomberg reference + synthetic daily interpolation
2008-07-15,2008,7,15,Tuesday,96.2,91.16,95.22,5.04,80.19,1.2925,3.7497,30.56,0,EIA/FRED/Bloomberg reference + synthetic daily interpolation
2008-07-16,2008,7,16,Wednesday,99.33,94.47,99.41,4.86,79.81,1.2973,3.75,29.8,0,EIA/FRED/Bloomberg reference + synthetic daily interpolation
2008-07-17,2008,7,17,Thursday,101.34,97.13,102.07,4.21,81.83,1.269,3.7497,30.48,0,EIA/FRED/Bloomberg reference + synthetic daily interpolation
2008-07-18,2008,7,18,Friday,98.5,97.11,99.25,1.39,82.39,1.2625,3.75,29.48,0,EIA/FRED/Bloomberg reference + synthetic daily interpolation
2008-07-21,2008,7,21,Monday,98.92,98.03,98.34,0.89,81.64,1.2725,3.7501,30.47,0,EIA/FRED/Bloomberg reference + synthetic daily interpolation
2008-07-22,2008,7,22,Tuesday,99.01,95.57,98.72,3.44,81.59,1.2759,3.7498,30.49,0,EIA/FRED/Bloomberg reference + synthetic daily interpolation
2008-07-23,2008,7,23,Wednesday,96.28,92.58,95.56,3.7,81.34,1.2789,3.75,29.82,0,EIA/FRED/Bloomberg reference + synthetic daily interpolation
2008-07-24,2008,7,24,Thursday,98.41,97.81,99.02,0.6,80.32,1.307,3.75,29.91,0,EIA/FRED/Bloomberg reference + synthetic daily interpolation
2008-07-25,2008,7,25,Friday,95.8,94.59,95.8,1.21,80.57,1.2988,3.7496,30.53,0,EIA/FRED/Bloomberg reference + synthetic daily interpolation
2008-07-28,2008,7,28,Monday,98.82,95.47,100.24,3.35,82.77,1.2612,3.7498,29.56,0,EIA/FRED/Bloomberg reference + synthetic daily interpolation
2008-07-29,2008,7,29,Tuesday,99.41,97.86,100.19,1.55,80.88,1.2935,3.7498,30.46,0,EIA/FRED/Bloomberg reference + synthetic daily interpolation
2008-07-30,2008,7,30,Wednesday,98.39,94.23,99.78,4.16,80.88,1.2939,3.7499,30.37,0,EIA/FRED/Bloomberg reference + synthetic daily interpolation
2008-07-31,2008,7,31,Thursday,100.79,98.6,99.68,2.19,82.29,1.2669,3.75,30.54,0,EIA/FRED/Bloomberg reference + synthetic daily interpolation
2008-08-01,2008,8,1,Friday,97.27,94.6,95.97,2.67,80.8,1.2862,3.7497,30.17,0,EIA/FRED/Bloomberg reference + synthetic daily interpolation
2008-08-04,2008,8,4,Monday,99.4,94.8,99.61,4.6,82.48,1.2687,3.75,31.16,0,EIA/FRED/Bloomberg reference + synthetic daily interpolation
2008-08-05,2008,8,5,Tuesday,98.21,97.01,97.41,1.2,82.42,1.2624,3.75,30.31,0,EIA/FRED/Bloomberg reference + synthetic daily interpolation
2008-08-06,2008,8,6,Wednesday,97.46,96.49,97.09,0.97,81.57,1.2687,3.75,29.72,0,EIA/FRED/Bloomberg reference + synthetic daily interpolation
2008-08-07,2008,8,7,Thursday,96.69,91.01,96.85,5.68,80.64,1.2798,3.75,29.83,0,EIA/FRED/Bloomberg reference + synthetic daily interpolation
2008-08-08,2008,8,8,Friday,98.18,95.27,97.79,2.91,82.5,1.2648,3.7498,31.18,0,EIA/FRED/Bloomberg reference + synthetic daily interpolation
2008-08-11,2008,8,11,Monday,99.13,95.29,97.88,3.84,82.04,1.2688,3.7498,30.21,0,EIA/FRED/Bloomberg reference + synthetic daily interpolation
2008-08-12,2008,8,12,Tuesday,97.24,95.21,97.17,2.03,82.3,1.2666,3.7499,30.06,0,EIA/FRED/Bloomberg reference + synthetic daily interpolation
2008-08-13,2008,8,13,Wednesday,100.01,97.26,100.04,2.75,82.02,1.2634,3.75,30.57,0,EIA/FRED/Bloomberg reference + synthetic daily interpolation
2008-08-14,2008,8,14,Thursday,96.88,95.76,97.05,1.12,80.64,1.285,3.7501,29.92,0,EIA/FRED/Bloomberg reference + synthetic daily interpolation
2008-08-15,2008,8,15,Friday,95.63,91.13,94.25,4.5,79.7,1.2981,3.7498,29.96,0,EIA/FRED/Bloomberg reference + synthetic daily interpolation
2008-08-18,2008,8,18,Monday,97.71,95.39,96.79,2.32,79.34,1.3063,3.7499,30.06,0,EIA/FRED/Bloomberg reference + synthetic daily interpolation
2008-08-19,2008,8,19,Tuesday,99.45,94.99,98.05,4.46,83.02,1.2492,3.7499,30.47,0,EIA/FRED/Bloomberg reference + synthetic daily interpolation
2008-08-20,2008,8,20,Wednesday,95.57,92.61,96.09,2.96,81.08,1.2849,3.7498,29.44,0,EIA/FRED/Bloomberg reference + synthetic daily interpolation
2008-08-21,2008,8,21,Thursday,97.14,91.71,95.67,5.43,83.15,1.2516,3.7501,30.82,0,EIA/FRED/Bloomberg reference + synthetic daily interpolation
2008-08-22,2008,8,22,Friday,98.0,94.98,98.47,3.02,81.92,1.2782,3.7498,30.21,0,EIA/FRED/Bloomberg reference + synthetic daily interpolation
2008-08-25,2008,8,25,Monday,96.01,93.66,95.17,2.35,80.79,1.2918,3.75,31.22,0,EIA/FRED/Bloomberg reference + synthetic daily interpolation
2008-08-26,2008,8,26,Tuesday,97.73,92.18,98.35,5.55,80.62,1.2857,3.7499,29.79,0,EIA/FRED/Bloomberg reference + synthetic daily interpolation
2008-08-27,2008,8,27,Wednesday,97.09,91.24,97.35,5.85,82.43,1.2585,3.75,31.29,0,EIA/FRED/Bloomberg reference + synthetic daily interpolation
2008-08-28,2008,8,28,Thursday,100.02,98.94,101.29,1.08,81.12,1.2777,3.7497,29.83,0,EIA/FRED/Bloomberg reference + synthetic daily interpolation
2008-08-29,2008,8,29,Friday,94.16,93.54,94.93,0.62,80.45,1.3011,3.7496,30.62,0,EIA/FRED/Bloomberg reference + synthetic daily interpolation
2008-09-01,2008,9,1,Monday,97.51,94.8,98.07,2.71,80.26,1.3004,3.7499,30.72,0,EIA/FRED/Bloomberg reference + synthetic daily interpolation
2008-09-02,2008,9,2,Tuesday,96.08,90.4,94.65,5.68,80.84,1.2834,3.7498,29.8,0,EIA/FRED/Bloomberg reference + synthetic daily interpolation
2008-09-03,2008,9,3,Wednesday,96.95,95.04,96.27,1.91,81.8,1.2724,3.7497,30.97,0,EIA/FRED/Bloomberg reference + synthetic daily interpolation
2008-09-04,2008,9,4,Thursday,93.4,92.57,92.68,0.83,79.91,1.2997,3.7497,30.65,0,EIA/FRED/Bloomberg reference + synthetic daily interpolation
2008-09-05,2008,9,5,Friday,96.74,93.69,97.58,3.05,81.28,1.2837,3.7498,30.79,0,EIA/FRED/Bloomberg reference + synthetic daily interpolation
2008-09-08,2008,9,8,Monday,96.86,94.74,97.72,2.12,82.08,1.2695,3.7498,30.03,0,EIA/FRED/Bloomberg reference + synthetic daily interpolation
2008-09-09,2008,9,9,Tuesday,97.53,94.11,99.01,3.42,82.44,1.2582,3.7497,30.68,0,EIA/FRED/Bloomberg reference + synthetic daily interpolation
2008-09-10,2008,9,10,Wednesday,94.38,89.73,94.8,4.65,83.21,1.255,3.7497,31.3,0,EIA/FRED/Bloomberg reference + synthetic daily interpolation
2008-09-11,2008,9,11,Thursday,96.07,93.14,96.35,2.93,81.04,1.2728,3.7499,30.33,0,EIA/FRED/Bloomberg reference + synthetic daily interpolation
2008-09-12,2008,9,12,Friday,99.09,97.71,98.99,1.38,80.9,1.2925,3.7497,30.7,0,EIA/FRED/Bloomberg reference + synthetic daily interpolation
2008-09-15,2008,9,15,Monday,95.78,94.77,95.56,1.01,82.09,1.2681,3.7497,30.84,0,EIA/FRED/Bloomberg reference + synthetic daily interpolation
2008-09-16,2008,9,16,Tuesday,93.08,88.79,94.03,4.29,82.93,1.2611,3.7497,30.26,0,EIA/FRED/Bloomberg reference + synthetic daily interpolation
2008-09-17,2008,9,17,Wednesday,96.5,91.51,95.17,4.99,81.22,1.2854,3.75,30.29,0,EIA/FRED/Bloomberg reference + synthetic daily interpolation
2008-09-18,2008,9,18,Thursday,98.34,96.99,99.5,1.35,81.67,1.2697,3.7496,30.9,0,EIA/FRED/Bloomberg reference + synthetic daily interpolation
2008-09-19,2008,9,19,Friday,92.44,88.15,91.57,4.29,81.54,1.2786,3.7499,30.54,0,EIA/FRED/Bloomberg reference + synthetic daily interpolation
2008-09-22,2008,9,22,Monday,96.44,91.42,95.71,5.02,80.82,1.2858,3.75,30.98,0,EIA/FRED/Bloomberg reference + synthetic daily interpolation
2008-09-23,2008,9,23,Tuesday,94.56,93.91,93.09,0.65,82.77,1.2634,3.7499,30.65,0,EIA/FRED/Bloomberg reference + synthetic daily interpolation
2008-09-24,2008,9,24,Wednesday,98.17,95.69,97.06,2.48,82.8,1.2614,3.7497,30.08,0,EIA/FRED/Bloomberg reference + synthetic daily interpolation
2008-09-25,2008,9,25,Thursday,94.46,88.86,94.92,5.6,83.08,1.251,3.7498,30.52,0,EIA/FRED/Bloomberg reference + synthetic daily interpolation
2008-09-26,2008,9,26,Friday,96.72,95.47,97.54,1.25,82.85,1.2637,3.7497,30.11,0,EIA/FRED/Bloomberg reference + synthetic daily interpolation
2008-09-29,2008,9,29,Monday,93.51,89.59,94.16,3.92,80.47,1.3005,3.7498,30.22,0,EIA/FRED/Bloomberg reference + synthetic daily interpolation
2008-09-30,2008,9,30,Tuesday,93.74,88.56,93.23,5.18,81.71,1.2826,3.7501,29.86,0,EIA/FRED/Bloomberg reference + synthetic daily interpolation
2008-10-01,2008,10,1,Wednesday,98.95,96.24,97.83,2.71,80.47,1.2892,3.7499,30.32,0,EIA/FRED/Bloomberg reference + synthetic daily interpolation
2008-10-02,2008,10,2,Thursday,97.35,92.36,97.82,4.99,81.95,1.2701,3.7497,30.62,0,EIA/FRED/Bloomberg reference + synthetic daily interpolation
2008-10-03,2008,10,3,Friday,97.06,93.3,98.04,3.76,79.36,1.3091,3.7501,30.34,0,EIA/FRED/Bloomberg reference + synthetic daily interpolation
2008-10-06,2008,10,6,Monday,93.15,87.83,92.16,5.32,80.12,1.2977,3.7501,30.25,0,EIA/FRED/Bloomberg reference + synthetic daily interpolation
2008-10-07,2008,10,7,Tuesday,95.17,91.94,95.67,3.23,82.75,1.2627,3.75,30.79,0,EIA/FRED/Bloomberg reference + synthetic daily interpolation
2008-10-08,2008,10,8,Wednesday,92.73,90.25,93.6,2.48,82.36,1.2547,3.7498,30.25,0,EIA/FRED/Bloomberg reference + synthetic daily interpolation
2008-10-09,2008,10,9,Thursday,97.29,94.08,97.24,3.21,80.62,1.3014,3.7499,30.34,0,EIA/FRED/Bloomberg reference + synthetic daily interpolation
2008-10-10,2008,10,10,Friday,96.96,96.27,96.74,0.69,81.33,1.2786,3.7496,29.47,0,EIA/FRED/Bloomberg reference + synthetic daily interpolation
2008-10-13,2008,10,13,Monday,93.69,88.11,93.36,5.58,80.6,1.2903,3.75,29.53,0,EIA/FRED/Bloomberg reference + synthetic daily interpolation
2008-10-14,2008,10,14,Tuesday,95.58,90.67,95.57,4.91,79.45,1.3034,3.75,29.4,0,EIA/FRED/Bloomberg reference + synthetic daily interpolation
2008-10-15,2008,10,15,Wednesday,93.64,88.38,94.1,5.26,80.04,1.3039,3.7497,31.36,0,EIA/FRED/Bloomberg reference + synthetic daily interpolation
2008-10-16,2008,10,16,Thursday,95.2,94.57,94.17,0.63,79.8,1.31,3.7498,30.57,0,EIA/FRED/Bloomberg reference + synthetic daily interpolation
2008-10-17,2008,10,17,Friday,96.25,95.24,96.05,1.01,77.88,1.3249,3.75,30.51,0,EIA/FRED/Bloomberg reference + synthetic daily interpolation
2008-10-20,2008,10,20,Monday,93.94,89.96,93.2,3.98,82.72,1.2604,3.7498,30.89,0,EIA/FRED/Bloomberg reference + synthetic daily interpolation
2008-10-21,2008,10,21,Tuesday,96.27,90.86,95.08,5.41,80.4,1.2945,3.7499,30.45,0,EIA/FRED/Bloomberg reference + synthetic daily interpolation
2008-10-22,2008,10,22,Wednesday,93.6,91.06,94.05,2.54,81.41,1.2863,3.7499,30.08,0,EIA/FRED/Bloomberg reference + synthetic daily interpolation
2008-10-23,2008,10,23,Thursday,94.03,90.04,94.06,3.99,78.34,1.3225,3.7501,29.77,0,EIA/FRED/Bloomberg reference + synthetic daily interpolation
2008-10-24,2008,10,24,Friday,95.02,93.67,96.29,1.35,79.31,1.3142,3.7498,30.95,0,EIA/FRED/Bloomberg reference + synthetic daily interpolation
2008-10-27,2008,10,27,Monday,93.45,88.96,92.96,4.49,81.69,1.2682,3.75,29.97,0,EIA/FRED/Bloomberg reference + synthetic daily interpolation
2008-10-28,2008,10,28,Tuesday,96.05,90.92,96.75,5.13,81.73,1.2719,3.75,30.31,0,EIA/FRED/Bloomberg reference + synthetic daily interpolation
2008-10-29,2008,10,29,Wednesday,92.73,87.42,93.27,5.31,82.61,1.254,3.7498,30.68,0,EIA/FRED/Bloomberg reference + synthetic daily interpolation
2008-10-30,2008,10,30,Thursday,95.03,89.85,96.33,5.18,81.15,1.2838,3.7497,30.89,0,EIA/FRED/Bloomberg reference + synthetic daily interpolation
2008-10-31,2008,10,31,Friday,94.04,89.88,92.93,4.16,80.18,1.3009,3.7501,30.38,0,EIA/FRED/Bloomberg reference + synthetic daily interpolation
2008-11-03,2008,11,3,Monday,94.65,90.49,96.09,4.16,80.72,1.3003,3.7498,30.26,0,EIA/FRED/Bloomberg reference + synthetic daily interpolation
2008-11-04,2008,11,4,Tuesday,94.71,91.17,93.9,3.54,81.74,1.2751,3.7496,30.67,0,EIA/FRED/Bloomberg reference + synthetic daily interpolation
2008-11-05,2008,11,5,Wednesday,94.28,89.0,93.17,5.28,81.06,1.2812,3.7498,29.96,0,EIA/FRED/Bloomberg reference + synthetic daily interpolation
2008-11-06,2008,11,6,Thursday,92.45,90.09,92.02,2.36,81.95,1.2596,3.7501,30.91,0,EIA/FRED/Bloomberg reference + synthetic daily interpolation
2008-11-07,2008,11,7,Friday,93.7,88.08,93.46,5.62,80.25,1.2967,3.7497,30.59,0,EIA/FRED/Bloomberg reference + synthetic daily interpolation
2008-11-10,2008,11,10,Monday,96.34,94.65,97.1,1.69,82.85,1.2426,3.7498,30.37,0,EIA/FRED/Bloomberg reference + synthetic daily interpolation
2008-11-11,2008,11,11,Tuesday,93.37,90.45,94.76,2.92,79.6,1.3006,3.7499,31.51,0,EIA/FRED/Bloomberg reference + synthetic daily interpolation
2008-11-12,2008,11,12,Wednesday,95.89,94.73,94.43,1.16,80.19,1.3011,3.75,30.7,0,EIA/FRED/Bloomberg reference + synthetic daily interpolation
2008-11-13,2008,11,13,Thursday,94.5,90.55,93.75,3.95,82.66,1.26,3.7501,29.6,0,EIA/FRED/Bloomberg reference + synthetic daily interpolation
2008-11-14,2008,11,14,Friday,93.02,87.18,94.3,5.84,79.85,1.3107,3.7496,30.87,0,EIA/FRED/Bloomberg reference + synthetic daily interpolation
2008-11-17,2008,11,17,Monday,93.11,92.0,91.69,1.11,81.84,1.2782,3.7499,30.9,0,EIA/FRED/Bloomberg reference + synthetic daily interpolation
2008-11-18,2008,11,18,Tuesday,94.69,94.02,95.62,0.67,81.59,1.276,3.7499,30.7,0,EIA/FRED/Bloomberg reference + synthetic daily interpolation
2008-11-19,2008,11,19,Wednesday,92.67,87.5,93.88,5.17,81.7,1.2761,3.7498,30.83,0,EIA/FRED/Bloomberg reference + synthetic daily interpolation
2008-11-20,2008,11,20,Thursday,97.33,91.65,98.06,5.68,80.81,1.2877,3.7501,30.81,0,EIA/FRED/Bloomberg reference + synthetic daily interpolation
2008-11-21,2008,11,21,Friday,95.91,91.73,97.4,4.18,79.43,1.3027,3.7499,29.89,0,EIA/FRED/Bloomberg reference + synthetic daily interpolation
2008-11-24,2008,11,24,Monday,93.77,89.33,92.27,4.44,81.84,1.2734,3.7496,30.08,0,EIA/FRED/Bloomberg reference + synthetic daily interpolation
2008-11-25,2008,11,25,Tuesday,92.63,87.34,93.96,5.29,82.35,1.2693,3.75,30.34,0,EIA/FRED/Bloomberg reference + synthetic daily interpolation
2008-11-26,2008,11,26,Wednesday,94.9,91.12,95.33,3.78,80.65,1.2949,3.7496,30.42,0,EIA/FRED/Bloomberg reference + synthetic daily interpolation
2008-11-27,2008,11,27,Thursday,94.57,92.27,94.93,2.3,81.51,1.2705,3.75,30.63,0,EIA/FRED/Bloomberg reference + synthetic daily interpolation
2008-11-28,2008,11,28,Friday,93.76,91.28,94.63,2.48,81.91,1.2719,3.7496,30.96,0,EIA/FRED/Bloomberg reference + synthetic daily interpolation
2008-12-01,2008,12,1,Monday,93.31,92.5,93.11,0.81,82.84,1.2575,3.7501,30.32,0,EIA/FRED/Bloomberg reference + synthetic daily interpolation
2008-12-02,2008,12,2,Tuesday,94.05,88.3,94.75,5.75,81.81,1.2753,3.7496,29.74,0,EIA/FRED/Bloomberg reference + synthetic daily interpolation
2008-12-03,2008,12,3,Wednesday,94.71,91.88,95.16,2.83,79.12,1.3123,3.7498,30.21,0,EIA/FRED/Bloomberg reference + synthetic daily interpolation
2008-12-04,2008,12,4,Thursday,92.81,86.86,93.07,5.95,80.72,1.2882,3.7498,30.13,0,EIA/FRED/Bloomberg reference + synthetic daily interpolation
2008-12-05,2008,12,5,Friday,96.63,93.72,97.83,2.91,79.9,1.3059,3.7499,30.62,0,EIA/FRED/Bloomberg reference + synthetic daily interpolation
2008-12-08,2008,12,8,Monday,94.69,91.83,94.21,2.86,80.6,1.2904,3.75,30.69,0,EIA/FRED/Bloomberg reference + synthetic daily interpolation
2008-12-09,2008,12,9,Tuesday,94.98,89.16,94.16,5.82,79.27,1.3081,3.7498,31.59,0,EIA/FRED/Bloomberg reference + synthetic daily interpolation
2008-12-10,2008,12,10,Wednesday,95.09,93.16,94.79,1.93,83.13,1.2594,3.7497,30.55,0,EIA/FRED/Bloomberg reference + synthetic daily interpolation
2008-12-11,2008,12,11,Thursday,95.21,89.93,96.28,5.28,81.67,1.2736,3.75,31.1,0,EIA/FRED/Bloomberg reference + synthetic daily interpolation
2008-12-12,2008,12,12,Friday,92.99,87.61,92.84,5.38,82.47,1.2619,3.75,29.45,0,EIA/FRED/Bloomberg reference + synthetic daily interpolation
2008-12-15,2008,12,15,Monday,93.02,90.21,93.05,2.81,82.62,1.2506,3.75,30.98,0,EIA/FRED/Bloomberg reference + synthetic daily interpolation
2008-12-16,2008,12,16,Tuesday,93.54,90.58,93.9,2.96,81.69,1.2741,3.7498,30.6,0,EIA/FRED/Bloomberg reference + synthetic daily interpolation
2008-12-17,2008,12,17,Wednesday,92.7,88.67,94.14,4.03,81.07,1.2861,3.7498,30.46,0,EIA/FRED/Bloomberg reference + synthetic daily interpolation
2008-12-18,2008,12,18,Thursday,96.07,92.61,97.25,3.46,81.48,1.2833,3.7496,30.75,0,EIA/FRED/Bloomberg reference + synthetic daily interpolation
2008-12-19,2008,12,19,Friday,95.79,90.46,94.62,5.33,81.13,1.2784,3.7499,30.12,0,EIA/FRED/Bloomberg reference + synthetic daily interpolation
2008-12-22,2008,12,22,Monday,94.13,88.71,95.58,5.42,82.48,1.2623,3.7496,30.01,0,EIA/FRED/Bloomberg reference + synthetic daily interpolation
2008-12-23,2008,12,23,Tuesday,94.7,91.55,94.97,3.15,80.85,1.2885,3.7499,29.93,0,EIA/FRED/Bloomberg reference + synthetic daily interpolation
2008-12-24,2008,12,24,Wednesday,94.75,91.06,96.21,3.69,83.3,1.2442,3.7497,31.66,0,EIA/FRED/Bloomberg reference + synthetic daily interpolation
2008-12-25,2008,12,25,Thursday,95.5,90.72,96.88,4.78,79.76,1.293,3.7497,31.63,0,EIA/FRED/Bloomberg reference + synthetic daily interpolation
2008-12-26,2008,12,26,Friday,93.23,88.46,92.08,4.77,79.54,1.3148,3.7501,30.69,0,EIA/FRED/Bloomberg reference + synthetic daily interpolation
2008-12-29,2008,12,29,Monday,94.34,92.47,92.92,1.87,81.45,1.2728,3.7499,29.62,0,EIA/FRED/Bloomberg reference + synthetic daily interpolation
2008-12-30,2008,12,30,Tuesday,93.24,92.11,92.44,1.13,80.99,1.2821,3.75,30.36,0,EIA/FRED/Bloomberg reference + synthetic daily interpolation
2008-12-31,2008,12,31,Wednesday,94.57,91.1,95.24,3.47,83.63,1.2456,3.7501,30.53,0,EIA/FRED/Bloomberg reference + synthetic daily interpolation
2009-01-01,2009,1,1,Thursday,58.56,54.47,57.2,4.09,78.09,1.3283,3.7501,30.59,0,EIA/FRED/Bloomberg reference + synthetic daily interpolation
2009-01-02,2009,1,2,Friday,60.88,55.01,61.85,5.87,76.35,1.3588,3.7497,30.17,0,EIA/FRED/Bloomberg reference + synthetic daily interpolation
2009-01-05,2009,1,5,Monday,59.17,53.52,58.47,5.65,79.06,1.3098,3.75,31.3,0,EIA/FRED/Bloomberg reference + synthetic daily interpolation
2009-01-06,2009,1,6,Tuesday,58.05,53.06,56.63,4.99,77.44,1.3384,3.7496,29.52,0,EIA/FRED/Bloomberg reference + synthetic daily interpolation
2009-01-07,2009,1,7,Wednesday,59.34,58.29,58.67,1.05,77.96,1.3407,3.7496,31.08,0,EIA/FRED/Bloomberg reference + synthetic daily interpolation
2009-01-08,2009,1,8,Thursday,59.59,55.84,60.28,3.75,75.82,1.3496,3.75,30.6,0,EIA/FRED/Bloomberg reference + synthetic daily interpolation
2009-01-09,2009,1,9,Friday,60.29,57.38,60.77,2.91,76.28,1.3484,3.7498,29.92,0,EIA/FRED/Bloomberg reference + synthetic daily interpolation
2009-01-12,2009,1,12,Monday,59.46,56.56,60.58,2.9,79.91,1.2955,3.75,30.99,0,EIA/FRED/Bloomberg reference + synthetic daily interpolation
2009-01-13,2009,1,13,Tuesday,57.87,53.31,57.13,4.56,76.8,1.3522,3.7498,30.29,0,EIA/FRED/Bloomberg reference + synthetic daily interpolation
2009-01-14,2009,1,14,Wednesday,59.45,55.98,59.45,3.47,78.47,1.3242,3.7499,31.22,0,EIA/FRED/Bloomberg reference + synthetic daily interpolation
2009-01-15,2009,1,15,Thursday,58.73,56.85,59.41,1.88,76.68,1.3462,3.7497,30.8,0,EIA/FRED/Bloomberg reference + synthetic daily interpolation
2009-01-16,2009,1,16,Friday,60.33,56.68,59.08,3.65,78.23,1.3294,3.7497,31.35,0,EIA/FRED/Bloomberg reference + synthetic daily interpolation
2009-01-19,2009,1,19,Monday,58.47,55.09,59.49,3.38,78.33,1.3238,3.7499,31.25,0,EIA/FRED/Bloomberg reference + synthetic daily interpolation
2009-01-20,2009,1,20,Tuesday,59.95,54.93,59.08,5.02,79.54,1.3055,3.7496,30.46,0,EIA/FRED/Bloomberg reference + synthetic daily interpolation
2009-01-21,2009,1,21,Wednesday,57.63,55.71,58.47,1.92,75.42,1.3742,3.7498,30.09,0,EIA/FRED/Bloomberg reference + synthetic daily interpolation
2009-01-22,2009,1,22,Thursday,61.19,59.23,61.89,1.96,75.99,1.3618,3.7498,30.55,0,EIA/FRED/Bloomberg reference + synthetic daily interpolation
2009-01-23,2009,1,23,Friday,60.84,57.1,60.03,3.74,78.27,1.3271,3.7499,30.67,0,EIA/FRED/Bloomberg reference + synthetic daily interpolation
2009-01-26,2009,1,26,Monday,59.15,55.06,59.12,4.09,78.21,1.3196,3.7498,31.16,0,EIA/FRED/Bloomberg reference + synthetic daily interpolation
2009-01-27,2009,1,27,Tuesday,58.11,53.12,58.77,4.99,76.01,1.3664,3.7498,30.19,0,EIA/FRED/Bloomberg reference + synthetic daily interpolation
2009-01-28,2009,1,28,Wednesday,60.86,59.67,60.86,1.19,77.71,1.3298,3.7499,30.33,0,EIA/FRED/Bloomberg reference + synthetic daily interpolation
2009-01-29,2009,1,29,Thursday,59.76,54.42,61.04,5.34,78.83,1.3196,3.7497,30.27,0,EIA/FRED/Bloomberg reference + synthetic daily interpolation
2009-01-30,2009,1,30,Friday,59.44,56.03,59.72,3.41,73.81,1.3927,3.7498,30.58,0,EIA/FRED/Bloomberg reference + synthetic daily interpolation
2009-02-02,2009,2,2,Monday,61.06,59.64,60.85,1.42,77.21,1.336,3.7499,30.11,0,EIA/FRED/Bloomberg reference + synthetic daily interpolation
2009-02-03,2009,2,3,Tuesday,61.05,57.28,61.16,3.77,77.98,1.3267,3.7499,30.79,0,EIA/FRED/Bloomberg reference + synthetic daily interpolation
2009-02-04,2009,2,4,Wednesday,59.72,58.88,60.62,0.84,78.59,1.3251,3.7501,30.74,0,EIA/FRED/Bloomberg reference + synthetic daily interpolation
2009-02-05,2009,2,5,Thursday,60.74,59.35,61.84,1.39,77.78,1.335,3.7496,30.01,0,EIA/FRED/Bloomberg reference + synthetic daily interpolation
2009-02-06,2009,2,6,Friday,56.91,51.9,56.13,5.01,78.9,1.3069,3.7497,31.47,0,EIA/FRED/Bloomberg reference + synthetic daily interpolation
2009-02-09,2009,2,9,Monday,61.89,59.94,60.45,1.95,76.94,1.3506,3.7498,30.27,0,EIA/FRED/Bloomberg reference + synthetic daily interpolation
2009-02-10,2009,2,10,Tuesday,60.62,59.39,59.99,1.23,78.48,1.3269,3.7498,30.61,0,EIA/FRED/Bloomberg reference + synthetic daily interpolation
2009-02-11,2009,2,11,Wednesday,61.73,58.71,60.99,3.02,74.94,1.3794,3.7497,31.19,0,EIA/FRED/Bloomberg reference + synthetic daily interpolation
2009-02-12,2009,2,12,Thursday,61.28,57.63,61.42,3.65,77.02,1.3402,3.7501,30.45,0,EIA/FRED/Bloomberg reference + synthetic daily interpolation
2009-02-13,2009,2,13,Friday,60.2,54.37,61.57,5.83,78.89,1.3139,3.75,30.51,0,EIA/FRED/Bloomberg reference + synthetic daily interpolation
2009-02-16,2009,2,16,Monday,60.51,55.38,61.15,5.13,76.12,1.3546,3.75,30.35,0,EIA/FRED/Bloomberg reference + synthetic daily interpolation
2009-02-17,2009,2,17,Tuesday,61.35,58.3,61.45,3.05,79.63,1.3149,3.7498,30.95,0,EIA/FRED/Bloomberg reference + synthetic daily interpolation
2009-02-18,2009,2,18,Wednesday,61.27,57.39,61.52,3.88,79.51,1.3133,3.75,31.38,0,EIA/FRED/Bloomberg reference + synthetic daily interpolation
2009-02-19,2009,2,19,Thursday,62.52,56.88,61.94,5.64,75.96,1.362,3.7497,31.0,0,EIA/FRED/Bloomberg reference + synthetic daily interpolation
2009-02-20,2009,2,20,Friday,62.81,58.55,62.92,4.26,78.75,1.3234,3.7498,31.67,0,EIA/FRED/Bloomberg reference + synthetic daily interpolation
2009-02-23,2009,2,23,Monday,63.0,59.98,62.8,3.02,75.69,1.3609,3.75,31.57,0,EIA/FRED/Bloomberg reference + synthetic daily interpolation
2009-02-24,2009,2,24,Tuesday,61.95,61.43,62.41,0.52,79.92,1.2971,3.75,30.56,0,EIA/FRED/Bloomberg reference + synthetic daily interpolation
2009-02-25,2009,2,25,Wednesday,61.29,56.46,61.65,4.83,79.02,1.3082,3.75,30.87,0,EIA/FRED/Bloomberg reference + synthetic daily interpolation
2009-02-26,2009,2,26,Thursday,61.03,55.28,60.89,5.75,78.31,1.3269,3.75,30.93,0,EIA/FRED/Bloomberg reference + synthetic daily interpolation
2009-02-27,2009,2,27,Friday,60.35,56.7,60.75,3.65,79.37,1.3046,3.7498,31.12,0,EIA/FRED/Bloomberg reference + synthetic daily interpolation
2009-03-02,2009,3,2,Monday,60.24,55.76,59.99,4.48,77.93,1.3323,3.7498,30.39,0,EIA/FRED/Bloomberg reference + synthetic daily interpolation
2009-03-03,2009,3,3,Tuesday,62.1,57.24,62.4,4.86,78.91,1.3159,3.7499,30.51,0,EIA/FRED/Bloomberg reference + synthetic daily interpolation
2009-03-04,2009,3,4,Wednesday,63.31,60.7,62.78,2.61,77.56,1.3347,3.7497,30.77,0,EIA/FRED/Bloomberg reference + synthetic daily interpolation
2009-03-05,2009,3,5,Thursday,63.23,61.0,64.56,2.23,76.59,1.3477,3.7497,30.2,0,EIA/FRED/Bloomberg reference + synthetic daily interpolation
2009-03-06,2009,3,6,Friday,60.22,59.38,61.37,0.84,77.03,1.344,3.7501,31.09,0,EIA/FRED/Bloomberg reference + synthetic daily interpolation
2009-03-09,2009,3,9,Monday,62.34,61.76,63.7,0.58,76.21,1.352,3.7497,30.77,0,EIA/FRED/Bloomberg reference + synthetic daily interpolation
2009-03-10,2009,3,10,Tuesday,62.45,58.74,63.77,3.71,75.85,1.3587,3.7496,30.7,0,EIA/FRED/Bloomberg reference + synthetic daily interpolation
2009-03-11,2009,3,11,Wednesday,62.3,56.7,61.41,5.6,79.45,1.3093,3.7498,31.23,0,EIA/FRED/Bloomberg reference + synthetic daily interpolation
2009-03-12,2009,3,12,Thursday,62.94,61.14,62.43,1.8,76.75,1.3378,3.7497,31.09,0,EIA/FRED/Bloomberg reference + synthetic daily interpolation
2009-03-13,2009,3,13,Friday,61.55,57.51,61.52,4.04,77.23,1.3446,3.7498,30.2,0,EIA/FRED/Bloomberg reference + synthetic daily interpolation
2009-03-16,2009,3,16,Monday,62.85,59.73,62.03,3.12,77.14,1.3487,3.7497,30.48,0,EIA/FRED/Bloomberg reference + synthetic daily interpolation
2009-03-17,2009,3,17,Tuesday,62.6,57.1,62.32,5.5,79.79,1.3096,3.7497,30.88,0,EIA/FRED/Bloomberg reference + synthetic daily interpolation
2009-03-18,2009,3,18,Wednesday,64.12,59.52,63.0,4.6,77.66,1.3406,3.7496,30.82,0,EIA/FRED/Bloomberg reference + synthetic daily interpolation
2009-03-19,2009,3,19,Thursday,62.88,62.06,63.31,0.82,78.04,1.3331,3.75,30.28,0,EIA/FRED/Bloomberg reference + synthetic daily interpolation
2009-03-20,2009,3,20,Friday,61.75,58.85,61.67,2.9,78.71,1.3144,3.7499,31.15,0,EIA/FRED/Bloomberg reference + synthetic daily interpolation
2009-03-23,2009,3,23,Monday,62.09,56.69,63.03,5.4,76.98,1.3459,3.75,29.83,0,EIA/FRED/Bloomberg reference + synthetic daily interpolation
2009-03-24,2009,3,24,Tuesday,62.16,58.34,62.47,3.82,79.06,1.3156,3.7497,30.47,0,EIA/FRED/Bloomberg reference + synthetic daily interpolation
2009-03-25,2009,3,25,Wednesday,62.6,59.67,62.9,2.93,75.87,1.3583,3.7498,30.59,0,EIA/FRED/Bloomberg reference + synthetic daily interpolation
2009-03-26,2009,3,26,Thursday,62.61,60.53,61.65,2.08,77.93,1.329,3.7501,30.82,0,EIA/FRED/Bloomberg reference + synthetic daily interpolation
2009-03-27,2009,3,27,Friday,63.53,58.45,64.15,5.08,78.99,1.3089,3.7498,30.74,0,EIA/FRED/Bloomberg reference + synthetic daily interpolation
2009-03-30,2009,3,30,Monday,63.18,61.16,62.43,2.02,75.87,1.3683,3.7498,30.61,0,EIA/FRED/Bloomberg reference + synthetic daily interpolation
2009-03-31,2009,3,31,Tuesday,63.8,62.42,64.63,1.38,78.25,1.3214,3.7496,31.16,0,EIA/FRED/Bloomberg reference + synthetic daily interpolation
2009-04-01,2009,4,1,Wednesday,64.36,58.47,64.98,5.89,76.89,1.3425,3.7497,31.8,0,EIA/FRED/Bloomberg reference + synthetic daily interpolation
2009-04-02,2009,4,2,Thursday,62.15,59.46,62.15,2.69,77.24,1.3464,3.7496,29.95,0,EIA/FRED/Bloomberg reference + synthetic daily interpolation
2009-04-03,2009,4,3,Friday,61.88,56.32,63.15,5.56,77.22,1.3469,3.7496,30.98,0,EIA/FRED/Bloomberg reference + synthetic daily interpolation
2009-04-06,2009,4,6,Monday,63.14,58.51,62.29,4.63,79.39,1.3097,3.75,30.53,0,EIA/FRED/Bloomberg reference + synthetic daily interpolation
2009-04-07,2009,4,7,Tuesday,62.93,57.06,62.46,5.87,77.65,1.33,3.7501,31.65,0,EIA/FRED/Bloomberg reference + synthetic daily interpolation
2009-04-08,2009,4,8,Wednesday,62.73,60.67,62.34,2.06,76.63,1.3535,3.7499,30.5,0,EIA/FRED/Bloomberg reference + synthetic daily interpolation
2009-04-09,2009,4,9,Thursday,64.53,63.88,63.9,0.65,78.36,1.3179,3.7497,30.48,0,EIA/FRED/Bloomberg reference + synthetic daily interpolation
2009-04-10,2009,4,10,Friday,61.94,59.49,62.81,2.45,77.88,1.3266,3.75,30.5,0,EIA/FRED/Bloomberg reference + synthetic daily interpolation
2009-04-13,2009,4,13,Monday,65.4,64.54,64.79,0.86,77.12,1.345,3.7497,30.57,0,EIA/FRED/Bloomberg reference + synthetic daily interpolation
2009-04-14,2009,4,14,Tuesday,64.34,58.49,65.11,5.85,78.39,1.3187,3.7497,30.5,0,EIA/FRED/Bloomberg reference + synthetic daily interpolation
2009-04-15,2009,4,15,Wednesday,60.93,58.25,61.45,2.68,76.4,1.3611,3.7498,30.31,0,EIA/FRED/Bloomberg reference + synthetic daily interpolation
2009-04-16,2009,4,16,Thursday,63.44,60.67,62.07,2.77,80.24,1.2915,3.7501,30.75,0,EIA/FRED/Bloomberg reference + synthetic daily interpolation
2009-04-17,2009,4,17,Friday,64.52,59.93,63.48,4.59,76.71,1.3472,3.7497,30.69,0,EIA/FRED/Bloomberg reference + synthetic daily interpolation
2009-04-20,2009,4,20,Monday,64.48,63.93,63.46,0.55,78.42,1.3232,3.7496,30.65,0,EIA/FRED/Bloomberg reference + synthetic daily interpolation
2009-04-21,2009,4,21,Tuesday,64.87,59.32,65.27,5.55,78.22,1.3239,3.7499,30.76,0,EIA/FRED/Bloomberg reference + synthetic daily interpolation
2009-04-22,2009,4,22,Wednesday,64.96,64.21,63.67,0.75,78.59,1.3253,3.7497,31.08,0,EIA/FRED/Bloomberg reference + synthetic daily interpolation
2009-04-23,2009,4,23,Thursday,65.72,64.97,64.45,0.75,77.97,1.3276,3.7499,30.76,0,EIA/FRED/Bloomberg reference + synthetic daily interpolation
2009-04-24,2009,4,24,Friday,64.23,59.44,63.82,4.79,77.85,1.3279,3.7501,30.81,0,EIA/FRED/Bloomberg reference + synthetic daily interpolation
2009-04-27,2009,4,27,Monday,64.69,60.85,64.3,3.84,80.89,1.2945,3.7499,31.29,0,EIA/FRED/Bloomberg reference + synthetic daily interpolation
2009-04-28,2009,4,28,Tuesday,63.75,58.31,63.92,5.44,79.94,1.3023,3.7499,30.25,0,EIA/FRED/Bloomberg reference + synthetic daily interpolation
2009-04-29,2009,4,29,Wednesday,62.78,61.19,61.44,1.59,76.37,1.3527,3.7497,31.12,0,EIA/FRED/Bloomberg reference + synthetic daily interpolation
2009-04-30,2009,4,30,Thursday,64.27,61.03,64.14,3.24,77.53,1.3359,3.7501,30.27,0,EIA/FRED/Bloomberg reference + synthetic daily interpolation
2009-05-01,2009,5,1,Friday,64.27,61.57,65.71,2.7,77.06,1.3471,3.7499,30.01,0,EIA/FRED/Bloomberg reference + synthetic daily interpolation
2009-05-04,2009,5,4,Monday,64.96,64.43,66.36,0.53,77.25,1.3387,3.7498,31.11,0,EIA/FRED/Bloomberg reference + synthetic daily interpolation
2009-05-05,2009,5,5,Tuesday,65.58,63.12,66.27,2.46,76.73,1.3482,3.7497,30.82,0,EIA/FRED/Bloomberg reference + synthetic daily interpolation
2009-05-06,2009,5,6,Wednesday,63.47,59.83,64.35,3.64,76.69,1.3542,3.75,30.97,0,EIA/FRED/Bloomberg reference + synthetic daily interpolation
2009-05-07,2009,5,7,Thursday,66.43,65.14,66.27,1.29,78.35,1.3194,3.7499,30.39,0,EIA/FRED/Bloomberg reference + synthetic daily interpolation
2009-05-08,2009,5,8,Friday,66.1,63.33,66.22,2.77,77.42,1.331,3.7498,31.41,0,EIA/FRED/Bloomberg reference + synthetic daily interpolation
2009-05-11,2009,5,11,Monday,64.99,61.92,64.07,3.07,77.38,1.336,3.7499,31.68,0,EIA/FRED/Bloomberg reference + synthetic daily interpolation
2009-05-12,2009,5,12,Tuesday,62.73,59.94,61.55,2.79,76.09,1.368,3.7497,30.63,0,EIA/FRED/Bloomberg reference + synthetic daily interpolation
2009-05-13,2009,5,13,Wednesday,63.65,60.14,65.09,3.51,78.63,1.3169,3.7499,29.9,0,EIA/FRED/Bloomberg reference + synthetic daily interpolation
2009-05-14,2009,5,14,Thursday,64.1,59.5,64.69,4.6,80.56,1.2883,3.7499,31.35,0,EIA/FRED/Bloomberg reference + synthetic daily interpolation
2009-05-15,2009,5,15,Friday,66.75,62.93,68.2,3.82,79.34,1.3045,3.7499,30.91,0,EIA/FRED/Bloomberg reference + synthetic daily interpolation
2009-05-18,2009,5,18,Monday,63.34,57.84,62.92,5.5,76.54,1.3512,3.75,30.52,0,EIA/FRED/Bloomberg reference + synthetic daily interpolation
2009-05-19,2009,5,19,Tuesday,64.83,60.66,64.15,4.17,79.72,1.2932,3.7497,30.14,0,EIA/FRED/Bloomberg reference + synthetic daily interpolation
2009-05-20,2009,5,20,Wednesday,63.1,59.61,63.23,3.49,78.94,1.3204,3.7497,30.05,0,EIA/FRED/Bloomberg reference + synthetic daily interpolation
2009-05-21,2009,5,21,Thursday,64.89,59.97,65.33,4.92,78.0,1.3267,3.7501,30.0,0,EIA/FRED/Bloomberg reference + synthetic daily interpolation
2009-05-22,2009,5,22,Friday,63.69,59.72,64.02,3.97,77.98,1.3283,3.7499,31.33,0,EIA/FRED/Bloomberg reference + synthetic daily interpolation
2009-05-25,2009,5,25,Monday,66.47,65.82,66.13,0.65,79.48,1.3126,3.7497,30.99,0,EIA/FRED/Bloomberg reference + synthetic daily interpolation
2009-05-26,2009,5,26,Tuesday,64.71,61.02,64.3,3.69,78.38,1.3355,3.7497,31.03,0,EIA/FRED/Bloomberg reference + synthetic daily interpolation
2009-05-27,2009,5,27,Wednesday,63.52,59.25,64.06,4.27,77.77,1.3339,3.7499,31.21,0,EIA/FRED/Bloomberg reference + synthetic daily interpolation
2009-05-28,2009,5,28,Thursday,65.21,63.7,64.08,1.51,76.75,1.3458,3.7497,30.86,0,EIA/FRED/Bloomberg reference + synthetic daily interpolation
2009-05-29,2009,5,29,Friday,64.19,61.78,62.74,2.41,78.32,1.3221,3.7499,30.02,0,EIA/FRED/Bloomberg reference + synthetic daily interpolation
2009-06-01,2009,6,1,Monday,65.05,62.36,65.28,2.69,77.74,1.3333,3.7496,31.22,0,EIA/FRED/Bloomberg reference + synthetic daily interpolation
2009-06-02,2009,6,2,Tuesday,65.45,59.46,66.2,5.99,78.91,1.3149,3.7498,31.03,0,EIA/FRED/Bloomberg reference + synthetic daily interpolation
2009-06-03,2009,6,3,Wednesday,64.54,59.87,65.86,4.67,78.67,1.315,3.7497,30.89,0,EIA/FRED/Bloomberg reference + synthetic daily interpolation
2009-06-04,2009,6,4,Thursday,66.51,61.01,66.45,5.5,77.48,1.3392,3.7497,30.17,0,EIA/FRED/Bloomberg reference + synthetic daily interpolation
2009-06-05,2009,6,5,Friday,64.73,63.6,64.63,1.13,76.0,1.3524,3.7499,30.44,0,EIA/FRED/Bloomberg reference + synthetic daily interpolation
2009-06-08,2009,6,8,Monday,64.82,63.55,66.22,1.27,79.72,1.2988,3.7496,30.18,0,EIA/FRED/Bloomberg reference + synthetic daily interpolation
2009-06-09,2009,6,9,Tuesday,63.72,59.19,63.78,4.53,78.77,1.3136,3.75,30.54,0,EIA/FRED/Bloomberg reference + synthetic daily interpolation
2009-06-10,2009,6,10,Wednesday,66.09,62.06,65.13,4.03,77.96,1.333,3.7499,31.18,0,EIA/FRED/Bloomberg reference + synthetic daily interpolation
2009-06-11,2009,6,11,Thursday,64.72,60.92,65.35,3.8,78.61,1.3278,3.7499,31.22,0,EIA/FRED/Bloomberg reference + synthetic daily interpolation
2009-06-12,2009,6,12,Friday,65.8,63.37,66.43,2.43,76.95,1.3489,3.7499,30.99,0,EIA/FRED/Bloomberg reference + synthetic daily interpolation
2009-06-15,2009,6,15,Monday,64.75,63.04,63.55,1.71,76.72,1.3501,3.7497,29.63,0,EIA/FRED/Bloomberg reference + synthetic daily interpolation
2009-06-16,2009,6,16,Tuesday,64.22,62.54,65.39,1.68,77.52,1.3372,3.75,31.17,0,EIA/FRED/Bloomberg reference + synthetic daily interpolation
2009-06-17,2009,6,17,Wednesday,65.08,63.97,65.99,1.11,79.14,1.3124,3.75,29.9,0,EIA/FRED/Bloomberg reference + synthetic daily interpolation
2009-06-18,2009,6,18,Thursday,64.21,58.47,62.73,5.74,77.34,1.344,3.7499,31.29,0,EIA/FRED/Bloomberg reference + synthetic daily interpolation
2009-06-19,2009,6,19,Friday,63.45,60.57,62.65,2.88,78.53,1.3224,3.7499,30.53,0,EIA/FRED/Bloomberg reference + synthetic daily interpolation
2009-06-22,2009,6,22,Monday,65.51,60.57,66.84,4.94,78.41,1.3334,3.7497,30.48,0,EIA/FRED/Bloomberg reference + synthetic daily interpolation
2009-06-23,2009,6,23,Tuesday,63.7,62.11,64.03,1.59,77.71,1.3363,3.7499,31.13,0,EIA/FRED/Bloomberg reference + synthetic daily interpolation
2009-06-24,2009,6,24,Wednesday,64.59,62.33,64.67,2.26,77.08,1.3438,3.7497,31.19,0,EIA/FRED/Bloomberg reference + synthetic daily interpolation
2009-06-25,2009,6,25,Thursday,64.0,62.22,63.99,1.78,77.8,1.3385,3.7498,30.64,0,EIA/FRED/Bloomberg reference + synthetic daily interpolation
2009-06-26,2009,6,26,Friday,63.23,58.74,64.72,4.49,77.1,1.3395,3.7499,30.92,0,EIA/FRED/Bloomberg reference + synthetic daily interpolation
2009-06-29,2009,6,29,Monday,63.6,60.3,63.07,3.3,77.77,1.3328,3.7498,30.86,0,EIA/FRED/Bloomberg reference + synthetic daily interpolation
2009-06-30,2009,6,30,Tuesday,64.79,60.76,66.24,4.03,77.89,1.3397,3.7499,30.47,0,EIA/FRED/Bloomberg reference + synthetic daily interpolation
2009-07-01,2009,7,1,Wednesday,64.11,59.82,65.33,4.29,78.58,1.3248,3.7496,31.21,0,EIA/FRED/Bloomberg reference + synthetic daily interpolation
2009-07-02,2009,7,2,Thursday,65.71,63.8,65.49,1.91,78.2,1.3316,3.7496,31.21,0,EIA/FRED/Bloomberg reference + synthetic daily interpolation
2009-07-03,2009,7,3,Friday,63.42,60.92,62.46,2.5,78.81,1.319,3.7496,29.92,0,EIA/FRED/Bloomberg reference + synthetic daily interpolation
2009-07-06,2009,7,6,Monday,64.43,62.43,65.78,2.0,78.41,1.3163,3.7498,30.5,0,EIA/FRED/Bloomberg reference + synthetic daily interpolation
2009-07-07,2009,7,7,Tuesday,63.48,61.05,64.42,2.43,76.61,1.3528,3.7499,30.43,0,EIA/FRED/Bloomberg reference + synthetic daily interpolation
2009-07-08,2009,7,8,Wednesday,64.43,60.31,63.42,4.12,79.85,1.2998,3.75,30.0,0,EIA/FRED/Bloomberg reference + synthetic daily interpolation
2009-07-09,2009,7,9,Thursday,64.49,63.85,64.89,0.64,77.33,1.3395,3.7497,31.3,0,EIA/FRED/Bloomberg reference + synthetic daily interpolation
2009-07-10,2009,7,10,Friday,63.9,60.22,65.14,3.68,79.43,1.3135,3.75,30.89,0,EIA/FRED/Bloomberg reference + synthetic daily interpolation
2009-07-13,2009,7,13,Monday,63.17,60.43,64.06,2.74,76.75,1.3519,3.7501,30.31,0,EIA/FRED/Bloomberg reference + synthetic daily interpolation
2009-07-14,2009,7,14,Tuesday,63.46,61.49,63.16,1.97,79.16,1.3136,3.7499,30.84,0,EIA/FRED/Bloomberg reference + synthetic daily interpolation
2009-07-15,2009,7,15,Wednesday,62.87,60.68,61.6,2.19,79.76,1.2976,3.7498,30.78,0,EIA/FRED/Bloomberg reference + synthetic daily interpolation
2009-07-16,2009,7,16,Thursday,63.35,62.01,62.47,1.34,79.67,1.3052,3.7498,30.77,0,EIA/FRED/Bloomberg reference + synthetic daily interpolation
2009-07-17,2009,7,17,Friday,64.79,59.48,64.61,5.31,77.22,1.338,3.7497,31.11,0,EIA/FRED/Bloomberg reference + synthetic daily interpolation
2009-07-20,2009,7,20,Monday,64.7,62.26,64.96,2.44,77.25,1.3355,3.7499,29.88,0,EIA/FRED/Bloomberg reference + synthetic daily interpolation
2009-07-21,2009,7,21,Tuesday,63.07,60.59,63.08,2.48,78.41,1.3288,3.7497,29.75,0,EIA/FRED/Bloomberg reference + synthetic daily interpolation
2009-07-22,2009,7,22,Wednesday,62.17,60.49,62.84,1.68,77.03,1.3345,3.7499,31.26,0,EIA/FRED/Bloomberg reference + synthetic daily interpolation
2009-07-23,2009,7,23,Thursday,65.25,64.58,66.2,0.67,77.87,1.3379,3.7499,30.93,0,EIA/FRED/Bloomberg reference + synthetic daily interpolation
2009-07-24,2009,7,24,Friday,64.7,61.29,65.5,3.41,77.58,1.3403,3.7497,30.06,0,EIA/FRED/Bloomberg reference + synthetic daily interpolation
2009-07-27,2009,7,27,Monday,63.72,61.94,64.39,1.78,76.39,1.3588,3.7497,30.71,0,EIA/FRED/Bloomberg reference + synthetic daily interpolation
2009-07-28,2009,7,28,Tuesday,63.71,59.18,63.46,4.53,77.11,1.3442,3.7501,30.26,0,EIA/FRED/Bloomberg reference + synthetic daily interpolation
2009-07-29,2009,7,29,Wednesday,63.43,57.54,62.61,5.89,77.9,1.3358,3.7496,30.47,0,EIA/FRED/Bloomberg reference + synthetic daily interpolation
2009-07-30,2009,7,30,Thursday,63.59,58.4,63.32,5.19,78.13,1.3318,3.7496,30.62,0,EIA/FRED/Bloomberg reference + synthetic daily interpolation
2009-07-31,2009,7,31,Friday,65.1,64.09,64.8,1.01,78.62,1.3305,3.7501,31.15,0,EIA/FRED/Bloomberg reference + synthetic daily interpolation
2009-08-03,2009,8,3,Monday,64.76,63.1,63.77,1.66,78.84,1.3127,3.7497,30.8,0,EIA/FRED/Bloomberg reference + synthetic daily interpolation
2009-08-04,2009,8,4,Tuesday,63.88,63.2,63.21,0.68,76.39,1.3609,3.7497,31.31,0,EIA/FRED/Bloomberg reference + synthetic daily interpolation
2009-08-05,2009,8,5,Wednesday,62.24,60.05,61.55,2.19,77.63,1.3383,3.7496,30.32,0,EIA/FRED/Bloomberg reference + synthetic daily interpolation
2009-08-06,2009,8,6,Thursday,63.08,59.41,62.46,3.67,76.55,1.3494,3.7497,30.72,0,EIA/FRED/Bloomberg reference + synthetic daily interpolation
2009-08-07,2009,8,7,Friday,62.5,58.95,63.16,3.55,78.52,1.3285,3.7498,30.72,0,EIA/FRED/Bloomberg reference + synthetic daily interpolation
2009-08-10,2009,8,10,Monday,63.18,60.66,62.16,2.52,80.35,1.3037,3.7498,30.71,0,EIA/FRED/Bloomberg reference + synthetic daily interpolation
2009-08-11,2009,8,11,Tuesday,61.36,59.9,60.62,1.46,77.23,1.3436,3.7499,30.16,0,EIA/FRED/Bloomberg reference + synthetic daily interpolation
2009-08-12,2009,8,12,Wednesday,62.63,60.74,63.32,1.89,77.03,1.3511,3.7499,30.12,0,EIA/FRED/Bloomberg reference + synthetic daily interpolation
2009-08-13,2009,8,13,Thursday,62.4,57.69,62.61,4.71,78.45,1.3258,3.7496,29.81,0,EIA/FRED/Bloomberg reference + synthetic daily interpolation
2009-08-14,2009,8,14,Friday,62.91,60.97,64.35,1.94,76.55,1.3445,3.7497,30.52,0,EIA/FRED/Bloomberg reference + synthetic daily interpolation
2009-08-17,2009,8,17,Monday,64.28,62.8,64.84,1.48,77.91,1.3359,3.7498,30.93,0,EIA/FRED/Bloomberg reference + synthetic daily interpolation
2009-08-18,2009,8,18,Tuesday,61.97,59.69,61.06,2.28,79.51,1.311,3.7496,30.69,0,EIA/FRED/Bloomberg reference + synthetic daily interpolation
2009-08-19,2009,8,19,Wednesday,64.87,59.4,64.09,5.47,76.1,1.3595,3.75,30.47,0,EIA/FRED/Bloomberg reference + synthetic daily interpolation
2009-08-20,2009,8,20,Thursday,62.61,60.98,61.25,1.63,77.99,1.3284,3.7497,30.25,0,EIA/FRED/Bloomberg reference + synthetic daily interpolation
2009-08-21,2009,8,21,Friday,62.68,58.13,62.95,4.55,78.01,1.3306,3.75,30.27,0,EIA/FRED/Bloomberg reference + synthetic daily interpolation
2009-08-24,2009,8,24,Monday,61.5,56.88,62.74,4.62,75.86,1.3557,3.7497,30.81,0,EIA/FRED/Bloomberg reference + synthetic daily interpolation
2009-08-25,2009,8,25,Tuesday,61.72,56.2,62.01,5.52,77.7,1.3332,3.7498,29.83,0,EIA/FRED/Bloomberg reference + synthetic daily interpolation
2009-08-26,2009,8,26,Wednesday,62.75,60.79,61.5,1.96,77.31,1.3392,3.7501,30.59,0,EIA/FRED/Bloomberg reference + synthetic daily interpolation
2009-08-27,2009,8,27,Thursday,62.34,56.39,61.08,5.95,80.33,1.2981,3.75,31.25,0,EIA/FRED/Bloomberg reference + synthetic daily interpolation
2009-08-28,2009,8,28,Friday,64.27,62.86,65.56,1.41,76.9,1.3429,3.7501,31.52,0,EIA/FRED/Bloomberg reference + synthetic daily interpolation
2009-08-31,2009,8,31,Monday,59.85,55.84,58.69,4.01,78.51,1.328,3.75,30.63,0,EIA/FRED/Bloomberg reference + synthetic daily interpolation
2009-09-01,2009,9,1,Tuesday,63.06,59.55,61.98,3.51,79.1,1.3148,3.7498,30.2,0,EIA/FRED/Bloomberg reference + synthetic daily interpolation
2009-09-02,2009,9,2,Wednesday,62.43,58.43,63.82,4.0,76.87,1.3468,3.7496,30.87,0,EIA/FRED/Bloomberg reference + synthetic daily interpolation
2009-09-03,2009,9,3,Thursday,61.65,60.68,62.66,0.97,78.58,1.3251,3.7499,30.8,0,EIA/FRED/Bloomberg reference + synthetic daily interpolation
2009-09-04,2009,9,4,Friday,62.52,60.66,63.55,1.86,78.19,1.3262,3.7501,30.43,0,EIA/FRED/Bloomberg reference + synthetic daily interpolation
2009-09-07,2009,9,7,Monday,61.05,56.67,62.08,4.38,77.68,1.327,3.7499,30.27,0,EIA/FRED/Bloomberg reference + synthetic daily interpolation
2009-09-08,2009,9,8,Tuesday,61.48,58.39,61.29,3.09,79.83,1.296,3.75,30.46,0,EIA/FRED/Bloomberg reference + synthetic daily interpolation
2009-09-09,2009,9,9,Wednesday,60.85,59.09,60.37,1.76,76.23,1.3566,3.7499,30.2,0,EIA/FRED/Bloomberg reference + synthetic daily interpolation
2009-09-10,2009,9,10,Thursday,60.48,55.41,60.15,5.07,76.56,1.3538,3.75,31.09,0,EIA/FRED/Bloomberg reference + synthetic daily interpolation
2009-09-11,2009,9,11,Friday,61.63,59.93,60.95,1.7,77.54,1.3348,3.7496,30.51,0,EIA/FRED/Bloomberg reference + synthetic daily interpolation
2009-09-14,2009,9,14,Monday,62.72,59.09,64.15,3.63,76.62,1.3583,3.75,31.13,0,EIA/FRED/Bloomberg reference + synthetic daily interpolation
2009-09-15,2009,9,15,Tuesday,60.1,55.38,60.5,4.72,75.53,1.3583,3.7498,31.39,0,EIA/FRED/Bloomberg reference + synthetic daily interpolation
2009-09-16,2009,9,16,Wednesday,60.98,59.32,60.4,1.66,75.18,1.3745,3.7496,29.74,0,EIA/FRED/Bloomberg reference + synthetic daily interpolation
2009-09-17,2009,9,17,Thursday,60.97,56.09,59.73,4.88,78.64,1.3226,3.7498,30.45,0,EIA/FRED/Bloomberg reference + synthetic daily interpolation
2009-09-18,2009,9,18,Friday,59.99,54.88,59.35,5.11,78.01,1.3305,3.75,30.98,0,EIA/FRED/Bloomberg reference + synthetic daily interpolation
2009-09-21,2009,9,21,Monday,59.94,57.83,59.95,2.11,79.43,1.3078,3.7497,30.39,0,EIA/FRED/Bloomberg reference + synthetic daily interpolation
2009-09-22,2009,9,22,Tuesday,60.95,59.58,60.28,1.37,77.88,1.3404,3.75,31.12,0,EIA/FRED/Bloomberg reference + synthetic daily interpolation
2009-09-23,2009,9,23,Wednesday,60.24,55.21,60.91,5.03,76.22,1.3605,3.7498,30.78,0,EIA/FRED/Bloomberg reference + synthetic daily interpolation
2009-09-24,2009,9,24,Thursday,59.46,57.73,60.59,1.73,77.77,1.3426,3.75,30.02,0,EIA/FRED/Bloomberg reference + synthetic daily interpolation
2009-09-25,2009,9,25,Friday,62.09,60.74,60.82,1.35,78.32,1.3291,3.75,30.31,0,EIA/FRED/Bloomberg reference + synthetic daily interpolation
2009-09-28,2009,9,28,Monday,60.05,57.03,60.33,3.02,77.48,1.3362,3.7498,30.56,0,EIA/FRED/Bloomberg reference + synthetic daily interpolation
2009-09-29,2009,9,29,Tuesday,60.75,59.38,60.69,1.37,77.82,1.3218,3.7499,29.92,0,EIA/FRED/Bloomberg reference + synthetic daily interpolation
2009-09-30,2009,9,30,Wednesday,59.6,53.64,59.08,5.96,78.91,1.3238,3.7498,30.67,0,EIA/FRED/Bloomberg reference + synthetic daily interpolation
2009-10-01,2009,10,1,Thursday,62.03,56.3,62.22,5.73,78.2,1.3276,3.7497,30.31,0,EIA/FRED/Bloomberg reference + synthetic daily interpolation
2009-10-02,2009,10,2,Friday,60.03,57.12,58.71,2.91,77.76,1.3358,3.7499,30.93,0,EIA/FRED/Bloomberg reference + synthetic daily interpolation
2009-10-05,2009,10,5,Monday,60.22,58.93,60.41,1.29,76.73,1.3585,3.7497,30.54,0,EIA/FRED/Bloomberg reference + synthetic daily interpolation
2009-10-06,2009,10,6,Tuesday,59.14,54.75,58.25,4.39,80.07,1.2953,3.7498,30.7,0,EIA/FRED/Bloomberg reference + synthetic daily interpolation
2009-10-07,2009,10,7,Wednesday,60.44,58.38,59.15,2.06,78.67,1.3239,3.7497,30.62,0,EIA/FRED/Bloomberg reference + synthetic daily interpolation
2009-10-08,2009,10,8,Thursday,60.95,59.68,60.64,1.27,77.82,1.3366,3.7498,31.31,0,EIA/FRED/Bloomberg reference + synthetic daily interpolation
2009-10-09,2009,10,9,Friday,60.34,56.95,59.41,3.39,78.27,1.3284,3.7498,30.3,0,EIA/FRED/Bloomberg reference + synthetic daily interpolation
2009-10-12,2009,10,12,Monday,60.72,55.65,61.2,5.07,77.68,1.3334,3.7497,30.88,0,EIA/FRED/Bloomberg reference + synthetic daily interpolation
2009-10-13,2009,10,13,Tuesday,59.56,58.59,60.71,0.97,75.0,1.3854,3.7497,31.13,0,EIA/FRED/Bloomberg reference + synthetic daily interpolation
2009-10-14,2009,10,14,Wednesday,58.15,56.38,58.16,1.77,77.12,1.3461,3.7499,30.53,0,EIA/FRED/Bloomberg reference + synthetic daily interpolation
2009-10-15,2009,10,15,Thursday,60.5,55.58,60.29,4.92,76.88,1.3403,3.7499,30.89,0,EIA/FRED/Bloomberg reference + synthetic daily interpolation
2009-10-16,2009,10,16,Friday,59.35,56.26,59.51,3.09,78.47,1.3238,3.7501,31.06,0,EIA/FRED/Bloomberg reference + synthetic daily interpolation
2009-10-19,2009,10,19,Monday,59.58,56.79,60.25,2.79,77.59,1.3311,3.7501,30.81,0,EIA/FRED/Bloomberg reference + synthetic daily interpolation
2009-10-20,2009,10,20,Tuesday,58.41,53.22,57.94,5.19,78.92,1.3148,3.7498,30.49,0,EIA/FRED/Bloomberg reference + synthetic daily interpolation
2009-10-21,2009,10,21,Wednesday,60.6,59.78,59.85,0.82,78.37,1.3239,3.7498,30.94,0,EIA/FRED/Bloomberg reference + synthetic daily interpolation
2009-10-22,2009,10,22,Thursday,58.8,56.33,59.52,2.47,79.78,1.3102,3.7497,30.24,0,EIA/FRED/Bloomberg reference + synthetic daily interpolation
2009-10-23,2009,10,23,Friday,58.46,55.92,57.67,2.54,79.39,1.3113,3.75,30.83,0,EIA/FRED/Bloomberg reference + synthetic daily interpolation
2009-10-26,2009,10,26,Monday,59.88,55.79,61.02,4.09,78.3,1.3327,3.7501,30.43,0,EIA/FRED/Bloomberg reference + synthetic daily interpolation
2009-10-27,2009,10,27,Tuesday,60.44,58.21,61.18,2.23,78.05,1.3294,3.7498,30.97,0,EIA/FRED/Bloomberg reference + synthetic daily interpolation
2009-10-28,2009,10,28,Wednesday,59.22,54.34,57.76,4.88,76.03,1.3625,3.7498,31.53,0,EIA/FRED/Bloomberg reference + synthetic daily interpolation
2009-10-29,2009,10,29,Thursday,59.13,57.0,60.07,2.13,77.11,1.3438,3.7501,31.13,0,EIA/FRED/Bloomberg reference + synthetic daily interpolation
2009-10-30,2009,10,30,Friday,58.56,56.49,60.01,2.07,77.71,1.3305,3.7497,30.39,0,EIA/FRED/Bloomberg reference + synthetic daily interpolation
2009-11-02,2009,11,2,Monday,57.37,53.69,56.62,3.68,78.25,1.3299,3.7498,30.43,0,EIA/FRED/Bloomberg reference + synthetic daily interpolation
2009-11-03,2009,11,3,Tuesday,59.95,58.52,58.95,1.43,78.65,1.321,3.75,31.27,0,EIA/FRED/Bloomberg reference + synthetic daily interpolation
2009-11-04,2009,11,4,Wednesday,58.7,57.07,58.59,1.63,78.69,1.3228,3.7497,30.57,0,EIA/FRED/Bloomberg reference + synthetic daily interpolation
2009-11-05,2009,11,5,Thursday,61.67,58.09,62.85,3.58,75.68,1.3591,3.75,31.1,0,EIA/FRED/Bloomberg reference + synthetic daily interpolation
2009-11-06,2009,11,6,Friday,58.72,54.9,60.08,3.82,76.36,1.3599,3.7499,31.41,0,EIA/FRED/Bloomberg reference + synthetic daily interpolation
2009-11-09,2009,11,9,Monday,59.48,55.77,58.92,3.71,78.51,1.3157,3.7497,30.59,0,EIA/FRED/Bloomberg reference + synthetic daily interpolation
2009-11-10,2009,11,10,Tuesday,59.54,57.27,58.75,2.27,77.54,1.3363,3.7496,30.41,0,EIA/FRED/Bloomberg reference + synthetic daily interpolation
2009-11-11,2009,11,11,Wednesday,59.43,58.07,60.56,1.36,78.69,1.3148,3.7498,30.45,0,EIA/FRED/Bloomberg reference + synthetic daily interpolation
2009-11-12,2009,11,12,Thursday,59.37,53.97,60.23,5.4,76.45,1.3532,3.7498,30.37,0,EIA/FRED/Bloomberg reference + synthetic daily interpolation
2009-11-13,2009,11,13,Friday,57.37,56.18,57.92,1.19,75.78,1.3716,3.75,30.08,0,EIA/FRED/Bloomberg reference + synthetic daily interpolation
2009-11-16,2009,11,16,Monday,57.75,54.92,56.68,2.83,77.11,1.3398,3.7496,31.11,0,EIA/FRED/Bloomberg reference + synthetic daily interpolation
2009-11-17,2009,11,17,Tuesday,59.56,58.91,60.45,0.65,77.62,1.3376,3.7498,30.47,0,EIA/FRED/Bloomberg reference + synthetic daily interpolation
2009-11-18,2009,11,18,Wednesday,57.07,53.85,56.38,3.22,78.01,1.3287,3.7497,30.4,0,EIA/FRED/Bloomberg reference + synthetic daily interpolation
2009-11-19,2009,11,19,Thursday,59.09,56.95,59.83,2.14,77.27,1.3396,3.7499,31.59,0,EIA/FRED/Bloomberg reference + synthetic daily interpolation
2009-11-20,2009,11,20,Friday,59.75,57.32,59.22,2.43,78.29,1.3298,3.7499,30.54,0,EIA/FRED/Bloomberg reference + synthetic daily interpolation
2009-11-23,2009,11,23,Monday,57.29,53.12,56.39,4.17,78.89,1.3212,3.7498,30.47,0,EIA/FRED/Bloomberg reference + synthetic daily interpolation
2009-11-24,2009,11,24,Tuesday,57.71,52.15,59.09,5.56,77.26,1.3364,3.75,30.11,0,EIA/FRED/Bloomberg reference + synthetic daily interpolation
2009-11-25,2009,11,25,Wednesday,58.56,56.15,59.29,2.41,78.62,1.3235,3.75,30.61,0,EIA/FRED/Bloomberg reference + synthetic daily interpolation
2009-11-26,2009,11,26,Thursday,58.36,55.54,58.54,2.82,76.92,1.3441,3.7496,30.78,0,EIA/FRED/Bloomberg reference + synthetic daily interpolation
2009-11-27,2009,11,27,Friday,60.86,59.05,60.11,1.81,77.1,1.34,3.75,30.4,0,EIA/FRED/Bloomberg reference + synthetic daily interpolation
2009-11-30,2009,11,30,Monday,60.02,58.88,61.24,1.14,78.11,1.3349,3.7498,30.8,0,EIA/FRED/Bloomberg reference + synthetic daily interpolation
2009-12-01,2009,12,1,Tuesday,59.16,53.68,60.45,5.48,76.64,1.3501,3.7499,30.94,0,EIA/FRED/Bloomberg reference + synthetic daily interpolation
2009-12-02,2009,12,2,Wednesday,58.9,53.18,59.32,5.72,76.4,1.3568,3.75,31.2,0,EIA/FRED/Bloomberg reference + synthetic daily interpolation
2009-12-03,2009,12,3,Thursday,57.96,53.28,59.09,4.68,76.46,1.3501,3.7499,29.85,0,EIA/FRED/Bloomberg reference + synthetic daily interpolation
2009-12-04,2009,12,4,Friday,57.96,54.01,59.43,3.95,77.77,1.3313,3.7498,30.77,0,EIA/FRED/Bloomberg reference + synthetic daily interpolation
2009-12-07,2009,12,7,Monday,59.57,56.35,58.22,3.22,77.49,1.3329,3.75,31.01,0,EIA/FRED/Bloomberg reference + synthetic daily interpolation
2009-12-08,2009,12,8,Tuesday,58.69,56.28,58.88,2.41,78.6,1.3228,3.7497,30.95,0,EIA/FRED/Bloomberg reference + synthetic daily interpolation
2009-12-09,2009,12,9,Wednesday,58.56,56.51,58.82,2.05,77.77,1.3328,3.7498,30.77,0,EIA/FRED/Bloomberg reference + synthetic daily interpolation
2009-12-10,2009,12,10,Thursday,59.17,55.34,59.38,3.83,76.54,1.3518,3.7498,30.66,0,EIA/FRED/Bloomberg reference + synthetic daily interpolation
2009-12-11,2009,12,11,Friday,58.6,55.22,59.1,3.38,77.98,1.3352,3.7498,30.89,0,EIA/FRED/Bloomberg reference + synthetic daily interpolation
2009-12-14,2009,12,14,Monday,59.28,56.51,58.82,2.77,76.11,1.3597,3.7498,30.22,0,EIA/FRED/Bloomberg reference + synthetic daily interpolation
2009-12-15,2009,12,15,Tuesday,59.06,54.54,58.06,4.52,77.0,1.3423,3.7496,31.01,0,EIA/FRED/Bloomberg reference + synthetic daily interpolation
2009-12-16,2009,12,16,Wednesday,57.0,51.89,57.63,5.11,78.21,1.3349,3.7498,31.53,0,EIA/FRED/Bloomberg reference + synthetic daily interpolation
2009-12-17,2009,12,17,Thursday,59.01,56.81,59.08,2.2,77.54,1.3328,3.7499,30.09,0,EIA/FRED/Bloomberg reference + synthetic daily interpolation
2009-12-18,2009,12,18,Friday,59.89,57.6,60.44,2.29,77.94,1.3354,3.7498,31.15,0,EIA/FRED/Bloomberg reference + synthetic daily interpolation
2009-12-21,2009,12,21,Monday,59.64,55.0,58.18,4.64,77.95,1.3444,3.7496,31.24,0,EIA/FRED/Bloomberg reference + synthetic daily interpolation
2009-12-22,2009,12,22,Tuesday,57.4,53.2,58.06,4.2,76.95,1.3523,3.7498,30.82,0,EIA/FRED/Bloomberg reference + synthetic daily interpolation
2009-12-23,2009,12,23,Wednesday,59.2,56.86,60.46,2.34,80.2,1.295,3.75,31.66,0,EIA/FRED/Bloomberg reference + synthetic daily interpolation
2009-12-24,2009,12,24,Thursday,60.15,56.89,58.89,3.26,76.18,1.358,3.75,30.83,0,EIA/FRED/Bloomberg reference + synthetic daily interpolation
2009-12-25,2009,12,25,Friday,59.87,57.25,59.06,2.62,76.15,1.3482,3.7498,30.79,0,EIA/FRED/Bloomberg reference + synthetic daily interpolation
2009-12-28,2009,12,28,Monday,59.37,57.52,59.11,1.85,78.72,1.3138,3.7497,31.03,0,EIA/FRED/Bloomberg reference + synthetic daily interpolation
2009-12-29,2009,12,29,Tuesday,59.11,54.85,59.44,4.26,77.43,1.3313,3.7499,30.82,0,EIA/FRED/Bloomberg reference + synthetic daily interpolation
2009-12-30,2009,12,30,Wednesday,59.08,57.34,58.66,1.74,76.77,1.3548,3.7499,30.96,0,EIA/FRED/Bloomberg reference + synthetic daily interpolation
2009-12-31,2009,12,31,Thursday,59.51,55.1,60.23,4.41,79.09,1.3191,3.7501,30.44,0,EIA/FRED/Bloomberg reference + synthetic daily interpolation
2010-01-01,2010,1,1,Friday,78.1,77.06,78.49,1.04,81.88,1.2745,3.75,31.0,0,EIA/FRED/Bloomberg reference + synthetic daily interpolation
2010-01-04,2010,1,4,Monday,78.18,74.92,78.35,3.26,79.37,1.31,3.75,31.06,0,EIA/FRED/Bloomberg reference + synthetic daily interpolation
2010-01-05,2010,1,5,Tuesday,76.01,73.95,77.07,2.06,79.41,1.3149,3.7496,30.45,0,EIA/FRED/Bloomberg reference + synthetic daily interpolation
2010-01-06,2010,1,6,Wednesday,78.78,74.98,78.8,3.8,77.23,1.341,3.7501,31.16,0,EIA/FRED/Bloomberg reference + synthetic daily interpolation
2010-01-07,2010,1,7,Thursday,76.87,75.71,77.13,1.16,78.64,1.3222,3.7499,31.02,0,EIA/FRED/Bloomberg reference + synthetic daily interpolation
2010-01-08,2010,1,8,Friday,79.08,76.33,78.64,2.75,78.85,1.3196,3.7499,32.26,0,EIA/FRED/Bloomberg reference + synthetic daily interpolation
2010-01-11,2010,1,11,Monday,77.17,72.8,78.08,4.37,78.06,1.3353,3.7499,30.57,0,EIA/FRED/Bloomberg reference + synthetic daily interpolation
2010-01-12,2010,1,12,Tuesday,75.74,72.14,76.68,3.6,82.11,1.2603,3.7499,30.64,0,EIA/FRED/Bloomberg reference + synthetic daily interpolation
2010-01-13,2010,1,13,Wednesday,76.98,72.2,76.05,4.78,81.12,1.2759,3.75,30.76,0,EIA/FRED/Bloomberg reference + synthetic daily interpolation
2010-01-14,2010,1,14,Thursday,78.6,73.65,78.33,4.95,78.28,1.3307,3.7497,30.07,0,EIA/FRED/Bloomberg reference + synthetic daily interpolation
2010-01-15,2010,1,15,Friday,76.8,74.41,76.32,2.39,80.31,1.283,3.7501,30.82,0,EIA/FRED/Bloomberg reference + synthetic daily interpolation
2010-01-18,2010,1,18,Monday,76.0,75.0,75.6,1.0,79.11,1.3175,3.7498,31.46,0,EIA/FRED/Bloomberg reference + synthetic daily interpolation
2010-01-19,2010,1,19,Tuesday,80.22,76.62,80.67,3.6,79.69,1.2962,3.7501,31.04,0,EIA/FRED/Bloomberg reference + synthetic daily interpolation
2010-01-20,2010,1,20,Wednesday,75.59,72.98,74.14,2.61,81.35,1.2856,3.7496,30.92,0,EIA/FRED/Bloomberg reference + synthetic daily interpolation
2010-01-21,2010,1,21,Thursday,77.41,74.8,77.6,2.61,79.4,1.3122,3.7496,30.39,0,EIA/FRED/Bloomberg reference + synthetic daily interpolation
2010-01-22,2010,1,22,Friday,77.39,71.42,77.21,5.97,80.46,1.2931,3.7501,31.94,0,EIA/FRED/Bloomberg reference + synthetic daily interpolation
2010-01-25,2010,1,25,Monday,76.24,71.82,76.39,4.42,77.06,1.3405,3.7497,31.03,0,EIA/FRED/Bloomberg reference + synthetic daily interpolation
2010-01-26,2010,1,26,Tuesday,76.28,73.43,77.34,2.85,79.04,1.3159,3.7497,31.72,0,EIA/FRED/Bloomberg reference + synthetic daily interpolation
2010-01-27,2010,1,27,Wednesday,78.07,76.34,78.89,1.73,76.27,1.3556,3.7498,30.98,0,EIA/FRED/Bloomberg reference + synthetic daily interpolation
2010-01-28,2010,1,28,Thursday,77.95,73.93,78.19,4.02,79.43,1.3042,3.7499,30.58,0,EIA/FRED/Bloomberg reference + synthetic daily interpolation
2010-01-29,2010,1,29,Friday,79.89,74.78,80.93,5.11,78.62,1.3176,3.7496,30.94,0,EIA/FRED/Bloomberg reference + synthetic daily interpolation
2010-02-01,2010,2,1,Monday,80.31,78.7,79.54,1.61,78.29,1.3307,3.7496,32.52,0,EIA/FRED/Bloomberg reference + synthetic daily interpolation
2010-02-02,2010,2,2,Tuesday,76.88,74.89,76.66,1.99,78.39,1.3223,3.75,31.04,0,EIA/FRED/Bloomberg reference + synthetic daily interpolation
2010-02-03,2010,2,3,Wednesday,79.95,75.3,80.0,4.65,78.32,1.3251,3.7496,31.18,0,EIA/FRED/Bloomberg reference + synthetic daily interpolation
2010-02-04,2010,2,4,Thursday,78.95,77.93,80.35,1.02,80.19,1.2922,3.75,31.28,0,EIA/FRED/Bloomberg reference + synthetic daily interpolation
2010-02-05,2010,2,5,Friday,78.98,75.76,79.01,3.22,80.09,1.299,3.7498,31.08,0,EIA/FRED/Bloomberg reference + synthetic daily interpolation
2010-02-08,2010,2,8,Monday,78.5,77.5,77.88,1.0,80.55,1.2948,3.75,31.01,0,EIA/FRED/Bloomberg reference + synthetic daily interpolation
2010-02-09,2010,2,9,Tuesday,78.3,77.66,79.55,0.64,78.32,1.3137,3.7501,30.42,0,EIA/FRED/Bloomberg reference + synthetic daily interpolation
2010-02-10,2010,2,10,Wednesday,78.98,73.32,78.25,5.66,77.91,1.3344,3.7497,30.79,0,EIA/FRED/Bloomberg reference + synthetic daily interpolation
2010-02-11,2010,2,11,Thursday,79.89,78.05,79.6,1.84,77.8,1.3289,3.7499,31.67,0,EIA/FRED/Bloomberg reference + synthetic daily interpolation
2010-02-12,2010,2,12,Friday,78.96,77.88,77.78,1.08,76.95,1.3434,3.7498,31.32,0,EIA/FRED/Bloomberg reference + synthetic daily interpolation
2010-02-15,2010,2,15,Monday,79.13,78.03,80.51,1.1,79.43,1.3106,3.7499,30.53,0,EIA/FRED/Bloomberg reference + synthetic daily interpolation
2010-02-16,2010,2,16,Tuesday,77.51,73.11,77.09,4.4,80.27,1.2968,3.7501,30.82,0,EIA/FRED/Bloomberg reference + synthetic daily interpolation
2010-02-17,2010,2,17,Wednesday,78.23,75.79,77.63,2.44,79.78,1.2967,3.7497,30.84,0,EIA/FRED/Bloomberg reference + synthetic daily interpolation
2010-02-18,2010,2,18,Thursday,78.73,77.23,78.92,1.5,78.38,1.3186,3.7499,30.95,0,EIA/FRED/Bloomberg reference + synthetic daily interpolation
2010-02-19,2010,2,19,Friday,78.14,73.4,77.38,4.74,78.54,1.3205,3.7498,30.04,0,EIA/FRED/Bloomberg reference + synthetic daily interpolation
2010-02-22,2010,2,22,Monday,79.6,78.9,80.0,0.7,80.93,1.2777,3.7499,31.98,0,EIA/FRED/Bloomberg reference + synthetic daily interpolation
2010-02-23,2010,2,23,Tuesday,78.23,73.12,79.41,5.11,80.24,1.2871,3.7496,31.16,0,EIA/FRED/Bloomberg reference + synthetic daily interpolation
2010-02-24,2010,2,24,Wednesday,80.84,74.98,80.99,5.86,78.84,1.3165,3.7499,30.94,0,EIA/FRED/Bloomberg reference + synthetic daily interpolation
2010-02-25,2010,2,25,Thursday,79.09,78.04,78.18,1.05,79.93,1.3087,3.7499,31.2,0,EIA/FRED/Bloomberg reference + synthetic daily interpolation
2010-02-26,2010,2,26,Friday,80.94,76.68,80.78,4.26,80.98,1.2856,3.7498,29.98,0,EIA/FRED/Bloomberg reference + synthetic daily interpolation
2010-03-01,2010,3,1,Monday,79.35,76.25,78.89,3.1,79.62,1.3076,3.7498,31.16,0,EIA/FRED/Bloomberg reference + synthetic daily interpolation
2010-03-02,2010,3,2,Tuesday,81.74,80.66,82.68,1.08,79.39,1.309,3.7498,30.09,0,EIA/FRED/Bloomberg reference + synthetic daily interpolation
2010-03-03,2010,3,3,Wednesday,80.32,77.11,80.6,3.21,81.89,1.271,3.75,30.36,0,EIA/FRED/Bloomberg reference + synthetic daily interpolation
2010-03-04,2010,3,4,Thursday,79.07,74.37,80.19,4.7,80.45,1.2943,3.7501,31.44,0,EIA/FRED/Bloomberg reference + synthetic daily interpolation
2010-03-05,2010,3,5,Friday,79.65,76.74,78.25,2.91,77.8,1.3328,3.7497,30.97,0,EIA/FRED/Bloomberg reference + synthetic daily interpolation
2010-03-08,2010,3,8,Monday,79.69,76.89,79.32,2.8,78.43,1.324,3.7499,30.76,0,EIA/FRED/Bloomberg reference + synthetic daily interpolation
2010-03-09,2010,3,9,Tuesday,79.18,75.4,79.67,3.78,80.28,1.2997,3.75,30.68,0,EIA/FRED/Bloomberg reference + synthetic daily interpolation
2010-03-10,2010,3,10,Wednesday,80.13,77.4,80.36,2.73,77.3,1.3467,3.7499,31.68,0,EIA/FRED/Bloomberg reference + synthetic daily interpolation
2010-03-11,2010,3,11,Thursday,81.12,78.88,80.98,2.24,79.91,1.2967,3.75,31.41,0,EIA/FRED/Bloomberg reference + synthetic daily interpolation
2010-03-12,2010,3,12,Friday,79.89,74.93,80.86,4.96,76.44,1.3506,3.7498,30.86,0,EIA/FRED/Bloomberg reference + synthetic daily interpolation
2010-03-15,2010,3,15,Monday,78.51,72.8,78.73,5.71,80.36,1.2953,3.7499,31.8,0,EIA/FRED/Bloomberg reference + synthetic daily interpolation
2010-03-16,2010,3,16,Tuesday,79.62,78.55,78.46,1.07,79.68,1.2991,3.7497,31.11,0,EIA/FRED/Bloomberg reference + synthetic daily interpolation
2010-03-17,2010,3,17,Wednesday,82.69,81.78,82.57,0.91,79.51,1.3124,3.7501,30.9,0,EIA/FRED/Bloomberg reference + synthetic daily interpolation
2010-03-18,2010,3,18,Thursday,80.03,77.25,81.13,2.78,79.96,1.3006,3.7499,31.24,0,EIA/FRED/Bloomberg reference + synthetic daily interpolation
2010-03-19,2010,3,19,Friday,82.27,76.31,83.35,5.96,80.01,1.3051,3.75,31.25,0,EIA/FRED/Bloomberg reference + synthetic daily interpolation
2010-03-22,2010,3,22,Monday,81.79,78.49,81.57,3.3,79.81,1.3099,3.75,31.39,0,EIA/FRED/Bloomberg reference + synthetic daily interpolation
2010-03-23,2010,3,23,Tuesday,79.93,75.65,80.99,4.28,80.07,1.2925,3.7497,30.26,0,EIA/FRED/Bloomberg reference + synthetic daily interpolation
2010-03-24,2010,3,24,Wednesday,78.92,77.66,79.73,1.26,78.76,1.3199,3.7498,31.33,0,EIA/FRED/Bloomberg reference + synthetic daily interpolation
2010-03-25,2010,3,25,Thursday,79.97,76.88,80.06,3.09,80.41,1.2931,3.7497,30.1,0,EIA/FRED/Bloomberg reference + synthetic daily interpolation
2010-03-26,2010,3,26,Friday,80.15,78.54,79.15,1.61,79.58,1.3138,3.75,31.13,0,EIA/FRED/Bloomberg reference + synthetic daily interpolation
2010-03-29,2010,3,29,Monday,81.3,80.19,81.38,1.11,78.82,1.3101,3.75,30.58,0,EIA/FRED/Bloomberg reference + synthetic daily interpolation
2010-03-30,2010,3,30,Tuesday,78.52,75.94,79.83,2.58,80.68,1.2888,3.7498,31.42,0,EIA/FRED/Bloomberg reference + synthetic daily interpolation
2010-03-31,2010,3,31,Wednesday,78.21,72.22,78.61,5.99,81.6,1.2772,3.7498,31.56,0,EIA/FRED/Bloomberg reference + synthetic daily interpolation
2010-04-01,2010,4,1,Thursday,80.97,76.3,81.73,4.67,79.38,1.3044,3.7496,31.32,0,EIA/FRED/Bloomberg reference + synthetic daily interpolation
2010-04-02,2010,4,2,Friday,81.03,79.85,81.36,1.18,80.48,1.2987,3.7497,31.11,0,EIA/FRED/Bloomberg reference + synthetic daily interpolation
2010-04-05,2010,4,5,Monday,79.33,77.86,80.72,1.47,80.04,1.3053,3.7499,31.57,0,EIA/FRED/Bloomberg reference + synthetic daily interpolation
2010-04-06,2010,4,6,Tuesday,79.74,74.54,78.8,5.2,79.89,1.3082,3.75,31.49,0,EIA/FRED/Bloomberg reference + synthetic daily interpolation
2010-04-07,2010,4,7,Wednesday,82.07,80.06,81.67,2.01,81.17,1.2849,3.7497,30.4,0,EIA/FRED/Bloomberg reference + synthetic daily interpolation
2010-04-08,2010,4,8,Thursday,80.97,75.4,80.19,5.57,79.79,1.3036,3.75,30.8,0,EIA/FRED/Bloomberg reference + synthetic daily interpolation
2010-04-09,2010,4,9,Friday,82.06,80.44,83.3,1.62,78.53,1.3219,3.7497,30.5,0,EIA/FRED/Bloomberg reference + synthetic daily interpolation
2010-04-12,2010,4,12,Monday,79.39,78.84,80.84,0.55,78.03,1.3255,3.7501,30.85,0,EIA/FRED/Bloomberg reference + synthetic daily interpolation
2010-04-13,2010,4,13,Tuesday,81.95,76.89,81.96,5.06,79.41,1.3018,3.7496,31.49,0,EIA/FRED/Bloomberg reference + synthetic daily interpolation
2010-04-14,2010,4,14,Wednesday,83.13,80.61,83.2,2.52,80.5,1.298,3.7501,30.84,0,EIA/FRED/Bloomberg reference + synthetic daily interpolation
2010-04-15,2010,4,15,Thursday,82.51,78.57,81.9,3.94,78.42,1.3287,3.7499,31.43,0,EIA/FRED/Bloomberg reference + synthetic daily interpolation
2010-04-16,2010,4,16,Friday,80.58,78.92,80.81,1.66,80.69,1.2846,3.7497,30.41,0,EIA/FRED/Bloomberg reference + synthetic daily interpolation
2010-04-19,2010,4,19,Monday,80.74,78.65,80.64,2.09,80.39,1.2917,3.7497,30.7,0,EIA/FRED/Bloomberg reference + synthetic daily interpolation
2010-04-20,2010,4,20,Tuesday,82.31,77.12,81.69,5.19,81.1,1.285,3.75,31.28,0,EIA/FRED/Bloomberg reference + synthetic daily interpolation
2010-04-21,2010,4,21,Wednesday,81.67,76.94,80.88,4.73,80.47,1.3031,3.7498,31.89,0,EIA/FRED/Bloomberg reference + synthetic daily interpolation
2010-04-22,2010,4,22,Thursday,82.52,80.46,83.68,2.06,78.24,1.3264,3.7499,29.33,0,EIA/FRED/Bloomberg reference + synthetic daily interpolation
2010-04-23,2010,4,23,Friday,83.65,81.75,84.11,1.9,80.51,1.3093,3.7496,31.17,0,EIA/FRED/Bloomberg reference + synthetic daily interpolation
2010-04-26,2010,4,26,Monday,81.82,76.09,80.61,5.73,78.05,1.3337,3.7498,32.32,0,EIA/FRED/Bloomberg reference + synthetic daily interpolation
2010-04-27,2010,4,27,Tuesday,81.69,78.31,81.28,3.38,79.61,1.3076,3.75,30.56,0,EIA/FRED/Bloomberg reference + synthetic daily interpolation
2010-04-28,2010,4,28,Wednesday,81.8,77.92,83.08,3.88,80.46,1.2922,3.75,30.49,0,EIA/FRED/Bloomberg reference + synthetic daily interpolation
2010-04-29,2010,4,29,Thursday,83.67,82.6,82.18,1.07,79.32,1.3151,3.7496,30.9,0,EIA/FRED/Bloomberg reference + synthetic daily interpolation
2010-04-30,2010,4,30,Friday,80.03,75.42,80.75,4.61,79.99,1.2971,3.7498,31.52,0,EIA/FRED/Bloomberg reference + synthetic daily interpolation
2010-05-03,2010,5,3,Monday,82.2,81.6,81.01,0.6,79.67,1.3123,3.7497,31.33,0,EIA/FRED/Bloomberg reference + synthetic daily interpolation
2010-05-04,2010,5,4,Tuesday,80.71,75.21,81.37,5.5,80.3,1.2938,3.7498,31.1,0,EIA/FRED/Bloomberg reference + synthetic daily interpolation
2010-05-05,2010,5,5,Wednesday,82.31,79.67,82.28,2.64,78.79,1.3169,3.7498,31.88,0,EIA/FRED/Bloomberg reference + synthetic daily interpolation
2010-05-06,2010,5,6,Thursday,81.23,79.92,79.96,1.31,78.37,1.3327,3.7501,30.84,0,EIA/FRED/Bloomberg reference + synthetic daily interpolation
2010-05-07,2010,5,7,Friday,84.76,80.0,84.98,4.76,78.67,1.3267,3.75,31.2,0,EIA/FRED/Bloomberg reference + synthetic daily interpolation
2010-05-10,2010,5,10,Monday,82.34,81.47,83.62,0.87,79.02,1.307,3.7499,30.79,0,EIA/FRED/Bloomberg reference + synthetic daily interpolation
2010-05-11,2010,5,11,Tuesday,82.83,78.69,81.41,4.14,78.23,1.336,3.7496,30.52,0,EIA/FRED/Bloomberg reference + synthetic daily interpolation
2010-05-12,2010,5,12,Wednesday,82.92,81.03,82.44,1.89,81.39,1.276,3.75,30.8,0,EIA/FRED/Bloomberg reference + synthetic daily interpolation
2010-05-13,2010,5,13,Thursday,82.35,79.35,83.13,3.0,78.58,1.3277,3.7496,30.17,0,EIA/FRED/Bloomberg reference + synthetic daily interpolation
2010-05-14,2010,5,14,Friday,81.55,78.01,80.55,3.54,79.84,1.2958,3.7497,31.14,0,EIA/FRED/Bloomberg reference + synthetic daily interpolation
2010-05-17,2010,5,17,Monday,81.73,75.96,82.93,5.77,81.69,1.2785,3.7497,30.01,0,EIA/FRED/Bloomberg reference + synthetic daily interpolation
2010-05-18,2010,5,18,Tuesday,82.29,78.05,81.21,4.24,81.17,1.274,3.7499,31.67,0,EIA/FRED/Bloomberg reference + synthetic daily interpolation
2010-05-19,2010,5,19,Wednesday,83.94,81.15,83.73,2.79,79.62,1.307,3.7498,31.76,0,EIA/FRED/Bloomberg reference + synthetic daily interpolation
2010-05-20,2010,5,20,Thursday,83.13,77.2,82.04,5.93,79.8,1.2962,3.7497,30.7,0,EIA/FRED/Bloomberg reference + synthetic daily interpolation
2010-05-21,2010,5,21,Friday,81.93,80.07,83.32,1.86,79.8,1.2982,3.75,31.19,0,EIA/FRED/Bloomberg reference + synthetic daily interpolation
2010-05-24,2010,5,24,Monday,83.27,80.58,82.23,2.69,81.32,1.2791,3.7499,30.97,0,EIA/FRED/Bloomberg reference + synthetic daily interpolation
2010-05-25,2010,5,25,Tuesday,82.85,77.33,84.2,5.52,82.05,1.2674,3.7498,30.7,0,EIA/FRED/Bloomberg reference + synthetic daily interpolation
2010-05-26,2010,5,26,Wednesday,83.06,79.28,83.34,3.78,80.9,1.2932,3.75,30.99,0,EIA/FRED/Bloomberg reference + synthetic daily interpolation
2010-05-27,2010,5,27,Thursday,82.26,80.52,80.84,1.74,79.02,1.3167,3.7496,30.32,0,EIA/FRED/Bloomberg reference + synthetic daily interpolation
2010-05-28,2010,5,28,Friday,81.89,76.83,82.16,5.06,80.81,1.2891,3.7496,31.83,0,EIA/FRED/Bloomberg reference + synthetic daily interpolation
2010-05-31,2010,5,31,Monday,82.18,80.18,82.69,2.0,80.88,1.281,3.7498,31.43,0,EIA/FRED/Bloomberg reference + synthetic daily interpolation
2010-06-01,2010,6,1,Tuesday,82.68,79.12,83.91,3.56,79.08,1.3144,3.7496,31.36,0,EIA/FRED/Bloomberg reference + synthetic daily interpolation
2010-06-02,2010,6,2,Wednesday,82.79,80.88,83.01,1.91,79.87,1.3043,3.7496,31.84,0,EIA/FRED/Bloomberg reference + synthetic daily interpolation
2010-06-03,2010,6,3,Thursday,84.49,79.29,83.02,5.2,80.08,1.3025,3.7498,30.75,0,EIA/FRED/Bloomberg reference + synthetic daily interpolation
2010-06-04,2010,6,4,Friday,81.22,79.2,82.56,2.02,78.37,1.329,3.7498,31.11,0,EIA/FRED/Bloomberg reference + synthetic daily interpolation
2010-06-07,2010,6,7,Monday,83.44,81.41,83.08,2.03,79.71,1.3047,3.7497,30.36,0,EIA/FRED/Bloomberg reference + synthetic daily interpolation
2010-06-08,2010,6,8,Tuesday,83.67,78.95,84.72,4.72,80.06,1.2953,3.7497,30.42,0,EIA/FRED/Bloomberg reference + synthetic daily interpolation
2010-06-09,2010,6,9,Wednesday,81.93,80.37,81.98,1.56,80.22,1.3036,3.7498,31.55,0,EIA/FRED/Bloomberg reference + synthetic daily interpolation
2010-06-10,2010,6,10,Thursday,80.81,76.58,81.07,4.23,79.59,1.3103,3.7499,31.04,0,EIA/FRED/Bloomberg reference + synthetic daily interpolation
2010-06-11,2010,6,11,Friday,81.86,81.26,81.55,0.6,79.96,1.2962,3.7501,30.46,0,EIA/FRED/Bloomberg reference + synthetic daily interpolation
2010-06-14,2010,6,14,Monday,83.72,80.85,83.9,2.87,82.45,1.2594,3.7497,30.97,0,EIA/FRED/Bloomberg reference + synthetic daily interpolation
2010-06-15,2010,6,15,Tuesday,81.15,78.45,81.22,2.7,79.14,1.3136,3.75,30.64,0,EIA/FRED/Bloomberg reference + synthetic daily interpolation
2010-06-16,2010,6,16,Wednesday,82.09,80.25,81.75,1.84,79.62,1.3125,3.75,30.16,0,EIA/FRED/Bloomberg reference + synthetic daily interpolation
2010-06-17,2010,6,17,Thursday,82.19,80.48,81.32,1.71,77.44,1.3287,3.7497,30.45,0,EIA/FRED/Bloomberg reference + synthetic daily interpolation
2010-06-18,2010,6,18,Friday,83.82,78.47,83.51,5.35,78.32,1.3243,3.7498,31.38,0,EIA/FRED/Bloomberg reference + synthetic daily interpolation
2010-06-21,2010,6,21,Monday,84.27,79.17,85.41,5.1,79.2,1.3217,3.7496,30.98,0,EIA/FRED/Bloomberg reference + synthetic daily interpolation
2010-06-22,2010,6,22,Tuesday,84.46,81.27,85.12,3.19,78.77,1.3197,3.75,31.3,0,EIA/FRED/Bloomberg reference + synthetic daily interpolation
2010-06-23,2010,6,23,Wednesday,84.57,81.6,84.46,2.97,79.55,1.3133,3.7499,30.54,0,EIA/FRED/Bloomberg reference + synthetic daily interpolation
2010-06-24,2010,6,24,Thursday,81.68,78.24,81.99,3.44,78.4,1.3307,3.7501,30.7,0,EIA/FRED/Bloomberg reference + synthetic daily interpolation
2010-06-25,2010,6,25,Friday,83.4,80.42,83.73,2.98,82.09,1.2751,3.7499,31.06,0,EIA/FRED/Bloomberg reference + synthetic daily interpolation
2010-06-28,2010,6,28,Monday,81.27,78.88,80.39,2.39,81.0,1.2812,3.75,30.01,0,EIA/FRED/Bloomberg reference + synthetic daily interpolation
2010-06-29,2010,6,29,Tuesday,80.83,77.48,81.57,3.35,79.64,1.3077,3.7499,31.42,0,EIA/FRED/Bloomberg reference + synthetic daily interpolation
2010-06-30,2010,6,30,Wednesday,81.9,77.96,81.23,3.94,80.1,1.304,3.75,31.12,0,EIA/FRED/Bloomberg reference + synthetic daily interpolation
2010-07-01,2010,7,1,Thursday,82.56,78.29,83.04,4.27,78.03,1.3293,3.75,30.77,0,EIA/FRED/Bloomberg reference + synthetic daily interpolation
2010-07-02,2010,7,2,Friday,80.94,75.36,81.2,5.58,78.72,1.3231,3.7497,30.64,0,EIA/FRED/Bloomberg reference + synthetic daily interpolation
2010-07-05,2010,7,5,Monday,82.53,81.64,81.13,0.89,78.75,1.3177,3.7501,31.45,0,EIA/FRED/Bloomberg reference + synthetic daily interpolation
2010-07-06,2010,7,6,Tuesday,81.33,75.7,80.16,5.63,80.45,1.2968,3.7498,31.51,0,EIA/FRED/Bloomberg reference + synthetic daily interpolation
2010-07-07,2010,7,7,Wednesday,83.82,80.28,82.75,3.54,80.09,1.2892,3.7497,30.36,0,EIA/FRED/Bloomberg reference + synthetic daily interpolation
2010-07-08,2010,7,8,Thursday,81.98,77.95,82.08,4.03,78.64,1.3258,3.7497,31.63,0,EIA/FRED/Bloomberg reference + synthetic daily interpolation
2010-07-09,2010,7,9,Friday,81.42,77.49,81.13,3.93,79.16,1.3094,3.75,29.89,0,EIA/FRED/Bloomberg reference + synthetic daily interpolation
2010-07-12,2010,7,12,Monday,85.51,80.73,86.64,4.78,80.46,1.3005,3.7496,31.1,0,EIA/FRED/Bloomberg reference + synthetic daily interpolation
2010-07-13,2010,7,13,Tuesday,80.93,75.48,80.04,5.45,78.67,1.3191,3.7498,30.42,0,EIA/FRED/Bloomberg reference + synthetic daily interpolation
2010-07-14,2010,7,14,Wednesday,81.74,80.56,82.49,1.18,80.27,1.2926,3.75,31.23,0,EIA/FRED/Bloomberg reference + synthetic daily interpolation
2010-07-15,2010,7,15,Thursday,80.88,78.7,79.39,2.18,79.78,1.2993,3.75,30.9,0,EIA/FRED/Bloomberg reference + synthetic daily interpolation
2010-07-16,2010,7,16,Friday,81.88,80.07,82.96,1.81,81.18,1.2879,3.7498,31.09,0,EIA/FRED/Bloomberg reference + synthetic daily interpolation
2010-07-19,2010,7,19,Monday,80.23,74.27,80.19,5.96,78.54,1.3188,3.7497,30.94,0,EIA/FRED/Bloomberg reference + synthetic daily interpolation
2010-07-20,2010,7,20,Tuesday,80.06,74.62,80.81,5.44,79.35,1.3149,3.7497,30.82,0,EIA/FRED/Bloomberg reference + synthetic daily interpolation
2010-07-21,2010,7,21,Wednesday,85.28,80.87,85.51,4.41,79.76,1.3008,3.75,31.73,0,EIA/FRED/Bloomberg reference + synthetic daily interpolation
2010-07-22,2010,7,22,Thursday,82.93,77.37,82.87,5.56,80.22,1.3015,3.7499,32.11,0,EIA/FRED/Bloomberg reference + synthetic daily interpolation
2010-07-23,2010,7,23,Friday,78.77,75.82,80.09,2.95,77.52,1.3367,3.75,30.65,0,EIA/FRED/Bloomberg reference + synthetic daily interpolation
2010-07-26,2010,7,26,Monday,78.52,72.7,77.75,5.82,78.49,1.3131,3.7501,31.24,0,EIA/FRED/Bloomberg reference + synthetic daily interpolation
2010-07-27,2010,7,27,Tuesday,80.29,74.43,81.02,5.86,80.88,1.2924,3.7499,31.22,0,EIA/FRED/Bloomberg reference + synthetic daily interpolation
2010-07-28,2010,7,28,Wednesday,79.38,76.15,78.24,3.23,78.95,1.3228,3.7496,30.62,0,EIA/FRED/Bloomberg reference + synthetic daily interpolation
2010-07-29,2010,7,29,Thursday,80.08,74.47,80.68,5.61,79.66,1.3179,3.7497,30.36,0,EIA/FRED/Bloomberg reference + synthetic daily interpolation
2010-07-30,2010,7,30,Friday,82.53,81.77,81.39,0.76,80.8,1.285,3.7498,30.53,0,EIA/FRED/Bloomberg reference + synthetic daily interpolation
2010-08-02,2010,8,2,Monday,80.95,77.81,82.45,3.14,76.41,1.3597,3.75,30.3,0,EIA/FRED/Bloomberg reference + synthetic daily interpolation
2010-08-03,2010,8,3,Tuesday,80.01,75.72,78.82,4.29,78.01,1.3334,3.7498,30.25,0,EIA/FRED/Bloomberg reference + synthetic daily interpolation
2010-08-04,2010,8,4,Wednesday,81.96,79.83,83.46,2.13,78.29,1.3273,3.7499,31.41,0,EIA/FRED/Bloomberg reference + synthetic daily interpolation
2010-08-05,2010,8,5,Thursday,80.92,77.61,81.31,3.31,77.89,1.3323,3.7498,31.66,0,EIA/FRED/Bloomberg reference + synthetic daily interpolation
2010-08-06,2010,8,6,Friday,82.52,77.35,82.34,5.17,80.49,1.2963,3.7497,31.64,0,EIA/FRED/Bloomberg reference + synthetic daily interpolation
2010-08-09,2010,8,9,Monday,81.33,75.38,81.55,5.95,79.37,1.3134,3.7498,31.2,0,EIA/FRED/Bloomberg reference + synthetic daily interpolation
2010-08-10,2010,8,10,Tuesday,80.13,77.33,81.11,2.8,78.8,1.3217,3.75,31.4,0,EIA/FRED/Bloomberg reference + synthetic daily interpolation
2010-08-11,2010,8,11,Wednesday,81.94,77.69,81.75,4.25,81.63,1.2766,3.7497,30.81,0,EIA/FRED/Bloomberg reference + synthetic daily interpolation
2010-08-12,2010,8,12,Thursday,78.64,77.96,79.58,0.68,79.46,1.3092,3.7497,30.7,0,EIA/FRED/Bloomberg reference + synthetic daily interpolation
2010-08-13,2010,8,13,Friday,78.09,75.0,76.87,3.09,81.21,1.2885,3.7499,31.32,0,EIA/FRED/Bloomberg reference + synthetic daily interpolation
2010-08-16,2010,8,16,Monday,78.52,75.91,78.33,2.61,80.77,1.2877,3.7496,31.07,0,EIA/FRED/Bloomberg reference + synthetic daily interpolation
2010-08-17,2010,8,17,Tuesday,81.88,79.85,82.26,2.03,78.74,1.3126,3.7498,30.68,0,EIA/FRED/Bloomberg reference + synthetic daily interpolation
2010-08-18,2010,8,18,Wednesday,79.8,78.07,78.8,1.73,81.74,1.2722,3.7501,30.28,0,EIA/FRED/Bloomberg reference + synthetic daily interpolation
2010-08-19,2010,8,19,Thursday,80.46,77.95,81.63,2.51,80.0,1.313,3.7496,30.82,0,EIA/FRED/Bloomberg reference + synthetic daily interpolation
2010-08-20,2010,8,20,Friday,80.78,79.64,80.41,1.14,80.62,1.2814,3.75,31.55,0,EIA/FRED/Bloomberg reference + synthetic daily interpolation
2010-08-23,2010,8,23,Monday,79.09,76.96,78.59,2.13,78.95,1.3194,3.7498,31.07,0,EIA/FRED/Bloomberg reference + synthetic daily interpolation
2010-08-24,2010,8,24,Tuesday,79.87,75.33,80.37,4.54,79.95,1.3007,3.7501,31.67,0,EIA/FRED/Bloomberg reference + synthetic daily interpolation
2010-08-25,2010,8,25,Wednesday,82.18,81.48,81.88,0.7,77.66,1.3355,3.7497,31.23,0,EIA/FRED/Bloomberg reference + synthetic daily interpolation
2010-08-26,2010,8,26,Thursday,80.29,74.68,80.55,5.61,81.44,1.2672,3.7499,30.72,0,EIA/FRED/Bloomberg reference + synthetic daily interpolation
2010-08-27,2010,8,27,Friday,79.98,74.34,80.16,5.64,77.79,1.3273,3.7497,30.88,0,EIA/FRED/Bloomberg reference + synthetic daily interpolation
2010-08-30,2010,8,30,Monday,79.66,75.6,79.16,4.06,79.15,1.3167,3.7498,31.05,0,EIA/FRED/Bloomberg reference + synthetic daily interpolation
2010-08-31,2010,8,31,Tuesday,77.89,73.24,78.47,4.65,78.23,1.3341,3.7497,31.27,0,EIA/FRED/Bloomberg reference + synthetic daily interpolation
2010-09-01,2010,9,1,Wednesday,78.79,76.45,77.49,2.34,81.11,1.2826,3.7497,31.04,0,EIA/FRED/Bloomberg reference + synthetic daily interpolation
2010-09-02,2010,9,2,Thursday,78.47,73.2,78.56,5.27,80.24,1.2966,3.7501,30.74,0,EIA/FRED/Bloomberg reference + synthetic daily interpolation
2010-09-03,2010,9,3,Friday,79.65,78.06,78.96,1.59,79.9,1.2965,3.7499,31.25,0,EIA/FRED/Bloomberg reference + synthetic daily interpolation
2010-09-06,2010,9,6,Monday,79.48,75.13,80.73,4.35,79.91,1.2976,3.75,31.52,0,EIA/FRED/Bloomberg reference + synthetic daily interpolation
2010-09-07,2010,9,7,Tuesday,80.4,78.46,81.54,1.94,77.92,1.3338,3.7499,31.03,0,EIA/FRED/Bloomberg reference + synthetic daily interpolation
2010-09-08,2010,9,8,Wednesday,79.05,77.07,79.62,1.98,80.75,1.2957,3.7496,30.63,0,EIA/FRED/Bloomberg reference + synthetic daily interpolation
2010-09-09,2010,9,9,Thursday,78.67,73.91,78.84,4.76,81.08,1.2788,3.7497,31.14,0,EIA/FRED/Bloomberg reference + synthetic daily interpolation
2010-09-10,2010,9,10,Friday,76.08,72.53,76.87,3.55,81.08,1.2777,3.75,31.2,0,EIA/FRED/Bloomberg reference + synthetic daily interpolation
2010-09-13,2010,9,13,Monday,79.25,76.54,78.08,2.71,79.84,1.2956,3.7496,31.97,0,EIA/FRED/Bloomberg reference + synthetic daily interpolation
2010-09-14,2010,9,14,Tuesday,78.97,76.69,79.1,2.28,77.77,1.3279,3.7498,30.15,0,EIA/FRED/Bloomberg reference + synthetic daily interpolation
2010-09-15,2010,9,15,Wednesday,75.75,75.02,74.61,0.73,80.63,1.2909,3.75,32.58,0,EIA/FRED/Bloomberg reference + synthetic daily interpolation
2010-09-16,2010,9,16,Thursday,79.26,75.72,79.98,3.54,78.94,1.306,3.7498,31.78,0,EIA/FRED/Bloomberg reference + synthetic daily interpolation
2010-09-17,2010,9,17,Friday,78.39,76.01,78.81,2.38,79.48,1.3006,3.75,30.88,0,EIA/FRED/Bloomberg reference + synthetic daily interpolation
2010-09-20,2010,9,20,Monday,78.28,76.77,77.1,1.51,79.84,1.3043,3.7498,30.63,0,EIA/FRED/Bloomberg reference + synthetic daily interpolation
2010-09-21,2010,9,21,Tuesday,78.93,78.31,77.84,0.62,79.33,1.3078,3.7501,30.87,0,EIA/FRED/Bloomberg reference + synthetic daily interpolation
2010-09-22,2010,9,22,Wednesday,79.59,76.63,79.36,2.96,79.73,1.31,3.7497,30.68,0,EIA/FRED/Bloomberg reference + synthetic daily interpolation
2010-09-23,2010,9,23,Thursday,76.55,72.94,77.64,3.61,79.24,1.3132,3.7498,31.25,0,EIA/FRED/Bloomberg reference + synthetic daily interpolation
2010-09-24,2010,9,24,Friday,76.72,71.69,77.57,5.03,79.58,1.317,3.75,30.21,0,EIA/FRED/Bloomberg reference + synthetic daily interpolation
2010-09-27,2010,9,27,Monday,76.79,74.15,77.88,2.64,80.33,1.2981,3.7496,31.46,0,EIA/FRED/Bloomberg reference + synthetic daily interpolation
2010-09-28,2010,9,28,Tuesday,76.44,73.91,77.85,2.53,78.64,1.3267,3.75,31.03,0,EIA/FRED/Bloomberg reference + synthetic daily interpolation
2010-09-29,2010,9,29,Wednesday,76.86,73.66,77.94,3.2,79.26,1.3109,3.7496,31.69,0,EIA/FRED/Bloomberg reference + synthetic daily interpolation
2010-09-30,2010,9,30,Thursday,77.79,72.62,77.2,5.17,81.2,1.2791,3.75,30.94,0,EIA/FRED/Bloomberg reference + synthetic daily interpolation
2010-10-01,2010,10,1,Friday,78.48,76.49,77.1,1.99,77.96,1.3373,3.75,30.59,0,EIA/FRED/Bloomberg reference + synthetic daily interpolation
2010-10-04,2010,10,4,Monday,77.41,72.54,76.3,4.87,80.4,1.2966,3.7498,31.24,0,EIA/FRED/Bloomberg reference + synthetic daily interpolation
2010-10-05,2010,10,5,Tuesday,78.54,74.04,79.99,4.5,80.83,1.2851,3.7496,31.09,0,EIA/FRED/Bloomberg reference + synthetic daily interpolation
2010-10-06,2010,10,6,Wednesday,78.24,76.54,79.34,1.7,78.29,1.3329,3.75,30.56,0,EIA/FRED/Bloomberg reference + synthetic daily interpolation
2010-10-07,2010,10,7,Thursday,77.76,75.08,77.77,2.68,80.86,1.2875,3.7499,30.62,0,EIA/FRED/Bloomberg reference + synthetic daily interpolation
2010-10-08,2010,10,8,Friday,77.18,71.38,77.23,5.8,78.64,1.3256,3.7501,31.4,0,EIA/FRED/Bloomberg reference + synthetic daily interpolation
2010-10-11,2010,10,11,Monday,76.03,72.92,76.12,3.11,77.27,1.3364,3.7497,31.25,0,EIA/FRED/Bloomberg reference + synthetic daily interpolation
2010-10-12,2010,10,12,Tuesday,78.62,76.01,78.26,2.61,80.18,1.3018,3.7501,30.76,0,EIA/FRED/Bloomberg reference + synthetic daily interpolation
2010-10-13,2010,10,13,Wednesday,77.79,74.77,78.36,3.02,80.6,1.295,3.7497,31.19,0,EIA/FRED/Bloomberg reference + synthetic daily interpolation
2010-10-14,2010,10,14,Thursday,76.16,74.39,75.42,1.77,78.18,1.3259,3.7499,31.01,0,EIA/FRED/Bloomberg reference + synthetic daily interpolation
2010-10-15,2010,10,15,Friday,76.29,73.92,77.76,2.37,80.93,1.2781,3.75,32.06,0,EIA/FRED/Bloomberg reference + synthetic daily interpolation
2010-10-18,2010,10,18,Monday,77.8,72.99,78.77,4.81,81.22,1.2729,3.7496,31.38,0,EIA/FRED/Bloomberg reference + synthetic daily interpolation
2010-10-19,2010,10,19,Tuesday,76.17,71.94,74.75,4.23,80.49,1.2957,3.75,31.83,0,EIA/FRED/Bloomberg reference + synthetic daily interpolation
2010-10-20,2010,10,20,Wednesday,77.43,73.3,77.64,4.13,79.71,1.3079,3.7498,31.05,0,EIA/FRED/Bloomberg reference + synthetic daily interpolation
2010-10-21,2010,10,21,Thursday,77.7,72.36,78.13,5.34,79.25,1.3047,3.7496,31.25,0,EIA/FRED/Bloomberg reference + synthetic daily interpolation
2010-10-22,2010,10,22,Friday,80.0,75.45,78.87,4.55,77.55,1.335,3.75,31.96,0,EIA/FRED/Bloomberg reference + synthetic daily interpolation
2010-10-25,2010,10,25,Monday,76.56,72.56,77.73,4.0,78.58,1.324,3.75,30.29,0,EIA/FRED/Bloomberg reference + synthetic daily interpolation
2010-10-26,2010,10,26,Tuesday,77.34,76.09,76.0,1.25,80.24,1.2955,3.75,30.82,0,EIA/FRED/Bloomberg reference + synthetic daily interpolation
2010-10-27,2010,10,27,Wednesday,78.44,75.14,77.68,3.3,78.3,1.3268,3.7498,31.19,0,EIA/FRED/Bloomberg reference + synthetic daily interpolation
2010-10-28,2010,10,28,Thursday,75.31,72.35,75.94,2.96,80.25,1.2881,3.7499,31.44,0,EIA/FRED/Bloomberg reference + synthetic daily interpolation
2010-10-29,2010,10,29,Friday,79.51,73.88,78.44,5.63,79.08,1.3198,3.7501,31.27,0,EIA/FRED/Bloomberg reference + synthetic daily interpolation
2010-11-01,2010,11,1,Monday,77.54,75.06,78.33,2.48,77.76,1.3348,3.7498,30.99,0,EIA/FRED/Bloomberg reference + synthetic daily interpolation
2010-11-02,2010,11,2,Tuesday,78.13,75.77,77.12,2.36,81.5,1.2831,3.7499,30.88,0,EIA/FRED/Bloomberg reference + synthetic daily interpolation
2010-11-03,2010,11,3,Wednesday,77.25,71.6,76.6,5.65,78.38,1.3396,3.7497,30.56,0,EIA/FRED/Bloomberg reference + synthetic daily interpolation
2010-11-04,2010,11,4,Thursday,77.81,74.11,77.5,3.7,79.94,1.2951,3.75,31.22,0,EIA/FRED/Bloomberg reference + synthetic daily interpolation
2010-11-05,2010,11,5,Friday,76.24,71.43,77.01,4.81,80.08,1.2949,3.7498,30.71,0,EIA/FRED/Bloomberg reference + synthetic daily interpolation
2010-11-08,2010,11,8,Monday,75.01,71.28,75.19,3.73,78.84,1.3217,3.7499,30.46,0,EIA/FRED/Bloomberg reference + synthetic daily interpolation
2010-11-09,2010,11,9,Tuesday,77.13,71.79,77.36,5.34,81.96,1.2678,3.7499,31.2,0,EIA/FRED/Bloomberg reference + synthetic daily interpolation
2010-11-10,2010,11,10,Wednesday,77.65,76.43,78.07,1.22,81.7,1.2854,3.7498,30.18,0,EIA/FRED/Bloomberg reference + synthetic daily interpolation
2010-11-11,2010,11,11,Thursday,77.94,73.52,78.55,4.42,76.9,1.3485,3.7498,31.72,0,EIA/FRED/Bloomberg reference + synthetic daily interpolation
2010-11-12,2010,11,12,Friday,76.5,73.11,77.38,3.39,77.78,1.3322,3.7499,30.27,0,EIA/FRED/Bloomberg reference + synthetic daily interpolation
2010-11-15,2010,11,15,Monday,77.35,72.75,76.09,4.6,80.05,1.3057,3.7499,30.82,0,EIA/FRED/Bloomberg reference + synthetic daily interpolation
2010-11-16,2010,11,16,Tuesday,78.23,72.35,78.49,5.88,79.68,1.303,3.75,30.73,0,EIA/FRED/Bloomberg reference + synthetic daily interpolation
2010-11-17,2010,11,17,Wednesday,77.67,75.91,78.07,1.76,80.18,1.2969,3.7499,30.43,0,EIA/FRED/Bloomberg reference + synthetic daily interpolation
2010-11-18,2010,11,18,Thursday,76.9,73.26,75.81,3.64,79.15,1.3075,3.75,30.32,0,EIA/FRED/Bloomberg reference + synthetic daily interpolation
2010-11-19,2010,11,19,Friday,78.1,75.99,79.48,2.11,82.11,1.2648,3.7499,30.29,0,EIA/FRED/Bloomberg reference + synthetic daily interpolation
2010-11-22,2010,11,22,Monday,75.73,72.18,76.12,3.55,80.59,1.2829,3.7496,30.32,0,EIA/FRED/Bloomberg reference + synthetic daily interpolation
2010-11-23,2010,11,23,Tuesday,75.99,75.36,74.58,0.63,79.76,1.3005,3.75,30.67,0,EIA/FRED/Bloomberg reference + synthetic daily interpolation
2010-11-24,2010,11,24,Wednesday,75.12,72.45,74.58,2.67,79.34,1.3139,3.7498,30.99,0,EIA/FRED/Bloomberg reference + synthetic daily interpolation
2010-11-25,2010,11,25,Thursday,78.09,73.44,76.72,4.65,79.39,1.304,3.7499,31.33,0,EIA/FRED/Bloomberg reference + synthetic daily interpolation
2010-11-26,2010,11,26,Friday,72.94,72.36,72.97,0.58,80.74,1.2889,3.7501,30.43,0,EIA/FRED/Bloomberg reference + synthetic daily interpolation
2010-11-29,2010,11,29,Monday,76.37,74.86,75.34,1.51,80.88,1.2956,3.75,30.64,0,EIA/FRED/Bloomberg reference + synthetic daily interpolation
2010-11-30,2010,11,30,Tuesday,79.64,75.33,81.02,4.31,78.14,1.3315,3.7497,30.82,0,EIA/FRED/Bloomberg reference + synthetic daily interpolation
2010-12-01,2010,12,1,Wednesday,77.87,72.68,79.22,5.19,79.05,1.3188,3.7499,31.25,0,EIA/FRED/Bloomberg reference + synthetic daily interpolation
2010-12-02,2010,12,2,Thursday,77.39,75.9,76.54,1.49,80.49,1.2908,3.7501,30.44,0,EIA/FRED/Bloomberg reference + synthetic daily interpolation
2010-12-03,2010,12,3,Friday,79.04,75.99,79.57,3.05,79.2,1.3067,3.7497,31.72,0,EIA/FRED/Bloomberg reference + synthetic daily interpolation
2010-12-06,2010,12,6,Monday,75.32,74.1,76.22,1.22,79.98,1.2942,3.7498,31.71,0,EIA/FRED/Bloomberg reference + synthetic daily interpolation
2010-12-07,2010,12,7,Tuesday,77.05,76.5,77.68,0.55,78.43,1.3199,3.7497,30.44,0,EIA/FRED/Bloomberg reference + synthetic daily interpolation
2010-12-08,2010,12,8,Wednesday,76.78,72.82,77.34,3.96,80.39,1.2996,3.7501,29.99,0,EIA/FRED/Bloomberg reference + synthetic daily interpolation
2010-12-09,2010,12,9,Thursday,78.01,72.06,78.3,5.95,78.87,1.3174,3.7498,32.06,0,EIA/FRED/Bloomberg reference + synthetic daily interpolation
2010-12-10,2010,12,10,Friday,74.39,70.57,74.38,3.82,79.13,1.3081,3.75,31.67,0,EIA/FRED/Bloomberg reference + synthetic daily interpolation
2010-12-13,2010,12,13,Monday,75.39,72.36,76.14,3.03,80.79,1.2956,3.7498,30.35,0,EIA/FRED/Bloomberg reference + synthetic daily interpolation
2010-12-14,2010,12,14,Tuesday,77.4,75.55,78.87,1.85,80.46,1.294,3.75,29.86,0,EIA/FRED/Bloomberg reference + synthetic daily interpolation
2010-12-15,2010,12,15,Wednesday,78.94,73.4,78.56,5.54,80.5,1.2962,3.7499,30.85,0,EIA/FRED/Bloomberg reference + synthetic daily interpolation
2010-12-16,2010,12,16,Thursday,74.14,70.95,73.6,3.19,82.96,1.2565,3.75,30.98,0,EIA/FRED/Bloomberg reference + synthetic daily interpolation
2010-12-17,2010,12,17,Friday,74.88,73.41,75.45,1.47,79.22,1.3083,3.7498,30.09,0,EIA/FRED/Bloomberg reference + synthetic daily interpolation
2010-12-20,2010,12,20,Monday,78.58,75.8,79.12,2.78,80.51,1.2912,3.7498,30.95,0,EIA/FRED/Bloomberg reference + synthetic daily interpolation
2010-12-21,2010,12,21,Tuesday,78.54,73.7,77.65,4.84,77.5,1.344,3.7497,30.72,0,EIA/FRED/Bloomberg reference + synthetic daily interpolation
2010-12-22,2010,12,22,Wednesday,76.39,70.6,76.21,5.79,79.0,1.3176,3.7497,31.09,0,EIA/FRED/Bloomberg reference + synthetic daily interpolation
2010-12-23,2010,12,23,Thursday,76.49,74.24,76.88,2.25,80.42,1.2894,3.7501,31.02,0,EIA/FRED/Bloomberg reference + synthetic daily interpolation
2010-12-24,2010,12,24,Friday,76.97,72.88,76.07,4.09,81.48,1.2868,3.75,31.71,0,EIA/FRED/Bloomberg reference + synthetic daily interpolation
2010-12-27,2010,12,27,Monday,77.42,74.78,76.09,2.64,77.38,1.3386,3.7501,31.36,0,EIA/FRED/Bloomberg reference + synthetic daily interpolation
2010-12-28,2010,12,28,Tuesday,74.7,73.89,74.1,0.81,80.28,1.2945,3.7497,30.52,0,EIA/FRED/Bloomberg reference + synthetic daily interpolation
2010-12-29,2010,12,29,Wednesday,75.2,69.79,74.29,5.41,81.57,1.2731,3.75,31.71,0,EIA/FRED/Bloomberg reference + synthetic daily interpolation
2010-12-30,2010,12,30,Thursday,76.83,73.01,76.42,3.82,81.25,1.2908,3.75,31.07,0,EIA/FRED/Bloomberg reference + synthetic daily interpolation
2010-12-31,2010,12,31,Friday,75.33,71.64,75.46,3.69,78.54,1.3239,3.7496,30.61,0,EIA/FRED/Bloomberg reference + synthetic daily interpolation
2011-01-03,2011,1,3,Monday,110.35,106.63,111.16,3.72,69.55,1.4591,3.7499,31.73,0,EIA/FRED/Bloomberg reference + synthetic daily interpolation
2011-01-04,2011,1,4,Tuesday,108.04,103.33,109.33,4.71,72.14,1.4248,3.7497,31.55,0,EIA/FRED/Bloomberg reference + synthetic daily interpolation
2011-01-05,2011,1,5,Wednesday,107.15,106.38,106.03,0.77,73.04,1.413,3.75,31.36,0,EIA/FRED/Bloomberg reference + synthetic daily interpolation
2011-01-06,2011,1,6,Thursday,109.75,106.45,108.84,3.3,73.5,1.3927,3.7497,31.3,0,EIA/FRED/Bloomberg reference + synthetic daily interpolation
2011-01-07,2011,1,7,Friday,111.74,106.6,111.1,5.14,72.12,1.4226,3.7499,31.22,0,EIA/FRED/Bloomberg reference + synthetic daily interpolation
2011-01-10,2011,1,10,Monday,103.92,100.53,102.94,3.39,72.18,1.4139,3.75,30.99,0,EIA/FRED/Bloomberg reference + synthetic daily interpolation
2011-01-11,2011,1,11,Tuesday,110.43,109.46,110.24,0.97,74.14,1.3875,3.7499,31.5,0,EIA/FRED/Bloomberg reference + synthetic daily interpolation
2011-01-12,2011,1,12,Wednesday,110.07,107.54,111.22,2.53,72.61,1.4067,3.7498,32.77,0,EIA/FRED/Bloomberg reference + synthetic daily interpolation
2011-01-13,2011,1,13,Thursday,109.93,107.03,108.45,2.9,71.98,1.4129,3.7499,31.51,0,EIA/FRED/Bloomberg reference + synthetic daily interpolation
2011-01-14,2011,1,14,Friday,108.4,102.79,109.29,5.61,72.58,1.4135,3.75,30.72,0,EIA/FRED/Bloomberg reference + synthetic daily interpolation
2011-01-17,2011,1,17,Monday,108.94,106.38,110.12,2.56,71.46,1.4369,3.7499,30.93,0,EIA/FRED/Bloomberg reference + synthetic daily interpolation
2011-01-18,2011,1,18,Tuesday,113.12,110.36,113.61,2.76,73.83,1.3878,3.7498,31.1,0,EIA/FRED/Bloomberg reference + synthetic daily interpolation
2011-01-19,2011,1,19,Wednesday,108.04,105.04,106.99,3.0,72.45,1.413,3.7496,33.08,0,EIA/FRED/Bloomberg reference + synthetic daily interpolation
2011-01-20,2011,1,20,Thursday,108.06,102.34,108.74,5.72,74.44,1.3853,3.7501,30.8,0,EIA/FRED/Bloomberg reference + synthetic daily interpolation
2011-01-21,2011,1,21,Friday,109.64,107.43,110.95,2.21,72.84,1.4083,3.7499,30.6,0,EIA/FRED/Bloomberg reference + synthetic daily interpolation
2011-01-24,2011,1,24,Monday,108.91,106.65,107.44,2.26,75.6,1.3661,3.7499,31.08,0,EIA/FRED/Bloomberg reference + synthetic daily interpolation
2011-01-25,2011,1,25,Tuesday,108.02,104.25,108.93,3.77,72.91,1.4122,3.7496,31.45,0,EIA/FRED/Bloomberg reference + synthetic daily interpolation
2011-01-26,2011,1,26,Wednesday,111.64,106.89,111.78,4.75,72.29,1.4171,3.7498,30.97,0,EIA/FRED/Bloomberg reference + synthetic daily interpolation
2011-01-27,2011,1,27,Thursday,108.45,106.13,109.76,2.32,73.22,1.4109,3.7498,31.28,0,EIA/FRED/Bloomberg reference + synthetic daily interpolation
2011-01-28,2011,1,28,Friday,108.02,106.26,109.38,1.76,70.89,1.432,3.7497,31.81,0,EIA/FRED/Bloomberg reference + synthetic daily interpolation
2011-01-31,2011,1,31,Monday,107.94,102.38,106.95,5.56,75.05,1.3817,3.7498,31.54,0,EIA/FRED/Bloomberg reference + synthetic daily interpolation
2011-02-01,2011,2,1,Tuesday,111.66,110.02,112.82,1.64,72.01,1.4199,3.7498,31.17,0,EIA/FRED/Bloomberg reference + synthetic daily interpolation
2011-02-02,2011,2,2,Wednesday,110.85,107.05,109.38,3.8,73.09,1.4034,3.7498,31.3,0,EIA/FRED/Bloomberg reference + synthetic daily interpolation
2011-02-03,2011,2,3,Thursday,109.62,106.49,110.85,3.13,72.34,1.4137,3.7496,30.89,0,EIA/FRED/Bloomberg reference + synthetic daily interpolation
2011-02-04,2011,2,4,Friday,111.8,108.82,113.23,2.98,72.82,1.4082,3.7499,31.28,0,EIA/FRED/Bloomberg reference + synthetic daily interpolation
2011-02-07,2011,2,7,Monday,108.73,107.6,108.9,1.13,72.06,1.4207,3.7501,31.36,0,EIA/FRED/Bloomberg reference + synthetic daily interpolation
2011-02-08,2011,2,8,Tuesday,112.01,110.38,111.83,1.63,71.9,1.4207,3.7498,31.05,0,EIA/FRED/Bloomberg reference + synthetic daily interpolation
2011-02-09,2011,2,9,Wednesday,112.92,108.66,112.46,4.26,72.36,1.4107,3.7497,31.84,0,EIA/FRED/Bloomberg reference + synthetic daily interpolation
2011-02-10,2011,2,10,Thursday,111.88,108.44,113.26,3.44,72.81,1.4167,3.7499,30.44,0,EIA/FRED/Bloomberg reference + synthetic daily interpolation
2011-02-11,2011,2,11,Friday,112.76,110.92,112.95,1.84,73.57,1.4016,3.7498,30.93,0,EIA/FRED/Bloomberg reference + synthetic daily interpolation
2011-02-14,2011,2,14,Monday,110.66,106.64,109.4,4.02,73.17,1.4064,3.7498,30.57,0,EIA/FRED/Bloomberg reference + synthetic daily interpolation
2011-02-15,2011,2,15,Tuesday,113.22,112.32,114.29,0.9,71.0,1.4271,3.75,31.58,0,EIA/FRED/Bloomberg reference + synthetic daily interpolation
2011-02-16,2011,2,16,Wednesday,109.0,106.45,109.28,2.55,71.86,1.4136,3.7497,31.19,0,EIA/FRED/Bloomberg reference + synthetic daily interpolation
2011-02-17,2011,2,17,Thursday,107.65,106.93,108.49,0.72,73.92,1.389,3.7496,31.11,0,EIA/FRED/Bloomberg reference + synthetic daily interpolation
2011-02-18,2011,2,18,Friday,113.4,110.49,113.04,2.91,72.07,1.4177,3.7498,30.71,0,EIA/FRED/Bloomberg reference + synthetic daily interpolation
2011-02-21,2011,2,21,Monday,110.0,107.98,111.28,2.02,72.84,1.4099,3.7499,31.46,0,EIA/FRED/Bloomberg reference + synthetic daily interpolation
2011-02-22,2011,2,22,Tuesday,110.37,109.13,110.7,1.24,73.05,1.4146,3.7496,31.81,0,EIA/FRED/Bloomberg reference + synthetic daily interpolation
2011-02-23,2011,2,23,Wednesday,110.77,108.97,110.39,1.8,73.63,1.3857,3.7498,31.71,0,EIA/FRED/Bloomberg reference + synthetic daily interpolation
2011-02-24,2011,2,24,Thursday,110.55,105.06,110.81,5.49,71.49,1.426,3.7501,31.48,0,EIA/FRED/Bloomberg reference + synthetic daily interpolation
2011-02-25,2011,2,25,Friday,111.98,107.61,112.26,4.37,74.27,1.3829,3.7499,31.34,0,EIA/FRED/Bloomberg reference + synthetic daily interpolation
2011-02-28,2011,2,28,Monday,109.77,106.68,110.22,3.09,71.03,1.4318,3.75,31.86,0,EIA/FRED/Bloomberg reference + synthetic daily interpolation
2011-03-01,2011,3,1,Tuesday,111.12,105.45,110.36,5.67,71.85,1.4193,3.7497,30.92,0,EIA/FRED/Bloomberg reference + synthetic daily interpolation
2011-03-02,2011,3,2,Wednesday,109.79,107.93,109.6,1.86,72.79,1.4089,3.7498,30.77,0,EIA/FRED/Bloomberg reference + synthetic daily interpolation
2011-03-03,2011,3,3,Thursday,110.57,105.61,111.86,4.96,75.1,1.3722,3.75,31.14,0,EIA/FRED/Bloomberg reference + synthetic daily interpolation
2011-03-04,2011,3,4,Friday,110.18,104.2,110.67,5.98,72.38,1.4153,3.7498,32.3,0,EIA/FRED/Bloomberg reference + synthetic daily interpolation
2011-03-07,2011,3,7,Monday,110.41,105.9,111.82,4.51,72.89,1.3991,3.7496,30.96,0,EIA/FRED/Bloomberg reference + synthetic daily interpolation
2011-03-08,2011,3,8,Tuesday,112.1,110.6,113.45,1.5,72.44,1.415,3.7499,31.02,0,EIA/FRED/Bloomberg reference + synthetic daily interpolation
2011-03-09,2011,3,9,Wednesday,113.07,112.48,113.43,0.59,72.06,1.4119,3.7498,31.7,0,EIA/FRED/Bloomberg reference + synthetic daily interpolation
2011-03-10,2011,3,10,Thursday,113.04,110.78,113.29,2.26,74.62,1.3701,3.7501,30.92,0,EIA/FRED/Bloomberg reference + synthetic daily interpolation
2011-03-11,2011,3,11,Friday,112.29,108.28,112.45,4.01,72.67,1.4034,3.75,30.6,0,EIA/FRED/Bloomberg reference + synthetic daily interpolation
2011-03-14,2011,3,14,Monday,111.15,105.25,111.66,5.9,72.53,1.4176,3.75,31.37,0,EIA/FRED/Bloomberg reference + synthetic daily interpolation
2011-03-15,2011,3,15,Tuesday,109.47,104.53,109.06,4.94,72.94,1.4014,3.7499,31.68,0,EIA/FRED/Bloomberg reference + synthetic daily interpolation
2011-03-16,2011,3,16,Wednesday,113.64,108.35,114.98,5.29,74.29,1.3868,3.7499,31.5,0,EIA/FRED/Bloomberg reference + synthetic daily interpolation
2011-03-17,2011,3,17,Thursday,112.22,110.68,110.86,1.54,71.97,1.4171,3.7496,31.46,0,EIA/FRED/Bloomberg reference + synthetic daily interpolation
2011-03-18,2011,3,18,Friday,112.74,110.11,111.97,2.63,72.73,1.4094,3.7501,30.1,0,EIA/FRED/Bloomberg reference + synthetic daily interpolation
2011-03-21,2011,3,21,Monday,112.73,107.08,111.9,5.65,71.0,1.4311,3.75,32.36,0,EIA/FRED/Bloomberg reference + synthetic daily interpolation
2011-03-22,2011,3,22,Tuesday,115.35,110.86,114.36,4.49,74.17,1.3903,3.7498,32.34,0,EIA/FRED/Bloomberg reference + synthetic daily interpolation
2011-03-23,2011,3,23,Wednesday,112.46,108.17,112.66,4.29,73.7,1.3891,3.7499,31.93,0,EIA/FRED/Bloomberg reference + synthetic daily interpolation
2011-03-24,2011,3,24,Thursday,112.9,108.64,112.91,4.26,74.25,1.3855,3.7501,31.04,0,EIA/FRED/Bloomberg reference + synthetic daily interpolation
2011-03-25,2011,3,25,Friday,112.42,109.48,111.52,2.94,72.14,1.4207,3.7498,31.82,0,EIA/FRED/Bloomberg reference + synthetic daily interpolation
2011-03-28,2011,3,28,Monday,111.88,109.34,113.18,2.54,71.79,1.421,3.7497,32.06,0,EIA/FRED/Bloomberg reference + synthetic daily interpolation
2011-03-29,2011,3,29,Tuesday,111.17,109.07,112.1,2.1,72.17,1.425,3.7499,31.74,0,EIA/FRED/Bloomberg reference + synthetic daily interpolation
2011-03-30,2011,3,30,Wednesday,111.5,107.38,111.06,4.12,73.34,1.4,3.7498,31.68,0,EIA/FRED/Bloomberg reference + synthetic daily interpolation
2011-03-31,2011,3,31,Thursday,110.31,106.23,111.02,4.08,72.74,1.4086,3.7499,31.11,0,EIA/FRED/Bloomberg reference + synthetic daily interpolation
2011-04-01,2011,4,1,Friday,114.17,111.21,113.3,2.96,72.01,1.4203,3.7498,31.02,0,EIA/FRED/Bloomberg reference + synthetic daily interpolation
2011-04-04,2011,4,4,Monday,113.12,109.72,112.08,3.4,73.2,1.4017,3.7497,30.7,0,EIA/FRED/Bloomberg reference + synthetic daily interpolation
2011-04-05,2011,4,5,Tuesday,115.15,110.61,116.46,4.54,72.71,1.4129,3.7498,32.04,0,EIA/FRED/Bloomberg reference + synthetic daily interpolation
2011-04-06,2011,4,6,Wednesday,113.26,110.41,113.8,2.85,73.83,1.3956,3.7498,30.9,0,EIA/FRED/Bloomberg reference + synthetic daily interpolation
2011-04-07,2011,4,7,Thursday,114.29,112.52,113.64,1.77,72.64,1.4052,3.7499,31.44,0,EIA/FRED/Bloomberg reference + synthetic daily interpolation
2011-04-08,2011,4,8,Friday,113.26,108.2,112.77,5.06,72.08,1.4304,3.7499,31.75,0,EIA/FRED/Bloomberg reference + synthetic daily interpolation
2011-04-11,2011,4,11,Monday,115.03,114.4,116.15,0.63,71.36,1.4263,3.7501,30.79,0,EIA/FRED/Bloomberg reference + synthetic daily interpolation
2011-04-12,2011,4,12,Tuesday,114.8,112.61,114.03,2.19,71.98,1.4221,3.7499,32.04,0,EIA/FRED/Bloomberg reference + synthetic daily interpolation
2011-04-13,2011,4,13,Wednesday,111.42,105.72,112.68,5.7,73.27,1.4082,3.7497,31.38,0,EIA/FRED/Bloomberg reference + synthetic daily interpolation
2011-04-14,2011,4,14,Thursday,114.72,113.45,113.71,1.27,71.66,1.4316,3.7501,31.41,0,EIA/FRED/Bloomberg reference + synthetic daily interpolation
2011-04-15,2011,4,15,Friday,113.67,109.16,112.88,4.51,74.87,1.3803,3.7497,31.1,0,EIA/FRED/Bloomberg reference + synthetic daily interpolation
2011-04-18,2011,4,18,Monday,112.67,110.67,113.08,2.0,73.35,1.3928,3.75,30.99,0,EIA/FRED/Bloomberg reference + synthetic daily interpolation
2011-04-19,2011,4,19,Tuesday,114.27,110.43,115.08,3.84,72.88,1.403,3.7497,31.96,0,EIA/FRED/Bloomberg reference + synthetic daily interpolation
2011-04-20,2011,4,20,Wednesday,112.13,111.53,112.73,0.6,74.34,1.3792,3.75,30.51,0,EIA/FRED/Bloomberg reference + synthetic daily interpolation
2011-04-21,2011,4,21,Thursday,112.87,109.64,111.87,3.23,72.59,1.415,3.7499,30.72,0,EIA/FRED/Bloomberg reference + synthetic daily interpolation
2011-04-22,2011,4,22,Friday,115.56,114.78,115.8,0.78,73.78,1.3921,3.7498,31.97,0,EIA/FRED/Bloomberg reference + synthetic daily interpolation
2011-04-25,2011,4,25,Monday,113.93,108.1,115.09,5.83,75.98,1.3579,3.7501,32.15,0,EIA/FRED/Bloomberg reference + synthetic daily interpolation
2011-04-26,2011,4,26,Tuesday,115.89,114.13,116.27,1.76,72.55,1.4183,3.7499,30.85,0,EIA/FRED/Bloomberg reference + synthetic daily interpolation
2011-04-27,2011,4,27,Wednesday,113.31,112.25,112.57,1.06,72.91,1.4115,3.7501,31.05,0,EIA/FRED/Bloomberg reference + synthetic daily interpolation
2011-04-28,2011,4,28,Thursday,114.71,113.36,114.26,1.35,72.45,1.4145,3.7498,30.8,0,EIA/FRED/Bloomberg reference + synthetic daily interpolation
2011-04-29,2011,4,29,Friday,113.84,109.1,112.83,4.74,73.09,1.3932,3.7498,30.47,0,EIA/FRED/Bloomberg reference + synthetic daily interpolation
2011-05-02,2011,5,2,Monday,113.96,110.25,113.39,3.71,72.94,1.4073,3.7496,30.75,0,EIA/FRED/Bloomberg reference + synthetic daily interpolation
2011-05-03,2011,5,3,Tuesday,113.18,108.37,112.04,4.81,74.43,1.3794,3.7496,31.0,0,EIA/FRED/Bloomberg reference + synthetic daily interpolation
2011-05-04,2011,5,4,Wednesday,115.65,110.02,114.26,5.63,72.8,1.4128,3.7501,32.12,0,EIA/FRED/Bloomberg reference + synthetic daily interpolation
2011-05-05,2011,5,5,Thursday,115.57,110.84,115.41,4.73,73.86,1.3894,3.75,31.28,0,EIA/FRED/Bloomberg reference + synthetic daily interpolation
2011-05-06,2011,5,6,Friday,114.8,113.28,114.08,1.52,74.78,1.3768,3.7499,30.85,0,EIA/FRED/Bloomberg reference + synthetic daily interpolation
2011-05-09,2011,5,9,Monday,112.41,107.56,113.13,4.85,72.22,1.4309,3.7497,30.79,0,EIA/FRED/Bloomberg reference + synthetic daily interpolation
2011-05-10,2011,5,10,Tuesday,111.41,106.52,110.25,4.89,73.37,1.4074,3.7498,31.95,0,EIA/FRED/Bloomberg reference + synthetic daily interpolation
2011-05-11,2011,5,11,Wednesday,114.74,111.57,114.53,3.17,73.77,1.3939,3.7499,31.43,0,EIA/FRED/Bloomberg reference + synthetic daily interpolation
2011-05-12,2011,5,12,Thursday,115.31,112.65,114.79,2.66,74.31,1.3946,3.75,31.28,0,EIA/FRED/Bloomberg reference + synthetic daily interpolation
2011-05-13,2011,5,13,Friday,114.05,109.14,113.39,4.91,72.53,1.4082,3.7497,31.33,0,EIA/FRED/Bloomberg reference + synthetic daily interpolation
2011-05-16,2011,5,16,Monday,112.88,108.0,112.69,4.88,73.8,1.3963,3.7497,31.09,0,EIA/FRED/Bloomberg reference + synthetic daily interpolation
2011-05-17,2011,5,17,Tuesday,115.57,114.6,114.66,0.97,73.52,1.3924,3.7497,31.82,0,EIA/FRED/Bloomberg reference + synthetic daily interpolation
2011-05-18,2011,5,18,Wednesday,115.31,109.65,116.4,5.66,72.7,1.411,3.7496,31.1,0,EIA/FRED/Bloomberg reference + synthetic daily interpolation
2011-05-19,2011,5,19,Thursday,113.08,111.85,114.48,1.23,72.57,1.4136,3.7498,31.81,0,EIA/FRED/Bloomberg reference + synthetic daily interpolation
2011-05-20,2011,5,20,Friday,114.31,110.83,114.73,3.48,72.04,1.4191,3.75,31.98,0,EIA/FRED/Bloomberg reference + synthetic daily interpolation
2011-05-23,2011,5,23,Monday,113.06,110.15,112.97,2.91,73.45,1.4009,3.7498,31.19,0,EIA/FRED/Bloomberg reference + synthetic daily interpolation
2011-05-24,2011,5,24,Tuesday,113.28,109.38,113.25,3.9,74.8,1.3748,3.7497,31.06,0,EIA/FRED/Bloomberg reference + synthetic daily interpolation
2011-05-25,2011,5,25,Wednesday,114.82,112.96,113.78,1.86,71.9,1.4244,3.7501,30.92,0,EIA/FRED/Bloomberg reference + synthetic daily interpolation
2011-05-26,2011,5,26,Thursday,114.88,109.53,114.39,5.35,71.57,1.4262,3.7497,31.02,0,EIA/FRED/Bloomberg reference + synthetic daily interpolation
2011-05-27,2011,5,27,Friday,113.25,110.63,114.66,2.62,72.15,1.4135,3.7497,30.77,0,EIA/FRED/Bloomberg reference + synthetic daily interpolation
2011-05-30,2011,5,30,Monday,110.11,108.02,110.43,2.09,73.16,1.4044,3.7498,30.71,0,EIA/FRED/Bloomberg reference + synthetic daily interpolation
2011-05-31,2011,5,31,Tuesday,117.15,115.79,118.25,1.36,72.65,1.4,3.7498,31.24,0,EIA/FRED/Bloomberg reference + synthetic daily interpolation
2011-06-01,2011,6,1,Wednesday,117.36,111.56,115.87,5.8,72.66,1.4068,3.7499,31.88,0,EIA/FRED/Bloomberg reference + synthetic daily interpolation
2011-06-02,2011,6,2,Thursday,112.85,111.2,111.91,1.65,73.43,1.4032,3.7501,31.22,0,EIA/FRED/Bloomberg reference + synthetic daily interpolation
2011-06-03,2011,6,3,Friday,113.19,112.1,113.04,1.09,73.89,1.392,3.7496,31.5,0,EIA/FRED/Bloomberg reference + synthetic daily interpolation
2011-06-06,2011,6,6,Monday,116.72,115.0,115.82,1.72,71.79,1.4158,3.7499,31.47,0,EIA/FRED/Bloomberg reference + synthetic daily interpolation
2011-06-07,2011,6,7,Tuesday,113.79,113.2,113.48,0.59,72.59,1.4202,3.7497,30.75,0,EIA/FRED/Bloomberg reference + synthetic daily interpolation
2011-06-08,2011,6,8,Wednesday,115.23,109.95,116.34,5.28,73.26,1.4071,3.7499,31.92,0,EIA/FRED/Bloomberg reference + synthetic daily interpolation
2011-06-09,2011,6,9,Thursday,113.04,110.53,112.12,2.51,73.74,1.3965,3.75,31.81,0,EIA/FRED/Bloomberg reference + synthetic daily interpolation
2011-06-10,2011,6,10,Friday,112.93,109.44,111.71,3.49,72.07,1.4193,3.7496,30.93,0,EIA/FRED/Bloomberg reference + synthetic daily interpolation
2011-06-13,2011,6,13,Monday,116.97,116.35,116.6,0.62,71.74,1.4265,3.75,31.34,0,EIA/FRED/Bloomberg reference + synthetic daily interpolation
2011-06-14,2011,6,14,Tuesday,115.84,115.01,115.53,0.83,74.17,1.3859,3.7501,31.43,0,EIA/FRED/Bloomberg reference + synthetic daily interpolation
2011-06-15,2011,6,15,Wednesday,115.03,109.78,115.01,5.25,72.59,1.4091,3.7501,31.53,0,EIA/FRED/Bloomberg reference + synthetic daily interpolation
2011-06-16,2011,6,16,Thursday,113.99,109.19,115.47,4.8,74.83,1.3876,3.7498,30.54,0,EIA/FRED/Bloomberg reference + synthetic daily interpolation
2011-06-17,2011,6,17,Friday,111.08,106.31,110.59,4.77,73.6,1.3953,3.7496,31.25,0,EIA/FRED/Bloomberg reference + synthetic daily interpolation
2011-06-20,2011,6,20,Monday,114.78,109.51,115.81,5.27,74.08,1.3851,3.7499,30.68,0,EIA/FRED/Bloomberg reference + synthetic daily interpolation
2011-06-21,2011,6,21,Tuesday,115.72,110.36,114.41,5.36,71.48,1.4251,3.7499,31.8,0,EIA/FRED/Bloomberg reference + synthetic daily interpolation
2011-06-22,2011,6,22,Wednesday,117.91,114.49,117.67,3.42,70.63,1.4505,3.7497,30.5,0,EIA/FRED/Bloomberg reference + synthetic daily interpolation
2011-06-23,2011,6,23,Thursday,113.16,109.6,114.09,3.56,73.54,1.3959,3.7496,31.84,0,EIA/FRED/Bloomberg reference + synthetic daily interpolation
2011-06-24,2011,6,24,Friday,113.51,111.93,113.59,1.58,73.49,1.3973,3.7497,31.33,0,EIA/FRED/Bloomberg reference + synthetic daily interpolation
2011-06-27,2011,6,27,Monday,114.29,110.38,114.6,3.91,73.26,1.4008,3.7496,31.76,0,EIA/FRED/Bloomberg reference + synthetic daily interpolation
2011-06-28,2011,6,28,Tuesday,111.71,109.06,111.4,2.65,73.14,1.403,3.7497,31.06,0,EIA/FRED/Bloomberg reference + synthetic daily interpolation
2011-06-29,2011,6,29,Wednesday,112.82,110.75,113.8,2.07,74.02,1.3863,3.7499,30.7,0,EIA/FRED/Bloomberg reference + synthetic daily interpolation
2011-06-30,2011,6,30,Thursday,113.48,112.04,112.67,1.44,71.56,1.4281,3.75,31.57,0,EIA/FRED/Bloomberg reference + synthetic daily interpolation
2011-07-01,2011,7,1,Friday,113.53,108.71,112.65,4.82,73.87,1.3961,3.7499,31.73,0,EIA/FRED/Bloomberg reference + synthetic daily interpolation
2011-07-04,2011,7,4,Monday,113.47,112.77,112.86,0.7,72.14,1.4113,3.7499,32.31,0,EIA/FRED/Bloomberg reference + synthetic daily interpolation
2011-07-05,2011,7,5,Tuesday,112.7,109.51,113.85,3.19,72.56,1.4185,3.7499,30.95,0,EIA/FRED/Bloomberg reference + synthetic daily interpolation
2011-07-06,2011,7,6,Wednesday,114.58,110.78,114.44,3.8,74.29,1.3875,3.7499,31.45,0,EIA/FRED/Bloomberg reference + synthetic daily interpolation
2011-07-07,2011,7,7,Thursday,112.82,106.92,113.58,5.9,73.26,1.4061,3.7499,30.74,0,EIA/FRED/Bloomberg reference + synthetic daily interpolation
2011-07-08,2011,7,8,Friday,113.41,110.98,114.84,2.43,71.98,1.4145,3.7497,31.85,0,EIA/FRED/Bloomberg reference + synthetic daily interpolation
2011-07-11,2011,7,11,Monday,112.56,109.09,112.14,3.47,74.97,1.3762,3.75,31.98,0,EIA/FRED/Bloomberg reference + synthetic daily interpolation
2011-07-12,2011,7,12,Tuesday,113.11,112.31,112.17,0.8,72.37,1.4154,3.7499,31.62,0,EIA/FRED/Bloomberg reference + synthetic daily interpolation
2011-07-13,2011,7,13,Wednesday,114.09,111.6,114.35,2.49,72.02,1.4197,3.7497,31.95,0,EIA/FRED/Bloomberg reference + synthetic daily interpolation
2011-07-14,2011,7,14,Thursday,115.28,111.08,115.52,4.2,72.95,1.4082,3.7496,31.12,0,EIA/FRED/Bloomberg reference + synthetic daily interpolation
2011-07-15,2011,7,15,Friday,113.86,109.96,112.96,3.9,73.72,1.3926,3.7497,31.61,0,EIA/FRED/Bloomberg reference + synthetic daily interpolation
2011-07-18,2011,7,18,Monday,111.89,105.97,112.82,5.92,71.64,1.4305,3.7497,32.12,0,EIA/FRED/Bloomberg reference + synthetic daily interpolation
2011-07-19,2011,7,19,Tuesday,113.13,111.91,112.79,1.22,73.45,1.3952,3.7497,31.44,0,EIA/FRED/Bloomberg reference + synthetic daily interpolation
2011-07-20,2011,7,20,Wednesday,113.57,110.05,112.54,3.52,73.34,1.401,3.7496,30.66,0,EIA/FRED/Bloomberg reference + synthetic daily interpolation
2011-07-21,2011,7,21,Thursday,113.94,110.24,113.39,3.7,73.8,1.3912,3.7498,31.87,0,EIA/FRED/Bloomberg reference + synthetic daily interpolation
2011-07-22,2011,7,22,Friday,114.76,111.11,113.35,3.65,75.28,1.3755,3.7496,31.76,0,EIA/FRED/Bloomberg reference + synthetic daily interpolation
2011-07-25,2011,7,25,Monday,110.71,108.38,111.52,2.33,73.26,1.3976,3.7498,31.87,0,EIA/FRED/Bloomberg reference + synthetic daily interpolation
2011-07-26,2011,7,26,Tuesday,107.51,105.0,107.12,2.51,71.74,1.4248,3.7498,31.27,0,EIA/FRED/Bloomberg reference + synthetic daily interpolation
2011-07-27,2011,7,27,Wednesday,114.21,108.51,113.16,5.7,74.08,1.3994,3.7499,31.33,0,EIA/FRED/Bloomberg reference + synthetic daily interpolation
2011-07-28,2011,7,28,Thursday,111.03,109.99,110.72,1.04,72.42,1.4184,3.7497,30.16,0,EIA/FRED/Bloomberg reference + synthetic daily interpolation
2011-07-29,2011,7,29,Friday,110.77,108.26,110.61,2.51,72.54,1.4126,3.7498,31.84,0,EIA/FRED/Bloomberg reference + synthetic daily interpolation
2011-08-01,2011,8,1,Monday,113.27,110.03,112.34,3.24,73.97,1.3947,3.7499,32.18,0,EIA/FRED/Bloomberg reference + synthetic daily interpolation
2011-08-02,2011,8,2,Tuesday,111.34,108.13,112.22,3.21,73.08,1.4008,3.7501,31.08,0,EIA/FRED/Bloomberg reference + synthetic daily interpolation
2011-08-03,2011,8,3,Wednesday,114.38,108.86,114.75,5.52,75.3,1.3644,3.7499,31.19,0,EIA/FRED/Bloomberg reference + synthetic daily interpolation
2011-08-04,2011,8,4,Thursday,110.97,106.46,112.06,4.51,75.6,1.3737,3.7498,31.51,0,EIA/FRED/Bloomberg reference + synthetic daily interpolation
2011-08-05,2011,8,5,Friday,112.38,110.46,113.05,1.92,73.75,1.3965,3.75,31.12,0,EIA/FRED/Bloomberg reference + synthetic daily interpolation
2011-08-08,2011,8,8,Monday,113.9,111.72,113.65,2.18,73.55,1.4076,3.7501,30.24,0,EIA/FRED/Bloomberg reference + synthetic daily interpolation
2011-08-09,2011,8,9,Tuesday,113.7,110.62,114.72,3.08,72.88,1.4047,3.75,31.81,0,EIA/FRED/Bloomberg reference + synthetic daily interpolation
2011-08-10,2011,8,10,Wednesday,112.34,108.56,111.77,3.78,74.64,1.3779,3.7499,30.39,0,EIA/FRED/Bloomberg reference + synthetic daily interpolation
2011-08-11,2011,8,11,Thursday,112.76,111.2,111.28,1.56,75.42,1.3784,3.7496,30.27,0,EIA/FRED/Bloomberg reference + synthetic daily interpolation
2011-08-12,2011,8,12,Friday,112.39,111.4,110.98,0.99,74.38,1.3887,3.7496,31.51,0,EIA/FRED/Bloomberg reference + synthetic daily interpolation
2011-08-15,2011,8,15,Monday,112.62,110.95,111.78,1.67,75.5,1.3741,3.7499,30.98,0,EIA/FRED/Bloomberg reference + synthetic daily interpolation
2011-08-16,2011,8,16,Tuesday,110.55,109.89,109.78,0.66,72.34,1.421,3.7498,31.5,0,EIA/FRED/Bloomberg reference + synthetic daily interpolation
2011-08-17,2011,8,17,Wednesday,110.89,110.22,111.1,0.67,71.81,1.4144,3.7501,31.65,0,EIA/FRED/Bloomberg reference + synthetic daily interpolation
2011-08-18,2011,8,18,Thursday,111.21,110.0,110.91,1.21,75.38,1.373,3.7498,31.42,0,EIA/FRED/Bloomberg reference + synthetic daily interpolation
2011-08-19,2011,8,19,Friday,111.03,108.93,109.9,2.1,73.56,1.3941,3.75,31.89,0,EIA/FRED/Bloomberg reference + synthetic daily interpolation
2011-08-22,2011,8,22,Monday,115.49,111.1,116.52,4.39,73.47,1.3947,3.7501,31.13,0,EIA/FRED/Bloomberg reference + synthetic daily interpolation
2011-08-23,2011,8,23,Tuesday,112.95,110.27,112.76,2.68,72.69,1.4179,3.7497,31.43,0,EIA/FRED/Bloomberg reference + synthetic daily interpolation
2011-08-24,2011,8,24,Wednesday,114.82,110.78,116.0,4.04,73.46,1.3963,3.7496,32.29,0,EIA/FRED/Bloomberg reference + synthetic daily interpolation
2011-08-25,2011,8,25,Thursday,113.38,111.44,112.04,1.94,70.09,1.4472,3.7499,30.89,0,EIA/FRED/Bloomberg reference + synthetic daily interpolation
2011-08-26,2011,8,26,Friday,113.45,111.09,112.4,2.36,72.67,1.4175,3.7498,31.88,0,EIA/FRED/Bloomberg reference + synthetic daily interpolation
2011-08-29,2011,8,29,Monday,113.95,110.73,113.72,3.22,72.08,1.4263,3.7497,32.09,0,EIA/FRED/Bloomberg reference + synthetic daily interpolation
2011-08-30,2011,8,30,Tuesday,110.41,108.42,111.29,1.99,73.31,1.4004,3.7498,31.4,0,EIA/FRED/Bloomberg reference + synthetic daily interpolation
2011-08-31,2011,8,31,Wednesday,110.57,106.27,109.71,4.3,75.74,1.3625,3.7497,31.42,0,EIA/FRED/Bloomberg reference + synthetic daily interpolation
2011-09-01,2011,9,1,Thursday,113.69,109.67,114.42,4.02,73.42,1.3918,3.75,31.88,0,EIA/FRED/Bloomberg reference + synthetic daily interpolation
2011-09-02,2011,9,2,Friday,111.32,107.53,111.87,3.79,72.05,1.4145,3.7499,31.12,0,EIA/FRED/Bloomberg reference + synthetic daily interpolation
2011-09-05,2011,9,5,Monday,109.67,105.06,108.33,4.61,71.09,1.4306,3.7497,31.54,0,EIA/FRED/Bloomberg reference + synthetic daily interpolation
2011-09-06,2011,9,6,Tuesday,111.03,106.82,111.43,4.21,74.68,1.3783,3.7498,31.49,0,EIA/FRED/Bloomberg reference + synthetic daily interpolation
2011-09-07,2011,9,7,Wednesday,109.86,107.89,109.03,1.97,75.25,1.3704,3.75,30.78,0,EIA/FRED/Bloomberg reference + synthetic daily interpolation
2011-09-08,2011,9,8,Thursday,111.21,107.39,109.81,3.82,72.28,1.4107,3.7498,31.54,0,EIA/FRED/Bloomberg reference + synthetic daily interpolation
2011-09-09,2011,9,9,Friday,109.45,107.62,109.95,1.83,73.75,1.3889,3.75,32.67,0,EIA/FRED/Bloomberg reference + synthetic daily interpolation
2011-09-12,2011,9,12,Monday,112.1,107.23,111.24,4.87,75.63,1.3668,3.7497,31.06,0,EIA/FRED/Bloomberg reference + synthetic daily interpolation
2011-09-13,2011,9,13,Tuesday,112.1,108.45,111.94,3.65,71.79,1.4167,3.7498,30.89,0,EIA/FRED/Bloomberg reference + synthetic daily interpolation
2011-09-14,2011,9,14,Wednesday,109.97,105.14,111.28,4.83,74.09,1.3896,3.7501,31.41,0,EIA/FRED/Bloomberg reference + synthetic daily interpolation
2011-09-15,2011,9,15,Thursday,111.02,109.05,111.71,1.97,71.9,1.4253,3.7498,31.58,0,EIA/FRED/Bloomberg reference + synthetic daily interpolation
2011-09-16,2011,9,16,Friday,113.76,109.93,114.94,3.83,72.7,1.4146,3.7499,31.69,0,EIA/FRED/Bloomberg reference + synthetic daily interpolation
2011-09-19,2011,9,19,Monday,111.14,109.16,112.08,1.98,72.51,1.4012,3.7499,31.74,0,EIA/FRED/Bloomberg reference + synthetic daily interpolation
2011-09-20,2011,9,20,Tuesday,109.57,105.0,109.61,4.57,74.28,1.3815,3.7499,30.5,0,EIA/FRED/Bloomberg reference + synthetic daily interpolation
2011-09-21,2011,9,21,Wednesday,109.66,105.55,109.34,4.11,73.16,1.4005,3.7497,32.2,0,EIA/FRED/Bloomberg reference + synthetic daily interpolation
2011-09-22,2011,9,22,Thursday,109.4,106.37,109.65,3.03,71.03,1.4284,3.7497,31.44,0,EIA/FRED/Bloomberg reference + synthetic daily interpolation
2011-09-23,2011,9,23,Friday,109.24,107.41,107.98,1.83,72.34,1.42,3.7497,32.07,0,EIA/FRED/Bloomberg reference + synthetic daily interpolation
2011-09-26,2011,9,26,Monday,110.02,104.94,110.08,5.08,71.88,1.4288,3.7498,30.62,0,EIA/FRED/Bloomberg reference + synthetic daily interpolation
2011-09-27,2011,9,27,Tuesday,111.1,106.75,112.47,4.35,72.95,1.409,3.75,30.52,0,EIA/FRED/Bloomberg reference + synthetic daily interpolation
2011-09-28,2011,9,28,Wednesday,109.94,108.4,109.04,1.54,72.49,1.4097,3.7498,31.27,0,EIA/FRED/Bloomberg reference + synthetic daily interpolation
2011-09-29,2011,9,29,Thursday,113.49,112.43,114.68,1.06,72.97,1.4047,3.7497,31.96,0,EIA/FRED/Bloomberg reference + synthetic daily interpolation
2011-09-30,2011,9,30,Friday,110.28,104.85,109.56,5.43,72.02,1.4241,3.7496,31.19,0,EIA/FRED/Bloomberg reference + synthetic daily interpolation
2011-10-03,2011,10,3,Monday,108.34,105.96,109.77,2.38,70.9,1.4222,3.7497,32.16,0,EIA/FRED/Bloomberg reference + synthetic daily interpolation
2011-10-04,2011,10,4,Tuesday,108.87,107.13,109.98,1.74,71.35,1.4213,3.75,30.88,0,EIA/FRED/Bloomberg reference + synthetic daily interpolation
2011-10-05,2011,10,5,Wednesday,108.87,103.7,109.42,5.17,71.36,1.43,3.7501,30.91,0,EIA/FRED/Bloomberg reference + synthetic daily interpolation
2011-10-06,2011,10,6,Thursday,108.49,104.3,107.54,4.19,73.39,1.4056,3.7498,31.44,0,EIA/FRED/Bloomberg reference + synthetic daily interpolation
2011-10-07,2011,10,7,Friday,112.13,111.08,113.51,1.05,73.1,1.4016,3.7499,31.68,0,EIA/FRED/Bloomberg reference + synthetic daily interpolation
2011-10-10,2011,10,10,Monday,110.12,109.06,111.28,1.06,74.57,1.3847,3.7496,31.74,0,EIA/FRED/Bloomberg reference + synthetic daily interpolation
2011-10-11,2011,10,11,Tuesday,109.61,107.06,110.4,2.55,75.32,1.373,3.7498,30.2,0,EIA/FRED/Bloomberg reference + synthetic daily interpolation
2011-10-12,2011,10,12,Wednesday,107.37,102.29,108.31,5.08,72.41,1.4039,3.7497,31.82,0,EIA/FRED/Bloomberg reference + synthetic daily interpolation
2011-10-13,2011,10,13,Thursday,111.33,109.83,112.4,1.5,74.28,1.3823,3.75,30.86,0,EIA/FRED/Bloomberg reference + synthetic daily interpolation
2011-10-14,2011,10,14,Friday,109.0,104.63,109.92,4.37,74.91,1.3795,3.75,31.0,0,EIA/FRED/Bloomberg reference + synthetic daily interpolation
2011-10-17,2011,10,17,Monday,108.59,103.52,107.4,5.07,69.58,1.4581,3.7501,30.8,0,EIA/FRED/Bloomberg reference + synthetic daily interpolation
2011-10-18,2011,10,18,Tuesday,108.4,105.04,108.34,3.36,73.42,1.4018,3.7501,30.23,0,EIA/FRED/Bloomberg reference + synthetic daily interpolation
2011-10-19,2011,10,19,Wednesday,110.89,107.34,109.81,3.55,72.15,1.4129,3.7499,31.43,0,EIA/FRED/Bloomberg reference + synthetic daily interpolation
2011-10-20,2011,10,20,Thursday,107.94,107.07,106.76,0.87,73.31,1.4117,3.75,31.05,0,EIA/FRED/Bloomberg reference + synthetic daily interpolation
2011-10-21,2011,10,21,Friday,111.48,107.99,112.34,3.49,73.5,1.3916,3.7497,30.36,0,EIA/FRED/Bloomberg reference + synthetic daily interpolation
2011-10-24,2011,10,24,Monday,105.2,102.29,105.92,2.91,73.07,1.4065,3.7497,31.35,0,EIA/FRED/Bloomberg reference + synthetic daily interpolation
2011-10-25,2011,10,25,Tuesday,109.42,107.54,108.72,1.88,74.12,1.3966,3.7498,32.27,0,EIA/FRED/Bloomberg reference + synthetic daily interpolation
2011-10-26,2011,10,26,Wednesday,109.46,104.11,108.01,5.35,72.62,1.414,3.7498,30.95,0,EIA/FRED/Bloomberg reference + synthetic daily interpolation
2011-10-27,2011,10,27,Thursday,107.18,105.96,106.29,1.22,72.83,1.4155,3.7499,31.32,0,EIA/FRED/Bloomberg reference + synthetic daily interpolation
2011-10-28,2011,10,28,Friday,108.38,104.83,107.42,3.55,72.5,1.4095,3.7501,32.38,0,EIA/FRED/Bloomberg reference + synthetic daily interpolation
2011-10-31,2011,10,31,Monday,110.06,105.55,110.16,4.51,71.4,1.4293,3.7499,31.53,0,EIA/FRED/Bloomberg reference + synthetic daily interpolation
2011-11-01,2011,11,1,Tuesday,109.98,106.81,109.54,3.17,69.36,1.463,3.7498,31.18,0,EIA/FRED/Bloomberg reference + synthetic daily interpolation
2011-11-02,2011,11,2,Wednesday,110.05,104.88,111.39,5.17,73.07,1.4052,3.75,30.92,0,EIA/FRED/Bloomberg reference + synthetic daily interpolation
2011-11-03,2011,11,3,Thursday,109.79,104.39,108.47,5.4,74.43,1.3786,3.7497,31.48,0,EIA/FRED/Bloomberg reference + synthetic daily interpolation
2011-11-04,2011,11,4,Friday,108.18,104.53,109.64,3.65,72.64,1.4028,3.7501,31.97,0,EIA/FRED/Bloomberg reference + synthetic daily interpolation
2011-11-07,2011,11,7,Monday,108.38,106.03,107.54,2.35,71.85,1.419,3.75,31.51,0,EIA/FRED/Bloomberg reference + synthetic daily interpolation
2011-11-08,2011,11,8,Tuesday,107.43,106.62,107.39,0.81,70.69,1.4303,3.7496,31.85,0,EIA/FRED/Bloomberg reference + synthetic daily interpolation
2011-11-09,2011,11,9,Wednesday,107.87,103.9,107.0,3.97,71.12,1.4379,3.7499,32.07,0,EIA/FRED/Bloomberg reference + synthetic daily interpolation
2011-11-10,2011,11,10,Thursday,106.03,103.95,107.29,2.08,72.64,1.4102,3.7497,31.56,0,EIA/FRED/Bloomberg reference + synthetic daily interpolation
2011-11-11,2011,11,11,Friday,109.06,107.07,110.48,1.99,72.7,1.4135,3.7499,31.64,0,EIA/FRED/Bloomberg reference + synthetic daily interpolation
2011-11-14,2011,11,14,Monday,107.89,105.41,108.76,2.48,72.11,1.4261,3.7501,31.63,0,EIA/FRED/Bloomberg reference + synthetic daily interpolation
2011-11-15,2011,11,15,Tuesday,106.51,102.68,106.02,3.83,73.92,1.3881,3.7501,30.64,0,EIA/FRED/Bloomberg reference + synthetic daily interpolation
2011-11-16,2011,11,16,Wednesday,109.24,108.03,110.18,1.21,75.6,1.3651,3.75,31.75,0,EIA/FRED/Bloomberg reference + synthetic daily interpolation
2011-11-17,2011,11,17,Thursday,108.7,105.18,109.18,3.52,71.17,1.4265,3.7498,31.73,0,EIA/FRED/Bloomberg reference + synthetic daily interpolation
2011-11-18,2011,11,18,Friday,108.13,102.57,108.24,5.56,71.17,1.429,3.75,31.67,0,EIA/FRED/Bloomberg reference + synthetic daily interpolation
2011-11-21,2011,11,21,Monday,106.65,101.75,107.95,4.9,72.91,1.4107,3.7498,30.77,0,EIA/FRED/Bloomberg reference + synthetic daily interpolation
2011-11-22,2011,11,22,Tuesday,102.42,97.83,103.08,4.59,73.42,1.3895,3.7498,31.21,0,EIA/FRED/Bloomberg reference + synthetic daily interpolation
2011-11-23,2011,11,23,Wednesday,109.35,103.52,108.63,5.83,74.53,1.3789,3.7501,32.41,0,EIA/FRED/Bloomberg reference + synthetic daily interpolation
2011-11-24,2011,11,24,Thursday,107.7,102.12,108.2,5.58,71.12,1.4375,3.7497,31.02,0,EIA/FRED/Bloomberg reference + synthetic daily interpolation
2011-11-25,2011,11,25,Friday,107.91,106.77,107.59,1.14,71.95,1.4208,3.75,31.24,0,EIA/FRED/Bloomberg reference + synthetic daily interpolation
2011-11-28,2011,11,28,Monday,107.9,102.0,106.61,5.9,74.79,1.3715,3.7496,31.62,0,EIA/FRED/Bloomberg reference + synthetic daily interpolation
2011-11-29,2011,11,29,Tuesday,107.19,103.23,105.85,3.96,72.84,1.4067,3.7496,31.27,0,EIA/FRED/Bloomberg reference + synthetic daily interpolation
2011-11-30,2011,11,30,Wednesday,111.23,105.49,110.81,5.74,72.87,1.4069,3.7496,31.7,0,EIA/FRED/Bloomberg reference + synthetic daily interpolation
2011-12-01,2011,12,1,Thursday,108.65,108.03,109.29,0.62,72.97,1.4102,3.7499,30.64,0,EIA/FRED/Bloomberg reference + synthetic daily interpolation
2011-12-02,2011,12,2,Friday,110.26,108.13,111.66,2.13,73.41,1.3945,3.7498,32.88,0,EIA/FRED/Bloomberg reference + synthetic daily interpolation
2011-12-05,2011,12,5,Monday,108.94,105.41,109.26,3.53,73.77,1.3896,3.7497,31.13,0,EIA/FRED/Bloomberg reference + synthetic daily interpolation
2011-12-06,2011,12,6,Tuesday,108.52,102.71,108.61,5.81,72.46,1.4067,3.75,31.8,0,EIA/FRED/Bloomberg reference + synthetic daily interpolation
2011-12-07,2011,12,7,Wednesday,109.38,107.94,110.56,1.44,73.31,1.3956,3.7497,31.2,0,EIA/FRED/Bloomberg reference + synthetic daily interpolation
2011-12-08,2011,12,8,Thursday,107.84,103.63,107.44,4.21,72.88,1.4077,3.7497,31.25,0,EIA/FRED/Bloomberg reference + synthetic daily interpolation
2011-12-09,2011,12,9,Friday,108.63,103.36,109.92,5.27,74.27,1.3885,3.7496,30.93,0,EIA/FRED/Bloomberg reference + synthetic daily interpolation
2011-12-12,2011,12,12,Monday,108.91,103.19,108.86,5.72,73.2,1.394,3.7498,31.62,0,EIA/FRED/Bloomberg reference + synthetic daily interpolation
2011-12-13,2011,12,13,Tuesday,111.03,106.05,111.41,4.98,72.08,1.409,3.75,31.51,0,EIA/FRED/Bloomberg reference + synthetic daily interpolation
2011-12-14,2011,12,14,Wednesday,109.44,105.73,109.15,3.71,74.06,1.3908,3.7501,31.78,0,EIA/FRED/Bloomberg reference + synthetic daily interpolation
2011-12-15,2011,12,15,Thursday,109.57,104.01,108.9,5.56,72.19,1.4149,3.75,30.88,0,EIA/FRED/Bloomberg reference + synthetic daily interpolation
2011-12-16,2011,12,16,Friday,106.63,101.95,105.88,4.68,71.98,1.4314,3.7499,31.72,0,EIA/FRED/Bloomberg reference + synthetic daily interpolation
2011-12-19,2011,12,19,Monday,111.72,110.85,110.48,0.87,73.27,1.3974,3.7498,32.13,0,EIA/FRED/Bloomberg reference + synthetic daily interpolation
2011-12-20,2011,12,20,Tuesday,111.33,107.07,110.67,4.26,71.11,1.4337,3.75,31.66,0,EIA/FRED/Bloomberg reference + synthetic daily interpolation
2011-12-21,2011,12,21,Wednesday,110.33,105.72,109.8,4.61,71.3,1.4269,3.7497,31.97,0,EIA/FRED/Bloomberg reference + synthetic daily interpolation
2011-12-22,2011,12,22,Thursday,104.68,99.18,104.91,5.5,72.14,1.4277,3.7499,31.13,0,EIA/FRED/Bloomberg reference + synthetic daily interpolation
2011-12-23,2011,12,23,Friday,109.95,105.27,110.08,4.68,73.7,1.3923,3.7501,30.67,0,EIA/FRED/Bloomberg reference + synthetic daily interpolation
2011-12-26,2011,12,26,Monday,107.44,105.35,108.16,2.09,73.44,1.3929,3.7496,32.11,0,EIA/FRED/Bloomberg reference + synthetic daily interpolation
2011-12-27,2011,12,27,Tuesday,107.89,104.76,108.39,3.13,72.37,1.4094,3.75,31.64,0,EIA/FRED/Bloomberg reference + synthetic daily interpolation
2011-12-28,2011,12,28,Wednesday,107.15,105.52,107.24,1.63,72.58,1.4149,3.7497,31.48,0,EIA/FRED/Bloomberg reference + synthetic daily interpolation
2011-12-29,2011,12,29,Thursday,109.17,105.71,108.04,3.46,74.04,1.3938,3.7498,30.45,0,EIA/FRED/Bloomberg reference + synthetic daily interpolation
2011-12-30,2011,12,30,Friday,109.78,106.9,110.36,2.88,72.67,1.411,3.7499,30.72,0,EIA/FRED/Bloomberg reference + synthetic daily interpolation
2012-01-02,2012,1,2,Monday,107.98,102.56,106.97,5.42,80.13,1.2958,3.7499,31.4,0,EIA/FRED/Bloomberg reference + synthetic daily interpolation
2012-01-03,2012,1,3,Tuesday,108.28,105.31,109.37,2.97,77.05,1.3445,3.7496,31.74,0,EIA/FRED/Bloomberg reference + synthetic daily interpolation
2012-01-04,2012,1,4,Wednesday,107.55,102.33,107.01,5.22,81.05,1.289,3.75,30.79,0,EIA/FRED/Bloomberg reference + synthetic daily interpolation
2012-01-05,2012,1,5,Thursday,110.42,105.54,111.12,4.88,78.51,1.3147,3.7498,32.01,0,EIA/FRED/Bloomberg reference + synthetic daily interpolation
2012-01-06,2012,1,6,Friday,109.71,107.68,109.55,2.03,82.41,1.2615,3.7501,31.54,0,EIA/FRED/Bloomberg reference + synthetic daily interpolation
2012-01-09,2012,1,9,Monday,110.95,107.97,111.99,2.98,80.18,1.2967,3.7501,32.43,0,EIA/FRED/Bloomberg reference + synthetic daily interpolation
2012-01-10,2012,1,10,Tuesday,109.36,105.03,108.94,4.33,80.7,1.2886,3.7497,31.04,0,EIA/FRED/Bloomberg reference + synthetic daily interpolation
2012-01-11,2012,1,11,Wednesday,107.2,102.89,108.33,4.31,78.86,1.3254,3.7497,31.06,0,EIA/FRED/Bloomberg reference + synthetic daily interpolation
2012-01-12,2012,1,12,Thursday,111.01,107.81,112.36,3.2,79.59,1.3144,3.7497,31.37,0,EIA/FRED/Bloomberg reference + synthetic daily interpolation
2012-01-13,2012,1,13,Friday,110.83,106.65,110.75,4.18,82.46,1.2589,3.7499,31.83,0,EIA/FRED/Bloomberg reference + synthetic daily interpolation
2012-01-16,2012,1,16,Monday,112.69,108.4,114.1,4.29,82.4,1.2642,3.7498,32.67,0,EIA/FRED/Bloomberg reference + synthetic daily interpolation
2012-01-17,2012,1,17,Tuesday,109.67,103.93,110.51,5.74,79.52,1.3045,3.7501,31.0,0,EIA/FRED/Bloomberg reference + synthetic daily interpolation
2012-01-18,2012,1,18,Wednesday,110.1,105.71,110.92,4.39,78.26,1.3271,3.7499,32.03,0,EIA/FRED/Bloomberg reference + synthetic daily interpolation
2012-01-19,2012,1,19,Thursday,108.41,102.7,108.58,5.71,82.1,1.268,3.75,31.53,0,EIA/FRED/Bloomberg reference + synthetic daily interpolation
2012-01-20,2012,1,20,Friday,107.39,104.54,107.1,2.85,80.06,1.3104,3.75,30.75,0,EIA/FRED/Bloomberg reference + synthetic daily interpolation
2012-01-23,2012,1,23,Monday,109.18,107.65,109.07,1.53,79.37,1.3056,3.7499,31.06,0,EIA/FRED/Bloomberg reference + synthetic daily interpolation
2012-01-24,2012,1,24,Tuesday,107.73,101.94,108.64,5.79,79.39,1.3166,3.7496,32.26,0,EIA/FRED/Bloomberg reference + synthetic daily interpolation
2012-01-25,2012,1,25,Wednesday,109.44,106.75,108.25,2.69,78.96,1.3201,3.75,31.0,0,EIA/FRED/Bloomberg reference + synthetic daily interpolation
2012-01-26,2012,1,26,Thursday,110.46,109.19,110.43,1.27,78.93,1.318,3.7501,31.17,0,EIA/FRED/Bloomberg reference + synthetic daily interpolation
2012-01-27,2012,1,27,Friday,109.23,103.53,109.01,5.7,78.62,1.3292,3.7499,31.75,0,EIA/FRED/Bloomberg reference + synthetic daily interpolation
2012-01-30,2012,1,30,Monday,108.77,107.3,107.38,1.47,79.44,1.3097,3.7498,31.42,0,EIA/FRED/Bloomberg reference + synthetic daily interpolation
2012-01-31,2012,1,31,Tuesday,110.35,106.41,109.28,3.94,81.49,1.2801,3.7496,31.92,0,EIA/FRED/Bloomberg reference + synthetic daily interpolation
2012-02-01,2012,2,1,Wednesday,110.76,105.59,110.18,5.17,79.78,1.3023,3.7497,31.65,0,EIA/FRED/Bloomberg reference + synthetic daily interpolation
2012-02-02,2012,2,2,Thursday,108.95,107.47,110.41,1.48,78.1,1.3249,3.75,31.53,0,EIA/FRED/Bloomberg reference + synthetic daily interpolation
2012-02-03,2012,2,3,Friday,111.74,108.2,110.51,3.54,78.66,1.3246,3.7498,31.41,0,EIA/FRED/Bloomberg reference + synthetic daily interpolation
2012-02-06,2012,2,6,Monday,110.0,105.95,109.02,4.05,80.52,1.2879,3.7497,31.63,0,EIA/FRED/Bloomberg reference + synthetic daily interpolation
2012-02-07,2012,2,7,Tuesday,115.73,112.25,115.89,3.48,82.41,1.2634,3.7497,32.17,0,EIA/FRED/Bloomberg reference + synthetic daily interpolation
2012-02-08,2012,2,8,Wednesday,109.5,108.47,108.25,1.03,81.14,1.2901,3.75,30.6,0,EIA/FRED/Bloomberg reference + synthetic daily interpolation
2012-02-09,2012,2,9,Thursday,109.29,103.39,110.77,5.9,78.86,1.3141,3.7498,31.0,0,EIA/FRED/Bloomberg reference + synthetic daily interpolation
2012-02-10,2012,2,10,Friday,111.64,110.29,111.86,1.35,81.82,1.2686,3.7499,31.75,0,EIA/FRED/Bloomberg reference + synthetic daily interpolation
2012-02-13,2012,2,13,Monday,112.74,107.4,113.27,5.34,80.54,1.2892,3.7497,31.11,0,EIA/FRED/Bloomberg reference + synthetic daily interpolation
2012-02-14,2012,2,14,Tuesday,110.92,107.81,110.86,3.11,79.27,1.3169,3.75,31.95,0,EIA/FRED/Bloomberg reference + synthetic daily interpolation
2012-02-15,2012,2,15,Wednesday,111.4,106.41,112.09,4.99,80.76,1.2846,3.7497,32.04,0,EIA/FRED/Bloomberg reference + synthetic daily interpolation
2012-02-16,2012,2,16,Thursday,105.73,102.06,106.67,3.67,78.88,1.3195,3.7501,31.44,0,EIA/FRED/Bloomberg reference + synthetic daily interpolation
2012-02-17,2012,2,17,Friday,112.06,109.23,112.41,2.83,81.26,1.289,3.7499,31.31,0,EIA/FRED/Bloomberg reference + synthetic daily interpolation
2012-02-20,2012,2,20,Monday,113.95,110.64,114.52,3.31,81.65,1.285,3.75,31.64,0,EIA/FRED/Bloomberg reference + synthetic daily interpolation
2012-02-21,2012,2,21,Tuesday,109.36,103.99,110.06,5.37,80.87,1.2828,3.75,31.73,0,EIA/FRED/Bloomberg reference + synthetic daily interpolation
2012-02-22,2012,2,22,Wednesday,110.82,109.38,110.9,1.44,79.13,1.3142,3.7498,31.56,0,EIA/FRED/Bloomberg reference + synthetic daily interpolation
2012-02-23,2012,2,23,Thursday,114.34,111.73,114.69,2.61,80.02,1.3,3.7498,32.21,0,EIA/FRED/Bloomberg reference + synthetic daily interpolation
2012-02-24,2012,2,24,Friday,109.33,105.55,110.43,3.78,80.93,1.2847,3.7497,31.6,0,EIA/FRED/Bloomberg reference + synthetic daily interpolation
2012-02-27,2012,2,27,Monday,110.83,108.59,109.99,2.24,79.61,1.3045,3.7496,31.8,0,EIA/FRED/Bloomberg reference + synthetic daily interpolation
2012-02-28,2012,2,28,Tuesday,111.73,106.3,111.61,5.43,80.16,1.2987,3.7499,31.73,0,EIA/FRED/Bloomberg reference + synthetic daily interpolation
2012-02-29,2012,2,29,Wednesday,110.5,106.21,110.37,4.29,80.55,1.2915,3.7498,31.37,0,EIA/FRED/Bloomberg reference + synthetic daily interpolation
2012-03-01,2012,3,1,Thursday,111.61,107.7,110.78,3.91,79.61,1.3068,3.7499,30.86,0,EIA/FRED/Bloomberg reference + synthetic daily interpolation
2012-03-02,2012,3,2,Friday,114.44,110.3,113.03,4.14,80.6,1.2939,3.7498,30.84,0,EIA/FRED/Bloomberg reference + synthetic daily interpolation
2012-03-05,2012,3,5,Monday,113.92,108.17,112.69,5.75,79.88,1.3035,3.7496,31.54,0,EIA/FRED/Bloomberg reference + synthetic daily interpolation
2012-03-06,2012,3,6,Tuesday,111.43,107.28,111.31,4.15,79.32,1.3093,3.7501,30.82,0,EIA/FRED/Bloomberg reference + synthetic daily interpolation
2012-03-07,2012,3,7,Wednesday,115.25,110.34,116.75,4.91,82.68,1.2603,3.75,31.06,0,EIA/FRED/Bloomberg reference + synthetic daily interpolation
2012-03-08,2012,3,8,Thursday,106.56,100.7,105.7,5.86,80.32,1.3044,3.7498,31.5,0,EIA/FRED/Bloomberg reference + synthetic daily interpolation
2012-03-09,2012,3,9,Friday,111.79,106.66,112.91,5.13,81.82,1.2786,3.7497,31.74,0,EIA/FRED/Bloomberg reference + synthetic daily interpolation
2012-03-12,2012,3,12,Monday,113.18,108.13,114.62,5.05,79.28,1.3088,3.75,32.31,0,EIA/FRED/Bloomberg reference + synthetic daily interpolation
2012-03-13,2012,3,13,Tuesday,111.58,109.64,113.03,1.94,79.09,1.3154,3.7498,31.5,0,EIA/FRED/Bloomberg reference + synthetic daily interpolation
2012-03-14,2012,3,14,Wednesday,114.97,112.13,114.68,2.84,80.63,1.2969,3.75,31.99,0,EIA/FRED/Bloomberg reference + synthetic daily interpolation
2012-03-15,2012,3,15,Thursday,112.26,109.88,112.93,2.38,80.94,1.2778,3.7496,31.98,0,EIA/FRED/Bloomberg reference + synthetic daily interpolation
2012-03-16,2012,3,16,Friday,110.2,109.53,111.06,0.67,80.85,1.286,3.7496,31.45,0,EIA/FRED/Bloomberg reference + synthetic daily interpolation
2012-03-19,2012,3,19,Monday,113.81,112.92,112.65,0.89,81.35,1.2774,3.7501,32.49,0,EIA/FRED/Bloomberg reference + synthetic daily interpolation
2012-03-20,2012,3,20,Tuesday,111.99,109.25,112.98,2.74,80.51,1.2965,3.75,31.84,0,EIA/FRED/Bloomberg reference + synthetic daily interpolation
2012-03-21,2012,3,21,Wednesday,110.27,108.26,111.55,2.01,79.97,1.2836,3.7499,30.76,0,EIA/FRED/Bloomberg reference + synthetic daily interpolation
2012-03-22,2012,3,22,Thursday,114.43,112.52,114.44,1.91,80.7,1.2864,3.7498,31.04,0,EIA/FRED/Bloomberg reference + synthetic daily interpolation
2012-03-23,2012,3,23,Friday,115.44,114.01,114.87,1.43,81.13,1.2767,3.7498,32.13,0,EIA/FRED/Bloomberg reference + synthetic daily interpolation
2012-03-26,2012,3,26,Monday,111.27,106.96,111.02,4.31,81.3,1.2856,3.7498,32.22,0,EIA/FRED/Bloomberg reference + synthetic daily interpolation
2012-03-27,2012,3,27,Tuesday,110.29,105.73,109.27,4.56,79.9,1.2991,3.7497,30.73,0,EIA/FRED/Bloomberg reference + synthetic daily interpolation
2012-03-28,2012,3,28,Wednesday,111.9,110.87,110.57,1.03,80.04,1.2992,3.7496,30.72,0,EIA/FRED/Bloomberg reference + synthetic daily interpolation
2012-03-29,2012,3,29,Thursday,113.15,110.83,114.38,2.32,80.51,1.2931,3.7498,30.67,0,EIA/FRED/Bloomberg reference + synthetic daily interpolation
2012-03-30,2012,3,30,Friday,112.2,109.91,110.84,2.29,79.67,1.3091,3.7501,31.94,0,EIA/FRED/Bloomberg reference + synthetic daily interpolation
2012-04-02,2012,4,2,Monday,112.56,111.3,113.98,1.26,79.76,1.3064,3.7498,31.62,0,EIA/FRED/Bloomberg reference + synthetic daily interpolation
2012-04-03,2012,4,3,Tuesday,113.04,109.58,113.64,3.46,80.05,1.2978,3.75,31.71,0,EIA/FRED/Bloomberg reference + synthetic daily interpolation
2012-04-04,2012,4,4,Wednesday,115.87,111.75,117.31,4.12,80.71,1.2859,3.7497,30.42,0,EIA/FRED/Bloomberg reference + synthetic daily interpolation
2012-04-05,2012,4,5,Thursday,109.84,109.1,108.77,0.74,81.58,1.2794,3.7499,31.81,0,EIA/FRED/Bloomberg reference + synthetic daily interpolation
2012-04-06,2012,4,6,Friday,114.12,108.63,112.64,5.49,81.54,1.2758,3.7496,31.51,0,EIA/FRED/Bloomberg reference + synthetic daily interpolation
2012-04-09,2012,4,9,Monday,113.19,109.75,114.4,3.44,80.01,1.3045,3.7498,31.43,0,EIA/FRED/Bloomberg reference + synthetic daily interpolation
2012-04-10,2012,4,10,Tuesday,112.59,107.97,113.45,4.62,78.28,1.331,3.7499,31.5,0,EIA/FRED/Bloomberg reference + synthetic daily interpolation
2012-04-11,2012,4,11,Wednesday,114.47,111.45,113.22,3.02,81.88,1.2739,3.7498,32.43,0,EIA/FRED/Bloomberg reference + synthetic daily interpolation
2012-04-12,2012,4,12,Thursday,115.25,112.24,116.02,3.01,81.32,1.2855,3.75,32.15,0,EIA/FRED/Bloomberg reference + synthetic daily interpolation
2012-04-13,2012,4,13,Friday,113.82,110.72,113.07,3.1,76.56,1.351,3.7498,31.03,0,EIA/FRED/Bloomberg reference + synthetic daily interpolation
2012-04-16,2012,4,16,Monday,114.67,111.82,114.62,2.85,80.19,1.2921,3.7498,31.34,0,EIA/FRED/Bloomberg reference + synthetic daily interpolation
2012-04-17,2012,4,17,Tuesday,111.8,110.42,112.78,1.38,78.98,1.3141,3.7499,31.85,0,EIA/FRED/Bloomberg reference + synthetic daily interpolation
2012-04-18,2012,4,18,Wednesday,114.7,108.97,114.98,5.73,80.46,1.297,3.7498,31.81,0,EIA/FRED/Bloomberg reference + synthetic daily interpolation
2012-04-19,2012,4,19,Thursday,115.4,112.23,114.57,3.17,77.81,1.3372,3.7501,31.46,0,EIA/FRED/Bloomberg reference + synthetic daily interpolation
2012-04-20,2012,4,20,Friday,116.52,111.1,117.05,5.42,81.26,1.2857,3.7496,30.84,0,EIA/FRED/Bloomberg reference + synthetic daily interpolation
2012-04-23,2012,4,23,Monday,112.42,107.48,112.98,4.94,78.37,1.3182,3.7499,32.46,0,EIA/FRED/Bloomberg reference + synthetic daily interpolation
2012-04-24,2012,4,24,Tuesday,110.02,106.55,108.79,3.47,79.46,1.3055,3.75,31.65,0,EIA/FRED/Bloomberg reference + synthetic daily interpolation
2012-04-25,2012,4,25,Wednesday,113.6,111.91,112.39,1.69,81.33,1.2806,3.7496,31.02,0,EIA/FRED/Bloomberg reference + synthetic daily interpolation
2012-04-26,2012,4,26,Thursday,116.63,115.92,115.34,0.71,78.37,1.3286,3.75,31.55,0,EIA/FRED/Bloomberg reference + synthetic daily interpolation
2012-04-27,2012,4,27,Friday,112.54,110.71,111.23,1.83,82.04,1.2628,3.7499,32.12,0,EIA/FRED/Bloomberg reference + synthetic daily interpolation
2012-04-30,2012,4,30,Monday,112.76,110.51,112.43,2.25,81.42,1.2737,3.7498,30.38,0,EIA/FRED/Bloomberg reference + synthetic daily interpolation
2012-05-01,2012,5,1,Tuesday,116.8,114.07,117.72,2.73,78.44,1.3315,3.7501,31.59,0,EIA/FRED/Bloomberg reference + synthetic daily interpolation
2012-05-02,2012,5,2,Wednesday,112.7,106.77,111.6,5.93,77.65,1.3461,3.7498,30.46,0,EIA/FRED/Bloomberg reference + synthetic daily interpolation
2012-05-03,2012,5,3,Thursday,114.66,109.71,115.02,4.95,80.87,1.2961,3.7498,32.14,0,EIA/FRED/Bloomberg reference + synthetic daily interpolation
2012-05-04,2012,5,4,Friday,109.34,103.81,109.0,5.53,79.61,1.3127,3.7499,32.44,0,EIA/FRED/Bloomberg reference + synthetic daily interpolation
2012-05-07,2012,5,7,Monday,113.17,108.15,114.39,5.02,80.71,1.2849,3.7496,32.2,0,EIA/FRED/Bloomberg reference + synthetic daily interpolation
2012-05-08,2012,5,8,Tuesday,111.35,107.35,110.71,4.0,80.1,1.2996,3.7496,32.1,0,EIA/FRED/Bloomberg reference + synthetic daily interpolation
2012-05-09,2012,5,9,Wednesday,114.55,111.08,114.6,3.47,82.94,1.2553,3.7497,31.38,0,EIA/FRED/Bloomberg reference + synthetic daily interpolation
2012-05-10,2012,5,10,Thursday,111.56,107.96,112.92,3.6,79.84,1.2984,3.7496,31.47,0,EIA/FRED/Bloomberg reference + synthetic daily interpolation
2012-05-11,2012,5,11,Friday,113.15,109.07,112.89,4.08,79.38,1.3027,3.75,30.88,0,EIA/FRED/Bloomberg reference + synthetic daily interpolation
2012-05-14,2012,5,14,Monday,112.05,109.44,112.25,2.61,80.32,1.2922,3.7498,31.72,0,EIA/FRED/Bloomberg reference + synthetic daily interpolation
2012-05-15,2012,5,15,Tuesday,113.28,110.21,113.61,3.07,81.95,1.2737,3.7498,31.25,0,EIA/FRED/Bloomberg reference + synthetic daily interpolation
2012-05-16,2012,5,16,Wednesday,114.19,112.24,112.73,1.95,78.33,1.3255,3.7496,31.91,0,EIA/FRED/Bloomberg reference + synthetic daily interpolation
2012-05-17,2012,5,17,Thursday,113.19,110.66,114.68,2.53,82.68,1.2601,3.7496,32.38,0,EIA/FRED/Bloomberg reference + synthetic daily interpolation
2012-05-18,2012,5,18,Friday,113.21,107.78,112.06,5.43,77.83,1.3245,3.7498,31.18,0,EIA/FRED/Bloomberg reference + synthetic daily interpolation
2012-05-21,2012,5,21,Monday,114.74,113.09,114.87,1.65,80.03,1.2934,3.7497,31.43,0,EIA/FRED/Bloomberg reference + synthetic daily interpolation
2012-05-22,2012,5,22,Tuesday,116.21,112.9,116.21,3.31,80.08,1.2935,3.7498,31.61,0,EIA/FRED/Bloomberg reference + synthetic daily interpolation
2012-05-23,2012,5,23,Wednesday,114.95,110.64,116.34,4.31,79.13,1.3164,3.7498,31.9,0,EIA/FRED/Bloomberg reference + synthetic daily interpolation
2012-05-24,2012,5,24,Thursday,115.06,113.7,114.96,1.36,80.88,1.2897,3.7499,30.94,0,EIA/FRED/Bloomberg reference + synthetic daily interpolation
2012-05-25,2012,5,25,Friday,110.54,108.14,111.2,2.4,82.27,1.2759,3.7499,31.23,0,EIA/FRED/Bloomberg reference + synthetic daily interpolation
2012-05-28,2012,5,28,Monday,111.49,107.5,110.25,3.99,81.77,1.2747,3.75,31.68,0,EIA/FRED/Bloomberg reference + synthetic daily interpolation
2012-05-29,2012,5,29,Tuesday,114.91,110.49,115.88,4.42,78.11,1.3287,3.7496,31.39,0,EIA/FRED/Bloomberg reference + synthetic daily interpolation
2012-05-30,2012,5,30,Wednesday,119.26,118.39,119.04,0.87,77.98,1.3245,3.7497,31.68,0,EIA/FRED/Bloomberg reference + synthetic daily interpolation
2012-05-31,2012,5,31,Thursday,112.82,108.47,111.76,4.35,80.03,1.2932,3.75,31.13,0,EIA/FRED/Bloomberg reference + synthetic daily interpolation
2012-06-01,2012,6,1,Friday,113.78,110.47,114.79,3.31,80.25,1.3024,3.7497,30.93,0,EIA/FRED/Bloomberg reference + synthetic daily interpolation
2012-06-04,2012,6,4,Monday,117.08,113.26,116.71,3.82,80.97,1.2871,3.7498,31.8,0,EIA/FRED/Bloomberg reference + synthetic daily interpolation
2012-06-05,2012,6,5,Tuesday,114.88,112.72,115.82,2.16,80.78,1.2923,3.7499,31.54,0,EIA/FRED/Bloomberg reference + synthetic daily interpolation
2012-06-06,2012,6,6,Wednesday,115.36,111.31,115.47,4.05,80.41,1.2879,3.75,31.28,0,EIA/FRED/Bloomberg reference + synthetic daily interpolation
2012-06-07,2012,6,7,Thursday,115.56,114.02,114.95,1.54,80.89,1.2857,3.7499,31.97,0,EIA/FRED/Bloomberg reference + synthetic daily interpolation
2012-06-08,2012,6,8,Friday,115.39,110.82,114.84,4.57,83.0,1.2524,3.7497,32.21,0,EIA/FRED/Bloomberg reference + synthetic daily interpolation
2012-06-11,2012,6,11,Monday,114.01,112.86,112.61,1.15,78.79,1.317,3.7497,31.39,0,EIA/FRED/Bloomberg reference + synthetic daily interpolation
2012-06-12,2012,6,12,Tuesday,117.14,112.3,118.43,4.84,80.82,1.2911,3.7499,31.09,0,EIA/FRED/Bloomberg reference + synthetic daily interpolation
2012-06-13,2012,6,13,Wednesday,114.84,113.08,116.27,1.76,79.84,1.2998,3.7496,32.12,0,EIA/FRED/Bloomberg reference + synthetic daily interpolation
2012-06-14,2012,6,14,Thursday,117.2,115.38,116.37,1.82,78.12,1.3274,3.7497,31.34,0,EIA/FRED/Bloomberg reference + synthetic daily interpolation
2012-06-15,2012,6,15,Friday,113.18,108.45,112.65,4.73,78.34,1.3198,3.7497,31.65,0,EIA/FRED/Bloomberg reference + synthetic daily interpolation
2012-06-18,2012,6,18,Monday,114.56,109.78,113.8,4.78,81.16,1.273,3.7501,31.22,0,EIA/FRED/Bloomberg reference + synthetic daily interpolation
2012-06-19,2012,6,19,Tuesday,115.14,114.42,115.14,0.72,80.0,1.3012,3.7497,31.28,0,EIA/FRED/Bloomberg reference + synthetic daily interpolation
2012-06-20,2012,6,20,Wednesday,117.02,113.19,118.38,3.83,80.22,1.3024,3.7498,32.17,0,EIA/FRED/Bloomberg reference + synthetic daily interpolation
2012-06-21,2012,6,21,Thursday,114.14,110.73,115.17,3.41,80.31,1.2818,3.7497,31.96,0,EIA/FRED/Bloomberg reference + synthetic daily interpolation
2012-06-22,2012,6,22,Friday,117.53,113.93,116.12,3.6,76.86,1.3371,3.7499,31.44,0,EIA/FRED/Bloomberg reference + synthetic daily interpolation
2012-06-25,2012,6,25,Monday,116.31,112.34,116.21,3.97,81.3,1.285,3.7498,32.11,0,EIA/FRED/Bloomberg reference + synthetic daily interpolation
2012-06-26,2012,6,26,Tuesday,115.7,111.57,116.83,4.13,78.36,1.3157,3.75,31.1,0,EIA/FRED/Bloomberg reference + synthetic daily interpolation
2012-06-27,2012,6,27,Wednesday,115.53,109.61,114.55,5.92,79.53,1.3055,3.7498,32.07,0,EIA/FRED/Bloomberg reference + synthetic daily interpolation
2012-06-28,2012,6,28,Thursday,113.8,113.22,114.63,0.58,81.69,1.2688,3.7499,31.75,0,EIA/FRED/Bloomberg reference + synthetic daily interpolation
2012-06-29,2012,6,29,Friday,113.98,108.49,113.94,5.49,81.65,1.2776,3.7497,31.95,0,EIA/FRED/Bloomberg reference + synthetic daily interpolation
2012-07-02,2012,7,2,Monday,116.44,113.86,116.45,2.58,81.29,1.2816,3.7496,31.34,0,EIA/FRED/Bloomberg reference + synthetic daily interpolation
2012-07-03,2012,7,3,Tuesday,114.49,110.52,113.29,3.97,78.19,1.3215,3.7501,31.27,0,EIA/FRED/Bloomberg reference + synthetic daily interpolation
2012-07-04,2012,7,4,Wednesday,114.59,113.86,113.28,0.73,80.16,1.3038,3.7496,30.67,0,EIA/FRED/Bloomberg reference + synthetic daily interpolation
2012-07-05,2012,7,5,Thursday,113.22,107.85,112.5,5.37,82.74,1.2509,3.7499,32.49,0,EIA/FRED/Bloomberg reference + synthetic daily interpolation
2012-07-06,2012,7,6,Friday,114.98,109.28,116.17,5.7,79.03,1.3139,3.7498,31.78,0,EIA/FRED/Bloomberg reference + synthetic daily interpolation
2012-07-09,2012,7,9,Monday,112.03,106.48,111.9,5.55,79.74,1.3012,3.7496,31.75,0,EIA/FRED/Bloomberg reference + synthetic daily interpolation
2012-07-10,2012,7,10,Tuesday,114.37,108.39,114.93,5.98,78.69,1.3221,3.75,31.47,0,EIA/FRED/Bloomberg reference + synthetic daily interpolation
2012-07-11,2012,7,11,Wednesday,115.36,111.34,116.51,4.02,78.0,1.3311,3.7497,32.18,0,EIA/FRED/Bloomberg reference + synthetic daily interpolation
2012-07-12,2012,7,12,Thursday,114.22,110.66,115.25,3.56,80.15,1.3037,3.7501,31.32,0,EIA/FRED/Bloomberg reference + synthetic daily interpolation
2012-07-13,2012,7,13,Friday,112.71,107.14,111.93,5.57,80.78,1.2915,3.75,31.02,0,EIA/FRED/Bloomberg reference + synthetic daily interpolation
2012-07-16,2012,7,16,Monday,113.46,111.38,114.65,2.08,78.3,1.3363,3.7498,31.82,0,EIA/FRED/Bloomberg reference + synthetic daily interpolation
2012-07-17,2012,7,17,Tuesday,113.51,109.54,113.33,3.97,79.58,1.3023,3.7497,32.54,0,EIA/FRED/Bloomberg reference + synthetic daily interpolation
2012-07-18,2012,7,18,Wednesday,113.11,108.93,112.77,4.18,80.69,1.294,3.7499,31.97,0,EIA/FRED/Bloomberg reference + synthetic daily interpolation
2012-07-19,2012,7,19,Thursday,113.39,111.81,112.22,1.58,80.5,1.2921,3.7497,31.76,0,EIA/FRED/Bloomberg reference + synthetic daily interpolation
2012-07-20,2012,7,20,Friday,112.17,106.92,112.1,5.25,79.52,1.3077,3.7498,32.69,0,EIA/FRED/Bloomberg reference + synthetic daily interpolation
2012-07-23,2012,7,23,Monday,113.83,110.47,114.47,3.36,77.72,1.3404,3.75,31.33,0,EIA/FRED/Bloomberg reference + synthetic daily interpolation
2012-07-24,2012,7,24,Tuesday,115.05,112.32,114.71,2.73,81.03,1.2892,3.7498,31.1,0,EIA/FRED/Bloomberg reference + synthetic daily interpolation
2012-07-25,2012,7,25,Wednesday,110.68,108.29,109.56,2.39,81.25,1.277,3.7498,31.55,0,EIA/FRED/Bloomberg reference + synthetic daily interpolation
2012-07-26,2012,7,26,Thursday,115.53,112.71,115.39,2.82,78.6,1.3168,3.7496,31.34,0,EIA/FRED/Bloomberg reference + synthetic daily interpolation
2012-07-27,2012,7,27,Friday,113.54,109.09,113.46,4.45,79.63,1.3108,3.7496,31.26,0,EIA/FRED/Bloomberg reference + synthetic daily interpolation
2012-07-30,2012,7,30,Monday,115.86,114.79,115.91,1.07,77.28,1.3451,3.7497,31.08,0,EIA/FRED/Bloomberg reference + synthetic daily interpolation
2012-07-31,2012,7,31,Tuesday,114.31,112.61,113.52,1.7,80.33,1.2976,3.7499,31.6,0,EIA/FRED/Bloomberg reference + synthetic daily interpolation
2012-08-01,2012,8,1,Wednesday,111.07,109.81,110.64,1.26,80.72,1.2856,3.7499,31.03,0,EIA/FRED/Bloomberg reference + synthetic daily interpolation
2012-08-02,2012,8,2,Thursday,114.09,108.68,115.54,5.41,80.85,1.289,3.7498,31.53,0,EIA/FRED/Bloomberg reference + synthetic daily interpolation
2012-08-03,2012,8,3,Friday,115.14,111.56,114.58,3.58,77.07,1.3446,3.75,31.93,0,EIA/FRED/Bloomberg reference + synthetic daily interpolation
2012-08-06,2012,8,6,Monday,110.96,108.2,110.9,2.76,79.72,1.3039,3.7498,31.79,0,EIA/FRED/Bloomberg reference + synthetic daily interpolation
2012-08-07,2012,8,7,Tuesday,113.05,108.03,112.79,5.02,79.54,1.3118,3.75,31.14,0,EIA/FRED/Bloomberg reference + synthetic daily interpolation
2012-08-08,2012,8,8,Wednesday,111.87,109.8,112.72,2.07,77.64,1.3314,3.7496,31.17,0,EIA/FRED/Bloomberg reference + synthetic daily interpolation
2012-08-09,2012,8,9,Thursday,111.72,109.26,112.22,2.46,80.52,1.2891,3.7501,31.95,0,EIA/FRED/Bloomberg reference + synthetic daily interpolation
2012-08-10,2012,8,10,Friday,112.19,111.39,112.11,0.8,78.86,1.3166,3.7498,31.03,0,EIA/FRED/Bloomberg reference + synthetic daily interpolation
2012-08-13,2012,8,13,Monday,109.75,105.25,110.84,4.5,79.39,1.3068,3.75,31.97,0,EIA/FRED/Bloomberg reference + synthetic daily interpolation
2012-08-14,2012,8,14,Tuesday,111.72,106.7,110.61,5.02,79.03,1.3091,3.7499,32.2,0,EIA/FRED/Bloomberg reference + synthetic daily interpolation
2012-08-15,2012,8,15,Wednesday,110.85,105.82,109.52,5.03,79.92,1.2979,3.7497,32.08,0,EIA/FRED/Bloomberg reference + synthetic daily interpolation
2012-08-16,2012,8,16,Thursday,112.31,107.55,112.01,4.76,80.08,1.2978,3.7498,31.07,0,EIA/FRED/Bloomberg reference + synthetic daily interpolation
2012-08-17,2012,8,17,Friday,110.53,107.81,111.75,2.72,81.25,1.2744,3.7496,31.41,0,EIA/FRED/Bloomberg reference + synthetic daily interpolation
2012-08-20,2012,8,20,Monday,111.07,107.05,110.64,4.02,80.97,1.2839,3.7497,33.18,0,EIA/FRED/Bloomberg reference + synthetic daily interpolation
2012-08-21,2012,8,21,Tuesday,111.42,105.93,110.69,5.49,79.22,1.3178,3.7498,31.38,0,EIA/FRED/Bloomberg reference + synthetic daily interpolation
2012-08-22,2012,8,22,Wednesday,110.74,105.19,111.26,5.55,80.17,1.2965,3.7498,31.81,0,EIA/FRED/Bloomberg reference + synthetic daily interpolation
2012-08-23,2012,8,23,Thursday,113.88,110.68,114.93,3.2,83.3,1.2585,3.7496,30.82,0,EIA/FRED/Bloomberg reference + synthetic daily interpolation
2012-08-24,2012,8,24,Friday,111.85,106.53,110.93,5.32,81.17,1.2733,3.7499,31.52,0,EIA/FRED/Bloomberg reference + synthetic daily interpolation
2012-08-27,2012,8,27,Monday,110.32,106.52,111.52,3.8,78.75,1.3189,3.7501,31.75,0,EIA/FRED/Bloomberg reference + synthetic daily interpolation
2012-08-28,2012,8,28,Tuesday,112.98,112.1,112.51,0.88,78.44,1.3349,3.7501,31.53,0,EIA/FRED/Bloomberg reference + synthetic daily interpolation
2012-08-29,2012,8,29,Wednesday,108.52,107.11,107.71,1.41,79.99,1.298,3.7501,31.55,0,EIA/FRED/Bloomberg reference + synthetic daily interpolation
2012-08-30,2012,8,30,Thursday,112.88,107.37,112.12,5.51,80.43,1.293,3.7501,31.21,0,EIA/FRED/Bloomberg reference + synthetic daily interpolation
2012-08-31,2012,8,31,Friday,111.98,107.94,111.34,4.04,80.06,1.307,3.7497,31.46,0,EIA/FRED/Bloomberg reference + synthetic daily interpolation
2012-09-03,2012,9,3,Monday,110.0,106.99,109.79,3.01,81.03,1.2817,3.7499,31.44,0,EIA/FRED/Bloomberg reference + synthetic daily interpolation
2012-09-04,2012,9,4,Tuesday,113.99,111.87,115.06,2.12,78.5,1.3234,3.7497,31.27,0,EIA/FRED/Bloomberg reference + synthetic daily interpolation
2012-09-05,2012,9,5,Wednesday,110.1,108.09,110.46,2.01,81.21,1.29,3.75,30.87,0,EIA/FRED/Bloomberg reference + synthetic daily interpolation
2012-09-06,2012,9,6,Thursday,111.16,109.03,111.35,2.13,81.11,1.2837,3.75,31.49,0,EIA/FRED/Bloomberg reference + synthetic daily interpolation
2012-09-07,2012,9,7,Friday,110.71,110.03,110.93,0.68,78.87,1.3154,3.7497,30.94,0,EIA/FRED/Bloomberg reference + synthetic daily interpolation
2012-09-10,2012,9,10,Monday,111.0,109.14,110.64,1.86,79.76,1.3061,3.7499,31.07,0,EIA/FRED/Bloomberg reference + synthetic daily interpolation
2012-09-11,2012,9,11,Tuesday,111.98,106.2,111.89,5.78,80.29,1.2827,3.75,31.86,0,EIA/FRED/Bloomberg reference + synthetic daily interpolation
2012-09-12,2012,9,12,Wednesday,112.83,111.94,112.36,0.89,78.79,1.323,3.7499,30.97,0,EIA/FRED/Bloomberg reference + synthetic daily interpolation
2012-09-13,2012,9,13,Thursday,113.45,110.04,112.73,3.41,79.48,1.3226,3.75,31.45,0,EIA/FRED/Bloomberg reference + synthetic daily interpolation
2012-09-14,2012,9,14,Friday,111.58,110.27,112.39,1.31,79.18,1.3232,3.7497,31.48,0,EIA/FRED/Bloomberg reference + synthetic daily interpolation
2012-09-17,2012,9,17,Monday,108.92,108.27,109.74,0.65,78.3,1.3292,3.7496,31.53,0,EIA/FRED/Bloomberg reference + synthetic daily interpolation
2012-09-18,2012,9,18,Tuesday,108.48,104.62,107.86,3.86,79.22,1.3166,3.75,31.38,0,EIA/FRED/Bloomberg reference + synthetic daily interpolation
2012-09-19,2012,9,19,Wednesday,109.56,107.27,108.12,2.29,75.79,1.3661,3.75,32.03,0,EIA/FRED/Bloomberg reference + synthetic daily interpolation
2012-09-20,2012,9,20,Thursday,112.04,111.14,110.84,0.9,80.88,1.289,3.7499,32.21,0,EIA/FRED/Bloomberg reference + synthetic daily interpolation
2012-09-21,2012,9,21,Friday,111.95,111.02,111.22,0.93,80.17,1.284,3.7499,31.71,0,EIA/FRED/Bloomberg reference + synthetic daily interpolation
2012-09-24,2012,9,24,Monday,112.26,106.42,110.92,5.84,82.01,1.2734,3.7498,30.73,0,EIA/FRED/Bloomberg reference + synthetic daily interpolation
2012-09-25,2012,9,25,Tuesday,107.57,103.1,107.99,4.47,80.88,1.2848,3.7497,31.31,0,EIA/FRED/Bloomberg reference + synthetic daily interpolation
2012-09-26,2012,9,26,Wednesday,110.7,108.8,111.17,1.9,80.09,1.2838,3.7497,31.45,0,EIA/FRED/Bloomberg reference + synthetic daily interpolation
2012-09-27,2012,9,27,Thursday,111.12,105.35,111.11,5.77,78.89,1.316,3.7498,30.91,0,EIA/FRED/Bloomberg reference + synthetic daily interpolation
2012-09-28,2012,9,28,Friday,110.52,105.67,111.56,4.85,79.89,1.3084,3.7499,31.15,0,EIA/FRED/Bloomberg reference + synthetic daily interpolation
2012-10-01,2012,10,1,Monday,110.16,105.81,110.62,4.35,78.58,1.3165,3.75,31.82,0,EIA/FRED/Bloomberg reference + synthetic daily interpolation
2012-10-02,2012,10,2,Tuesday,112.1,111.0,112.16,1.1,79.19,1.3152,3.75,31.82,0,EIA/FRED/Bloomberg reference + synthetic daily interpolation
2012-10-03,2012,10,3,Wednesday,108.05,106.32,108.07,1.73,77.71,1.3446,3.75,31.77,0,EIA/FRED/Bloomberg reference + synthetic daily interpolation
2012-10-04,2012,10,4,Thursday,110.81,105.86,111.54,4.95,81.04,1.285,3.7501,32.14,0,EIA/FRED/Bloomberg reference + synthetic daily interpolation
2012-10-05,2012,10,5,Friday,111.33,107.65,110.33,3.68,80.98,1.2829,3.75,32.38,0,EIA/FRED/Bloomberg reference + synthetic daily interpolation
2012-10-08,2012,10,8,Monday,105.14,99.37,104.72,5.77,79.38,1.3124,3.7501,32.25,0,EIA/FRED/Bloomberg reference + synthetic daily interpolation
2012-10-09,2012,10,9,Tuesday,110.81,107.15,111.63,3.66,81.4,1.2822,3.7499,31.78,0,EIA/FRED/Bloomberg reference + synthetic daily interpolation
2012-10-10,2012,10,10,Wednesday,108.37,105.76,107.06,2.61,80.78,1.2811,3.75,31.09,0,EIA/FRED/Bloomberg reference + synthetic daily interpolation
2012-10-11,2012,10,11,Thursday,111.32,110.04,112.23,1.28,80.47,1.2846,3.7497,31.18,0,EIA/FRED/Bloomberg reference + synthetic daily interpolation
2012-10-12,2012,10,12,Friday,109.4,105.54,109.59,3.86,81.5,1.2715,3.7499,31.63,0,EIA/FRED/Bloomberg reference + synthetic daily interpolation
2012-10-15,2012,10,15,Monday,106.11,105.3,104.62,0.81,80.25,1.298,3.7498,30.88,0,EIA/FRED/Bloomberg reference + synthetic daily interpolation
2012-10-16,2012,10,16,Tuesday,109.32,104.01,110.18,5.31,80.38,1.3008,3.7496,32.45,0,EIA/FRED/Bloomberg reference + synthetic daily interpolation
2012-10-17,2012,10,17,Wednesday,107.43,102.34,107.08,5.09,79.2,1.3102,3.7499,30.87,0,EIA/FRED/Bloomberg reference + synthetic daily interpolation
2012-10-18,2012,10,18,Thursday,106.72,102.46,107.35,4.26,81.06,1.2815,3.7499,31.83,0,EIA/FRED/Bloomberg reference + synthetic daily interpolation
2012-10-19,2012,10,19,Friday,106.62,105.14,107.85,1.48,79.19,1.3071,3.7497,32.52,0,EIA/FRED/Bloomberg reference + synthetic daily interpolation
2012-10-22,2012,10,22,Monday,110.92,109.52,110.2,1.4,80.2,1.291,3.7497,31.3,0,EIA/FRED/Bloomberg reference + synthetic daily interpolation
2012-10-23,2012,10,23,Tuesday,107.77,104.82,106.85,2.95,81.75,1.2794,3.7497,31.38,0,EIA/FRED/Bloomberg reference + synthetic daily interpolation
2012-10-24,2012,10,24,Wednesday,108.16,103.35,107.01,4.81,79.49,1.303,3.7497,32.24,0,EIA/FRED/Bloomberg reference + synthetic daily interpolation
2012-10-25,2012,10,25,Thursday,108.8,102.95,109.59,5.85,78.53,1.3268,3.7499,31.55,0,EIA/FRED/Bloomberg reference + synthetic daily interpolation
2012-10-26,2012,10,26,Friday,109.13,105.47,110.43,3.66,80.77,1.2809,3.7498,31.11,0,EIA/FRED/Bloomberg reference + synthetic daily interpolation
2012-10-29,2012,10,29,Monday,106.33,103.35,107.6,2.98,79.17,1.308,3.7498,31.5,0,EIA/FRED/Bloomberg reference + synthetic daily interpolation
2012-10-30,2012,10,30,Tuesday,108.62,104.41,109.81,4.21,80.09,1.3004,3.7501,31.9,0,EIA/FRED/Bloomberg reference + synthetic daily interpolation
2012-10-31,2012,10,31,Wednesday,105.24,104.25,105.33,0.99,75.86,1.3671,3.7498,31.25,0,EIA/FRED/Bloomberg reference + synthetic daily interpolation
2012-11-01,2012,11,1,Thursday,108.4,103.34,108.02,5.06,77.41,1.3436,3.7499,31.88,0,EIA/FRED/Bloomberg reference + synthetic daily interpolation
2012-11-02,2012,11,2,Friday,106.47,102.2,107.36,4.27,81.68,1.2732,3.7496,31.55,0,EIA/FRED/Bloomberg reference + synthetic daily interpolation
2012-11-05,2012,11,5,Monday,110.27,109.76,109.01,0.51,80.99,1.2848,3.7498,30.86,0,EIA/FRED/Bloomberg reference + synthetic daily interpolation
2012-11-06,2012,11,6,Tuesday,109.67,106.63,109.43,3.04,78.51,1.3157,3.7501,31.24,0,EIA/FRED/Bloomberg reference + synthetic daily interpolation
2012-11-07,2012,11,7,Wednesday,110.32,108.76,109.24,1.56,78.94,1.3114,3.7498,31.64,0,EIA/FRED/Bloomberg reference + synthetic daily interpolation
2012-11-08,2012,11,8,Thursday,107.38,104.5,106.85,2.88,81.79,1.2742,3.75,31.61,0,EIA/FRED/Bloomberg reference + synthetic daily interpolation
2012-11-09,2012,11,9,Friday,109.43,104.62,110.6,4.81,78.13,1.3315,3.7497,31.39,0,EIA/FRED/Bloomberg reference + synthetic daily interpolation
2012-11-12,2012,11,12,Monday,106.54,101.29,107.55,5.25,81.34,1.2694,3.7498,32.23,0,EIA/FRED/Bloomberg reference + synthetic daily interpolation
2012-11-13,2012,11,13,Tuesday,105.91,104.2,106.92,1.71,80.61,1.2911,3.75,31.42,0,EIA/FRED/Bloomberg reference + synthetic daily interpolation
2012-11-14,2012,11,14,Wednesday,110.81,110.31,110.78,0.5,78.12,1.3269,3.75,31.8,0,EIA/FRED/Bloomberg reference + synthetic daily interpolation
2012-11-15,2012,11,15,Thursday,109.69,104.05,110.6,5.64,79.0,1.3182,3.7496,32.33,0,EIA/FRED/Bloomberg reference + synthetic daily interpolation
2012-11-16,2012,11,16,Friday,110.85,107.97,109.72,2.88,79.13,1.3109,3.75,31.17,0,EIA/FRED/Bloomberg reference + synthetic daily interpolation
2012-11-19,2012,11,19,Monday,109.12,108.3,107.98,0.82,77.57,1.3388,3.7499,31.37,0,EIA/FRED/Bloomberg reference + synthetic daily interpolation
2012-11-20,2012,11,20,Tuesday,107.09,104.22,106.2,2.87,77.04,1.3366,3.7498,32.73,0,EIA/FRED/Bloomberg reference + synthetic daily interpolation
2012-11-21,2012,11,21,Wednesday,109.51,106.88,108.16,2.63,78.19,1.3288,3.75,31.79,0,EIA/FRED/Bloomberg reference + synthetic daily interpolation
2012-11-22,2012,11,22,Thursday,108.0,102.75,108.03,5.25,81.57,1.2773,3.7498,30.82,0,EIA/FRED/Bloomberg reference + synthetic daily interpolation
2012-11-23,2012,11,23,Friday,108.43,105.44,108.62,2.99,78.38,1.324,3.7497,31.7,0,EIA/FRED/Bloomberg reference + synthetic daily interpolation
2012-11-26,2012,11,26,Monday,110.22,107.5,110.31,2.72,78.38,1.3291,3.7501,31.24,0,EIA/FRED/Bloomberg reference + synthetic daily interpolation
2012-11-27,2012,11,27,Tuesday,109.12,105.86,110.44,3.26,80.04,1.3095,3.7501,31.11,0,EIA/FRED/Bloomberg reference + synthetic daily interpolation
2012-11-28,2012,11,28,Wednesday,107.93,102.48,107.2,5.45,80.43,1.2874,3.7498,32.8,0,EIA/FRED/Bloomberg reference + synthetic daily interpolation
2012-11-29,2012,11,29,Thursday,112.28,107.09,113.19,5.19,80.08,1.3042,3.7497,31.5,0,EIA/FRED/Bloomberg reference + synthetic daily interpolation
2012-11-30,2012,11,30,Friday,108.18,105.88,108.02,2.3,79.44,1.2954,3.7497,30.54,0,EIA/FRED/Bloomberg reference + synthetic daily interpolation
2012-12-03,2012,12,3,Monday,107.9,106.4,107.28,1.5,80.31,1.2916,3.7499,32.03,0,EIA/FRED/Bloomberg reference + synthetic daily interpolation
2012-12-04,2012,12,4,Tuesday,106.09,101.12,106.51,4.97,78.61,1.3225,3.7498,30.92,0,EIA/FRED/Bloomberg reference + synthetic daily interpolation
2012-12-05,2012,12,5,Wednesday,107.68,106.26,108.61,1.42,79.92,1.3035,3.7501,31.29,0,EIA/FRED/Bloomberg reference + synthetic daily interpolation
2012-12-06,2012,12,6,Thursday,109.39,103.48,108.15,5.91,80.22,1.3069,3.75,31.82,0,EIA/FRED/Bloomberg reference + synthetic daily interpolation
2012-12-07,2012,12,7,Friday,109.04,104.54,109.67,4.5,78.64,1.3249,3.7496,31.51,0,EIA/FRED/Bloomberg reference + synthetic daily interpolation
2012-12-10,2012,12,10,Monday,110.54,109.78,110.34,0.76,79.25,1.3176,3.7496,31.08,0,EIA/FRED/Bloomberg reference + synthetic daily interpolation
2012-12-11,2012,12,11,Tuesday,111.25,110.39,110.04,0.86,79.91,1.2944,3.7501,30.96,0,EIA/FRED/Bloomberg reference + synthetic daily interpolation
2012-12-12,2012,12,12,Wednesday,108.85,107.84,109.95,1.01,79.47,1.3066,3.7501,32.07,0,EIA/FRED/Bloomberg reference + synthetic daily interpolation
2012-12-13,2012,12,13,Thursday,111.29,107.85,109.95,3.44,78.15,1.321,3.7498,31.29,0,EIA/FRED/Bloomberg reference + synthetic daily interpolation
2012-12-14,2012,12,14,Friday,106.65,101.6,106.72,5.05,81.57,1.2705,3.7498,32.53,0,EIA/FRED/Bloomberg reference + synthetic daily interpolation
2012-12-17,2012,12,17,Monday,110.58,107.73,111.25,2.85,80.92,1.2894,3.7498,32.0,0,EIA/FRED/Bloomberg reference + synthetic daily interpolation
2012-12-18,2012,12,18,Tuesday,110.74,109.34,109.25,1.4,80.83,1.2839,3.7499,32.41,0,EIA/FRED/Bloomberg reference + synthetic daily interpolation
2012-12-19,2012,12,19,Wednesday,109.39,104.8,108.92,4.59,82.33,1.2803,3.7496,31.19,0,EIA/FRED/Bloomberg reference + synthetic daily interpolation
2012-12-20,2012,12,20,Thursday,107.56,103.15,107.83,4.41,79.25,1.3038,3.7497,31.73,0,EIA/FRED/Bloomberg reference + synthetic daily interpolation
2012-12-21,2012,12,21,Friday,108.91,108.09,107.66,0.82,81.74,1.2774,3.75,31.99,0,EIA/FRED/Bloomberg reference + synthetic daily interpolation
2012-12-24,2012,12,24,Monday,109.83,106.26,109.64,3.57,80.07,1.2914,3.7499,31.22,0,EIA/FRED/Bloomberg reference + synthetic daily interpolation
2012-12-25,2012,12,25,Tuesday,107.6,105.65,108.98,1.95,78.57,1.3172,3.75,32.36,0,EIA/FRED/Bloomberg reference + synthetic daily interpolation
2012-12-26,2012,12,26,Wednesday,106.09,104.59,105.68,1.5,79.53,1.3062,3.7496,32.18,0,EIA/FRED/Bloomberg reference + synthetic daily interpolation
2012-12-27,2012,12,27,Thursday,106.71,104.93,106.0,1.78,79.34,1.308,3.7497,32.1,0,EIA/FRED/Bloomberg reference + synthetic daily interpolation
2012-12-28,2012,12,28,Friday,108.13,103.45,106.79,4.68,79.32,1.314,3.7499,31.33,0,EIA/FRED/Bloomberg reference + synthetic daily interpolation
2012-12-31,2012,12,31,Monday,109.63,105.74,110.36,3.89,79.75,1.2998,3.7499,31.57,0,EIA/FRED/Bloomberg reference + synthetic daily interpolation
2013-01-01,2013,1,1,Tuesday,109.02,108.02,109.09,1.0,80.71,1.2894,3.7499,31.63,0,EIA/FRED/Bloomberg reference + synthetic daily interpolation
2013-01-02,2013,1,2,Wednesday,107.59,105.57,106.39,2.02,82.47,1.2608,3.7497,31.29,0,EIA/FRED/Bloomberg reference + synthetic daily interpolation
2013-01-03,2013,1,3,Thursday,104.28,101.79,103.89,2.49,80.79,1.2877,3.7501,31.82,0,EIA/FRED/Bloomberg reference + synthetic daily interpolation
2013-01-04,2013,1,4,Friday,106.29,101.62,106.62,4.67,80.17,1.303,3.75,32.01,0,EIA/FRED/Bloomberg reference + synthetic daily interpolation
2013-01-07,2013,1,7,Monday,105.48,99.59,104.64,5.89,79.94,1.3046,3.7497,31.85,0,EIA/FRED/Bloomberg reference + synthetic daily interpolation
2013-01-08,2013,1,8,Tuesday,104.25,99.36,104.2,4.89,78.97,1.313,3.7501,31.93,0,EIA/FRED/Bloomberg reference + synthetic daily interpolation
2013-01-09,2013,1,9,Wednesday,106.55,104.96,105.72,1.59,81.34,1.2805,3.7497,31.59,0,EIA/FRED/Bloomberg reference + synthetic daily interpolation
2013-01-10,2013,1,10,Thursday,103.82,99.36,102.45,4.46,81.74,1.2685,3.7497,32.01,0,EIA/FRED/Bloomberg reference + synthetic daily interpolation
2013-01-11,2013,1,11,Friday,106.16,100.94,106.28,5.22,79.33,1.3097,3.75,31.08,0,EIA/FRED/Bloomberg reference + synthetic daily interpolation
2013-01-14,2013,1,14,Monday,106.2,102.53,107.3,3.67,80.1,1.2974,3.7498,31.91,0,EIA/FRED/Bloomberg reference + synthetic daily interpolation
2013-01-15,2013,1,15,Tuesday,104.3,101.81,104.32,2.49,79.28,1.3116,3.7496,32.33,0,EIA/FRED/Bloomberg reference + synthetic daily interpolation
2013-01-16,2013,1,16,Wednesday,107.2,105.97,107.73,1.23,78.35,1.3289,3.7501,31.22,0,EIA/FRED/Bloomberg reference + synthetic daily interpolation
2013-01-17,2013,1,17,Thursday,102.93,96.97,102.55,5.96,80.6,1.2913,3.7497,32.68,0,EIA/FRED/Bloomberg reference + synthetic daily interpolation
2013-01-18,2013,1,18,Friday,109.64,105.03,111.1,4.61,80.32,1.2993,3.7496,32.24,0,EIA/FRED/Bloomberg reference + synthetic daily interpolation
2013-01-21,2013,1,21,Monday,106.08,100.39,106.01,5.69,79.49,1.3118,3.7499,31.15,0,EIA/FRED/Bloomberg reference + synthetic daily interpolation
2013-01-22,2013,1,22,Tuesday,106.73,105.07,106.69,1.66,80.21,1.3022,3.7499,31.84,0,EIA/FRED/Bloomberg reference + synthetic daily interpolation
2013-01-23,2013,1,23,Wednesday,106.87,106.2,107.8,0.67,81.16,1.2818,3.7499,31.26,0,EIA/FRED/Bloomberg reference + synthetic daily interpolation
2013-01-24,2013,1,24,Thursday,106.43,101.87,105.16,4.56,80.41,1.2964,3.75,32.02,0,EIA/FRED/Bloomberg reference + synthetic daily interpolation
2013-01-25,2013,1,25,Friday,109.36,105.5,110.26,3.86,79.22,1.3184,3.7498,32.14,0,EIA/FRED/Bloomberg reference + synthetic daily interpolation
2013-01-28,2013,1,28,Monday,109.34,104.48,109.01,4.86,80.47,1.2887,3.7497,31.67,0,EIA/FRED/Bloomberg reference + synthetic daily interpolation
2013-01-29,2013,1,29,Tuesday,108.59,102.92,107.55,5.67,77.73,1.3314,3.7497,31.8,0,EIA/FRED/Bloomberg reference + synthetic daily interpolation
2013-01-30,2013,1,30,Wednesday,108.86,106.95,108.17,1.91,81.69,1.2739,3.7499,31.64,0,EIA/FRED/Bloomberg reference + synthetic daily interpolation
2013-01-31,2013,1,31,Thursday,107.99,107.18,106.72,0.81,78.84,1.3067,3.7496,31.81,0,EIA/FRED/Bloomberg reference + synthetic daily interpolation
2013-02-01,2013,2,1,Friday,105.21,100.32,104.32,4.89,79.21,1.3092,3.7496,31.17,0,EIA/FRED/Bloomberg reference + synthetic daily interpolation
2013-02-04,2013,2,4,Monday,109.55,107.95,110.21,1.6,79.76,1.3023,3.7497,30.0,0,EIA/FRED/Bloomberg reference + synthetic daily interpolation
2013-02-05,2013,2,5,Tuesday,103.97,101.39,103.39,2.58,80.66,1.2956,3.75,31.97,0,EIA/FRED/Bloomberg reference + synthetic daily interpolation
2013-02-06,2013,2,6,Wednesday,106.8,105.99,106.56,0.81,80.17,1.2982,3.7498,31.28,0,EIA/FRED/Bloomberg reference + synthetic daily interpolation
2013-02-07,2013,2,7,Thursday,111.09,106.43,112.33,4.66,79.97,1.3017,3.7499,31.75,0,EIA/FRED/Bloomberg reference + synthetic daily interpolation
2013-02-08,2013,2,8,Friday,107.22,105.54,106.22,1.68,78.47,1.3217,3.7499,32.23,0,EIA/FRED/Bloomberg reference + synthetic daily interpolation
2013-02-11,2013,2,11,Monday,105.59,99.9,106.76,5.69,80.19,1.2911,3.7498,32.08,0,EIA/FRED/Bloomberg reference + synthetic daily interpolation
2013-02-12,2013,2,12,Tuesday,107.95,102.59,106.46,5.36,81.41,1.2828,3.7497,32.65,0,EIA/FRED/Bloomberg reference + synthetic daily interpolation
2013-02-13,2013,2,13,Wednesday,107.23,106.59,108.07,0.64,79.85,1.3029,3.7499,32.63,0,EIA/FRED/Bloomberg reference + synthetic daily interpolation
2013-02-14,2013,2,14,Thursday,107.66,105.59,108.51,2.07,79.8,1.3119,3.7498,32.08,0,EIA/FRED/Bloomberg reference + synthetic daily interpolation
2013-02-15,2013,2,15,Friday,104.91,103.45,105.99,1.46,79.79,1.2975,3.7498,31.04,0,EIA/FRED/Bloomberg reference + synthetic daily interpolation
2013-02-18,2013,2,18,Monday,109.76,104.96,108.93,4.8,81.88,1.269,3.7496,32.05,0,EIA/FRED/Bloomberg reference + synthetic daily interpolation
2013-02-19,2013,2,19,Tuesday,107.93,105.76,107.97,2.17,79.84,1.3059,3.75,32.55,0,EIA/FRED/Bloomberg reference + synthetic daily interpolation
2013-02-20,2013,2,20,Wednesday,108.02,104.83,109.4,3.19,78.75,1.3243,3.7497,32.09,0,EIA/FRED/Bloomberg reference + synthetic daily interpolation
2013-02-21,2013,2,21,Thursday,108.85,104.17,107.45,4.68,80.97,1.2764,3.7498,31.24,0,EIA/FRED/Bloomberg reference + synthetic daily interpolation
2013-02-22,2013,2,22,Friday,108.85,104.43,109.43,4.42,80.18,1.2998,3.7501,31.42,0,EIA/FRED/Bloomberg reference + synthetic daily interpolation
2013-02-25,2013,2,25,Monday,110.45,108.25,108.97,2.2,81.81,1.2755,3.7497,32.45,0,EIA/FRED/Bloomberg reference + synthetic daily interpolation
2013-02-26,2013,2,26,Tuesday,109.42,106.46,110.17,2.96,79.43,1.3158,3.75,31.47,0,EIA/FRED/Bloomberg reference + synthetic daily interpolation
2013-02-27,2013,2,27,Wednesday,108.65,105.16,107.43,3.49,81.02,1.2868,3.75,32.25,0,EIA/FRED/Bloomberg reference + synthetic daily interpolation
2013-02-28,2013,2,28,Thursday,108.82,103.61,107.67,5.21,78.76,1.3269,3.7497,31.4,0,EIA/FRED/Bloomberg reference + synthetic daily interpolation
2013-03-01,2013,3,1,Friday,109.96,106.34,108.49,3.62,79.8,1.3049,3.7496,32.82,0,EIA/FRED/Bloomberg reference + synthetic daily interpolation
2013-03-04,2013,3,4,Monday,108.35,105.32,108.83,3.03,80.55,1.2958,3.7497,32.11,0,EIA/FRED/Bloomberg reference + synthetic daily interpolation
2013-03-05,2013,3,5,Tuesday,108.17,106.6,108.63,1.57,81.68,1.2782,3.7501,32.33,0,EIA/FRED/Bloomberg reference + synthetic daily interpolation
2013-03-06,2013,3,6,Wednesday,111.81,107.72,111.99,4.09,81.4,1.2713,3.7498,32.89,0,EIA/FRED/Bloomberg reference + synthetic daily interpolation
2013-03-07,2013,3,7,Thursday,110.65,108.63,111.0,2.02,81.73,1.2779,3.75,32.45,0,EIA/FRED/Bloomberg reference + synthetic daily interpolation
2013-03-08,2013,3,8,Friday,109.47,108.18,109.44,1.29,82.03,1.2714,3.7498,31.68,0,EIA/FRED/Bloomberg reference + synthetic daily interpolation
2013-03-11,2013,3,11,Monday,107.21,103.68,107.01,3.53,80.55,1.2889,3.7499,32.17,0,EIA/FRED/Bloomberg reference + synthetic daily interpolation
2013-03-12,2013,3,12,Tuesday,108.49,102.71,108.08,5.78,81.03,1.2878,3.7497,32.81,0,EIA/FRED/Bloomberg reference + synthetic daily interpolation
2013-03-13,2013,3,13,Wednesday,112.57,111.87,113.6,0.7,79.06,1.3119,3.7497,31.94,0,EIA/FRED/Bloomberg reference + synthetic daily interpolation
2013-03-14,2013,3,14,Thursday,112.71,110.21,111.43,2.5,79.96,1.2961,3.7497,31.83,0,EIA/FRED/Bloomberg reference + synthetic daily interpolation
2013-03-15,2013,3,15,Friday,109.08,106.4,108.19,2.68,81.95,1.262,3.75,32.03,0,EIA/FRED/Bloomberg reference + synthetic daily interpolation
2013-03-18,2013,3,18,Monday,108.74,102.87,108.67,5.87,82.02,1.275,3.7498,31.55,0,EIA/FRED/Bloomberg reference + synthetic daily interpolation
2013-03-19,2013,3,19,Tuesday,108.36,106.0,107.57,2.36,82.13,1.2708,3.7497,33.14,0,EIA/FRED/Bloomberg reference + synthetic daily interpolation
2013-03-20,2013,3,20,Wednesday,109.16,106.67,108.49,2.49,80.2,1.2993,3.7498,31.12,0,EIA/FRED/Bloomberg reference + synthetic daily interpolation
2013-03-21,2013,3,21,Thursday,109.64,108.99,109.8,0.65,80.63,1.2922,3.7498,31.76,0,EIA/FRED/Bloomberg reference + synthetic daily interpolation
2013-03-22,2013,3,22,Friday,110.31,108.1,110.37,2.21,79.54,1.3037,3.7498,32.75,0,EIA/FRED/Bloomberg reference + synthetic daily interpolation
2013-03-25,2013,3,25,Monday,109.29,107.55,108.56,1.74,77.76,1.3228,3.75,31.39,0,EIA/FRED/Bloomberg reference + synthetic daily interpolation
2013-03-26,2013,3,26,Tuesday,111.94,107.45,113.29,4.49,78.59,1.3265,3.7499,32.45,0,EIA/FRED/Bloomberg reference + synthetic daily interpolation
2013-03-27,2013,3,27,Wednesday,110.69,105.99,111.93,4.7,80.92,1.2867,3.7496,31.57,0,EIA/FRED/Bloomberg reference + synthetic daily interpolation
2013-03-28,2013,3,28,Thursday,111.11,107.31,111.25,3.8,79.13,1.3099,3.7496,31.09,0,EIA/FRED/Bloomberg reference + synthetic daily interpolation
2013-03-29,2013,3,29,Friday,108.32,103.61,106.92,4.71,80.7,1.289,3.7501,31.64,0,EIA/FRED/Bloomberg reference + synthetic daily interpolation
2013-04-01,2013,4,1,Monday,109.77,104.79,109.65,4.98,78.66,1.3134,3.7497,32.31,0,EIA/FRED/Bloomberg reference + synthetic daily interpolation
2013-04-02,2013,4,2,Tuesday,111.18,109.8,110.12,1.38,79.16,1.308,3.7501,32.71,0,EIA/FRED/Bloomberg reference + synthetic daily interpolation
2013-04-03,2013,4,3,Wednesday,110.17,105.96,109.71,4.21,78.18,1.3254,3.7499,32.25,0,EIA/FRED/Bloomberg reference + synthetic daily interpolation
2013-04-04,2013,4,4,Thursday,108.33,103.51,107.32,4.82,80.16,1.2979,3.75,33.21,0,EIA/FRED/Bloomberg reference + synthetic daily interpolation
2013-04-05,2013,4,5,Friday,108.88,107.94,107.47,0.94,80.4,1.3027,3.7498,31.8,0,EIA/FRED/Bloomberg reference + synthetic daily interpolation
2013-04-08,2013,4,8,Monday,112.07,109.95,111.33,2.12,80.52,1.2844,3.75,31.89,0,EIA/FRED/Bloomberg reference + synthetic daily interpolation
2013-04-09,2013,4,9,Tuesday,109.76,104.27,111.07,5.49,81.11,1.2816,3.7496,31.71,0,EIA/FRED/Bloomberg reference + synthetic daily interpolation
2013-04-10,2013,4,10,Wednesday,112.66,110.21,114.03,2.45,80.47,1.2926,3.7499,33.02,0,EIA/FRED/Bloomberg reference + synthetic daily interpolation
2013-04-11,2013,4,11,Thursday,107.91,103.46,107.46,4.45,76.92,1.3487,3.7498,32.13,0,EIA/FRED/Bloomberg reference + synthetic daily interpolation
2013-04-12,2013,4,12,Friday,110.25,107.28,109.17,2.97,80.07,1.3041,3.7496,32.56,0,EIA/FRED/Bloomberg reference + synthetic daily interpolation
2013-04-15,2013,4,15,Monday,110.16,106.55,111.48,3.61,80.07,1.3007,3.7499,31.85,0,EIA/FRED/Bloomberg reference + synthetic daily interpolation
2013-04-16,2013,4,16,Tuesday,112.56,110.43,111.18,2.13,80.74,1.2844,3.7498,32.03,0,EIA/FRED/Bloomberg reference + synthetic daily interpolation
2013-04-17,2013,4,17,Wednesday,111.24,108.39,110.24,2.85,79.39,1.3126,3.7501,32.12,0,EIA/FRED/Bloomberg reference + synthetic daily interpolation
2013-04-18,2013,4,18,Thursday,113.19,111.65,113.92,1.54,79.37,1.3104,3.7497,32.54,0,EIA/FRED/Bloomberg reference + synthetic daily interpolation
2013-04-19,2013,4,19,Friday,111.32,109.17,110.03,2.15,78.86,1.3226,3.7496,31.92,0,EIA/FRED/Bloomberg reference + synthetic daily interpolation
2013-04-22,2013,4,22,Monday,115.54,111.66,115.09,3.88,78.65,1.3183,3.7499,31.25,0,EIA/FRED/Bloomberg reference + synthetic daily interpolation
2013-04-23,2013,4,23,Tuesday,111.83,110.17,112.87,1.66,80.03,1.2926,3.7501,33.0,0,EIA/FRED/Bloomberg reference + synthetic daily interpolation
2013-04-24,2013,4,24,Wednesday,111.7,107.0,113.06,4.7,80.92,1.2919,3.7499,32.43,0,EIA/FRED/Bloomberg reference + synthetic daily interpolation
2013-04-25,2013,4,25,Thursday,110.87,109.77,111.81,1.1,80.66,1.2784,3.7497,31.81,0,EIA/FRED/Bloomberg reference + synthetic daily interpolation
2013-04-26,2013,4,26,Friday,112.81,107.13,112.75,5.68,80.01,1.3062,3.7498,32.42,0,EIA/FRED/Bloomberg reference + synthetic daily interpolation
2013-04-29,2013,4,29,Monday,114.3,110.75,115.57,3.55,81.79,1.2758,3.7499,33.1,0,EIA/FRED/Bloomberg reference + synthetic daily interpolation
2013-04-30,2013,4,30,Tuesday,111.25,109.39,112.7,1.86,81.64,1.274,3.7497,31.81,0,EIA/FRED/Bloomberg reference + synthetic daily interpolation
2013-05-01,2013,5,1,Wednesday,111.36,107.67,112.51,3.69,79.5,1.3073,3.7497,31.65,0,EIA/FRED/Bloomberg reference + synthetic daily interpolation
2013-05-02,2013,5,2,Thursday,112.55,107.47,111.8,5.08,77.77,1.3317,3.7498,31.86,0,EIA/FRED/Bloomberg reference + synthetic daily interpolation
2013-05-03,2013,5,3,Friday,111.56,110.04,112.84,1.52,81.12,1.2786,3.7498,32.02,0,EIA/FRED/Bloomberg reference + synthetic daily interpolation
2013-05-06,2013,5,6,Monday,110.71,106.02,109.58,4.69,81.23,1.274,3.7499,31.96,0,EIA/FRED/Bloomberg reference + synthetic daily interpolation
2013-05-07,2013,5,7,Tuesday,110.41,105.2,111.34,5.21,80.43,1.2833,3.75,31.85,0,EIA/FRED/Bloomberg reference + synthetic daily interpolation
2013-05-08,2013,5,8,Wednesday,111.7,108.82,110.86,2.88,81.88,1.2725,3.7497,32.51,0,EIA/FRED/Bloomberg reference + synthetic daily interpolation
2013-05-09,2013,5,9,Thursday,112.17,108.77,110.73,3.4,79.97,1.2934,3.7498,31.67,0,EIA/FRED/Bloomberg reference + synthetic daily interpolation
2013-05-10,2013,5,10,Friday,112.02,107.73,110.72,4.29,80.51,1.2904,3.7496,32.48,0,EIA/FRED/Bloomberg reference + synthetic daily interpolation
2013-05-13,2013,5,13,Monday,111.7,110.64,111.57,1.06,77.44,1.3301,3.7497,32.26,0,EIA/FRED/Bloomberg reference + synthetic daily interpolation
2013-05-14,2013,5,14,Tuesday,110.83,105.18,110.16,5.65,81.04,1.279,3.7501,32.22,0,EIA/FRED/Bloomberg reference + synthetic daily interpolation
2013-05-15,2013,5,15,Wednesday,112.52,109.22,113.42,3.3,78.6,1.3222,3.7498,32.47,0,EIA/FRED/Bloomberg reference + synthetic daily interpolation
2013-05-16,2013,5,16,Thursday,113.27,109.28,114.01,3.99,79.12,1.3174,3.7499,31.45,0,EIA/FRED/Bloomberg reference + synthetic daily interpolation
2013-05-17,2013,5,17,Friday,110.55,109.15,110.18,1.4,80.03,1.296,3.75,32.15,0,EIA/FRED/Bloomberg reference + synthetic daily interpolation
2013-05-20,2013,5,20,Monday,115.75,110.04,115.72,5.71,81.84,1.2744,3.7499,32.55,0,EIA/FRED/Bloomberg reference + synthetic daily interpolation
2013-05-21,2013,5,21,Tuesday,112.8,112.08,112.53,0.72,80.27,1.2884,3.7501,32.25,0,EIA/FRED/Bloomberg reference + synthetic daily interpolation
2013-05-22,2013,5,22,Wednesday,111.07,106.8,110.49,4.27,81.4,1.2797,3.7499,32.08,0,EIA/FRED/Bloomberg reference + synthetic daily interpolation
2013-05-23,2013,5,23,Thursday,110.94,107.26,110.96,3.68,78.72,1.3243,3.7496,31.54,0,EIA/FRED/Bloomberg reference + synthetic daily interpolation
2013-05-24,2013,5,24,Friday,110.39,104.76,111.32,5.63,78.99,1.3104,3.7498,32.65,0,EIA/FRED/Bloomberg reference + synthetic daily interpolation
2013-05-27,2013,5,27,Monday,111.81,110.29,111.02,1.52,80.09,1.2933,3.75,31.98,0,EIA/FRED/Bloomberg reference + synthetic daily interpolation
2013-05-28,2013,5,28,Tuesday,112.9,112.15,112.05,0.75,83.6,1.2535,3.7497,32.31,0,EIA/FRED/Bloomberg reference + synthetic daily interpolation
2013-05-29,2013,5,29,Wednesday,112.38,108.17,113.03,4.21,80.77,1.2806,3.7497,32.07,0,EIA/FRED/Bloomberg reference + synthetic daily interpolation
2013-05-30,2013,5,30,Thursday,112.25,106.26,112.13,5.99,80.75,1.2874,3.7498,31.88,0,EIA/FRED/Bloomberg reference + synthetic daily interpolation
2013-05-31,2013,5,31,Friday,113.73,108.36,114.48,5.37,79.99,1.2959,3.7497,33.03,0,EIA/FRED/Bloomberg reference + synthetic daily interpolation
2013-06-03,2013,6,3,Monday,110.85,105.99,110.6,4.86,79.22,1.3218,3.7501,32.11,0,EIA/FRED/Bloomberg reference + synthetic daily interpolation
2013-06-04,2013,6,4,Tuesday,111.98,109.3,112.08,2.68,79.08,1.311,3.7497,31.84,0,EIA/FRED/Bloomberg reference + synthetic daily interpolation
2013-06-05,2013,6,5,Wednesday,111.45,107.95,111.89,3.5,80.82,1.2851,3.7499,32.3,0,EIA/FRED/Bloomberg reference + synthetic daily interpolation
2013-06-06,2013,6,6,Thursday,112.07,107.9,111.99,4.17,79.88,1.2913,3.7498,31.96,0,EIA/FRED/Bloomberg reference + synthetic daily interpolation
2013-06-07,2013,6,7,Friday,111.55,108.14,110.19,3.41,78.84,1.3066,3.75,31.2,0,EIA/FRED/Bloomberg reference + synthetic daily interpolation
2013-06-10,2013,6,10,Monday,111.54,106.91,112.05,4.63,79.53,1.319,3.75,32.14,0,EIA/FRED/Bloomberg reference + synthetic daily interpolation
2013-06-11,2013,6,11,Tuesday,113.48,112.04,112.18,1.44,80.61,1.2982,3.7496,32.48,0,EIA/FRED/Bloomberg reference + synthetic daily interpolation
2013-06-12,2013,6,12,Wednesday,110.88,109.18,111.81,1.7,80.35,1.293,3.7499,31.68,0,EIA/FRED/Bloomberg reference + synthetic daily interpolation
2013-06-13,2013,6,13,Thursday,109.8,108.26,111.03,1.54,80.23,1.2899,3.7497,31.9,0,EIA/FRED/Bloomberg reference + synthetic daily interpolation
2013-06-14,2013,6,14,Friday,111.42,109.05,111.87,2.37,82.66,1.2603,3.7499,31.87,0,EIA/FRED/Bloomberg reference + synthetic daily interpolation
2013-06-17,2013,6,17,Monday,110.27,109.15,109.01,1.12,79.82,1.3077,3.7499,31.85,0,EIA/FRED/Bloomberg reference + synthetic daily interpolation
2013-06-18,2013,6,18,Tuesday,110.49,106.19,110.21,4.3,80.4,1.2909,3.7497,31.8,0,EIA/FRED/Bloomberg reference + synthetic daily interpolation
2013-06-19,2013,6,19,Wednesday,109.21,103.83,108.19,5.38,78.26,1.3267,3.7499,31.46,0,EIA/FRED/Bloomberg reference + synthetic daily interpolation
2013-06-20,2013,6,20,Thursday,110.97,105.53,111.45,5.44,80.82,1.2947,3.7499,32.2,0,EIA/FRED/Bloomberg reference + synthetic daily interpolation
2013-06-21,2013,6,21,Friday,111.73,110.13,111.69,1.6,78.64,1.3244,3.7497,31.49,0,EIA/FRED/Bloomberg reference + synthetic daily interpolation
2013-06-24,2013,6,24,Monday,114.8,111.7,114.86,3.1,79.53,1.3087,3.7498,31.83,0,EIA/FRED/Bloomberg reference + synthetic daily interpolation
2013-06-25,2013,6,25,Tuesday,111.27,109.89,112.51,1.38,79.52,1.3015,3.7496,31.83,0,EIA/FRED/Bloomberg reference + synthetic daily interpolation
2013-06-26,2013,6,26,Wednesday,111.75,108.02,111.5,3.73,79.38,1.3086,3.7499,31.93,0,EIA/FRED/Bloomberg reference + synthetic daily interpolation
2013-06-27,2013,6,27,Thursday,113.62,111.9,114.06,1.72,79.29,1.3169,3.7497,31.91,0,EIA/FRED/Bloomberg reference + synthetic daily interpolation
2013-06-28,2013,6,28,Friday,110.8,107.24,109.77,3.56,80.84,1.2866,3.7498,32.12,0,EIA/FRED/Bloomberg reference + synthetic daily interpolation
2013-07-01,2013,7,1,Monday,111.08,108.24,110.63,2.84,79.35,1.3077,3.75,31.22,0,EIA/FRED/Bloomberg reference + synthetic daily interpolation
2013-07-02,2013,7,2,Tuesday,109.85,108.01,111.25,1.84,80.69,1.2944,3.7499,32.1,0,EIA/FRED/Bloomberg reference + synthetic daily interpolation
2013-07-03,2013,7,3,Wednesday,109.68,104.45,108.44,5.23,77.81,1.3372,3.75,31.96,0,EIA/FRED/Bloomberg reference + synthetic daily interpolation
2013-07-04,2013,7,4,Thursday,110.27,104.31,111.22,5.96,78.93,1.3201,3.7496,31.46,0,EIA/FRED/Bloomberg reference + synthetic daily interpolation
2013-07-05,2013,7,5,Friday,110.44,109.73,109.19,0.71,79.96,1.2987,3.7497,31.92,0,EIA/FRED/Bloomberg reference + synthetic daily interpolation
2013-07-08,2013,7,8,Monday,111.04,108.92,109.86,2.12,82.49,1.2617,3.7496,31.12,0,EIA/FRED/Bloomberg reference + synthetic daily interpolation
2013-07-09,2013,7,9,Tuesday,110.02,108.82,110.17,1.2,79.72,1.3084,3.7497,32.15,0,EIA/FRED/Bloomberg reference + synthetic daily interpolation
2013-07-10,2013,7,10,Wednesday,109.15,103.29,108.93,5.86,82.58,1.2662,3.75,32.28,0,EIA/FRED/Bloomberg reference + synthetic daily interpolation
2013-07-11,2013,7,11,Thursday,112.29,106.46,110.87,5.83,78.35,1.329,3.7499,31.64,0,EIA/FRED/Bloomberg reference + synthetic daily interpolation
2013-07-12,2013,7,12,Friday,109.77,108.91,108.99,0.86,77.87,1.3285,3.7496,31.54,0,EIA/FRED/Bloomberg reference + synthetic daily interpolation
2013-07-15,2013,7,15,Monday,112.28,111.37,112.02,0.91,78.45,1.3211,3.7501,30.9,0,EIA/FRED/Bloomberg reference + synthetic daily interpolation
2013-07-16,2013,7,16,Tuesday,112.73,110.89,111.97,1.84,79.98,1.2909,3.7498,32.75,0,EIA/FRED/Bloomberg reference + synthetic daily interpolation
2013-07-17,2013,7,17,Wednesday,112.44,110.44,111.6,2.0,78.73,1.3197,3.7498,31.26,0,EIA/FRED/Bloomberg reference + synthetic daily interpolation
2013-07-18,2013,7,18,Thursday,110.42,106.14,109.75,4.28,79.63,1.3086,3.7496,33.03,0,EIA/FRED/Bloomberg reference + synthetic daily interpolation
2013-07-19,2013,7,19,Friday,110.07,106.75,110.66,3.32,79.14,1.3145,3.75,32.17,0,EIA/FRED/Bloomberg reference + synthetic daily interpolation
2013-07-22,2013,7,22,Monday,109.99,106.08,111.46,3.91,80.72,1.2898,3.7497,32.37,0,EIA/FRED/Bloomberg reference + synthetic daily interpolation
2013-07-23,2013,7,23,Tuesday,110.59,105.43,110.58,5.16,80.66,1.2911,3.7498,31.21,0,EIA/FRED/Bloomberg reference + synthetic daily interpolation
2013-07-24,2013,7,24,Wednesday,110.26,105.42,110.52,4.84,79.66,1.3045,3.7498,31.93,0,EIA/FRED/Bloomberg reference + synthetic daily interpolation
2013-07-25,2013,7,25,Thursday,110.55,108.76,111.21,1.79,80.28,1.2987,3.7497,32.05,0,EIA/FRED/Bloomberg reference + synthetic daily interpolation
2013-07-26,2013,7,26,Friday,113.27,107.31,113.95,5.96,80.92,1.2869,3.7497,31.52,0,EIA/FRED/Bloomberg reference + synthetic daily interpolation
2013-07-29,2013,7,29,Monday,109.06,103.65,109.21,5.41,82.04,1.2699,3.7498,31.96,0,EIA/FRED/Bloomberg reference + synthetic daily interpolation
2013-07-30,2013,7,30,Tuesday,110.03,107.26,111.09,2.77,78.89,1.3122,3.7501,32.49,0,EIA/FRED/Bloomberg reference + synthetic daily interpolation
2013-07-31,2013,7,31,Wednesday,110.24,105.75,110.25,4.49,79.52,1.3048,3.7496,32.2,0,EIA/FRED/Bloomberg reference + synthetic daily interpolation
2013-08-01,2013,8,1,Thursday,111.16,109.74,111.07,1.42,79.43,1.3116,3.7498,32.91,0,EIA/FRED/Bloomberg reference + synthetic daily interpolation
2013-08-02,2013,8,2,Friday,111.02,108.3,110.86,2.72,79.2,1.3163,3.7499,31.97,0,EIA/FRED/Bloomberg reference + synthetic daily interpolation
2013-08-05,2013,8,5,Monday,110.87,109.98,109.4,0.89,81.27,1.2777,3.75,32.36,0,EIA/FRED/Bloomberg reference + synthetic daily interpolation
2013-08-06,2013,8,6,Tuesday,109.96,109.13,111.13,0.83,81.47,1.2776,3.7499,31.02,0,EIA/FRED/Bloomberg reference + synthetic daily interpolation
2013-08-07,2013,8,7,Wednesday,106.98,104.92,105.63,2.06,78.38,1.3292,3.75,32.74,0,EIA/FRED/Bloomberg reference + synthetic daily interpolation
2013-08-08,2013,8,8,Thursday,108.5,105.76,109.92,2.74,79.89,1.3,3.7498,32.44,0,EIA/FRED/Bloomberg reference + synthetic daily interpolation
2013-08-09,2013,8,9,Friday,109.6,106.87,110.51,2.73,80.61,1.2944,3.7498,31.27,0,EIA/FRED/Bloomberg reference + synthetic daily interpolation
2013-08-12,2013,8,12,Monday,108.14,107.14,106.89,1.0,80.57,1.2997,3.75,32.31,0,EIA/FRED/Bloomberg reference + synthetic daily interpolation
2013-08-13,2013,8,13,Tuesday,106.6,100.74,106.08,5.86,79.05,1.322,3.7497,32.01,0,EIA/FRED/Bloomberg reference + synthetic daily interpolation
2013-08-14,2013,8,14,Wednesday,107.97,106.42,108.79,1.55,80.21,1.2978,3.7497,32.33,0,EIA/FRED/Bloomberg reference + synthetic daily interpolation
2013-08-15,2013,8,15,Thursday,108.01,103.04,107.44,4.97,79.26,1.2993,3.7499,31.79,0,EIA/FRED/Bloomberg reference + synthetic daily interpolation
2013-08-16,2013,8,16,Friday,109.81,105.44,110.87,4.37,79.82,1.2952,3.7499,31.93,0,EIA/FRED/Bloomberg reference + synthetic daily interpolation
2013-08-19,2013,8,19,Monday,107.32,106.62,106.14,0.7,79.6,1.3035,3.7501,32.47,0,EIA/FRED/Bloomberg reference + synthetic daily interpolation
2013-08-20,2013,8,20,Tuesday,108.48,106.55,107.3,1.93,80.48,1.2881,3.7501,32.63,0,EIA/FRED/Bloomberg reference + synthetic daily interpolation
2013-08-21,2013,8,21,Wednesday,106.95,103.08,108.05,3.87,81.18,1.2892,3.7499,32.39,0,EIA/FRED/Bloomberg reference + synthetic daily interpolation
2013-08-22,2013,8,22,Thursday,107.62,103.34,107.0,4.28,80.53,1.2914,3.7497,32.0,0,EIA/FRED/Bloomberg reference + synthetic daily interpolation
2013-08-23,2013,8,23,Friday,107.82,102.65,107.29,5.17,80.9,1.2805,3.7499,32.4,0,EIA/FRED/Bloomberg reference + synthetic daily interpolation
2013-08-26,2013,8,26,Monday,108.04,105.66,107.7,2.38,81.3,1.2738,3.7498,32.06,0,EIA/FRED/Bloomberg reference + synthetic daily interpolation
2013-08-27,2013,8,27,Tuesday,108.67,104.65,109.99,4.02,78.71,1.3275,3.7501,31.72,0,EIA/FRED/Bloomberg reference + synthetic daily interpolation
2013-08-28,2013,8,28,Wednesday,109.06,104.81,107.89,4.25,80.33,1.2911,3.7497,31.33,0,EIA/FRED/Bloomberg reference + synthetic daily interpolation
2013-08-29,2013,8,29,Thursday,108.95,106.36,108.91,2.59,79.08,1.3188,3.7499,31.98,0,EIA/FRED/Bloomberg reference + synthetic daily interpolation
2013-08-30,2013,8,30,Friday,109.54,103.8,108.85,5.74,79.0,1.3116,3.7498,31.42,0,EIA/FRED/Bloomberg reference + synthetic daily interpolation
2013-09-02,2013,9,2,Monday,107.59,105.28,107.44,2.31,82.27,1.2649,3.7496,31.54,0,EIA/FRED/Bloomberg reference + synthetic daily interpolation
2013-09-03,2013,9,3,Tuesday,107.62,103.43,108.89,4.19,78.47,1.3213,3.7499,32.18,0,EIA/FRED/Bloomberg reference + synthetic daily interpolation
2013-09-04,2013,9,4,Wednesday,107.83,102.24,107.91,5.59,78.96,1.3202,3.7498,31.85,0,EIA/FRED/Bloomberg reference + synthetic daily interpolation
2013-09-05,2013,9,5,Thursday,109.23,105.02,108.89,4.21,79.92,1.3074,3.7498,30.38,0,EIA/FRED/Bloomberg reference + synthetic daily interpolation
2013-09-06,2013,9,6,Friday,108.17,105.52,109.28,2.65,78.74,1.3182,3.7498,31.71,0,EIA/FRED/Bloomberg reference + synthetic daily interpolation
2013-09-09,2013,9,9,Monday,107.95,102.2,106.82,5.75,79.73,1.2999,3.7496,31.79,0,EIA/FRED/Bloomberg reference + synthetic daily interpolation
2013-09-10,2013,9,10,Tuesday,105.91,102.06,106.47,3.85,80.33,1.2913,3.7497,31.37,0,EIA/FRED/Bloomberg reference + synthetic daily interpolation
2013-09-11,2013,9,11,Wednesday,108.58,106.09,107.9,2.49,79.9,1.2958,3.7498,32.32,0,EIA/FRED/Bloomberg reference + synthetic daily interpolation
2013-09-12,2013,9,12,Thursday,108.61,105.58,109.06,3.03,79.18,1.3111,3.7496,31.81,0,EIA/FRED/Bloomberg reference + synthetic daily interpolation
2013-09-13,2013,9,13,Friday,108.66,104.78,108.99,3.88,81.17,1.2804,3.7496,31.61,0,EIA/FRED/Bloomberg reference + synthetic daily interpolation
2013-09-16,2013,9,16,Monday,108.17,104.6,109.32,3.57,80.27,1.3011,3.7501,31.71,0,EIA/FRED/Bloomberg reference + synthetic daily interpolation
2013-09-17,2013,9,17,Tuesday,107.3,101.83,107.48,5.47,79.2,1.3071,3.7498,32.7,0,EIA/FRED/Bloomberg reference + synthetic daily interpolation
2013-09-18,2013,9,18,Wednesday,107.77,105.3,106.59,2.47,78.51,1.3189,3.7497,32.13,0,EIA/FRED/Bloomberg reference + synthetic daily interpolation
2013-09-19,2013,9,19,Thursday,105.54,99.62,105.22,5.92,82.27,1.2629,3.7501,32.47,0,EIA/FRED/Bloomberg reference + synthetic daily interpolation
2013-09-20,2013,9,20,Friday,107.66,102.92,108.48,4.74,80.91,1.2778,3.7496,32.76,0,EIA/FRED/Bloomberg reference + synthetic daily interpolation
2013-09-23,2013,9,23,Monday,107.21,106.34,106.92,0.87,78.48,1.3273,3.75,32.2,0,EIA/FRED/Bloomberg reference + synthetic daily interpolation
2013-09-24,2013,9,24,Tuesday,106.12,103.4,105.32,2.72,80.33,1.3014,3.7497,31.54,0,EIA/FRED/Bloomberg reference + synthetic daily interpolation
2013-09-25,2013,9,25,Wednesday,107.17,101.51,106.1,5.66,80.29,1.2931,3.7499,31.51,0,EIA/FRED/Bloomberg reference + synthetic daily interpolation
2013-09-26,2013,9,26,Thursday,106.25,105.6,105.51,0.65,78.36,1.3301,3.7497,31.78,0,EIA/FRED/Bloomberg reference + synthetic daily interpolation
2013-09-27,2013,9,27,Friday,107.37,105.15,107.05,2.22,79.74,1.3163,3.7497,31.87,0,EIA/FRED/Bloomberg reference + synthetic daily interpolation
2013-09-30,2013,9,30,Monday,109.29,106.94,108.1,2.35,81.14,1.2864,3.7497,32.5,0,EIA/FRED/Bloomberg reference + synthetic daily interpolation
2013-10-01,2013,10,1,Tuesday,105.82,100.66,106.42,5.16,81.19,1.2769,3.75,32.16,0,EIA/FRED/Bloomberg reference + synthetic daily interpolation
2013-10-02,2013,10,2,Wednesday,106.63,106.08,105.2,0.55,79.77,1.3008,3.7496,31.91,0,EIA/FRED/Bloomberg reference + synthetic daily interpolation
2013-10-03,2013,10,3,Thursday,108.67,108.03,109.07,0.64,79.08,1.3169,3.7498,33.01,0,EIA/FRED/Bloomberg reference + synthetic daily interpolation
2013-10-04,2013,10,4,Friday,107.94,104.13,109.07,3.81,80.9,1.2946,3.7498,31.93,0,EIA/FRED/Bloomberg reference + synthetic daily interpolation
2013-10-07,2013,10,7,Monday,106.63,104.63,107.99,2.0,81.64,1.2723,3.7498,31.61,0,EIA/FRED/Bloomberg reference + synthetic daily interpolation
2013-10-08,2013,10,8,Tuesday,104.52,103.22,104.29,1.3,78.09,1.3335,3.7499,32.15,0,EIA/FRED/Bloomberg reference + synthetic daily interpolation
2013-10-09,2013,10,9,Wednesday,108.4,102.86,109.76,5.54,77.99,1.326,3.75,32.04,0,EIA/FRED/Bloomberg reference + synthetic daily interpolation
2013-10-10,2013,10,10,Thursday,109.8,106.9,110.82,2.9,79.84,1.3051,3.7496,31.8,0,EIA/FRED/Bloomberg reference + synthetic daily interpolation
2013-10-11,2013,10,11,Friday,109.63,106.67,111.02,2.96,82.19,1.2722,3.75,32.88,0,EIA/FRED/Bloomberg reference + synthetic daily interpolation
2013-10-14,2013,10,14,Monday,105.47,100.34,106.71,5.13,80.15,1.2961,3.7498,32.22,0,EIA/FRED/Bloomberg reference + synthetic daily interpolation
2013-10-15,2013,10,15,Tuesday,107.03,103.59,105.72,3.44,78.66,1.3118,3.7498,31.91,0,EIA/FRED/Bloomberg reference + synthetic daily interpolation
2013-10-16,2013,10,16,Wednesday,107.58,104.84,108.56,2.74,80.5,1.2994,3.7498,31.58,0,EIA/FRED/Bloomberg reference + synthetic daily interpolation
2013-10-17,2013,10,17,Thursday,103.19,101.14,103.93,2.05,81.33,1.2853,3.7496,31.94,0,EIA/FRED/Bloomberg reference + synthetic daily interpolation
2013-10-18,2013,10,18,Friday,104.44,99.88,104.17,4.56,79.52,1.3024,3.7498,32.86,0,EIA/FRED/Bloomberg reference + synthetic daily interpolation
2013-10-21,2013,10,21,Monday,107.43,101.74,108.19,5.69,78.71,1.3141,3.7499,31.05,0,EIA/FRED/Bloomberg reference + synthetic daily interpolation
2013-10-22,2013,10,22,Tuesday,104.29,100.05,105.27,4.24,81.19,1.2816,3.75,31.88,0,EIA/FRED/Bloomberg reference + synthetic daily interpolation
2013-10-23,2013,10,23,Wednesday,107.34,103.38,108.73,3.96,78.06,1.3331,3.7499,32.49,0,EIA/FRED/Bloomberg reference + synthetic daily interpolation
2013-10-24,2013,10,24,Thursday,104.05,99.99,104.04,4.06,80.6,1.2909,3.75,32.28,0,EIA/FRED/Bloomberg reference + synthetic daily interpolation
2013-10-25,2013,10,25,Friday,100.26,98.2,100.89,2.06,80.75,1.2795,3.7497,31.98,0,EIA/FRED/Bloomberg reference + synthetic daily interpolation
2013-10-28,2013,10,28,Monday,103.36,100.31,102.68,3.05,82.16,1.2729,3.7498,31.18,0,EIA/FRED/Bloomberg reference + synthetic daily interpolation
2013-10-29,2013,10,29,Tuesday,108.51,103.14,107.43,5.37,79.97,1.3089,3.7499,31.74,0,EIA/FRED/Bloomberg reference + synthetic daily interpolation
2013-10-30,2013,10,30,Wednesday,107.3,102.88,106.03,4.42,81.65,1.2778,3.7499,31.75,0,EIA/FRED/Bloomberg reference + synthetic daily interpolation
2013-10-31,2013,10,31,Thursday,105.47,101.54,106.32,3.93,79.17,1.3179,3.7497,31.49,0,EIA/FRED/Bloomberg reference + synthetic daily interpolation
2013-11-01,2013,11,1,Friday,106.6,101.75,105.8,4.85,79.72,1.3079,3.7498,32.56,0,EIA/FRED/Bloomberg reference + synthetic daily interpolation
2013-11-04,2013,11,4,Monday,105.52,103.64,106.7,1.88,80.18,1.291,3.7499,31.9,0,EIA/FRED/Bloomberg reference + synthetic daily interpolation
2013-11-05,2013,11,5,Tuesday,106.27,102.56,105.26,3.71,81.8,1.2686,3.7497,31.2,0,EIA/FRED/Bloomberg reference + synthetic daily interpolation
2013-11-06,2013,11,6,Wednesday,108.88,103.12,109.06,5.76,80.21,1.3071,3.7498,31.94,0,EIA/FRED/Bloomberg reference + synthetic daily interpolation
2013-11-07,2013,11,7,Thursday,106.28,105.57,107.06,0.71,78.74,1.3126,3.7497,32.17,0,EIA/FRED/Bloomberg reference + synthetic daily interpolation
2013-11-08,2013,11,8,Friday,108.0,102.66,106.93,5.34,81.52,1.2725,3.75,31.59,0,EIA/FRED/Bloomberg reference + synthetic daily interpolation
2013-11-11,2013,11,11,Monday,106.97,101.36,108.45,5.61,81.15,1.2733,3.7498,31.41,0,EIA/FRED/Bloomberg reference + synthetic daily interpolation
2013-11-12,2013,11,12,Tuesday,105.86,103.46,107.13,2.4,79.29,1.3096,3.7501,31.95,0,EIA/FRED/Bloomberg reference + synthetic daily interpolation
2013-11-13,2013,11,13,Wednesday,107.03,103.34,106.4,3.69,81.52,1.2801,3.7498,32.48,0,EIA/FRED/Bloomberg reference + synthetic daily interpolation
2013-11-14,2013,11,14,Thursday,105.46,103.02,105.29,2.44,77.59,1.3403,3.75,30.93,0,EIA/FRED/Bloomberg reference + synthetic daily interpolation
2013-11-15,2013,11,15,Friday,105.21,100.98,105.41,4.23,78.18,1.3282,3.75,31.93,0,EIA/FRED/Bloomberg reference + synthetic daily interpolation
2013-11-18,2013,11,18,Monday,107.53,105.94,108.08,1.59,81.57,1.2794,3.7498,31.44,0,EIA/FRED/Bloomberg reference + synthetic daily interpolation
2013-11-19,2013,11,19,Tuesday,107.54,102.33,108.08,5.21,79.57,1.3146,3.7499,31.79,0,EIA/FRED/Bloomberg reference + synthetic daily interpolation
2013-11-20,2013,11,20,Wednesday,102.68,98.03,102.2,4.65,78.54,1.3255,3.7499,31.5,0,EIA/FRED/Bloomberg reference + synthetic daily interpolation
2013-11-21,2013,11,21,Thursday,107.01,101.58,108.25,5.43,77.41,1.3427,3.75,31.43,0,EIA/FRED/Bloomberg reference + synthetic daily interpolation
2013-11-22,2013,11,22,Friday,105.65,102.66,105.13,2.99,80.52,1.2861,3.7496,32.29,0,EIA/FRED/Bloomberg reference + synthetic daily interpolation
2013-11-25,2013,11,25,Monday,107.1,101.73,107.59,5.37,80.74,1.2916,3.75,31.77,0,EIA/FRED/Bloomberg reference + synthetic daily interpolation
2013-11-26,2013,11,26,Tuesday,105.45,102.41,104.81,3.04,78.62,1.3173,3.75,32.23,0,EIA/FRED/Bloomberg reference + synthetic daily interpolation
2013-11-27,2013,11,27,Wednesday,105.1,99.12,104.17,5.98,80.44,1.2959,3.7499,31.86,0,EIA/FRED/Bloomberg reference + synthetic daily interpolation
2013-11-28,2013,11,28,Thursday,109.17,107.19,109.72,1.98,80.15,1.3001,3.7498,32.51,0,EIA/FRED/Bloomberg reference + synthetic daily interpolation
2013-11-29,2013,11,29,Friday,104.42,99.8,102.92,4.62,80.48,1.2935,3.7497,31.02,0,EIA/FRED/Bloomberg reference + synthetic daily interpolation
2013-12-02,2013,12,2,Monday,107.85,103.99,109.26,3.86,81.18,1.2845,3.75,31.9,0,EIA/FRED/Bloomberg reference + synthetic daily interpolation
2013-12-03,2013,12,3,Tuesday,106.55,103.67,107.99,2.88,80.3,1.2906,3.7499,31.87,0,EIA/FRED/Bloomberg reference + synthetic daily interpolation
2013-12-04,2013,12,4,Wednesday,106.3,105.64,106.88,0.66,80.24,1.2995,3.7498,30.9,0,EIA/FRED/Bloomberg reference + synthetic daily interpolation
2013-12-05,2013,12,5,Thursday,109.34,104.95,109.47,4.39,81.53,1.2818,3.75,31.9,0,EIA/FRED/Bloomberg reference + synthetic daily interpolation
2013-12-06,2013,12,6,Friday,105.47,104.94,106.18,0.53,82.21,1.2717,3.7497,32.15,0,EIA/FRED/Bloomberg reference + synthetic daily interpolation
2013-12-09,2013,12,9,Monday,106.25,102.62,104.89,3.63,80.84,1.2825,3.7496,31.83,0,EIA/FRED/Bloomberg reference + synthetic daily interpolation
2013-12-10,2013,12,10,Tuesday,102.42,98.01,101.72,4.41,81.54,1.2749,3.7496,31.72,0,EIA/FRED/Bloomberg reference + synthetic daily interpolation
2013-12-11,2013,12,11,Wednesday,107.75,103.6,106.54,4.15,79.27,1.3112,3.75,31.6,0,EIA/FRED/Bloomberg reference + synthetic daily interpolation
2013-12-12,2013,12,12,Thursday,108.71,106.82,108.05,1.89,80.98,1.2886,3.75,32.41,0,EIA/FRED/Bloomberg reference + synthetic daily interpolation
2013-12-13,2013,12,13,Friday,106.45,102.41,106.42,4.04,78.69,1.3214,3.7499,32.13,0,EIA/FRED/Bloomberg reference + synthetic daily interpolation
2013-12-16,2013,12,16,Monday,106.18,105.03,104.86,1.15,80.97,1.2912,3.7499,31.87,0,EIA/FRED/Bloomberg reference + synthetic daily interpolation
2013-12-17,2013,12,17,Tuesday,108.1,102.41,108.2,5.69,80.64,1.2911,3.7496,32.33,0,EIA/FRED/Bloomberg reference + synthetic daily interpolation
2013-12-18,2013,12,18,Wednesday,106.41,103.76,106.3,2.65,80.97,1.2816,3.7498,31.52,0,EIA/FRED/Bloomberg reference + synthetic daily interpolation
2013-12-19,2013,12,19,Thursday,104.56,102.05,104.84,2.51,81.74,1.268,3.7497,31.2,0,EIA/FRED/Bloomberg reference + synthetic daily interpolation
2013-12-20,2013,12,20,Friday,103.5,101.24,103.77,2.26,79.97,1.2964,3.7498,31.73,0,EIA/FRED/Bloomberg reference + synthetic daily interpolation
2013-12-23,2013,12,23,Monday,105.53,99.68,106.49,5.85,80.23,1.2886,3.7499,31.32,0,EIA/FRED/Bloomberg reference + synthetic daily interpolation
2013-12-24,2013,12,24,Tuesday,104.05,98.37,104.14,5.68,77.82,1.3303,3.7498,31.93,0,EIA/FRED/Bloomberg reference + synthetic daily interpolation
2013-12-25,2013,12,25,Wednesday,106.45,105.93,105.9,0.52,80.31,1.2992,3.7497,31.82,0,EIA/FRED/Bloomberg reference + synthetic daily interpolation
2013-12-26,2013,12,26,Thursday,109.0,107.54,109.86,1.46,80.15,1.2975,3.7497,32.44,0,EIA/FRED/Bloomberg reference + synthetic daily interpolation
2013-12-27,2013,12,27,Friday,105.49,103.13,105.33,2.36,80.66,1.2976,3.7499,32.2,0,EIA/FRED/Bloomberg reference + synthetic daily interpolation
2013-12-30,2013,12,30,Monday,103.39,102.4,103.16,0.99,79.02,1.3139,3.7497,32.07,0,EIA/FRED/Bloomberg reference + synthetic daily interpolation
2013-12-31,2013,12,31,Tuesday,105.41,99.49,104.52,5.92,80.87,1.2955,3.7499,32.66,0,EIA/FRED/Bloomberg reference + synthetic daily interpolation
2014-01-01,2014,1,1,Wednesday,97.78,96.32,97.44,1.46,88.84,1.1711,3.7496,55.07,0,EIA/FRED/Bloomberg reference + synthetic daily interpolation
2014-01-02,2014,1,2,Thursday,95.89,90.19,97.14,5.7,85.65,1.2108,3.75,55.32,0,EIA/FRED/Bloomberg reference + synthetic daily interpolation
2014-01-03,2014,1,3,Friday,96.39,91.0,96.44,5.39,87.03,1.1979,3.7497,55.32,0,EIA/FRED/Bloomberg reference + synthetic daily interpolation
2014-01-06,2014,1,6,Monday,94.76,92.6,95.37,2.16,88.84,1.1724,3.7498,56.06,0,EIA/FRED/Bloomberg reference + synthetic daily interpolation
2014-01-07,2014,1,7,Tuesday,95.07,91.91,93.85,3.16,89.08,1.1656,3.7498,57.03,0,EIA/FRED/Bloomberg reference + synthetic daily interpolation
2014-01-08,2014,1,8,Wednesday,97.74,92.29,99.13,5.45,90.14,1.1397,3.7501,59.38,0,EIA/FRED/Bloomberg reference + synthetic daily interpolation
2014-01-09,2014,1,9,Thursday,94.24,88.72,93.13,5.52,87.3,1.2005,3.7498,56.03,0,EIA/FRED/Bloomberg reference + synthetic daily interpolation
2014-01-10,2014,1,10,Friday,95.19,94.29,95.05,0.9,89.9,1.1517,3.7498,54.02,0,EIA/FRED/Bloomberg reference + synthetic daily interpolation
2014-01-13,2014,1,13,Monday,95.79,89.83,96.78,5.96,89.79,1.1565,3.7497,57.7,0,EIA/FRED/Bloomberg reference + synthetic daily interpolation
2014-01-14,2014,1,14,Tuesday,94.76,91.91,94.97,2.85,89.18,1.1675,3.7501,54.04,0,EIA/FRED/Bloomberg reference + synthetic daily interpolation
2014-01-15,2014,1,15,Wednesday,97.88,94.94,97.52,2.94,87.35,1.1865,3.7499,54.26,0,EIA/FRED/Bloomberg reference + synthetic daily interpolation
2014-01-16,2014,1,16,Thursday,94.19,92.47,95.18,1.72,87.86,1.1856,3.7501,58.14,0,EIA/FRED/Bloomberg reference + synthetic daily interpolation
2014-01-17,2014,1,17,Friday,97.38,91.52,97.83,5.86,87.61,1.179,3.7496,54.7,0,EIA/FRED/Bloomberg reference + synthetic daily interpolation
2014-01-20,2014,1,20,Monday,99.37,94.02,98.93,5.35,88.44,1.172,3.7498,54.51,0,EIA/FRED/Bloomberg reference + synthetic daily interpolation
2014-01-21,2014,1,21,Tuesday,96.56,92.52,97.36,4.04,86.6,1.1927,3.75,54.04,0,EIA/FRED/Bloomberg reference + synthetic daily interpolation
2014-01-22,2014,1,22,Wednesday,96.3,94.57,96.75,1.73,87.31,1.1908,3.7498,54.33,0,EIA/FRED/Bloomberg reference + synthetic daily interpolation
2014-01-23,2014,1,23,Thursday,96.8,95.8,97.22,1.0,86.64,1.1897,3.7498,53.42,0,EIA/FRED/Bloomberg reference + synthetic daily interpolation
2014-01-24,2014,1,24,Friday,94.47,92.7,95.3,1.77,88.78,1.1661,3.7497,55.13,0,EIA/FRED/Bloomberg reference + synthetic daily interpolation
2014-01-27,2014,1,27,Monday,95.04,91.35,96.46,3.69,88.88,1.1663,3.7497,54.78,0,EIA/FRED/Bloomberg reference + synthetic daily interpolation
2014-01-28,2014,1,28,Tuesday,95.57,93.3,96.16,2.27,88.37,1.1754,3.75,55.39,0,EIA/FRED/Bloomberg reference + synthetic daily interpolation
2014-01-29,2014,1,29,Wednesday,97.19,91.57,97.3,5.62,88.4,1.1757,3.7499,54.89,0,EIA/FRED/Bloomberg reference + synthetic daily interpolation
2014-01-30,2014,1,30,Thursday,98.41,93.42,97.52,4.99,88.7,1.1748,3.7496,57.43,0,EIA/FRED/Bloomberg reference + synthetic daily interpolation
2014-01-31,2014,1,31,Friday,97.42,94.48,97.81,2.94,88.82,1.1564,3.7497,57.64,0,EIA/FRED/Bloomberg reference + synthetic daily interpolation
2014-02-03,2014,2,3,Monday,100.13,98.2,100.74,1.93,88.05,1.1799,3.75,53.35,0,EIA/FRED/Bloomberg reference + synthetic daily interpolation
2014-02-04,2014,2,4,Tuesday,97.72,97.11,97.44,0.61,88.07,1.179,3.7499,56.56,0,EIA/FRED/Bloomberg reference + synthetic daily interpolation
2014-02-05,2014,2,5,Wednesday,99.1,94.59,99.17,4.51,90.59,1.1424,3.7499,53.44,0,EIA/FRED/Bloomberg reference + synthetic daily interpolation
2014-02-06,2014,2,6,Thursday,97.07,94.26,96.08,2.81,88.61,1.1695,3.7498,54.67,0,EIA/FRED/Bloomberg reference + synthetic daily interpolation
2014-02-07,2014,2,7,Friday,100.4,97.82,100.21,2.58,89.41,1.1569,3.75,55.93,0,EIA/FRED/Bloomberg reference + synthetic daily interpolation
2014-02-10,2014,2,10,Monday,99.6,98.38,100.41,1.22,90.14,1.1387,3.7498,53.71,0,EIA/FRED/Bloomberg reference + synthetic daily interpolation
2014-02-11,2014,2,11,Tuesday,98.66,96.75,97.47,1.91,86.45,1.2068,3.7497,56.97,0,EIA/FRED/Bloomberg reference + synthetic daily interpolation
2014-02-12,2014,2,12,Wednesday,97.23,94.85,96.28,2.38,88.82,1.1635,3.75,52.09,0,EIA/FRED/Bloomberg reference + synthetic daily interpolation
2014-02-13,2014,2,13,Thursday,99.63,93.96,98.47,5.67,88.33,1.174,3.7498,53.54,0,EIA/FRED/Bloomberg reference + synthetic daily interpolation
2014-02-14,2014,2,14,Friday,98.4,94.12,97.33,4.28,87.69,1.1832,3.7499,57.76,0,EIA/FRED/Bloomberg reference + synthetic daily interpolation
2014-02-17,2014,2,17,Monday,98.66,96.36,99.04,2.3,87.18,1.2005,3.7497,53.79,0,EIA/FRED/Bloomberg reference + synthetic daily interpolation
2014-02-18,2014,2,18,Tuesday,99.91,99.17,99.66,0.74,88.19,1.1823,3.7497,55.45,0,EIA/FRED/Bloomberg reference + synthetic daily interpolation
2014-02-19,2014,2,19,Wednesday,100.56,99.41,100.43,1.15,90.12,1.15,3.7497,54.03,0,EIA/FRED/Bloomberg reference + synthetic daily interpolation
2014-02-20,2014,2,20,Thursday,99.42,97.95,100.67,1.47,89.23,1.1505,3.7498,53.86,0,EIA/FRED/Bloomberg reference + synthetic daily interpolation
2014-02-21,2014,2,21,Friday,102.06,97.4,102.17,4.66,88.54,1.1725,3.7497,54.0,0,EIA/FRED/Bloomberg reference + synthetic daily interpolation
2014-02-24,2014,2,24,Monday,99.48,98.39,99.25,1.09,89.2,1.1582,3.7497,54.93,0,EIA/FRED/Bloomberg reference + synthetic daily interpolation
2014-02-25,2014,2,25,Tuesday,99.38,94.67,99.85,4.71,89.24,1.1619,3.7499,53.62,0,EIA/FRED/Bloomberg reference + synthetic daily interpolation
2014-02-26,2014,2,26,Wednesday,98.99,94.97,99.53,4.02,89.34,1.1614,3.7499,55.62,0,EIA/FRED/Bloomberg reference + synthetic daily interpolation
2014-02-27,2014,2,27,Thursday,97.81,92.88,97.87,4.93,88.02,1.1937,3.75,54.51,0,EIA/FRED/Bloomberg reference + synthetic daily interpolation
2014-02-28,2014,2,28,Friday,98.14,95.03,97.05,3.11,87.4,1.1911,3.7497,53.74,0,EIA/FRED/Bloomberg reference + synthetic daily interpolation
2014-03-03,2014,3,3,Monday,100.93,94.95,100.01,5.98,88.76,1.1682,3.7499,54.32,0,EIA/FRED/Bloomberg reference + synthetic daily interpolation
2014-03-04,2014,3,4,Tuesday,97.96,94.78,99.19,3.18,88.66,1.1811,3.7496,56.26,0,EIA/FRED/Bloomberg reference + synthetic daily interpolation
2014-03-05,2014,3,5,Wednesday,101.57,95.73,102.34,5.84,88.11,1.1767,3.7499,56.95,0,EIA/FRED/Bloomberg reference + synthetic daily interpolation
2014-03-06,2014,3,6,Thursday,99.58,94.53,99.9,5.05,88.79,1.1637,3.75,58.01,0,EIA/FRED/Bloomberg reference + synthetic daily interpolation
2014-03-07,2014,3,7,Friday,99.68,97.83,99.44,1.85,87.73,1.1924,3.7499,50.1,0,EIA/FRED/Bloomberg reference + synthetic daily interpolation
2014-03-10,2014,3,10,Monday,98.05,94.66,99.34,3.39,88.89,1.1769,3.7498,55.9,0,EIA/FRED/Bloomberg reference + synthetic daily interpolation
2014-03-11,2014,3,11,Tuesday,100.8,94.87,100.96,5.93,87.71,1.189,3.7499,56.78,0,EIA/FRED/Bloomberg reference + synthetic daily interpolation
2014-03-12,2014,3,12,Wednesday,100.71,97.18,99.25,3.53,88.7,1.1695,3.7498,55.84,0,EIA/FRED/Bloomberg reference + synthetic daily interpolation
2014-03-13,2014,3,13,Thursday,101.25,97.75,100.94,3.5,87.34,1.189,3.7497,54.38,0,EIA/FRED/Bloomberg reference + synthetic daily interpolation
2014-03-14,2014,3,14,Friday,96.73,95.38,97.96,1.35,88.87,1.1669,3.7496,57.49,0,EIA/FRED/Bloomberg reference + synthetic daily interpolation
2014-03-17,2014,3,17,Monday,99.54,94.09,99.31,5.45,88.48,1.161,3.7497,54.41,0,EIA/FRED/Bloomberg reference + synthetic daily interpolation
2014-03-18,2014,3,18,Tuesday,98.16,92.46,97.83,5.7,89.42,1.1613,3.7498,55.74,0,EIA/FRED/Bloomberg reference + synthetic daily interpolation
2014-03-19,2014,3,19,Wednesday,99.74,96.06,99.92,3.68,86.54,1.2051,3.7499,57.27,0,EIA/FRED/Bloomberg reference + synthetic daily interpolation
2014-03-20,2014,3,20,Thursday,101.59,97.68,100.59,3.91,89.4,1.1529,3.75,57.68,0,EIA/FRED/Bloomberg reference + synthetic daily interpolation
2014-03-21,2014,3,21,Friday,99.01,96.26,98.51,2.75,88.8,1.1643,3.7499,54.43,0,EIA/FRED/Bloomberg reference + synthetic daily interpolation
2014-03-24,2014,3,24,Monday,98.64,95.06,99.45,3.58,87.72,1.1795,3.7499,54.79,0,EIA/FRED/Bloomberg reference + synthetic daily interpolation
2014-03-25,2014,3,25,Tuesday,101.41,97.56,100.07,3.85,90.01,1.1565,3.7497,55.12,0,EIA/FRED/Bloomberg reference + synthetic daily interpolation
2014-03-26,2014,3,26,Wednesday,101.56,98.18,101.11,3.38,89.08,1.1615,3.7499,55.37,0,EIA/FRED/Bloomberg reference + synthetic daily interpolation
2014-03-27,2014,3,27,Thursday,101.67,99.98,101.72,1.69,86.76,1.192,3.7496,53.5,0,EIA/FRED/Bloomberg reference + synthetic daily interpolation
2014-03-28,2014,3,28,Friday,99.44,93.66,99.61,5.78,88.55,1.1725,3.7499,54.27,0,EIA/FRED/Bloomberg reference + synthetic daily interpolation
2014-03-31,2014,3,31,Monday,100.05,95.59,100.35,4.46,88.87,1.1529,3.75,57.94,0,EIA/FRED/Bloomberg reference + synthetic daily interpolation
2014-04-01,2014,4,1,Tuesday,97.73,95.59,97.52,2.14,87.16,1.1898,3.7497,57.16,0,EIA/FRED/Bloomberg reference + synthetic daily interpolation
2014-04-02,2014,4,2,Wednesday,100.9,96.11,100.92,4.79,87.94,1.1739,3.7497,57.67,0,EIA/FRED/Bloomberg reference + synthetic daily interpolation
2014-04-03,2014,4,3,Thursday,97.81,96.87,96.52,0.94,91.59,1.1224,3.7498,55.85,0,EIA/FRED/Bloomberg reference + synthetic daily interpolation
2014-04-04,2014,4,4,Friday,101.58,96.77,100.98,4.81,88.63,1.1666,3.7497,56.43,0,EIA/FRED/Bloomberg reference + synthetic daily interpolation
2014-04-07,2014,4,7,Monday,99.05,97.59,98.1,1.46,89.93,1.1479,3.7498,54.64,0,EIA/FRED/Bloomberg reference + synthetic daily interpolation
2014-04-08,2014,4,8,Tuesday,97.9,92.01,97.88,5.89,88.8,1.169,3.7496,54.72,0,EIA/FRED/Bloomberg reference + synthetic daily interpolation
2014-04-09,2014,4,9,Wednesday,100.53,97.52,99.09,3.01,87.43,1.1861,3.75,57.86,0,EIA/FRED/Bloomberg reference + synthetic daily interpolation
2014-04-10,2014,4,10,Thursday,100.32,94.35,100.16,5.97,88.01,1.1731,3.7499,51.89,0,EIA/FRED/Bloomberg reference + synthetic daily interpolation
2014-04-11,2014,4,11,Friday,105.03,99.55,105.81,5.48,89.58,1.1526,3.7496,54.4,0,EIA/FRED/Bloomberg reference + synthetic daily interpolation
2014-04-14,2014,4,14,Monday,99.88,94.88,100.57,5.0,89.79,1.1532,3.7499,57.67,0,EIA/FRED/Bloomberg reference + synthetic daily interpolation
2014-04-15,2014,4,15,Tuesday,102.66,100.07,101.62,2.59,88.41,1.1699,3.7499,53.58,0,EIA/FRED/Bloomberg reference + synthetic daily interpolation
2014-04-16,2014,4,16,Wednesday,98.66,94.43,97.17,4.23,89.79,1.1524,3.7499,59.13,0,EIA/FRED/Bloomberg reference + synthetic daily interpolation
2014-04-17,2014,4,17,Thursday,101.85,98.88,100.77,2.97,87.98,1.1721,3.7496,58.37,0,EIA/FRED/Bloomberg reference + synthetic daily interpolation
2014-04-18,2014,4,18,Friday,100.09,96.99,100.04,3.1,89.23,1.165,3.7498,54.52,0,EIA/FRED/Bloomberg reference + synthetic daily interpolation
2014-04-21,2014,4,21,Monday,102.63,96.89,104.0,5.74,90.09,1.1465,3.7498,56.67,0,EIA/FRED/Bloomberg reference + synthetic daily interpolation
2014-04-22,2014,4,22,Tuesday,102.6,101.94,102.95,0.66,89.83,1.1467,3.7496,54.24,0,EIA/FRED/Bloomberg reference + synthetic daily interpolation
2014-04-23,2014,4,23,Wednesday,99.84,97.87,99.72,1.97,87.45,1.1829,3.7499,56.79,0,EIA/FRED/Bloomberg reference + synthetic daily interpolation
2014-04-24,2014,4,24,Thursday,98.49,97.25,99.02,1.24,88.82,1.1684,3.75,51.24,0,EIA/FRED/Bloomberg reference + synthetic daily interpolation
2014-04-25,2014,4,25,Friday,100.15,97.14,99.29,3.01,88.92,1.161,3.7499,54.26,0,EIA/FRED/Bloomberg reference + synthetic daily interpolation
2014-04-28,2014,4,28,Monday,100.64,97.38,100.58,3.26,87.97,1.185,3.75,53.97,0,EIA/FRED/Bloomberg reference + synthetic daily interpolation
2014-04-29,2014,4,29,Tuesday,102.54,99.77,102.01,2.77,87.58,1.1904,3.7496,58.26,0,EIA/FRED/Bloomberg reference + synthetic daily interpolation
2014-04-30,2014,4,30,Wednesday,100.8,98.83,102.2,1.97,87.98,1.1807,3.7498,56.69,0,EIA/FRED/Bloomberg reference + synthetic daily interpolation
2014-05-01,2014,5,1,Thursday,100.25,99.14,98.88,1.11,89.74,1.1554,3.7497,53.85,0,EIA/FRED/Bloomberg reference + synthetic daily interpolation
2014-05-02,2014,5,2,Friday,100.48,98.61,99.84,1.87,87.9,1.1783,3.7499,51.4,0,EIA/FRED/Bloomberg reference + synthetic daily interpolation
2014-05-05,2014,5,5,Monday,98.56,96.49,98.43,2.07,88.56,1.174,3.7499,53.76,0,EIA/FRED/Bloomberg reference + synthetic daily interpolation
2014-05-06,2014,5,6,Tuesday,102.58,97.98,101.72,4.6,88.82,1.1691,3.7499,54.52,0,EIA/FRED/Bloomberg reference + synthetic daily interpolation
2014-05-07,2014,5,7,Wednesday,102.25,101.39,101.06,0.86,88.22,1.1783,3.7499,51.2,0,EIA/FRED/Bloomberg reference + synthetic daily interpolation
2014-05-08,2014,5,8,Thursday,102.76,98.66,102.3,4.1,88.04,1.1782,3.7499,57.75,0,EIA/FRED/Bloomberg reference + synthetic daily interpolation
2014-05-09,2014,5,9,Friday,100.86,99.01,102.15,1.85,88.98,1.1669,3.7499,50.05,0,EIA/FRED/Bloomberg reference + synthetic daily interpolation
2014-05-12,2014,5,12,Monday,102.67,99.63,101.43,3.04,86.34,1.2037,3.75,52.78,0,EIA/FRED/Bloomberg reference + synthetic daily interpolation
2014-05-13,2014,5,13,Tuesday,103.35,100.32,104.67,3.03,88.84,1.1689,3.7497,54.9,0,EIA/FRED/Bloomberg reference + synthetic daily interpolation
2014-05-14,2014,5,14,Wednesday,101.69,97.93,101.19,3.76,89.01,1.1667,3.7497,53.95,0,EIA/FRED/Bloomberg reference + synthetic daily interpolation
2014-05-15,2014,5,15,Thursday,100.01,98.02,99.27,1.99,86.19,1.1991,3.7498,51.93,0,EIA/FRED/Bloomberg reference + synthetic daily interpolation
2014-05-16,2014,5,16,Friday,102.09,98.75,102.34,3.34,88.43,1.1685,3.7498,54.75,0,EIA/FRED/Bloomberg reference + synthetic daily interpolation
2014-05-19,2014,5,19,Monday,99.54,96.14,99.48,3.4,87.71,1.1854,3.75,54.33,0,EIA/FRED/Bloomberg reference + synthetic daily interpolation
2014-05-20,2014,5,20,Tuesday,101.77,99.66,100.51,2.11,87.45,1.1834,3.7497,57.81,0,EIA/FRED/Bloomberg reference + synthetic daily interpolation
2014-05-21,2014,5,21,Wednesday,102.79,97.69,103.5,5.1,88.52,1.1713,3.7498,54.44,0,EIA/FRED/Bloomberg reference + synthetic daily interpolation
2014-05-22,2014,5,22,Thursday,101.18,98.37,100.79,2.81,88.24,1.1709,3.7496,60.42,0,EIA/FRED/Bloomberg reference + synthetic daily interpolation
2014-05-23,2014,5,23,Friday,99.2,95.78,100.49,3.42,90.2,1.1439,3.7499,57.12,0,EIA/FRED/Bloomberg reference + synthetic daily interpolation
2014-05-26,2014,5,26,Monday,101.57,97.92,101.19,3.65,89.07,1.1623,3.7497,53.57,0,EIA/FRED/Bloomberg reference + synthetic daily interpolation
2014-05-27,2014,5,27,Tuesday,101.79,98.56,101.02,3.23,89.09,1.1619,3.7499,54.32,0,EIA/FRED/Bloomberg reference + synthetic daily interpolation
2014-05-28,2014,5,28,Wednesday,100.62,95.07,99.45,5.55,88.53,1.1636,3.7501,53.51,0,EIA/FRED/Bloomberg reference + synthetic daily interpolation
2014-05-29,2014,5,29,Thursday,103.98,102.37,104.91,1.61,88.56,1.17,3.75,54.57,0,EIA/FRED/Bloomberg reference + synthetic daily interpolation
2014-05-30,2014,5,30,Friday,103.16,99.91,104.41,3.25,89.08,1.1479,3.75,51.65,0,EIA/FRED/Bloomberg reference + synthetic daily interpolation
2014-06-02,2014,6,2,Monday,102.45,100.12,103.68,2.33,88.57,1.174,3.75,55.71,0,EIA/FRED/Bloomberg reference + synthetic daily interpolation
2014-06-03,2014,6,3,Tuesday,103.55,102.75,102.67,0.8,87.04,1.196,3.7501,57.26,0,EIA/FRED/Bloomberg reference + synthetic daily interpolation
2014-06-04,2014,6,4,Wednesday,103.67,102.93,103.31,0.74,89.16,1.153,3.7498,55.77,0,EIA/FRED/Bloomberg reference + synthetic daily interpolation
2014-06-05,2014,6,5,Thursday,100.85,99.21,101.39,1.64,90.44,1.1435,3.7501,54.91,0,EIA/FRED/Bloomberg reference + synthetic daily interpolation
2014-06-06,2014,6,6,Friday,97.95,96.31,98.62,1.64,88.32,1.1764,3.7498,56.55,0,EIA/FRED/Bloomberg reference + synthetic daily interpolation
2014-06-09,2014,6,9,Monday,104.29,100.14,104.28,4.15,89.11,1.1592,3.7496,54.26,0,EIA/FRED/Bloomberg reference + synthetic daily interpolation
2014-06-10,2014,6,10,Tuesday,98.88,96.9,99.3,1.98,88.29,1.1636,3.75,55.87,0,EIA/FRED/Bloomberg reference + synthetic daily interpolation
2014-06-11,2014,6,11,Wednesday,102.29,100.7,101.93,1.59,88.34,1.1748,3.75,55.48,0,EIA/FRED/Bloomberg reference + synthetic daily interpolation
2014-06-12,2014,6,12,Thursday,100.61,98.11,100.28,2.5,87.36,1.1834,3.75,56.8,0,EIA/FRED/Bloomberg reference + synthetic daily interpolation
2014-06-13,2014,6,13,Friday,101.76,97.66,100.72,4.1,88.86,1.1683,3.7498,54.7,0,EIA/FRED/Bloomberg reference + synthetic daily interpolation
2014-06-16,2014,6,16,Monday,100.41,95.44,99.62,4.97,88.92,1.1556,3.7501,57.75,0,EIA/FRED/Bloomberg reference + synthetic daily interpolation
2014-06-17,2014,6,17,Tuesday,101.69,101.17,101.29,0.52,87.1,1.1922,3.7498,55.68,0,EIA/FRED/Bloomberg reference + synthetic daily interpolation
2014-06-18,2014,6,18,Wednesday,101.03,99.06,101.05,1.97,89.83,1.1536,3.7499,60.13,0,EIA/FRED/Bloomberg reference + synthetic daily interpolation
2014-06-19,2014,6,19,Thursday,99.07,97.33,98.57,1.74,89.86,1.1505,3.7499,54.39,0,EIA/FRED/Bloomberg reference + synthetic daily interpolation
2014-06-20,2014,6,20,Friday,101.44,96.7,101.61,4.74,89.93,1.1464,3.75,53.97,0,EIA/FRED/Bloomberg reference + synthetic daily interpolation
2014-06-23,2014,6,23,Monday,104.18,100.49,102.81,3.69,90.04,1.1438,3.7498,58.61,0,EIA/FRED/Bloomberg reference + synthetic daily interpolation
2014-06-24,2014,6,24,Tuesday,100.95,95.82,102.17,5.13,90.38,1.1444,3.75,56.98,0,EIA/FRED/Bloomberg reference + synthetic daily interpolation
2014-06-25,2014,6,25,Wednesday,103.12,102.61,103.64,0.51,89.61,1.1561,3.75,54.36,0,EIA/FRED/Bloomberg reference + synthetic daily interpolation
2014-06-26,2014,6,26,Thursday,102.11,97.17,100.66,4.94,86.75,1.2037,3.7498,53.81,0,EIA/FRED/Bloomberg reference + synthetic daily interpolation
2014-06-27,2014,6,27,Friday,103.38,99.51,104.78,3.87,89.87,1.1532,3.7499,52.87,0,EIA/FRED/Bloomberg reference + synthetic daily interpolation
2014-06-30,2014,6,30,Monday,102.71,97.45,103.46,5.26,88.53,1.1691,3.7497,55.63,0,EIA/FRED/Bloomberg reference + synthetic daily interpolation
2014-07-01,2014,7,1,Tuesday,102.52,101.92,102.22,0.6,88.12,1.1721,3.75,56.81,0,EIA/FRED/Bloomberg reference + synthetic daily interpolation
2014-07-02,2014,7,2,Wednesday,98.89,95.81,99.93,3.08,88.64,1.1666,3.75,54.57,0,EIA/FRED/Bloomberg reference + synthetic daily interpolation
2014-07-03,2014,7,3,Thursday,101.94,97.75,102.85,4.19,90.61,1.1291,3.7497,58.62,0,EIA/FRED/Bloomberg reference + synthetic daily interpolation
2014-07-04,2014,7,4,Friday,102.27,98.76,101.1,3.51,89.04,1.1612,3.7499,53.09,0,EIA/FRED/Bloomberg reference + synthetic daily interpolation
2014-07-07,2014,7,7,Monday,98.34,93.66,97.65,4.68,88.56,1.169,3.7497,54.48,0,EIA/FRED/Bloomberg reference + synthetic daily interpolation
2014-07-08,2014,7,8,Tuesday,101.99,100.05,102.27,1.94,89.12,1.1665,3.7497,53.76,0,EIA/FRED/Bloomberg reference + synthetic daily interpolation
2014-07-09,2014,7,9,Wednesday,98.87,98.06,97.45,0.81,89.18,1.1674,3.7501,56.39,0,EIA/FRED/Bloomberg reference + synthetic daily interpolation
2014-07-10,2014,7,10,Thursday,103.14,101.75,103.63,1.39,87.85,1.1885,3.75,52.11,0,EIA/FRED/Bloomberg reference + synthetic daily interpolation
2014-07-11,2014,7,11,Friday,100.23,98.45,99.42,1.78,89.26,1.1649,3.7498,53.49,0,EIA/FRED/Bloomberg reference + synthetic daily interpolation
2014-07-14,2014,7,14,Monday,99.8,97.04,100.07,2.76,90.16,1.1428,3.7497,54.67,0,EIA/FRED/Bloomberg reference + synthetic daily interpolation
2014-07-15,2014,7,15,Tuesday,98.4,96.33,99.6,2.07,85.66,1.2121,3.75,56.5,0,EIA/FRED/Bloomberg reference + synthetic daily interpolation
2014-07-16,2014,7,16,Wednesday,99.81,94.17,98.96,5.64,89.57,1.1581,3.7499,57.24,0,EIA/FRED/Bloomberg reference + synthetic daily interpolation
2014-07-17,2014,7,17,Thursday,100.98,97.19,100.66,3.79,89.4,1.1568,3.7496,53.72,0,EIA/FRED/Bloomberg reference + synthetic daily interpolation
2014-07-18,2014,7,18,Friday,101.03,99.86,102.44,1.17,86.67,1.2044,3.7497,58.01,0,EIA/FRED/Bloomberg reference + synthetic daily interpolation
2014-07-21,2014,7,21,Monday,101.86,96.33,100.95,5.53,88.96,1.1682,3.7498,52.95,0,EIA/FRED/Bloomberg reference + synthetic daily interpolation
2014-07-22,2014,7,22,Tuesday,99.71,96.62,99.56,3.09,87.26,1.1929,3.75,54.53,0,EIA/FRED/Bloomberg reference + synthetic daily interpolation
2014-07-23,2014,7,23,Wednesday,99.84,96.58,98.53,3.26,87.23,1.1943,3.7497,59.83,0,EIA/FRED/Bloomberg reference + synthetic daily interpolation
2014-07-24,2014,7,24,Thursday,100.52,95.32,99.61,5.2,88.61,1.1688,3.7499,56.12,0,EIA/FRED/Bloomberg reference + synthetic daily interpolation
2014-07-25,2014,7,25,Friday,100.26,98.86,99.77,1.4,89.88,1.1516,3.7498,57.6,0,EIA/FRED/Bloomberg reference + synthetic daily interpolation
2014-07-28,2014,7,28,Monday,100.87,96.49,102.13,4.38,88.85,1.1659,3.75,56.33,0,EIA/FRED/Bloomberg reference + synthetic daily interpolation
2014-07-29,2014,7,29,Tuesday,101.17,100.26,100.6,0.91,89.38,1.1578,3.7501,54.98,0,EIA/FRED/Bloomberg reference + synthetic daily interpolation
2014-07-30,2014,7,30,Wednesday,101.87,98.93,100.45,2.94,87.82,1.1765,3.7497,53.82,0,EIA/FRED/Bloomberg reference + synthetic daily interpolation
2014-07-31,2014,7,31,Thursday,97.31,92.97,96.86,4.34,88.22,1.1875,3.7499,54.02,0,EIA/FRED/Bloomberg reference + synthetic daily interpolation
2014-08-01,2014,8,1,Friday,99.73,95.7,99.61,4.03,90.76,1.146,3.75,51.54,0,EIA/FRED/Bloomberg reference + synthetic daily interpolation
2014-08-04,2014,8,4,Monday,99.34,93.97,100.43,5.37,89.09,1.1695,3.7499,56.79,0,EIA/FRED/Bloomberg reference + synthetic daily interpolation
2014-08-05,2014,8,5,Tuesday,99.68,95.75,100.37,3.93,89.27,1.1545,3.7498,55.21,0,EIA/FRED/Bloomberg reference + synthetic daily interpolation
2014-08-06,2014,8,6,Wednesday,98.18,93.58,97.7,4.6,87.15,1.1935,3.7496,54.6,0,EIA/FRED/Bloomberg reference + synthetic daily interpolation
2014-08-07,2014,8,7,Thursday,99.18,94.23,99.11,4.95,89.01,1.173,3.7499,57.29,0,EIA/FRED/Bloomberg reference + synthetic daily interpolation
2014-08-08,2014,8,8,Friday,100.18,96.6,101.3,3.58,89.86,1.1544,3.75,53.32,0,EIA/FRED/Bloomberg reference + synthetic daily interpolation
2014-08-11,2014,8,11,Monday,99.87,95.62,99.23,4.25,88.31,1.1671,3.7497,53.84,0,EIA/FRED/Bloomberg reference + synthetic daily interpolation
2014-08-12,2014,8,12,Tuesday,99.04,97.17,98.64,1.87,87.23,1.1835,3.7496,53.73,0,EIA/FRED/Bloomberg reference + synthetic daily interpolation
2014-08-13,2014,8,13,Wednesday,98.68,97.43,99.7,1.25,85.96,1.2137,3.7501,56.23,0,EIA/FRED/Bloomberg reference + synthetic daily interpolation
2014-08-14,2014,8,14,Thursday,99.74,94.74,100.27,5.0,87.23,1.1981,3.7499,54.75,0,EIA/FRED/Bloomberg reference + synthetic daily interpolation
2014-08-15,2014,8,15,Friday,101.76,96.88,102.5,4.88,90.55,1.1449,3.7498,54.91,0,EIA/FRED/Bloomberg reference + synthetic daily interpolation
2014-08-18,2014,8,18,Monday,98.61,96.44,97.33,2.17,87.61,1.1882,3.7498,54.72,0,EIA/FRED/Bloomberg reference + synthetic daily interpolation
2014-08-19,2014,8,19,Tuesday,99.22,95.16,99.43,4.06,88.66,1.1717,3.7498,53.12,0,EIA/FRED/Bloomberg reference + synthetic daily interpolation
2014-08-20,2014,8,20,Wednesday,100.42,98.55,100.19,1.87,88.46,1.1826,3.75,54.4,0,EIA/FRED/Bloomberg reference + synthetic daily interpolation
2014-08-21,2014,8,21,Thursday,100.27,95.84,98.84,4.43,87.7,1.1933,3.75,56.3,0,EIA/FRED/Bloomberg reference + synthetic daily interpolation
2014-08-22,2014,8,22,Friday,100.51,99.64,101.98,0.87,88.58,1.173,3.7499,57.69,0,EIA/FRED/Bloomberg reference + synthetic daily interpolation
2014-08-25,2014,8,25,Monday,97.63,92.55,97.57,5.08,87.28,1.1995,3.75,55.37,0,EIA/FRED/Bloomberg reference + synthetic daily interpolation
2014-08-26,2014,8,26,Tuesday,99.83,95.98,99.34,3.85,89.38,1.155,3.7497,57.35,0,EIA/FRED/Bloomberg reference + synthetic daily interpolation
2014-08-27,2014,8,27,Wednesday,97.98,92.57,97.58,5.41,88.27,1.1639,3.75,57.4,0,EIA/FRED/Bloomberg reference + synthetic daily interpolation
2014-08-28,2014,8,28,Thursday,103.24,101.84,104.32,1.4,87.4,1.1928,3.7497,54.32,0,EIA/FRED/Bloomberg reference + synthetic daily interpolation
2014-08-29,2014,8,29,Friday,98.82,95.91,99.2,2.91,87.98,1.1831,3.7499,52.19,0,EIA/FRED/Bloomberg reference + synthetic daily interpolation
2014-09-01,2014,9,1,Monday,96.68,95.98,98.13,0.7,88.59,1.1656,3.7496,55.73,0,EIA/FRED/Bloomberg reference + synthetic daily interpolation
2014-09-02,2014,9,2,Tuesday,98.91,98.21,97.82,0.7,91.88,1.1218,3.7499,56.99,0,EIA/FRED/Bloomberg reference + synthetic daily interpolation
2014-09-03,2014,9,3,Wednesday,98.81,94.79,100.14,4.02,90.26,1.1511,3.7498,54.39,0,EIA/FRED/Bloomberg reference + synthetic daily interpolation
2014-09-04,2014,9,4,Thursday,96.56,95.92,95.83,0.64,89.06,1.1648,3.7501,54.64,0,EIA/FRED/Bloomberg reference + synthetic daily interpolation
2014-09-05,2014,9,5,Friday,97.04,92.7,97.6,4.34,88.45,1.1643,3.7501,55.23,0,EIA/FRED/Bloomberg reference + synthetic daily interpolation
2014-09-08,2014,9,8,Monday,98.79,95.16,97.91,3.63,88.41,1.1688,3.7496,54.9,0,EIA/FRED/Bloomberg reference + synthetic daily interpolation
2014-09-09,2014,9,9,Tuesday,99.19,98.37,97.81,0.82,89.75,1.1475,3.7497,56.82,0,EIA/FRED/Bloomberg reference + synthetic daily interpolation
2014-09-10,2014,9,10,Wednesday,98.61,93.79,97.76,4.82,87.74,1.1885,3.7498,54.2,0,EIA/FRED/Bloomberg reference + synthetic daily interpolation
2014-09-11,2014,9,11,Thursday,99.65,99.07,99.44,0.58,89.8,1.152,3.7497,56.81,0,EIA/FRED/Bloomberg reference + synthetic daily interpolation
2014-09-12,2014,9,12,Friday,99.46,97.06,98.18,2.4,87.43,1.1922,3.7497,54.11,0,EIA/FRED/Bloomberg reference + synthetic daily interpolation
2014-09-15,2014,9,15,Monday,94.74,91.63,95.3,3.11,90.61,1.1443,3.7499,58.88,0,EIA/FRED/Bloomberg reference + synthetic daily interpolation
2014-09-16,2014,9,16,Tuesday,100.59,99.42,99.33,1.17,88.51,1.1694,3.75,55.87,0,EIA/FRED/Bloomberg reference + synthetic daily interpolation
2014-09-17,2014,9,17,Wednesday,97.07,92.44,97.42,4.63,88.67,1.1713,3.7497,58.2,0,EIA/FRED/Bloomberg reference + synthetic daily interpolation
2014-09-18,2014,9,18,Thursday,94.97,94.41,94.23,0.56,88.24,1.1708,3.7501,54.41,0,EIA/FRED/Bloomberg reference + synthetic daily interpolation
2014-09-19,2014,9,19,Friday,98.53,94.19,98.52,4.34,88.23,1.1766,3.7497,53.37,0,EIA/FRED/Bloomberg reference + synthetic daily interpolation
2014-09-22,2014,9,22,Monday,98.26,97.58,98.7,0.68,87.94,1.1895,3.75,54.87,0,EIA/FRED/Bloomberg reference + synthetic daily interpolation
2014-09-23,2014,9,23,Tuesday,98.0,94.65,98.66,3.35,90.31,1.1468,3.7499,57.36,0,EIA/FRED/Bloomberg reference + synthetic daily interpolation
2014-09-24,2014,9,24,Wednesday,99.5,97.73,98.7,1.77,90.44,1.1452,3.7501,52.46,0,EIA/FRED/Bloomberg reference + synthetic daily interpolation
2014-09-25,2014,9,25,Thursday,96.55,92.89,97.4,3.66,89.5,1.1517,3.7496,55.55,0,EIA/FRED/Bloomberg reference + synthetic daily interpolation
2014-09-26,2014,9,26,Friday,94.78,90.03,93.36,4.75,87.2,1.1877,3.7497,57.02,0,EIA/FRED/Bloomberg reference + synthetic daily interpolation
2014-09-29,2014,9,29,Monday,94.9,91.92,95.52,2.98,90.3,1.1452,3.7499,56.62,0,EIA/FRED/Bloomberg reference + synthetic daily interpolation
2014-09-30,2014,9,30,Tuesday,95.64,92.3,95.48,3.34,90.27,1.1411,3.7498,51.36,0,EIA/FRED/Bloomberg reference + synthetic daily interpolation
2014-10-01,2014,10,1,Wednesday,95.61,91.69,96.51,3.92,88.63,1.1738,3.75,55.49,0,EIA/FRED/Bloomberg reference + synthetic daily interpolation
2014-10-02,2014,10,2,Thursday,96.55,93.7,96.98,2.85,87.23,1.1924,3.75,52.23,0,EIA/FRED/Bloomberg reference + synthetic daily interpolation
2014-10-03,2014,10,3,Friday,95.2,90.08,96.38,5.12,86.35,1.2017,3.7496,58.08,0,EIA/FRED/Bloomberg reference + synthetic daily interpolation
2014-10-06,2014,10,6,Monday,98.21,94.6,98.9,3.61,88.27,1.1706,3.75,56.22,0,EIA/FRED/Bloomberg reference + synthetic daily interpolation
2014-10-07,2014,10,7,Tuesday,99.34,96.13,99.33,3.21,86.94,1.1951,3.7498,54.7,0,EIA/FRED/Bloomberg reference + synthetic daily interpolation
2014-10-08,2014,10,8,Wednesday,97.04,96.52,97.61,0.52,90.72,1.1487,3.7499,55.75,0,EIA/FRED/Bloomberg reference + synthetic daily interpolation
2014-10-09,2014,10,9,Thursday,94.99,94.03,95.57,0.96,89.29,1.1585,3.75,57.2,0,EIA/FRED/Bloomberg reference + synthetic daily interpolation
2014-10-10,2014,10,10,Friday,96.91,95.43,97.1,1.48,87.7,1.1767,3.7498,55.94,0,EIA/FRED/Bloomberg reference + synthetic daily interpolation
2014-10-13,2014,10,13,Monday,95.56,94.16,94.31,1.4,89.93,1.1411,3.7499,58.18,0,EIA/FRED/Bloomberg reference + synthetic daily interpolation
2014-10-14,2014,10,14,Tuesday,96.33,92.09,95.97,4.24,89.37,1.1552,3.75,51.31,0,EIA/FRED/Bloomberg reference + synthetic daily interpolation
2014-10-15,2014,10,15,Wednesday,95.65,89.92,95.42,5.73,89.09,1.165,3.7501,54.89,0,EIA/FRED/Bloomberg reference + synthetic daily interpolation
2014-10-16,2014,10,16,Thursday,96.72,94.9,95.3,1.82,87.1,1.1905,3.7499,56.99,0,EIA/FRED/Bloomberg reference + synthetic daily interpolation
2014-10-17,2014,10,17,Friday,96.71,93.55,97.48,3.16,90.16,1.1484,3.7497,55.47,0,EIA/FRED/Bloomberg reference + synthetic daily interpolation
2014-10-20,2014,10,20,Monday,95.63,91.92,96.07,3.71,88.02,1.1838,3.75,53.55,0,EIA/FRED/Bloomberg reference + synthetic daily interpolation
2014-10-21,2014,10,21,Tuesday,95.22,94.67,95.87,0.55,87.81,1.1877,3.7496,58.67,0,EIA/FRED/Bloomberg reference + synthetic daily interpolation
2014-10-22,2014,10,22,Wednesday,97.19,96.42,97.52,0.77,88.36,1.1742,3.7499,55.24,0,EIA/FRED/Bloomberg reference + synthetic daily interpolation
2014-10-23,2014,10,23,Thursday,96.94,92.54,97.72,4.4,89.23,1.1575,3.7501,53.54,0,EIA/FRED/Bloomberg reference + synthetic daily interpolation
2014-10-24,2014,10,24,Friday,97.62,95.5,98.52,2.12,86.98,1.1911,3.75,55.87,0,EIA/FRED/Bloomberg reference + synthetic daily interpolation
2014-10-27,2014,10,27,Monday,95.43,92.63,95.11,2.8,87.41,1.1944,3.7499,55.03,0,EIA/FRED/Bloomberg reference + synthetic daily interpolation
2014-10-28,2014,10,28,Tuesday,94.4,88.57,94.22,5.83,89.2,1.1634,3.7499,58.3,0,EIA/FRED/Bloomberg reference + synthetic daily interpolation
2014-10-29,2014,10,29,Wednesday,98.35,96.14,99.48,2.21,89.04,1.1701,3.7497,56.07,0,EIA/FRED/Bloomberg reference + synthetic daily interpolation
2014-10-30,2014,10,30,Thursday,96.38,90.68,96.23,5.7,88.29,1.185,3.7499,58.37,0,EIA/FRED/Bloomberg reference + synthetic daily interpolation
2014-10-31,2014,10,31,Friday,95.87,92.98,95.37,2.89,90.52,1.1433,3.7499,56.25,0,EIA/FRED/Bloomberg reference + synthetic daily interpolation
2014-11-03,2014,11,3,Monday,96.45,93.23,96.88,3.22,89.47,1.1676,3.7498,52.29,0,EIA/FRED/Bloomberg reference + synthetic daily interpolation
2014-11-04,2014,11,4,Tuesday,96.9,92.74,95.8,4.16,89.17,1.1664,3.75,55.04,0,EIA/FRED/Bloomberg reference + synthetic daily interpolation
2014-11-05,2014,11,5,Wednesday,98.07,97.37,97.16,0.7,87.98,1.1786,3.7498,52.97,0,EIA/FRED/Bloomberg reference + synthetic daily interpolation
2014-11-06,2014,11,6,Thursday,95.6,93.12,95.29,2.48,90.94,1.133,3.75,54.64,0,EIA/FRED/Bloomberg reference + synthetic daily interpolation
2014-11-07,2014,11,7,Friday,96.65,94.41,95.93,2.24,87.65,1.1721,3.7497,54.12,0,EIA/FRED/Bloomberg reference + synthetic daily interpolation
2014-11-10,2014,11,10,Monday,95.61,95.1,94.42,0.51,90.11,1.1505,3.75,54.7,0,EIA/FRED/Bloomberg reference + synthetic daily interpolation
2014-11-11,2014,11,11,Tuesday,95.07,91.6,96.14,3.47,89.38,1.1618,3.7497,56.57,0,EIA/FRED/Bloomberg reference + synthetic daily interpolation
2014-11-12,2014,11,12,Wednesday,94.73,89.57,94.0,5.16,90.38,1.1492,3.7496,54.82,0,EIA/FRED/Bloomberg reference + synthetic daily interpolation
2014-11-13,2014,11,13,Thursday,95.72,92.67,95.69,3.05,86.54,1.2007,3.7498,56.53,0,EIA/FRED/Bloomberg reference + synthetic daily interpolation
2014-11-14,2014,11,14,Friday,95.03,91.44,95.03,3.59,87.87,1.1846,3.75,56.36,0,EIA/FRED/Bloomberg reference + synthetic daily interpolation
2014-11-17,2014,11,17,Monday,96.29,92.55,97.02,3.74,88.02,1.1697,3.75,52.36,0,EIA/FRED/Bloomberg reference + synthetic daily interpolation
2014-11-18,2014,11,18,Tuesday,96.82,95.63,95.83,1.19,86.45,1.2053,3.7498,54.65,0,EIA/FRED/Bloomberg reference + synthetic daily interpolation
2014-11-19,2014,11,19,Wednesday,96.07,94.09,96.51,1.98,88.91,1.1653,3.75,58.86,0,EIA/FRED/Bloomberg reference + synthetic daily interpolation
2014-11-20,2014,11,20,Thursday,96.29,92.91,95.7,3.38,89.02,1.1602,3.7498,55.55,0,EIA/FRED/Bloomberg reference + synthetic daily interpolation
2014-11-21,2014,11,21,Friday,96.44,93.02,95.89,3.42,86.59,1.1988,3.7501,56.96,0,EIA/FRED/Bloomberg reference + synthetic daily interpolation
2014-11-24,2014,11,24,Monday,94.43,88.99,95.48,5.44,88.06,1.1743,3.7497,56.0,0,EIA/FRED/Bloomberg reference + synthetic daily interpolation
2014-11-25,2014,11,25,Tuesday,97.79,96.94,96.42,0.85,88.81,1.172,3.7498,57.46,0,EIA/FRED/Bloomberg reference + synthetic daily interpolation
2014-11-26,2014,11,26,Wednesday,96.98,94.81,96.15,2.17,88.52,1.1687,3.7499,53.65,0,EIA/FRED/Bloomberg reference + synthetic daily interpolation
2014-11-27,2014,11,27,Thursday,96.29,91.55,96.73,4.74,87.01,1.1882,3.7499,53.69,0,EIA/FRED/Bloomberg reference + synthetic daily interpolation
2014-11-28,2014,11,28,Friday,96.3,91.74,96.61,4.56,86.82,1.2006,3.7497,54.37,0,EIA/FRED/Bloomberg reference + synthetic daily interpolation
2014-12-01,2014,12,1,Monday,93.79,92.3,94.01,1.49,89.68,1.1551,3.7499,53.45,0,EIA/FRED/Bloomberg reference + synthetic daily interpolation
2014-12-02,2014,12,2,Tuesday,94.47,89.59,93.44,4.88,89.06,1.1689,3.7501,55.67,0,EIA/FRED/Bloomberg reference + synthetic daily interpolation
2014-12-03,2014,12,3,Wednesday,96.17,90.3,97.55,5.87,90.38,1.1502,3.7498,54.65,0,EIA/FRED/Bloomberg reference + synthetic daily interpolation
2014-12-04,2014,12,4,Thursday,93.17,87.55,92.9,5.62,89.69,1.1572,3.75,56.67,0,EIA/FRED/Bloomberg reference + synthetic daily interpolation
2014-12-05,2014,12,5,Friday,94.66,90.74,94.67,3.92,89.25,1.1649,3.75,56.09,0,EIA/FRED/Bloomberg reference + synthetic daily interpolation
2014-12-08,2014,12,8,Monday,94.78,93.56,95.01,1.22,87.69,1.1831,3.75,57.43,0,EIA/FRED/Bloomberg reference + synthetic daily interpolation
2014-12-09,2014,12,9,Tuesday,94.89,92.74,94.27,2.15,87.75,1.1903,3.75,53.75,0,EIA/FRED/Bloomberg reference + synthetic daily interpolation
2014-12-10,2014,12,10,Wednesday,95.64,90.28,94.74,5.36,88.62,1.1847,3.7501,54.66,0,EIA/FRED/Bloomberg reference + synthetic daily interpolation
2014-12-11,2014,12,11,Thursday,95.77,94.61,95.04,1.16,87.77,1.1803,3.7496,53.39,0,EIA/FRED/Bloomberg reference + synthetic daily interpolation
2014-12-12,2014,12,12,Friday,95.04,92.72,94.22,2.32,87.98,1.173,3.7497,57.61,0,EIA/FRED/Bloomberg reference + synthetic daily interpolation
2014-12-15,2014,12,15,Monday,97.02,95.41,96.96,1.61,87.11,1.1948,3.7501,52.37,0,EIA/FRED/Bloomberg reference + synthetic daily interpolation
2014-12-16,2014,12,16,Tuesday,94.23,89.85,94.82,4.38,85.84,1.2112,3.7496,57.91,0,EIA/FRED/Bloomberg reference + synthetic daily interpolation
2014-12-17,2014,12,17,Wednesday,96.92,92.91,96.1,4.01,91.39,1.1264,3.7497,54.47,0,EIA/FRED/Bloomberg reference + synthetic daily interpolation
2014-12-18,2014,12,18,Thursday,96.89,93.49,97.2,3.4,88.14,1.1749,3.7497,56.17,0,EIA/FRED/Bloomberg reference + synthetic daily interpolation
2014-12-19,2014,12,19,Friday,96.59,91.81,96.77,4.78,90.05,1.1538,3.75,54.71,0,EIA/FRED/Bloomberg reference + synthetic daily interpolation
2014-12-22,2014,12,22,Monday,95.32,92.89,95.19,2.43,89.43,1.1567,3.75,56.28,0,EIA/FRED/Bloomberg reference + synthetic daily interpolation
2014-12-23,2014,12,23,Tuesday,96.42,93.96,96.94,2.46,87.43,1.1813,3.7498,53.04,0,EIA/FRED/Bloomberg reference + synthetic daily interpolation
2014-12-24,2014,12,24,Wednesday,96.86,94.53,95.36,2.33,88.83,1.1644,3.75,50.65,0,EIA/FRED/Bloomberg reference + synthetic daily interpolation
2014-12-25,2014,12,25,Thursday,96.5,92.5,97.68,4.0,88.39,1.1753,3.7497,55.86,0,EIA/FRED/Bloomberg reference + synthetic daily interpolation
2014-12-26,2014,12,26,Friday,95.41,89.42,94.11,5.99,89.09,1.1671,3.7497,58.4,0,EIA/FRED/Bloomberg reference + synthetic daily interpolation
2014-12-29,2014,12,29,Monday,96.19,95.18,95.99,1.01,88.97,1.1723,3.7498,54.27,0,EIA/FRED/Bloomberg reference + synthetic daily interpolation
2014-12-30,2014,12,30,Tuesday,94.24,90.94,95.05,3.3,88.9,1.1637,3.7499,53.81,0,EIA/FRED/Bloomberg reference + synthetic daily interpolation
2014-12-31,2014,12,31,Wednesday,95.06,91.56,93.79,3.5,86.88,1.1955,3.7499,54.92,0,EIA/FRED/Bloomberg reference + synthetic daily interpolation
2015-01-01,2015,1,1,Thursday,48.96,48.13,48.62,0.83,98.13,1.0391,3.7496,55.47,0,EIA/FRED/Bloomberg reference + synthetic daily interpolation
2015-01-02,2015,1,2,Friday,49.91,48.94,49.54,0.97,100.21,0.9981,3.7496,56.84,0,EIA/FRED/Bloomberg reference + synthetic daily interpolation
2015-01-05,2015,1,5,Monday,49.51,46.74,49.54,2.77,98.99,1.0244,3.7498,53.36,0,EIA/FRED/Bloomberg reference + synthetic daily interpolation
2015-01-06,2015,1,6,Tuesday,48.95,43.89,48.79,5.06,98.31,1.0344,3.7499,55.06,0,EIA/FRED/Bloomberg reference + synthetic daily interpolation
2015-01-07,2015,1,7,Wednesday,50.14,48.21,49.04,1.93,97.08,1.0603,3.75,56.8,0,EIA/FRED/Bloomberg reference + synthetic daily interpolation
2015-01-08,2015,1,8,Thursday,50.44,48.88,49.76,1.56,99.8,0.997,3.7499,57.41,0,EIA/FRED/Bloomberg reference + synthetic daily interpolation
2015-01-09,2015,1,9,Friday,49.29,46.83,50.23,2.46,98.72,1.0064,3.7497,57.51,0,EIA/FRED/Bloomberg reference + synthetic daily interpolation
2015-01-12,2015,1,12,Monday,51.34,48.21,51.01,3.13,96.35,1.0571,3.7498,57.15,0,EIA/FRED/Bloomberg reference + synthetic daily interpolation
2015-01-13,2015,1,13,Tuesday,50.11,45.33,50.36,4.78,100.28,0.9942,3.7501,57.04,0,EIA/FRED/Bloomberg reference + synthetic daily interpolation
2015-01-14,2015,1,14,Wednesday,51.12,47.21,50.61,3.91,97.49,1.0401,3.7501,57.27,0,EIA/FRED/Bloomberg reference + synthetic daily interpolation
2015-01-15,2015,1,15,Thursday,50.53,46.85,50.34,3.68,97.07,1.053,3.7498,55.1,0,EIA/FRED/Bloomberg reference + synthetic daily interpolation
2015-01-16,2015,1,16,Friday,50.9,46.5,50.0,4.4,97.22,1.0344,3.75,61.8,0,EIA/FRED/Bloomberg reference + synthetic daily interpolation
2015-01-19,2015,1,19,Monday,50.59,46.08,50.5,4.51,98.64,1.0103,3.7497,55.49,0,EIA/FRED/Bloomberg reference + synthetic daily interpolation
2015-01-20,2015,1,20,Tuesday,50.7,48.88,50.82,1.82,98.86,1.0155,3.75,53.28,0,EIA/FRED/Bloomberg reference + synthetic daily interpolation
2015-01-21,2015,1,21,Wednesday,51.0,48.56,51.57,2.44,98.48,1.03,3.7499,56.95,0,EIA/FRED/Bloomberg reference + synthetic daily interpolation
2015-01-22,2015,1,22,Thursday,50.75,45.72,51.11,5.03,96.96,1.0365,3.7497,56.34,0,EIA/FRED/Bloomberg reference + synthetic daily interpolation
2015-01-23,2015,1,23,Friday,51.18,46.02,52.09,5.16,99.84,1.005,3.7501,56.75,0,EIA/FRED/Bloomberg reference + synthetic daily interpolation
2015-01-26,2015,1,26,Monday,52.38,47.67,51.78,4.71,97.0,1.0478,3.75,59.14,0,EIA/FRED/Bloomberg reference + synthetic daily interpolation
2015-01-27,2015,1,27,Tuesday,50.09,44.32,50.5,5.77,100.11,1.0006,3.7498,59.93,0,EIA/FRED/Bloomberg reference + synthetic daily interpolation
2015-01-28,2015,1,28,Wednesday,49.86,44.2,48.88,5.66,98.95,1.0204,3.7498,58.66,0,EIA/FRED/Bloomberg reference + synthetic daily interpolation
2015-01-29,2015,1,29,Thursday,51.42,48.41,51.36,3.01,98.77,1.0177,3.75,59.97,0,EIA/FRED/Bloomberg reference + synthetic daily interpolation
2015-01-30,2015,1,30,Friday,52.05,50.69,52.77,1.36,98.97,1.0267,3.75,57.24,0,EIA/FRED/Bloomberg reference + synthetic daily interpolation
2015-02-02,2015,2,2,Monday,52.01,48.79,50.7,3.22,100.0,1.0009,3.7497,59.73,0,EIA/FRED/Bloomberg reference + synthetic daily interpolation
2015-02-03,2015,2,3,Tuesday,51.65,50.5,51.43,1.15,99.58,1.0004,3.7498,55.88,0,EIA/FRED/Bloomberg reference + synthetic daily interpolation
2015-02-04,2015,2,4,Wednesday,52.24,49.56,52.91,2.68,96.74,1.048,3.75,52.51,0,EIA/FRED/Bloomberg reference + synthetic daily interpolation
2015-02-05,2015,2,5,Thursday,51.42,49.97,52.13,1.45,97.54,1.0369,3.7498,59.78,0,EIA/FRED/Bloomberg reference + synthetic daily interpolation
2015-02-06,2015,2,6,Friday,51.06,49.87,51.04,1.19,96.85,1.0387,3.7499,51.52,0,EIA/FRED/Bloomberg reference + synthetic daily interpolation
2015-02-09,2015,2,9,Monday,52.24,49.23,51.92,3.01,96.7,1.052,3.7499,54.99,0,EIA/FRED/Bloomberg reference + synthetic daily interpolation
2015-02-10,2015,2,10,Tuesday,51.06,49.78,50.93,1.28,97.79,1.0354,3.7501,59.7,0,EIA/FRED/Bloomberg reference + synthetic daily interpolation
2015-02-11,2015,2,11,Wednesday,51.46,50.66,52.95,0.8,98.47,1.0198,3.75,57.37,0,EIA/FRED/Bloomberg reference + synthetic daily interpolation
2015-02-12,2015,2,12,Thursday,52.37,50.49,51.68,1.88,99.67,1.0048,3.75,57.2,0,EIA/FRED/Bloomberg reference + synthetic daily interpolation
2015-02-13,2015,2,13,Friday,49.56,47.16,49.0,2.4,100.67,0.9894,3.7501,53.5,0,EIA/FRED/Bloomberg reference + synthetic daily interpolation
2015-02-16,2015,2,16,Monday,51.22,48.89,51.05,2.33,98.93,1.0032,3.7498,59.18,0,EIA/FRED/Bloomberg reference + synthetic daily interpolation
2015-02-17,2015,2,17,Tuesday,51.93,47.84,53.36,4.09,96.53,1.0463,3.7497,60.18,0,EIA/FRED/Bloomberg reference + synthetic daily interpolation
2015-02-18,2015,2,18,Wednesday,52.71,47.25,52.1,5.46,98.33,1.0284,3.7498,56.47,0,EIA/FRED/Bloomberg reference + synthetic daily interpolation
2015-02-19,2015,2,19,Thursday,52.58,46.65,53.65,5.93,99.17,1.0115,3.7499,56.75,0,EIA/FRED/Bloomberg reference + synthetic daily interpolation
2015-02-20,2015,2,20,Friday,50.68,49.22,51.38,1.46,98.99,1.0158,3.7501,56.3,0,EIA/FRED/Bloomberg reference + synthetic daily interpolation
2015-02-23,2015,2,23,Monday,51.28,46.55,51.57,4.73,97.88,1.0382,3.7499,58.98,0,EIA/FRED/Bloomberg reference + synthetic daily interpolation
2015-02-24,2015,2,24,Tuesday,51.06,46.4,50.97,4.66,98.51,1.0301,3.7498,55.42,0,EIA/FRED/Bloomberg reference + synthetic daily interpolation
2015-02-25,2015,2,25,Wednesday,52.94,48.45,52.55,4.49,98.42,1.0251,3.75,57.45,0,EIA/FRED/Bloomberg reference + synthetic daily interpolation
2015-02-26,2015,2,26,Thursday,51.72,49.53,51.39,2.19,98.97,1.0138,3.7498,54.65,0,EIA/FRED/Bloomberg reference + synthetic daily interpolation
2015-02-27,2015,2,27,Friday,52.47,48.19,53.92,4.28,98.47,1.0288,3.7497,54.46,0,EIA/FRED/Bloomberg reference + synthetic daily interpolation
2015-03-02,2015,3,2,Monday,51.35,45.44,50.79,5.91,97.72,1.0403,3.75,59.0,0,EIA/FRED/Bloomberg reference + synthetic daily interpolation
2015-03-03,2015,3,3,Tuesday,52.65,46.9,53.4,5.75,98.8,1.0083,3.75,54.4,0,EIA/FRED/Bloomberg reference + synthetic daily interpolation
2015-03-04,2015,3,4,Wednesday,52.12,49.55,52.75,2.57,98.95,1.0161,3.7501,56.24,0,EIA/FRED/Bloomberg reference + synthetic daily interpolation
2015-03-05,2015,3,5,Thursday,53.65,48.4,54.42,5.25,100.21,1.0019,3.7497,56.89,0,EIA/FRED/Bloomberg reference + synthetic daily interpolation
2015-03-06,2015,3,6,Friday,53.2,48.51,53.59,4.69,99.85,1.0044,3.7498,57.57,0,EIA/FRED/Bloomberg reference + synthetic daily interpolation
2015-03-09,2015,3,9,Monday,52.65,48.97,51.77,3.68,95.87,1.0632,3.7496,58.26,0,EIA/FRED/Bloomberg reference + synthetic daily interpolation
2015-03-10,2015,3,10,Tuesday,52.63,51.3,52.91,1.33,96.7,1.0493,3.75,53.88,0,EIA/FRED/Bloomberg reference + synthetic daily interpolation
2015-03-11,2015,3,11,Wednesday,52.07,51.34,51.68,0.73,100.08,0.9989,3.75,59.76,0,EIA/FRED/Bloomberg reference + synthetic daily interpolation
2015-03-12,2015,3,12,Thursday,52.8,47.13,52.77,5.67,97.16,1.045,3.7501,59.61,0,EIA/FRED/Bloomberg reference + synthetic daily interpolation
2015-03-13,2015,3,13,Friday,53.43,50.79,52.03,2.64,98.38,1.0286,3.7501,60.92,0,EIA/FRED/Bloomberg reference + synthetic daily interpolation
2015-03-16,2015,3,16,Monday,53.47,51.17,54.92,2.3,98.14,1.0331,3.7496,58.14,0,EIA/FRED/Bloomberg reference + synthetic daily interpolation
2015-03-17,2015,3,17,Tuesday,51.95,50.8,53.06,1.15,97.89,1.0427,3.7498,59.01,0,EIA/FRED/Bloomberg reference + synthetic daily interpolation
2015-03-18,2015,3,18,Wednesday,52.8,51.22,51.61,1.58,98.75,1.017,3.7501,56.82,0,EIA/FRED/Bloomberg reference + synthetic daily interpolation
2015-03-19,2015,3,19,Thursday,54.02,50.05,54.49,3.97,97.17,1.0379,3.75,53.78,0,EIA/FRED/Bloomberg reference + synthetic daily interpolation
2015-03-20,2015,3,20,Friday,53.57,52.48,53.21,1.09,100.79,0.9876,3.75,60.82,0,EIA/FRED/Bloomberg reference + synthetic daily interpolation
2015-03-23,2015,3,23,Monday,53.97,52.18,53.35,1.79,97.06,1.0444,3.7501,56.65,0,EIA/FRED/Bloomberg reference + synthetic daily interpolation
2015-03-24,2015,3,24,Tuesday,53.49,48.36,53.1,5.13,96.96,1.0428,3.7497,53.55,0,EIA/FRED/Bloomberg reference + synthetic daily interpolation
2015-03-25,2015,3,25,Wednesday,54.62,48.67,55.79,5.95,99.55,1.0063,3.7499,57.65,0,EIA/FRED/Bloomberg reference + synthetic daily interpolation
2015-03-26,2015,3,26,Thursday,53.85,48.43,54.82,5.42,98.71,1.0274,3.7496,55.97,0,EIA/FRED/Bloomberg reference + synthetic daily interpolation
2015-03-27,2015,3,27,Friday,54.06,51.91,54.46,2.15,100.04,0.9986,3.75,55.96,0,EIA/FRED/Bloomberg reference + synthetic daily interpolation
2015-03-30,2015,3,30,Monday,53.85,53.33,54.1,0.52,98.88,1.0173,3.7497,57.85,0,EIA/FRED/Bloomberg reference + synthetic daily interpolation
2015-03-31,2015,3,31,Tuesday,54.94,49.08,53.53,5.86,98.69,1.0284,3.7498,55.88,0,EIA/FRED/Bloomberg reference + synthetic daily interpolation
2015-04-01,2015,4,1,Wednesday,54.13,51.93,55.6,2.2,96.47,1.0499,3.7499,60.62,0,EIA/FRED/Bloomberg reference + synthetic daily interpolation
2015-04-02,2015,4,2,Thursday,53.66,50.19,54.75,3.47,97.8,1.0394,3.7496,54.85,0,EIA/FRED/Bloomberg reference + synthetic daily interpolation
2015-04-03,2015,4,3,Friday,54.54,50.18,54.01,4.36,98.84,1.0171,3.7498,56.87,0,EIA/FRED/Bloomberg reference + synthetic daily interpolation
2015-04-06,2015,4,6,Monday,53.68,51.62,54.71,2.06,99.63,1.0011,3.7498,58.32,0,EIA/FRED/Bloomberg reference + synthetic daily interpolation
2015-04-07,2015,4,7,Tuesday,52.31,50.22,51.05,2.09,97.78,1.0307,3.7497,57.09,0,EIA/FRED/Bloomberg reference + synthetic daily interpolation
2015-04-08,2015,4,8,Wednesday,54.25,50.93,55.08,3.32,99.38,1.0115,3.75,53.95,0,EIA/FRED/Bloomberg reference + synthetic daily interpolation
2015-04-09,2015,4,9,Thursday,54.28,50.35,54.81,3.93,98.0,1.0315,3.7499,58.49,0,EIA/FRED/Bloomberg reference + synthetic daily interpolation
2015-04-10,2015,4,10,Friday,53.28,48.1,52.92,5.18,98.55,1.0207,3.7499,57.58,0,EIA/FRED/Bloomberg reference + synthetic daily interpolation
2015-04-13,2015,4,13,Monday,54.99,51.25,53.59,3.74,98.78,1.0111,3.7499,58.77,0,EIA/FRED/Bloomberg reference + synthetic daily interpolation
2015-04-14,2015,4,14,Tuesday,54.4,48.89,54.52,5.51,97.38,1.035,3.75,54.13,0,EIA/FRED/Bloomberg reference + synthetic daily interpolation
2015-04-15,2015,4,15,Wednesday,53.58,50.09,52.66,3.49,99.6,1.0068,3.7497,57.57,0,EIA/FRED/Bloomberg reference + synthetic daily interpolation
2015-04-16,2015,4,16,Thursday,54.66,48.84,55.53,5.82,96.85,1.0511,3.7498,55.12,0,EIA/FRED/Bloomberg reference + synthetic daily interpolation
2015-04-17,2015,4,17,Friday,55.52,52.51,55.58,3.01,98.76,1.0179,3.7497,60.16,0,EIA/FRED/Bloomberg reference + synthetic daily interpolation
2015-04-20,2015,4,20,Monday,54.48,52.06,54.94,2.42,98.48,1.0224,3.7496,57.83,0,EIA/FRED/Bloomberg reference + synthetic daily interpolation
2015-04-21,2015,4,21,Tuesday,54.87,50.46,55.5,4.41,100.5,0.9972,3.7496,59.36,0,EIA/FRED/Bloomberg reference + synthetic daily interpolation
2015-04-22,2015,4,22,Wednesday,54.55,52.08,55.23,2.47,100.11,1.0045,3.7501,57.86,0,EIA/FRED/Bloomberg reference + synthetic daily interpolation
2015-04-23,2015,4,23,Thursday,55.16,53.28,56.44,1.88,100.23,0.997,3.7497,56.2,0,EIA/FRED/Bloomberg reference + synthetic daily interpolation
2015-04-24,2015,4,24,Friday,55.42,50.06,56.02,5.36,97.5,1.0404,3.7498,58.4,0,EIA/FRED/Bloomberg reference + synthetic daily interpolation
2015-04-27,2015,4,27,Monday,55.19,49.54,55.68,5.65,97.92,1.0237,3.75,55.0,0,EIA/FRED/Bloomberg reference + synthetic daily interpolation
2015-04-28,2015,4,28,Tuesday,54.59,53.75,55.61,0.84,96.95,1.041,3.7497,57.94,0,EIA/FRED/Bloomberg reference + synthetic daily interpolation
2015-04-29,2015,4,29,Wednesday,55.43,52.2,55.22,3.23,100.22,1.0034,3.7498,58.15,0,EIA/FRED/Bloomberg reference + synthetic daily interpolation
2015-04-30,2015,4,30,Thursday,54.89,50.26,53.5,4.63,97.39,1.0417,3.75,58.87,0,EIA/FRED/Bloomberg reference + synthetic daily interpolation
2015-05-01,2015,5,1,Friday,54.66,53.74,53.53,0.92,98.81,1.0132,3.75,56.74,0,EIA/FRED/Bloomberg reference + synthetic daily interpolation
2015-05-04,2015,5,4,Monday,55.4,51.04,55.81,4.36,98.74,1.0189,3.75,57.59,0,EIA/FRED/Bloomberg reference + synthetic daily interpolation
2015-05-05,2015,5,5,Tuesday,56.29,55.12,56.15,1.17,98.8,1.014,3.7498,59.89,0,EIA/FRED/Bloomberg reference + synthetic daily interpolation
2015-05-06,2015,5,6,Wednesday,55.03,49.55,54.09,5.48,96.65,1.0481,3.7501,57.84,0,EIA/FRED/Bloomberg reference + synthetic daily interpolation
2015-05-07,2015,5,7,Thursday,56.01,54.96,55.23,1.05,97.8,1.0433,3.7497,53.67,0,EIA/FRED/Bloomberg reference + synthetic daily interpolation
2015-05-08,2015,5,8,Friday,55.12,53.17,55.43,1.95,101.48,0.9826,3.7499,60.24,0,EIA/FRED/Bloomberg reference + synthetic daily interpolation
2015-05-11,2015,5,11,Monday,55.19,50.41,53.73,4.78,98.16,1.0229,3.7499,59.66,0,EIA/FRED/Bloomberg reference + synthetic daily interpolation
2015-05-12,2015,5,12,Tuesday,54.51,52.52,54.58,1.99,99.66,1.0077,3.7498,55.94,0,EIA/FRED/Bloomberg reference + synthetic daily interpolation
2015-05-13,2015,5,13,Wednesday,56.0,54.51,54.58,1.49,97.53,1.037,3.7497,61.4,0,EIA/FRED/Bloomberg reference + synthetic daily interpolation
2015-05-14,2015,5,14,Thursday,54.38,49.3,54.0,5.08,100.95,0.9918,3.7498,53.09,0,EIA/FRED/Bloomberg reference + synthetic daily interpolation
2015-05-15,2015,5,15,Friday,55.67,52.37,56.68,3.3,99.12,1.0098,3.7498,54.46,0,EIA/FRED/Bloomberg reference + synthetic daily interpolation
2015-05-18,2015,5,18,Monday,54.99,50.54,55.86,4.45,98.92,1.0208,3.7497,56.55,0,EIA/FRED/Bloomberg reference + synthetic daily interpolation
2015-05-19,2015,5,19,Tuesday,55.72,52.56,54.6,3.16,97.98,1.034,3.7499,59.66,0,EIA/FRED/Bloomberg reference + synthetic daily interpolation
2015-05-20,2015,5,20,Wednesday,54.82,51.2,53.5,3.62,99.63,1.0145,3.7499,55.63,0,EIA/FRED/Bloomberg reference + synthetic daily interpolation
2015-05-21,2015,5,21,Thursday,54.67,53.22,54.11,1.45,99.66,1.0096,3.75,58.06,0,EIA/FRED/Bloomberg reference + synthetic daily interpolation
2015-05-22,2015,5,22,Friday,55.9,53.55,55.87,2.35,98.38,1.0095,3.7497,55.71,0,EIA/FRED/Bloomberg reference + synthetic daily interpolation
2015-05-25,2015,5,25,Monday,57.3,52.05,56.21,5.25,98.0,1.0313,3.7496,59.51,0,EIA/FRED/Bloomberg reference + synthetic daily interpolation
2015-05-26,2015,5,26,Tuesday,56.56,54.85,55.11,1.71,98.64,1.0216,3.7498,57.64,0,EIA/FRED/Bloomberg reference + synthetic daily interpolation
2015-05-27,2015,5,27,Wednesday,54.96,52.91,54.85,2.05,96.51,1.0534,3.7499,58.88,0,EIA/FRED/Bloomberg reference + synthetic daily interpolation
2015-05-28,2015,5,28,Thursday,55.23,51.08,55.58,4.15,98.13,1.0175,3.7501,59.91,0,EIA/FRED/Bloomberg reference + synthetic daily interpolation
2015-05-29,2015,5,29,Friday,55.57,52.72,56.29,2.85,97.18,1.0403,3.7501,54.39,0,EIA/FRED/Bloomberg reference + synthetic daily interpolation
2015-06-01,2015,6,1,Monday,55.58,49.77,56.89,5.81,97.93,1.0267,3.7499,53.8,0,EIA/FRED/Bloomberg reference + synthetic daily interpolation
2015-06-02,2015,6,2,Tuesday,55.93,55.0,55.07,0.93,99.6,1.0065,3.7498,56.31,0,EIA/FRED/Bloomberg reference + synthetic daily interpolation
2015-06-03,2015,6,3,Wednesday,56.46,53.48,57.06,2.98,98.09,1.0255,3.7499,52.18,0,EIA/FRED/Bloomberg reference + synthetic daily interpolation
2015-06-04,2015,6,4,Thursday,55.32,52.38,56.55,2.94,97.57,1.0337,3.7498,55.1,0,EIA/FRED/Bloomberg reference + synthetic daily interpolation
2015-06-05,2015,6,5,Friday,54.24,50.25,53.12,3.99,98.85,1.0188,3.75,58.8,0,EIA/FRED/Bloomberg reference + synthetic daily interpolation
2015-06-08,2015,6,8,Monday,54.12,48.27,54.82,5.85,100.18,1.0071,3.7498,55.71,0,EIA/FRED/Bloomberg reference + synthetic daily interpolation
2015-06-09,2015,6,9,Tuesday,55.13,51.06,56.36,4.07,98.68,1.0259,3.75,57.11,0,EIA/FRED/Bloomberg reference + synthetic daily interpolation
2015-06-10,2015,6,10,Wednesday,55.74,50.32,57.09,5.42,97.19,1.0443,3.75,58.64,0,EIA/FRED/Bloomberg reference + synthetic daily interpolation
2015-06-11,2015,6,11,Thursday,54.74,50.51,55.97,4.23,97.11,1.0463,3.7498,62.07,0,EIA/FRED/Bloomberg reference + synthetic daily interpolation
2015-06-12,2015,6,12,Friday,57.03,52.09,57.27,4.94,100.0,0.9947,3.7497,52.69,0,EIA/FRED/Bloomberg reference + synthetic daily interpolation
2015-06-15,2015,6,15,Monday,55.37,54.16,55.62,1.21,99.5,1.0045,3.7498,53.93,0,EIA/FRED/Bloomberg reference + synthetic daily interpolation
2015-06-16,2015,6,16,Tuesday,56.59,53.89,55.64,2.7,98.04,1.0327,3.75,56.72,0,EIA/FRED/Bloomberg reference + synthetic daily interpolation
2015-06-17,2015,6,17,Wednesday,54.62,49.74,54.73,4.88,100.18,0.9963,3.75,58.29,0,EIA/FRED/Bloomberg reference + synthetic daily interpolation
2015-06-18,2015,6,18,Thursday,54.57,49.6,54.46,4.97,97.25,1.0398,3.7496,56.1,0,EIA/FRED/Bloomberg reference + synthetic daily interpolation
2015-06-19,2015,6,19,Friday,54.6,50.28,54.98,4.32,101.27,0.9865,3.75,54.22,0,EIA/FRED/Bloomberg reference + synthetic daily interpolation
2015-06-22,2015,6,22,Monday,54.99,52.95,53.67,2.04,98.07,1.0197,3.75,56.02,0,EIA/FRED/Bloomberg reference + synthetic daily interpolation
2015-06-23,2015,6,23,Tuesday,54.89,52.7,54.08,2.19,97.67,1.0328,3.7498,58.58,0,EIA/FRED/Bloomberg reference + synthetic daily interpolation
2015-06-24,2015,6,24,Wednesday,54.98,51.52,54.67,3.46,99.63,1.0055,3.7497,54.98,0,EIA/FRED/Bloomberg reference + synthetic daily interpolation
2015-06-25,2015,6,25,Thursday,55.01,51.62,55.73,3.39,97.94,1.0239,3.7497,55.45,0,EIA/FRED/Bloomberg reference + synthetic daily interpolation
2015-06-26,2015,6,26,Friday,55.33,52.53,56.75,2.8,98.23,1.0217,3.7497,59.44,0,EIA/FRED/Bloomberg reference + synthetic daily interpolation
2015-06-29,2015,6,29,Monday,54.31,52.48,54.71,1.83,99.46,1.0117,3.75,55.27,0,EIA/FRED/Bloomberg reference + synthetic daily interpolation
2015-06-30,2015,6,30,Tuesday,54.93,51.7,55.99,3.23,98.9,1.0189,3.7498,54.17,0,EIA/FRED/Bloomberg reference + synthetic daily interpolation
2015-07-01,2015,7,1,Wednesday,53.84,51.4,54.33,2.44,96.9,1.0424,3.7496,53.61,0,EIA/FRED/Bloomberg reference + synthetic daily interpolation
2015-07-02,2015,7,2,Thursday,55.3,54.46,56.48,0.84,96.88,1.0394,3.7499,53.32,0,EIA/FRED/Bloomberg reference + synthetic daily interpolation
2015-07-03,2015,7,3,Friday,56.41,55.76,54.97,0.65,97.74,1.0341,3.7501,58.79,0,EIA/FRED/Bloomberg reference + synthetic daily interpolation
2015-07-06,2015,7,6,Monday,55.39,49.6,55.65,5.79,98.89,1.0187,3.7499,55.64,0,EIA/FRED/Bloomberg reference + synthetic daily interpolation
2015-07-07,2015,7,7,Tuesday,55.49,54.29,54.15,1.2,96.89,1.0532,3.7501,59.04,0,EIA/FRED/Bloomberg reference + synthetic daily interpolation
2015-07-08,2015,7,8,Wednesday,56.1,55.02,56.01,1.08,97.55,1.0332,3.7498,58.8,0,EIA/FRED/Bloomberg reference + synthetic daily interpolation
2015-07-09,2015,7,9,Thursday,54.39,48.87,55.17,5.52,98.29,1.0222,3.7498,55.92,0,EIA/FRED/Bloomberg reference + synthetic daily interpolation
2015-07-10,2015,7,10,Friday,54.71,53.36,53.76,1.35,98.74,1.0195,3.7498,58.68,0,EIA/FRED/Bloomberg reference + synthetic daily interpolation
2015-07-13,2015,7,13,Monday,54.17,51.15,53.8,3.02,98.54,1.0234,3.75,55.75,0,EIA/FRED/Bloomberg reference + synthetic daily interpolation
2015-07-14,2015,7,14,Tuesday,53.43,50.11,53.19,3.32,97.36,1.0358,3.7497,57.25,0,EIA/FRED/Bloomberg reference + synthetic daily interpolation
2015-07-15,2015,7,15,Wednesday,54.73,51.08,56.2,3.65,100.23,0.9952,3.7498,55.89,0,EIA/FRED/Bloomberg reference + synthetic daily interpolation
2015-07-16,2015,7,16,Thursday,52.17,50.6,51.21,1.57,98.26,1.0263,3.75,61.09,0,EIA/FRED/Bloomberg reference + synthetic daily interpolation
2015-07-17,2015,7,17,Friday,54.91,52.27,55.3,2.64,97.35,1.0322,3.7498,55.52,0,EIA/FRED/Bloomberg reference + synthetic daily interpolation
2015-07-20,2015,7,20,Monday,54.21,50.03,53.09,4.18,97.04,1.0484,3.7497,59.62,0,EIA/FRED/Bloomberg reference + synthetic daily interpolation
2015-07-21,2015,7,21,Tuesday,55.11,50.21,55.99,4.9,98.16,1.0264,3.7499,53.69,0,EIA/FRED/Bloomberg reference + synthetic daily interpolation
2015-07-22,2015,7,22,Wednesday,54.35,52.21,55.69,2.14,97.53,1.039,3.7497,57.52,0,EIA/FRED/Bloomberg reference + synthetic daily interpolation
2015-07-23,2015,7,23,Thursday,53.91,48.11,53.81,5.8,99.13,1.0165,3.7499,58.13,0,EIA/FRED/Bloomberg reference + synthetic daily interpolation
2015-07-24,2015,7,24,Friday,55.13,54.48,55.2,0.65,98.0,1.0316,3.7497,57.46,0,EIA/FRED/Bloomberg reference + synthetic daily interpolation
2015-07-27,2015,7,27,Monday,53.48,52.0,52.08,1.48,99.5,0.998,3.7497,57.15,0,EIA/FRED/Bloomberg reference + synthetic daily interpolation
2015-07-28,2015,7,28,Tuesday,53.8,50.8,52.81,3.0,99.14,1.0173,3.7499,60.84,0,EIA/FRED/Bloomberg reference + synthetic daily interpolation
2015-07-29,2015,7,29,Wednesday,53.49,47.97,53.69,5.52,98.16,1.0219,3.7497,55.05,0,EIA/FRED/Bloomberg reference + synthetic daily interpolation
2015-07-30,2015,7,30,Thursday,53.75,52.8,54.57,0.95,100.13,0.9973,3.7498,58.46,0,EIA/FRED/Bloomberg reference + synthetic daily interpolation
2015-07-31,2015,7,31,Friday,53.26,51.59,53.27,1.67,98.59,1.0199,3.7497,57.18,0,EIA/FRED/Bloomberg reference + synthetic daily interpolation
2015-08-03,2015,8,3,Monday,53.58,51.15,54.14,2.43,95.77,1.0576,3.7499,53.6,0,EIA/FRED/Bloomberg reference + synthetic daily interpolation
2015-08-04,2015,8,4,Tuesday,55.26,53.95,55.16,1.31,97.81,1.0363,3.75,57.64,0,EIA/FRED/Bloomberg reference + synthetic daily interpolation
2015-08-05,2015,8,5,Wednesday,52.93,51.1,51.99,1.83,97.98,1.0377,3.7498,57.0,0,EIA/FRED/Bloomberg reference + synthetic daily interpolation
2015-08-06,2015,8,6,Thursday,53.84,48.7,55.12,5.14,98.01,1.0248,3.7498,56.93,0,EIA/FRED/Bloomberg reference + synthetic daily interpolation
2015-08-07,2015,8,7,Friday,52.88,50.67,52.78,2.21,98.33,1.0324,3.7499,57.95,0,EIA/FRED/Bloomberg reference + synthetic daily interpolation
2015-08-10,2015,8,10,Monday,53.57,48.21,54.08,5.36,99.35,1.0121,3.75,57.09,0,EIA/FRED/Bloomberg reference + synthetic daily interpolation
2015-08-11,2015,8,11,Tuesday,52.71,48.53,51.43,4.18,99.28,1.0163,3.7498,57.14,0,EIA/FRED/Bloomberg reference + synthetic daily interpolation
2015-08-12,2015,8,12,Wednesday,52.2,49.68,51.58,2.52,97.99,1.0294,3.75,57.71,0,EIA/FRED/Bloomberg reference + synthetic daily interpolation
2015-08-13,2015,8,13,Thursday,54.12,53.44,54.47,0.68,95.96,1.0664,3.7496,58.76,0,EIA/FRED/Bloomberg reference + synthetic daily interpolation
2015-08-14,2015,8,14,Friday,53.29,48.51,54.29,4.78,98.4,1.0295,3.7497,57.04,0,EIA/FRED/Bloomberg reference + synthetic daily interpolation
2015-08-17,2015,8,17,Monday,52.3,50.32,51.78,1.98,99.51,1.0071,3.7497,57.26,0,EIA/FRED/Bloomberg reference + synthetic daily interpolation
2015-08-18,2015,8,18,Tuesday,51.39,46.09,50.15,5.3,96.1,1.0524,3.7498,55.85,0,EIA/FRED/Bloomberg reference + synthetic daily interpolation
2015-08-19,2015,8,19,Wednesday,53.35,48.11,53.87,5.24,97.84,1.0326,3.7497,57.94,0,EIA/FRED/Bloomberg reference + synthetic daily interpolation
2015-08-20,2015,8,20,Thursday,52.08,50.95,51.62,1.13,97.86,1.0248,3.7497,57.78,0,EIA/FRED/Bloomberg reference + synthetic daily interpolation
2015-08-21,2015,8,21,Friday,52.82,49.04,54.15,3.78,98.35,1.0221,3.75,58.16,0,EIA/FRED/Bloomberg reference + synthetic daily interpolation
2015-08-24,2015,8,24,Monday,53.3,49.8,52.01,3.5,96.31,1.0584,3.7498,57.77,0,EIA/FRED/Bloomberg reference + synthetic daily interpolation
2015-08-25,2015,8,25,Tuesday,52.54,49.81,53.08,2.73,99.24,1.0177,3.75,60.46,0,EIA/FRED/Bloomberg reference + synthetic daily interpolation
2015-08-26,2015,8,26,Wednesday,51.98,46.54,52.04,5.44,98.87,1.0142,3.7498,54.44,0,EIA/FRED/Bloomberg reference + synthetic daily interpolation
2015-08-27,2015,8,27,Thursday,52.58,50.79,53.07,1.79,99.07,1.0149,3.75,57.82,0,EIA/FRED/Bloomberg reference + synthetic daily interpolation
2015-08-28,2015,8,28,Friday,53.41,50.75,53.82,2.66,97.28,1.0465,3.7497,55.14,0,EIA/FRED/Bloomberg reference + synthetic daily interpolation
2015-08-31,2015,8,31,Monday,52.99,50.39,53.04,2.6,98.05,1.029,3.7499,55.72,0,EIA/FRED/Bloomberg reference + synthetic daily interpolation
2015-09-01,2015,9,1,Tuesday,52.61,51.97,51.67,0.64,101.03,0.9989,3.7496,57.61,0,EIA/FRED/Bloomberg reference + synthetic daily interpolation
2015-09-02,2015,9,2,Wednesday,53.04,48.06,52.38,4.98,99.47,1.003,3.7499,57.13,0,EIA/FRED/Bloomberg reference + synthetic daily interpolation
2015-09-03,2015,9,3,Thursday,52.77,47.86,52.06,4.91,97.95,1.0276,3.7498,55.82,0,EIA/FRED/Bloomberg reference + synthetic daily interpolation
2015-09-04,2015,9,4,Friday,52.32,47.27,51.5,5.05,98.6,1.0235,3.7498,56.61,0,EIA/FRED/Bloomberg reference + synthetic daily interpolation
2015-09-07,2015,9,7,Monday,51.1,49.07,51.31,2.03,98.21,1.0327,3.7498,58.95,0,EIA/FRED/Bloomberg reference + synthetic daily interpolation
2015-09-08,2015,9,8,Tuesday,51.2,46.69,51.98,4.51,100.11,0.9954,3.75,55.9,0,EIA/FRED/Bloomberg reference + synthetic daily interpolation
2015-09-09,2015,9,9,Wednesday,51.88,49.68,52.42,2.2,99.53,1.0169,3.7496,60.75,0,EIA/FRED/Bloomberg reference + synthetic daily interpolation
2015-09-10,2015,9,10,Thursday,51.79,47.93,50.6,3.86,99.35,1.007,3.7496,54.33,0,EIA/FRED/Bloomberg reference + synthetic daily interpolation
2015-09-11,2015,9,11,Friday,51.8,48.52,52.55,3.28,97.05,1.0405,3.7496,58.36,0,EIA/FRED/Bloomberg reference + synthetic daily interpolation
2015-09-14,2015,9,14,Monday,51.72,49.05,50.75,2.67,98.87,1.0201,3.7498,57.61,0,EIA/FRED/Bloomberg reference + synthetic daily interpolation
2015-09-15,2015,9,15,Tuesday,51.17,48.69,50.45,2.48,97.63,1.0379,3.7497,56.1,0,EIA/FRED/Bloomberg reference + synthetic daily interpolation
2015-09-16,2015,9,16,Wednesday,50.38,48.89,51.57,1.49,99.14,1.0155,3.7498,57.39,0,EIA/FRED/Bloomberg reference + synthetic daily interpolation
2015-09-17,2015,9,17,Thursday,51.71,50.68,52.07,1.03,96.47,1.0488,3.7497,58.97,0,EIA/FRED/Bloomberg reference + synthetic daily interpolation
2015-09-18,2015,9,18,Friday,51.11,48.62,49.87,2.49,97.75,1.0298,3.75,57.14,0,EIA/FRED/Bloomberg reference + synthetic daily interpolation
2015-09-21,2015,9,21,Monday,51.02,50.5,50.72,0.52,98.46,1.019,3.7499,56.57,0,EIA/FRED/Bloomberg reference + synthetic daily interpolation
2015-09-22,2015,9,22,Tuesday,51.6,50.0,51.38,1.6,98.34,1.0245,3.75,55.79,0,EIA/FRED/Bloomberg reference + synthetic daily interpolation
2015-09-23,2015,9,23,Wednesday,51.96,46.82,52.38,5.14,96.65,1.0548,3.7501,51.58,0,EIA/FRED/Bloomberg reference + synthetic daily interpolation
2015-09-24,2015,9,24,Thursday,51.46,50.45,50.22,1.01,98.85,1.0158,3.7496,58.84,0,EIA/FRED/Bloomberg reference + synthetic daily interpolation
2015-09-25,2015,9,25,Friday,52.19,51.04,52.82,1.15,95.16,1.0695,3.7498,56.56,0,EIA/FRED/Bloomberg reference + synthetic daily interpolation
2015-09-28,2015,9,28,Monday,51.18,48.42,50.33,2.76,96.75,1.0452,3.7499,60.52,0,EIA/FRED/Bloomberg reference + synthetic daily interpolation
2015-09-29,2015,9,29,Tuesday,50.91,45.08,50.78,5.83,98.2,1.0218,3.75,55.3,0,EIA/FRED/Bloomberg reference + synthetic daily interpolation
2015-09-30,2015,9,30,Wednesday,51.76,47.12,50.49,4.64,99.43,1.0073,3.75,55.24,0,EIA/FRED/Bloomberg reference + synthetic daily interpolation
2015-10-01,2015,10,1,Thursday,50.44,45.87,49.35,4.57,95.82,1.0726,3.7499,53.79,0,EIA/FRED/Bloomberg reference + synthetic daily interpolation
2015-10-02,2015,10,2,Friday,50.18,45.91,51.22,4.27,98.47,1.0303,3.75,57.98,0,EIA/FRED/Bloomberg reference + synthetic daily interpolation
2015-10-05,2015,10,5,Monday,51.8,45.94,51.19,5.86,99.29,1.0138,3.7498,58.64,0,EIA/FRED/Bloomberg reference + synthetic daily interpolation
2015-10-06,2015,10,6,Tuesday,51.24,46.54,51.86,4.7,98.19,1.0303,3.7496,57.66,0,EIA/FRED/Bloomberg reference + synthetic daily interpolation
2015-10-07,2015,10,7,Wednesday,51.21,45.39,50.03,5.82,97.97,1.0239,3.7498,57.87,0,EIA/FRED/Bloomberg reference + synthetic daily interpolation
2015-10-08,2015,10,8,Thursday,50.5,45.97,51.41,4.53,95.93,1.0559,3.7497,57.63,0,EIA/FRED/Bloomberg reference + synthetic daily interpolation
2015-10-09,2015,10,9,Friday,51.34,50.28,51.82,1.06,97.34,1.0373,3.7497,56.68,0,EIA/FRED/Bloomberg reference + synthetic daily interpolation
2015-10-12,2015,10,12,Monday,50.35,45.8,49.56,4.55,98.04,1.0296,3.7498,56.85,0,EIA/FRED/Bloomberg reference + synthetic daily interpolation
2015-10-13,2015,10,13,Tuesday,49.67,43.86,49.12,5.81,97.58,1.0378,3.7499,56.6,0,EIA/FRED/Bloomberg reference + synthetic daily interpolation
2015-10-14,2015,10,14,Wednesday,50.86,46.53,52.25,4.33,95.86,1.0542,3.7501,58.54,0,EIA/FRED/Bloomberg reference + synthetic daily interpolation
2015-10-15,2015,10,15,Thursday,49.81,44.2,48.9,5.61,97.54,1.0413,3.7496,56.02,0,EIA/FRED/Bloomberg reference + synthetic daily interpolation
2015-10-16,2015,10,16,Friday,50.72,44.77,49.95,5.95,97.38,1.0348,3.75,56.57,0,EIA/FRED/Bloomberg reference + synthetic daily interpolation
2015-10-19,2015,10,19,Monday,50.48,45.58,50.61,4.9,100.09,0.9969,3.7497,55.0,0,EIA/FRED/Bloomberg reference + synthetic daily interpolation
2015-10-20,2015,10,20,Tuesday,50.69,47.06,51.12,3.63,99.05,1.012,3.75,56.53,0,EIA/FRED/Bloomberg reference + synthetic daily interpolation
2015-10-21,2015,10,21,Wednesday,49.63,46.31,49.04,3.32,96.56,1.0534,3.7498,62.37,0,EIA/FRED/Bloomberg reference + synthetic daily interpolation
2015-10-22,2015,10,22,Thursday,49.42,44.76,49.91,4.66,97.8,1.0328,3.75,55.87,0,EIA/FRED/Bloomberg reference + synthetic daily interpolation
2015-10-23,2015,10,23,Friday,50.49,46.66,49.31,3.83,98.01,1.0334,3.7498,58.13,0,EIA/FRED/Bloomberg reference + synthetic daily interpolation
2015-10-26,2015,10,26,Monday,50.24,46.89,50.04,3.35,98.58,1.0163,3.7499,57.48,0,EIA/FRED/Bloomberg reference + synthetic daily interpolation
2015-10-27,2015,10,27,Tuesday,49.63,48.58,50.61,1.05,97.93,1.0344,3.7498,60.32,0,EIA/FRED/Bloomberg reference + synthetic daily interpolation
2015-10-28,2015,10,28,Wednesday,50.03,45.17,51.02,4.86,97.94,1.0323,3.7498,56.99,0,EIA/FRED/Bloomberg reference + synthetic daily interpolation
2015-10-29,2015,10,29,Thursday,49.91,46.08,51.15,3.83,97.67,1.0376,3.7496,59.75,0,EIA/FRED/Bloomberg reference + synthetic daily interpolation
2015-10-30,2015,10,30,Friday,50.68,45.7,50.96,4.98,99.4,1.0032,3.7498,57.14,0,EIA/FRED/Bloomberg reference + synthetic daily interpolation
2015-11-02,2015,11,2,Monday,49.31,45.54,49.15,3.77,98.55,1.023,3.7496,54.51,0,EIA/FRED/Bloomberg reference + synthetic daily interpolation
2015-11-03,2015,11,3,Tuesday,50.17,49.31,50.94,0.86,99.22,1.0147,3.7498,59.53,0,EIA/FRED/Bloomberg reference + synthetic daily interpolation
2015-11-04,2015,11,4,Wednesday,49.19,46.97,49.76,2.22,96.58,1.0486,3.7498,56.78,0,EIA/FRED/Bloomberg reference + synthetic daily interpolation
2015-11-05,2015,11,5,Thursday,51.31,45.95,51.63,5.36,99.01,1.0186,3.7497,60.93,0,EIA/FRED/Bloomberg reference + synthetic daily interpolation
2015-11-06,2015,11,6,Friday,51.11,48.82,49.61,2.29,97.87,1.0334,3.7497,56.32,0,EIA/FRED/Bloomberg reference + synthetic daily interpolation
2015-11-09,2015,11,9,Monday,48.65,44.12,49.94,4.53,99.85,1.0043,3.7498,58.28,0,EIA/FRED/Bloomberg reference + synthetic daily interpolation
2015-11-10,2015,11,10,Tuesday,48.83,46.78,48.65,2.05,99.01,1.0084,3.7499,57.89,0,EIA/FRED/Bloomberg reference + synthetic daily interpolation
2015-11-11,2015,11,11,Wednesday,49.77,44.13,50.53,5.64,97.41,1.0355,3.7498,56.84,0,EIA/FRED/Bloomberg reference + synthetic daily interpolation
2015-11-12,2015,11,12,Thursday,48.99,46.67,48.46,2.32,96.84,1.0471,3.7497,58.06,0,EIA/FRED/Bloomberg reference + synthetic daily interpolation
2015-11-13,2015,11,13,Friday,49.36,45.45,49.14,3.91,95.76,1.0628,3.75,57.55,0,EIA/FRED/Bloomberg reference + synthetic daily interpolation
2015-11-16,2015,11,16,Monday,50.19,45.84,50.7,4.35,97.88,1.0302,3.7499,58.65,0,EIA/FRED/Bloomberg reference + synthetic daily interpolation
2015-11-17,2015,11,17,Tuesday,48.88,47.02,48.47,1.86,100.0,0.9967,3.7499,58.08,0,EIA/FRED/Bloomberg reference + synthetic daily interpolation
2015-11-18,2015,11,18,Wednesday,50.03,45.97,51.49,4.06,98.57,1.029,3.7497,55.04,0,EIA/FRED/Bloomberg reference + synthetic daily interpolation
2015-11-19,2015,11,19,Thursday,49.97,48.94,49.85,1.03,99.93,1.0071,3.7498,57.67,0,EIA/FRED/Bloomberg reference + synthetic daily interpolation
2015-11-20,2015,11,20,Friday,50.53,46.75,50.03,3.78,99.92,1.0002,3.7501,57.73,0,EIA/FRED/Bloomberg reference + synthetic daily interpolation
2015-11-23,2015,11,23,Monday,48.65,45.03,49.0,3.62,96.54,1.0518,3.7499,55.58,0,EIA/FRED/Bloomberg reference + synthetic daily interpolation
2015-11-24,2015,11,24,Tuesday,49.28,44.37,49.6,4.91,98.08,1.0211,3.7499,55.72,0,EIA/FRED/Bloomberg reference + synthetic daily interpolation
2015-11-25,2015,11,25,Wednesday,50.39,49.22,50.63,1.17,97.68,1.0266,3.7497,57.33,0,EIA/FRED/Bloomberg reference + synthetic daily interpolation
2015-11-26,2015,11,26,Thursday,50.07,46.46,48.93,3.61,98.55,1.0234,3.7497,56.04,0,EIA/FRED/Bloomberg reference + synthetic daily interpolation
2015-11-27,2015,11,27,Friday,47.25,46.57,46.95,0.68,98.67,1.0176,3.7501,52.31,0,EIA/FRED/Bloomberg reference + synthetic daily interpolation
2015-11-30,2015,11,30,Monday,48.8,45.58,47.4,3.22,100.36,0.9958,3.7497,55.89,0,EIA/FRED/Bloomberg reference + synthetic daily interpolation
2015-12-01,2015,12,1,Tuesday,48.61,44.31,50.09,4.3,98.5,1.0193,3.7497,55.1,0,EIA/FRED/Bloomberg reference + synthetic daily interpolation
2015-12-02,2015,12,2,Wednesday,49.58,44.61,50.52,4.97,99.55,1.0084,3.7501,58.91,0,EIA/FRED/Bloomberg reference + synthetic daily interpolation
2015-12-03,2015,12,3,Thursday,48.71,44.87,48.17,3.84,98.28,1.0257,3.7496,56.47,0,EIA/FRED/Bloomberg reference + synthetic daily interpolation
2015-12-04,2015,12,4,Friday,48.7,43.71,49.93,4.99,97.59,1.0333,3.7498,59.41,0,EIA/FRED/Bloomberg reference + synthetic daily interpolation
2015-12-07,2015,12,7,Monday,47.61,45.57,48.52,2.04,99.84,1.0072,3.7497,56.83,0,EIA/FRED/Bloomberg reference + synthetic daily interpolation
2015-12-08,2015,12,8,Tuesday,49.16,48.39,48.12,0.77,98.53,1.0234,3.7497,55.61,0,EIA/FRED/Bloomberg reference + synthetic daily interpolation
2015-12-09,2015,12,9,Wednesday,50.64,48.98,49.23,1.66,99.09,1.0205,3.7496,57.18,0,EIA/FRED/Bloomberg reference + synthetic daily interpolation
2015-12-10,2015,12,10,Thursday,49.11,46.18,50.32,2.93,98.92,1.0114,3.7499,58.74,0,EIA/FRED/Bloomberg reference + synthetic daily interpolation
2015-12-11,2015,12,11,Friday,49.7,47.16,48.58,2.54,97.53,1.0374,3.7499,56.92,0,EIA/FRED/Bloomberg reference + synthetic daily interpolation
2015-12-14,2015,12,14,Monday,51.49,48.27,51.43,3.22,98.43,1.0192,3.7501,56.78,0,EIA/FRED/Bloomberg reference + synthetic daily interpolation
2015-12-15,2015,12,15,Tuesday,49.92,47.32,49.01,2.6,98.7,1.0161,3.75,55.34,0,EIA/FRED/Bloomberg reference + synthetic daily interpolation
2015-12-16,2015,12,16,Wednesday,48.78,46.59,49.47,2.19,97.92,1.0321,3.7501,57.44,0,EIA/FRED/Bloomberg reference + synthetic daily interpolation
2015-12-17,2015,12,17,Thursday,50.16,48.56,48.82,1.6,98.64,1.022,3.7496,56.44,0,EIA/FRED/Bloomberg reference + synthetic daily interpolation
2015-12-18,2015,12,18,Friday,49.66,45.52,50.53,4.14,97.26,1.0341,3.75,58.85,0,EIA/FRED/Bloomberg reference + synthetic daily interpolation
2015-12-21,2015,12,21,Monday,49.79,45.2,49.02,4.59,101.05,0.9839,3.7497,54.71,0,EIA/FRED/Bloomberg reference + synthetic daily interpolation
2015-12-22,2015,12,22,Tuesday,49.7,44.34,51.14,5.36,98.85,1.0249,3.7499,59.89,0,EIA/FRED/Bloomberg reference + synthetic daily interpolation
2015-12-23,2015,12,23,Wednesday,49.15,48.42,49.92,0.73,99.65,0.9956,3.7497,56.78,0,EIA/FRED/Bloomberg reference + synthetic daily interpolation
2015-12-24,2015,12,24,Thursday,49.21,43.34,49.59,5.87,97.78,1.0329,3.7498,59.12,0,EIA/FRED/Bloomberg reference + synthetic daily interpolation
2015-12-25,2015,12,25,Friday,49.77,48.23,48.76,1.54,98.58,1.0273,3.7498,59.96,0,EIA/FRED/Bloomberg reference + synthetic daily interpolation
2015-12-28,2015,12,28,Monday,49.68,48.56,48.43,1.12,98.4,1.0229,3.75,58.04,0,EIA/FRED/Bloomberg reference + synthetic daily interpolation
2015-12-29,2015,12,29,Tuesday,49.58,44.29,50.84,5.29,95.95,1.0571,3.7501,55.13,0,EIA/FRED/Bloomberg reference + synthetic daily interpolation
2015-12-30,2015,12,30,Wednesday,48.24,43.5,47.16,4.74,99.44,1.0009,3.7498,58.1,0,EIA/FRED/Bloomberg reference + synthetic daily interpolation
2015-12-31,2015,12,31,Thursday,49.43,46.96,48.86,2.47,96.9,1.0374,3.7499,56.23,0,EIA/FRED/Bloomberg reference + synthetic daily interpolation
2016-01-01,2016,1,1,Friday,40.6,35.1,40.45,5.5,99.28,1.0154,3.7499,57.17,0,EIA/FRED/Bloomberg reference + synthetic daily interpolation
2016-01-04,2016,1,4,Monday,40.97,38.79,39.52,2.18,99.58,1.0112,3.7497,58.51,0,EIA/FRED/Bloomberg reference + synthetic daily interpolation
2016-01-05,2016,1,5,Tuesday,41.11,40.22,41.51,0.89,98.13,1.0253,3.7496,61.76,0,EIA/FRED/Bloomberg reference + synthetic daily interpolation
2016-01-06,2016,1,6,Wednesday,41.55,37.45,41.92,4.1,97.89,1.0359,3.7499,57.94,0,EIA/FRED/Bloomberg reference + synthetic daily interpolation
2016-01-07,2016,1,7,Thursday,41.67,39.3,41.9,2.37,96.97,1.0363,3.75,62.85,0,EIA/FRED/Bloomberg reference + synthetic daily interpolation
2016-01-08,2016,1,8,Friday,41.56,38.42,40.72,3.14,99.47,1.0064,3.7498,62.69,0,EIA/FRED/Bloomberg reference + synthetic daily interpolation
2016-01-11,2016,1,11,Monday,41.36,35.65,40.75,5.71,97.65,1.0266,3.7499,57.23,0,EIA/FRED/Bloomberg reference + synthetic daily interpolation
2016-01-12,2016,1,12,Tuesday,41.19,37.3,41.8,3.89,98.94,1.0223,3.7499,58.48,0,EIA/FRED/Bloomberg reference + synthetic daily interpolation
2016-01-13,2016,1,13,Wednesday,40.47,39.82,38.97,0.65,101.81,0.9662,3.7499,62.74,0,EIA/FRED/Bloomberg reference + synthetic daily interpolation
2016-01-14,2016,1,14,Thursday,40.72,36.48,41.26,4.24,98.46,1.0272,3.75,57.9,0,EIA/FRED/Bloomberg reference + synthetic daily interpolation
2016-01-15,2016,1,15,Friday,41.62,38.66,40.29,2.96,100.33,1.0,3.7499,60.38,0,EIA/FRED/Bloomberg reference + synthetic daily interpolation
2016-01-18,2016,1,18,Monday,41.14,35.29,41.68,5.85,99.73,1.0111,3.7498,57.7,0,EIA/FRED/Bloomberg reference + synthetic daily interpolation
2016-01-19,2016,1,19,Tuesday,42.55,41.31,43.38,1.24,98.78,1.0113,3.7501,56.43,0,EIA/FRED/Bloomberg reference + synthetic daily interpolation
2016-01-20,2016,1,20,Wednesday,41.64,41.0,43.09,0.64,99.63,1.0124,3.7497,61.71,0,EIA/FRED/Bloomberg reference + synthetic daily interpolation
2016-01-21,2016,1,21,Thursday,42.14,40.92,42.93,1.22,99.44,1.0094,3.75,57.99,0,EIA/FRED/Bloomberg reference + synthetic daily interpolation
2016-01-22,2016,1,22,Friday,41.64,39.26,42.64,2.38,98.28,1.03,3.7501,59.78,0,EIA/FRED/Bloomberg reference + synthetic daily interpolation
2016-01-25,2016,1,25,Monday,42.38,41.57,41.05,0.81,98.9,1.0112,3.7501,58.23,0,EIA/FRED/Bloomberg reference + synthetic daily interpolation
2016-01-26,2016,1,26,Tuesday,41.67,37.31,42.56,4.36,99.11,1.0153,3.7498,56.72,0,EIA/FRED/Bloomberg reference + synthetic daily interpolation
2016-01-27,2016,1,27,Wednesday,42.4,38.54,41.25,3.86,99.31,1.0139,3.7497,59.84,0,EIA/FRED/Bloomberg reference + synthetic daily interpolation
2016-01-28,2016,1,28,Thursday,41.77,39.27,42.94,2.5,98.37,1.027,3.7499,57.64,0,EIA/FRED/Bloomberg reference + synthetic daily interpolation
2016-01-29,2016,1,29,Friday,42.66,40.23,41.64,2.43,98.16,1.0261,3.7501,57.76,0,EIA/FRED/Bloomberg reference + synthetic daily interpolation
2016-02-01,2016,2,1,Monday,43.1,39.39,43.8,3.71,98.47,1.0269,3.75,54.52,0,EIA/FRED/Bloomberg reference + synthetic daily interpolation
2016-02-02,2016,2,2,Tuesday,42.37,37.68,42.15,4.69,99.24,1.0166,3.7499,58.07,0,EIA/FRED/Bloomberg reference + synthetic daily interpolation
2016-02-03,2016,2,3,Wednesday,41.22,38.8,40.97,2.42,98.43,1.0293,3.7499,64.51,0,EIA/FRED/Bloomberg reference + synthetic daily interpolation
2016-02-04,2016,2,4,Thursday,41.3,38.4,41.55,2.9,99.65,1.0026,3.7498,58.7,0,EIA/FRED/Bloomberg reference + synthetic daily interpolation
2016-02-05,2016,2,5,Friday,41.93,38.35,43.01,3.58,99.17,1.0119,3.7498,58.66,0,EIA/FRED/Bloomberg reference + synthetic daily interpolation
2016-02-08,2016,2,8,Monday,41.78,36.2,42.87,5.58,99.86,1.0041,3.7499,58.58,0,EIA/FRED/Bloomberg reference + synthetic daily interpolation
2016-02-09,2016,2,9,Tuesday,43.02,37.03,42.51,5.99,98.71,1.0193,3.75,57.27,0,EIA/FRED/Bloomberg reference + synthetic daily interpolation
2016-02-10,2016,2,10,Wednesday,43.03,39.17,43.38,3.86,100.66,0.9924,3.7496,59.51,0,EIA/FRED/Bloomberg reference + synthetic daily interpolation
2016-02-11,2016,2,11,Thursday,41.8,39.06,40.32,2.74,99.94,0.9994,3.7499,59.76,0,EIA/FRED/Bloomberg reference + synthetic daily interpolation
2016-02-12,2016,2,12,Friday,41.63,38.36,40.22,3.27,98.45,1.0282,3.75,57.09,0,EIA/FRED/Bloomberg reference + synthetic daily interpolation
2016-02-15,2016,2,15,Monday,44.12,40.16,43.11,3.96,98.35,1.0225,3.7498,61.63,0,EIA/FRED/Bloomberg reference + synthetic daily interpolation
2016-02-16,2016,2,16,Tuesday,43.75,38.78,43.93,4.97,99.81,1.011,3.75,58.64,0,EIA/FRED/Bloomberg reference + synthetic daily interpolation
2016-02-17,2016,2,17,Wednesday,44.29,38.41,45.43,5.88,99.73,1.0084,3.7497,59.86,0,EIA/FRED/Bloomberg reference + synthetic daily interpolation
2016-02-18,2016,2,18,Thursday,43.06,37.77,43.09,5.29,98.6,1.0308,3.7499,58.64,0,EIA/FRED/Bloomberg reference + synthetic daily interpolation
2016-02-19,2016,2,19,Friday,43.46,39.26,44.8,4.2,98.48,1.0311,3.7499,59.35,0,EIA/FRED/Bloomberg reference + synthetic daily interpolation
2016-02-22,2016,2,22,Monday,45.23,43.01,46.42,2.22,99.66,1.0049,3.7499,57.62,0,EIA/FRED/Bloomberg reference + synthetic daily interpolation
2016-02-23,2016,2,23,Tuesday,42.67,38.72,42.98,3.95,97.29,1.0352,3.7498,56.24,0,EIA/FRED/Bloomberg reference + synthetic daily interpolation
2016-02-24,2016,2,24,Wednesday,44.73,39.16,45.17,5.57,97.92,1.0285,3.7497,58.37,0,EIA/FRED/Bloomberg reference + synthetic daily interpolation
2016-02-25,2016,2,25,Thursday,42.56,40.29,41.45,2.27,100.64,0.9907,3.7496,61.51,0,EIA/FRED/Bloomberg reference + synthetic daily interpolation
2016-02-26,2016,2,26,Friday,44.07,39.42,43.94,4.65,98.86,1.0146,3.7497,57.85,0,EIA/FRED/Bloomberg reference + synthetic daily interpolation
2016-02-29,2016,2,29,Monday,43.4,40.57,41.98,2.83,96.96,1.0435,3.7501,61.81,0,EIA/FRED/Bloomberg reference + synthetic daily interpolation
2016-03-01,2016,3,1,Tuesday,44.08,42.03,45.57,2.05,97.92,1.0387,3.7499,61.34,0,EIA/FRED/Bloomberg reference + synthetic daily interpolation
2016-03-02,2016,3,2,Wednesday,44.37,38.92,45.76,5.45,100.95,0.9894,3.7498,55.54,0,EIA/FRED/Bloomberg reference + synthetic daily interpolation
2016-03-03,2016,3,3,Thursday,43.92,42.28,45.15,1.64,99.93,1.0008,3.75,59.18,0,EIA/FRED/Bloomberg reference + synthetic daily interpolation
2016-03-04,2016,3,4,Friday,44.01,41.86,42.56,2.15,97.8,1.0328,3.7496,56.5,0,EIA/FRED/Bloomberg reference + synthetic daily interpolation
2016-03-07,2016,3,7,Monday,43.99,38.4,43.71,5.59,98.76,1.0199,3.7498,57.34,0,EIA/FRED/Bloomberg reference + synthetic daily interpolation
2016-03-08,2016,3,8,Tuesday,44.32,43.63,43.94,0.69,101.55,0.9874,3.7497,60.29,0,EIA/FRED/Bloomberg reference + synthetic daily interpolation
2016-03-09,2016,3,9,Wednesday,44.3,41.77,44.14,2.53,98.72,1.0193,3.75,55.72,0,EIA/FRED/Bloomberg reference + synthetic daily interpolation
2016-03-10,2016,3,10,Thursday,44.62,38.65,45.09,5.97,101.13,0.9849,3.7498,60.76,0,EIA/FRED/Bloomberg reference + synthetic daily interpolation
2016-03-11,2016,3,11,Friday,43.89,41.87,43.02,2.02,98.43,1.0253,3.75,58.69,0,EIA/FRED/Bloomberg reference + synthetic daily interpolation
2016-03-14,2016,3,14,Monday,45.72,44.09,46.76,1.63,98.0,1.038,3.7498,60.19,0,EIA/FRED/Bloomberg reference + synthetic daily interpolation
2016-03-15,2016,3,15,Tuesday,43.75,42.37,43.64,1.38,99.94,1.0028,3.7499,59.73,0,EIA/FRED/Bloomberg reference + synthetic daily interpolation
2016-03-16,2016,3,16,Wednesday,44.78,40.99,45.25,3.79,99.31,1.0059,3.7499,61.09,0,EIA/FRED/Bloomberg reference + synthetic daily interpolation
2016-03-17,2016,3,17,Thursday,44.01,41.12,42.57,2.89,98.06,1.0286,3.7498,60.21,0,EIA/FRED/Bloomberg reference + synthetic daily interpolation
2016-03-18,2016,3,18,Friday,44.66,42.92,45.6,1.74,98.65,1.0193,3.7499,60.29,0,EIA/FRED/Bloomberg reference + synthetic daily interpolation
2016-03-21,2016,3,21,Monday,44.3,40.58,45.13,3.72,97.86,1.0298,3.75,59.43,0,EIA/FRED/Bloomberg reference + synthetic daily interpolation
2016-03-22,2016,3,22,Tuesday,45.3,43.36,44.38,1.94,97.83,1.0384,3.7498,59.53,0,EIA/FRED/Bloomberg reference + synthetic daily interpolation
2016-03-23,2016,3,23,Wednesday,45.45,40.18,46.03,5.27,98.59,1.0288,3.7497,56.81,0,EIA/FRED/Bloomberg reference + synthetic daily interpolation
2016-03-24,2016,3,24,Thursday,44.72,40.33,44.71,4.39,100.34,0.995,3.7496,59.64,0,EIA/FRED/Bloomberg reference + synthetic daily interpolation
2016-03-25,2016,3,25,Friday,43.97,39.59,42.73,4.38,98.64,1.0168,3.7498,57.64,0,EIA/FRED/Bloomberg reference + synthetic daily interpolation
2016-03-28,2016,3,28,Monday,45.96,44.58,45.07,1.38,98.73,1.0221,3.7496,59.26,0,EIA/FRED/Bloomberg reference + synthetic daily interpolation
2016-03-29,2016,3,29,Tuesday,45.08,42.02,45.86,3.06,99.93,1.0044,3.7498,57.81,0,EIA/FRED/Bloomberg reference + synthetic daily interpolation
2016-03-30,2016,3,30,Wednesday,44.89,40.29,44.85,4.6,99.47,1.0013,3.75,58.79,0,EIA/FRED/Bloomberg reference + synthetic daily interpolation
2016-03-31,2016,3,31,Thursday,44.8,39.09,43.82,5.71,100.16,0.9995,3.7497,60.24,0,EIA/FRED/Bloomberg reference + synthetic daily interpolation
2016-04-01,2016,4,1,Friday,44.89,41.54,45.37,3.35,98.3,1.0158,3.7497,55.54,0,EIA/FRED/Bloomberg reference + synthetic daily interpolation
2016-04-04,2016,4,4,Monday,45.47,40.69,44.26,4.78,99.97,0.9959,3.7498,59.17,0,EIA/FRED/Bloomberg reference + synthetic daily interpolation
2016-04-05,2016,4,5,Tuesday,45.28,43.18,44.2,2.1,101.35,0.9685,3.7499,62.47,0,EIA/FRED/Bloomberg reference + synthetic daily interpolation
2016-04-06,2016,4,6,Wednesday,45.59,41.61,45.62,3.98,99.29,1.0141,3.7496,59.99,0,EIA/FRED/Bloomberg reference + synthetic daily interpolation
2016-04-07,2016,4,7,Thursday,45.62,40.72,46.08,4.9,99.6,1.0048,3.7499,60.93,0,EIA/FRED/Bloomberg reference + synthetic daily interpolation
2016-04-08,2016,4,8,Friday,46.0,41.78,45.13,4.22,102.25,0.9695,3.7501,60.75,0,EIA/FRED/Bloomberg reference + synthetic daily interpolation
2016-04-11,2016,4,11,Monday,44.78,41.68,43.79,3.1,98.34,1.018,3.7498,59.76,0,EIA/FRED/Bloomberg reference + synthetic daily interpolation
2016-04-12,2016,4,12,Tuesday,47.18,43.82,46.38,3.36,96.77,1.0484,3.7496,57.75,0,EIA/FRED/Bloomberg reference + synthetic daily interpolation
2016-04-13,2016,4,13,Wednesday,45.33,43.97,46.7,1.36,98.18,1.0209,3.7499,61.03,0,EIA/FRED/Bloomberg reference + synthetic daily interpolation
2016-04-14,2016,4,14,Thursday,45.8,44.85,45.46,0.95,97.18,1.0444,3.7498,60.04,0,EIA/FRED/Bloomberg reference + synthetic daily interpolation
2016-04-15,2016,4,15,Friday,45.93,44.85,44.83,1.08,101.09,0.9842,3.7499,56.09,0,EIA/FRED/Bloomberg reference + synthetic daily interpolation
2016-04-18,2016,4,18,Monday,46.37,42.37,46.87,4.0,98.96,1.0184,3.7499,61.3,0,EIA/FRED/Bloomberg reference + synthetic daily interpolation
2016-04-19,2016,4,19,Tuesday,46.65,41.26,46.15,5.39,98.43,1.0218,3.7497,58.89,0,EIA/FRED/Bloomberg reference + synthetic daily interpolation
2016-04-20,2016,4,20,Wednesday,46.9,43.42,47.47,3.48,101.01,0.9839,3.7498,55.87,0,EIA/FRED/Bloomberg reference + synthetic daily interpolation
2016-04-21,2016,4,21,Thursday,45.39,44.44,46.37,0.95,98.17,1.039,3.7501,58.93,0,EIA/FRED/Bloomberg reference + synthetic daily interpolation
2016-04-22,2016,4,22,Friday,46.59,41.08,46.84,5.51,98.68,1.0144,3.7498,57.9,0,EIA/FRED/Bloomberg reference + synthetic daily interpolation
2016-04-25,2016,4,25,Monday,46.24,40.79,44.91,5.45,96.69,1.0502,3.7498,59.67,0,EIA/FRED/Bloomberg reference + synthetic daily interpolation
2016-04-26,2016,4,26,Tuesday,46.42,41.32,46.16,5.1,97.35,1.037,3.7501,59.69,0,EIA/FRED/Bloomberg reference + synthetic daily interpolation
2016-04-27,2016,4,27,Wednesday,45.69,40.39,45.09,5.3,98.17,1.0347,3.7498,58.73,0,EIA/FRED/Bloomberg reference + synthetic daily interpolation
2016-04-28,2016,4,28,Thursday,46.48,44.37,45.93,2.11,98.03,1.0367,3.7499,56.04,0,EIA/FRED/Bloomberg reference + synthetic daily interpolation
2016-04-29,2016,4,29,Friday,46.21,43.54,45.85,2.67,100.44,0.9856,3.7499,60.2,0,EIA/FRED/Bloomberg reference + synthetic daily interpolation
2016-05-02,2016,5,2,Monday,46.05,40.15,45.98,5.9,98.15,1.0267,3.7497,57.83,0,EIA/FRED/Bloomberg reference + synthetic daily interpolation
2016-05-03,2016,5,3,Tuesday,46.11,43.21,46.44,2.9,99.84,1.0009,3.7499,57.27,0,EIA/FRED/Bloomberg reference + synthetic daily interpolation
2016-05-04,2016,5,4,Wednesday,45.9,42.74,47.4,3.16,98.76,1.0018,3.75,60.52,0,EIA/FRED/Bloomberg reference + synthetic daily interpolation
2016-05-05,2016,5,5,Thursday,46.42,45.09,45.69,1.33,99.34,1.0136,3.75,59.9,0,EIA/FRED/Bloomberg reference + synthetic daily interpolation
2016-05-06,2016,5,6,Friday,45.44,40.26,45.97,5.18,98.71,1.0216,3.7497,59.94,0,EIA/FRED/Bloomberg reference + synthetic daily interpolation
2016-05-09,2016,5,9,Monday,46.86,41.6,46.73,5.26,99.59,1.0105,3.7501,57.5,0,EIA/FRED/Bloomberg reference + synthetic daily interpolation
2016-05-10,2016,5,10,Tuesday,46.17,41.14,44.82,5.03,97.72,1.0254,3.7497,59.43,0,EIA/FRED/Bloomberg reference + synthetic daily interpolation
2016-05-11,2016,5,11,Wednesday,47.99,44.17,48.48,3.82,97.49,1.0357,3.7498,59.29,0,EIA/FRED/Bloomberg reference + synthetic daily interpolation
2016-05-12,2016,5,12,Thursday,47.18,46.15,45.68,1.03,98.0,1.0352,3.7501,57.18,0,EIA/FRED/Bloomberg reference + synthetic daily interpolation
2016-05-13,2016,5,13,Friday,46.72,41.11,47.9,5.61,99.5,0.9946,3.7501,59.46,0,EIA/FRED/Bloomberg reference + synthetic daily interpolation
2016-05-16,2016,5,16,Monday,46.85,43.03,47.75,3.82,98.95,1.011,3.7497,61.26,0,EIA/FRED/Bloomberg reference + synthetic daily interpolation
2016-05-17,2016,5,17,Tuesday,46.92,42.21,47.11,4.71,98.26,1.0205,3.75,59.85,0,EIA/FRED/Bloomberg reference + synthetic daily interpolation
2016-05-18,2016,5,18,Wednesday,46.82,45.77,48.18,1.05,98.25,1.0241,3.7497,60.3,0,EIA/FRED/Bloomberg reference + synthetic daily interpolation
2016-05-19,2016,5,19,Thursday,45.7,43.91,44.6,1.79,98.03,1.0255,3.7497,57.54,0,EIA/FRED/Bloomberg reference + synthetic daily interpolation
2016-05-20,2016,5,20,Friday,45.92,41.81,47.37,4.11,97.63,1.0433,3.7497,58.37,0,EIA/FRED/Bloomberg reference + synthetic daily interpolation
2016-05-23,2016,5,23,Monday,47.64,43.22,48.45,4.42,97.22,1.0441,3.7497,60.92,0,EIA/FRED/Bloomberg reference + synthetic daily interpolation
2016-05-24,2016,5,24,Tuesday,45.51,41.3,44.66,4.21,98.55,1.0256,3.7497,56.59,0,EIA/FRED/Bloomberg reference + synthetic daily interpolation
2016-05-25,2016,5,25,Wednesday,45.88,40.71,46.98,5.17,98.43,1.0222,3.75,59.12,0,EIA/FRED/Bloomberg reference + synthetic daily interpolation
2016-05-26,2016,5,26,Thursday,46.23,43.66,45.39,2.57,98.57,1.0249,3.7499,57.34,0,EIA/FRED/Bloomberg reference + synthetic daily interpolation
2016-05-27,2016,5,27,Friday,45.89,41.18,44.9,4.71,98.76,1.0245,3.75,58.62,0,EIA/FRED/Bloomberg reference + synthetic daily interpolation
2016-05-30,2016,5,30,Monday,45.22,44.07,44.13,1.15,99.41,1.0072,3.7498,60.79,0,EIA/FRED/Bloomberg reference + synthetic daily interpolation
2016-05-31,2016,5,31,Tuesday,45.25,42.38,45.55,2.87,99.4,1.0103,3.75,56.85,0,EIA/FRED/Bloomberg reference + synthetic daily interpolation
2016-06-01,2016,6,1,Wednesday,46.37,41.39,45.41,4.98,99.18,0.9956,3.7497,58.11,0,EIA/FRED/Bloomberg reference + synthetic daily interpolation
2016-06-02,2016,6,2,Thursday,46.41,45.7,46.06,0.71,96.89,1.0421,3.7498,60.01,0,EIA/FRED/Bloomberg reference + synthetic daily interpolation
2016-06-03,2016,6,3,Friday,45.95,44.98,47.25,0.97,97.52,1.0349,3.7499,60.6,0,EIA/FRED/Bloomberg reference + synthetic daily interpolation
2016-06-06,2016,6,6,Monday,47.1,41.9,45.77,5.2,99.96,1.0044,3.7496,58.12,0,EIA/FRED/Bloomberg reference + synthetic daily interpolation
2016-06-07,2016,6,7,Tuesday,48.42,43.79,48.32,4.63,98.34,1.0265,3.75,59.34,0,EIA/FRED/Bloomberg reference + synthetic daily interpolation
2016-06-08,2016,6,8,Wednesday,47.31,44.94,47.22,2.37,101.67,0.9828,3.7496,57.45,0,EIA/FRED/Bloomberg reference + synthetic daily interpolation
2016-06-09,2016,6,9,Thursday,47.1,43.64,47.01,3.46,98.19,1.0333,3.7501,56.17,0,EIA/FRED/Bloomberg reference + synthetic daily interpolation
2016-06-10,2016,6,10,Friday,46.8,43.28,47.87,3.52,97.17,1.0446,3.75,58.92,0,EIA/FRED/Bloomberg reference + synthetic daily interpolation
2016-06-13,2016,6,13,Monday,45.79,40.88,45.39,4.91,99.86,1.0043,3.75,59.85,0,EIA/FRED/Bloomberg reference + synthetic daily interpolation
2016-06-14,2016,6,14,Tuesday,46.46,42.7,45.19,3.76,99.46,1.0124,3.7501,57.94,0,EIA/FRED/Bloomberg reference + synthetic daily interpolation
2016-06-15,2016,6,15,Wednesday,46.65,41.61,45.43,5.04,97.6,1.0326,3.7496,62.42,0,EIA/FRED/Bloomberg reference + synthetic daily interpolation
2016-06-16,2016,6,16,Thursday,45.39,40.93,44.05,4.46,98.16,1.0301,3.7496,62.4,0,EIA/FRED/Bloomberg reference + synthetic daily interpolation
2016-06-17,2016,6,17,Friday,46.83,42.63,47.0,4.2,100.44,0.9903,3.7497,61.62,0,EIA/FRED/Bloomberg reference + synthetic daily interpolation
2016-06-20,2016,6,20,Monday,46.49,44.2,47.54,2.29,99.15,1.0085,3.75,58.54,0,EIA/FRED/Bloomberg reference + synthetic daily interpolation
2016-06-21,2016,6,21,Tuesday,45.98,43.41,46.92,2.57,98.32,1.0261,3.7498,62.98,0,EIA/FRED/Bloomberg reference + synthetic daily interpolation
2016-06-22,2016,6,22,Wednesday,45.52,44.73,45.17,0.79,99.49,1.0261,3.7501,59.9,0,EIA/FRED/Bloomberg reference + synthetic daily interpolation
2016-06-23,2016,6,23,Thursday,46.21,40.59,46.03,5.62,99.72,1.0039,3.7498,61.22,0,EIA/FRED/Bloomberg reference + synthetic daily interpolation
2016-06-24,2016,6,24,Friday,45.63,44.44,45.36,1.19,98.42,1.019,3.7498,57.35,0,EIA/FRED/Bloomberg reference + synthetic daily interpolation
2016-06-27,2016,6,27,Monday,45.68,43.65,45.25,2.03,98.83,1.0057,3.75,58.08,0,EIA/FRED/Bloomberg reference + synthetic daily interpolation
2016-06-28,2016,6,28,Tuesday,47.4,43.09,46.98,4.31,98.98,1.0115,3.7501,57.18,0,EIA/FRED/Bloomberg reference + synthetic daily interpolation
2016-06-29,2016,6,29,Wednesday,46.98,43.55,46.61,3.43,98.86,1.0192,3.75,63.43,0,EIA/FRED/Bloomberg reference + synthetic daily interpolation
2016-06-30,2016,6,30,Thursday,45.92,45.2,46.36,0.72,98.3,1.0336,3.7499,54.19,0,EIA/FRED/Bloomberg reference + synthetic daily interpolation
2016-07-01,2016,7,1,Friday,46.4,45.52,46.18,0.88,99.64,1.0088,3.7498,60.97,0,EIA/FRED/Bloomberg reference + synthetic daily interpolation
2016-07-04,2016,7,4,Monday,45.63,43.09,46.91,2.54,100.43,0.9982,3.75,58.33,0,EIA/FRED/Bloomberg reference + synthetic daily interpolation
2016-07-05,2016,7,5,Tuesday,45.67,44.16,44.18,1.51,97.77,1.0396,3.7497,60.21,0,EIA/FRED/Bloomberg reference + synthetic daily interpolation
2016-07-06,2016,7,6,Wednesday,45.5,39.63,44.18,5.87,96.54,1.0504,3.7496,59.5,0,EIA/FRED/Bloomberg reference + synthetic daily interpolation
2016-07-07,2016,7,7,Thursday,45.63,42.23,46.38,3.4,101.54,0.9678,3.7499,61.01,0,EIA/FRED/Bloomberg reference + synthetic daily interpolation
2016-07-08,2016,7,8,Friday,45.84,43.58,46.24,2.26,96.86,1.0498,3.7498,55.89,0,EIA/FRED/Bloomberg reference + synthetic daily interpolation
2016-07-11,2016,7,11,Monday,45.52,42.36,44.42,3.16,98.52,1.011,3.7499,58.59,0,EIA/FRED/Bloomberg reference + synthetic daily interpolation
2016-07-12,2016,7,12,Tuesday,45.74,41.01,45.15,4.73,98.26,1.0281,3.7498,57.74,0,EIA/FRED/Bloomberg reference + synthetic daily interpolation
2016-07-13,2016,7,13,Wednesday,46.18,40.29,47.34,5.89,98.38,1.024,3.7499,61.14,0,EIA/FRED/Bloomberg reference + synthetic daily interpolation
2016-07-14,2016,7,14,Thursday,45.48,41.46,45.27,4.02,99.68,0.994,3.75,59.37,0,EIA/FRED/Bloomberg reference + synthetic daily interpolation
2016-07-15,2016,7,15,Friday,46.92,45.83,47.01,1.09,97.62,1.0343,3.7498,56.93,0,EIA/FRED/Bloomberg reference + synthetic daily interpolation
2016-07-18,2016,7,18,Monday,44.38,40.61,44.0,3.77,101.13,0.9908,3.7499,59.75,0,EIA/FRED/Bloomberg reference + synthetic daily interpolation
2016-07-19,2016,7,19,Tuesday,47.07,45.7,46.42,1.37,97.08,1.0446,3.7499,58.14,0,EIA/FRED/Bloomberg reference + synthetic daily interpolation
2016-07-20,2016,7,20,Wednesday,45.37,43.02,44.52,2.35,99.0,1.0144,3.7496,61.15,0,EIA/FRED/Bloomberg reference + synthetic daily interpolation
2016-07-21,2016,7,21,Thursday,46.52,40.73,46.12,5.79,97.9,1.0283,3.7498,59.82,0,EIA/FRED/Bloomberg reference + synthetic daily interpolation
2016-07-22,2016,7,22,Friday,44.75,41.58,44.61,3.17,97.33,1.0469,3.7496,58.62,0,EIA/FRED/Bloomberg reference + synthetic daily interpolation
2016-07-25,2016,7,25,Monday,44.8,43.08,45.19,1.72,99.75,1.0055,3.7498,59.24,0,EIA/FRED/Bloomberg reference + synthetic daily interpolation
2016-07-26,2016,7,26,Tuesday,45.07,39.3,44.04,5.77,95.88,1.0566,3.7497,58.25,0,EIA/FRED/Bloomberg reference + synthetic daily interpolation
2016-07-27,2016,7,27,Wednesday,44.96,41.75,45.05,3.21,100.35,0.9953,3.75,60.84,0,EIA/FRED/Bloomberg reference + synthetic daily interpolation
2016-07-28,2016,7,28,Thursday,46.16,41.41,46.23,4.75,98.51,1.0216,3.7501,55.36,0,EIA/FRED/Bloomberg reference + synthetic daily interpolation
2016-07-29,2016,7,29,Friday,45.59,40.22,46.34,5.37,100.11,0.9966,3.7499,60.26,0,EIA/FRED/Bloomberg reference + synthetic daily interpolation
2016-08-01,2016,8,1,Monday,45.42,40.34,45.69,5.08,97.51,1.0355,3.7499,53.74,0,EIA/FRED/Bloomberg reference + synthetic daily interpolation
2016-08-02,2016,8,2,Tuesday,45.33,44.25,45.08,1.08,98.2,1.0258,3.7498,59.84,0,EIA/FRED/Bloomberg reference + synthetic daily interpolation
2016-08-03,2016,8,3,Wednesday,45.51,39.91,44.26,5.6,100.01,1.0004,3.7499,57.75,0,EIA/FRED/Bloomberg reference + synthetic daily interpolation
2016-08-04,2016,8,4,Thursday,44.4,42.29,42.9,2.11,98.65,1.0187,3.7499,60.9,0,EIA/FRED/Bloomberg reference + synthetic daily interpolation
2016-08-05,2016,8,5,Friday,45.61,41.32,45.3,4.29,98.78,1.0164,3.7496,61.03,0,EIA/FRED/Bloomberg reference + synthetic daily interpolation
2016-08-08,2016,8,8,Monday,45.23,42.87,44.46,2.36,98.67,1.0201,3.7496,59.22,0,EIA/FRED/Bloomberg reference + synthetic daily interpolation
2016-08-09,2016,8,9,Tuesday,44.75,43.43,43.67,1.32,98.69,1.0166,3.7498,60.93,0,EIA/FRED/Bloomberg reference + synthetic daily interpolation
2016-08-10,2016,8,10,Wednesday,43.51,37.82,42.14,5.69,100.44,0.9981,3.7497,59.78,0,EIA/FRED/Bloomberg reference + synthetic daily interpolation
2016-08-11,2016,8,11,Thursday,44.58,39.05,44.72,5.53,99.87,1.004,3.7497,58.69,0,EIA/FRED/Bloomberg reference + synthetic daily interpolation
2016-08-12,2016,8,12,Friday,45.46,44.93,45.11,0.53,97.18,1.0439,3.7501,59.31,0,EIA/FRED/Bloomberg reference + synthetic daily interpolation
2016-08-15,2016,8,15,Monday,44.29,38.4,43.63,5.89,98.63,1.0225,3.75,59.36,0,EIA/FRED/Bloomberg reference + synthetic daily interpolation
2016-08-16,2016,8,16,Tuesday,43.71,38.61,43.89,5.1,98.75,1.014,3.7499,58.95,0,EIA/FRED/Bloomberg reference + synthetic daily interpolation
2016-08-17,2016,8,17,Wednesday,44.69,38.86,44.96,5.83,97.99,1.0364,3.7497,58.1,0,EIA/FRED/Bloomberg reference + synthetic daily interpolation
2016-08-18,2016,8,18,Thursday,44.39,38.95,44.34,5.44,99.27,1.0088,3.7498,61.13,0,EIA/FRED/Bloomberg reference + synthetic daily interpolation
2016-08-19,2016,8,19,Friday,43.32,39.55,42.77,3.77,99.48,1.0085,3.7497,58.7,0,EIA/FRED/Bloomberg reference + synthetic daily interpolation
2016-08-22,2016,8,22,Monday,42.68,41.72,42.73,0.96,99.45,1.0076,3.7498,59.87,0,EIA/FRED/Bloomberg reference + synthetic daily interpolation
2016-08-23,2016,8,23,Tuesday,43.15,42.37,43.74,0.78,100.37,0.9922,3.7501,63.12,0,EIA/FRED/Bloomberg reference + synthetic daily interpolation
2016-08-24,2016,8,24,Wednesday,44.0,41.88,45.41,2.12,98.42,1.0215,3.7497,60.23,0,EIA/FRED/Bloomberg reference + synthetic daily interpolation
2016-08-25,2016,8,25,Thursday,43.84,42.71,43.73,1.13,98.19,1.0325,3.7498,61.15,0,EIA/FRED/Bloomberg reference + synthetic daily interpolation
2016-08-26,2016,8,26,Friday,44.59,43.02,43.1,1.57,99.32,1.0104,3.7497,59.34,0,EIA/FRED/Bloomberg reference + synthetic daily interpolation
2016-08-29,2016,8,29,Monday,43.4,41.61,44.23,1.79,97.71,1.037,3.75,59.66,0,EIA/FRED/Bloomberg reference + synthetic daily interpolation
2016-08-30,2016,8,30,Tuesday,43.19,39.84,42.19,3.35,97.41,1.0385,3.7496,61.35,0,EIA/FRED/Bloomberg reference + synthetic daily interpolation
2016-08-31,2016,8,31,Wednesday,43.15,42.41,44.15,0.74,98.41,1.0289,3.7496,57.26,0,EIA/FRED/Bloomberg reference + synthetic daily interpolation
2016-09-01,2016,9,1,Thursday,43.26,40.61,43.11,2.65,99.19,1.0095,3.7498,55.74,0,EIA/FRED/Bloomberg reference + synthetic daily interpolation
2016-09-02,2016,9,2,Friday,42.34,37.94,43.39,4.4,99.78,1.0018,3.7499,64.09,0,EIA/FRED/Bloomberg reference + synthetic daily interpolation
2016-09-05,2016,9,5,Monday,44.15,43.42,45.03,0.73,95.35,1.0704,3.7497,60.78,0,EIA/FRED/Bloomberg reference + synthetic daily interpolation
2016-09-06,2016,9,6,Tuesday,43.31,41.4,44.3,1.91,98.19,1.0325,3.7497,58.31,0,EIA/FRED/Bloomberg reference + synthetic daily interpolation
2016-09-07,2016,9,7,Wednesday,43.89,40.82,44.54,3.07,100.15,1.0029,3.7501,57.25,0,EIA/FRED/Bloomberg reference + synthetic daily interpolation
2016-09-08,2016,9,8,Thursday,43.4,41.5,43.3,1.9,98.78,1.0149,3.75,55.15,0,EIA/FRED/Bloomberg reference + synthetic daily interpolation
2016-09-09,2016,9,9,Friday,42.99,38.26,41.93,4.73,98.95,1.0127,3.7498,55.34,0,EIA/FRED/Bloomberg reference + synthetic daily interpolation
2016-09-12,2016,9,12,Monday,44.17,42.26,44.87,1.91,98.37,1.0225,3.75,59.4,0,EIA/FRED/Bloomberg reference + synthetic daily interpolation
2016-09-13,2016,9,13,Tuesday,41.84,39.75,41.63,2.09,98.22,1.0333,3.7499,60.21,0,EIA/FRED/Bloomberg reference + synthetic daily interpolation
2016-09-14,2016,9,14,Wednesday,43.89,39.43,42.86,4.46,99.62,1.0082,3.7498,57.2,0,EIA/FRED/Bloomberg reference + synthetic daily interpolation
2016-09-15,2016,9,15,Thursday,43.99,38.18,43.37,5.81,99.45,1.0063,3.7501,61.6,0,EIA/FRED/Bloomberg reference + synthetic daily interpolation
2016-09-16,2016,9,16,Friday,44.41,43.16,43.66,1.25,99.06,1.0097,3.7497,57.79,0,EIA/FRED/Bloomberg reference + synthetic daily interpolation
2016-09-19,2016,9,19,Monday,43.22,38.27,44.68,4.95,99.02,1.0087,3.7501,59.35,0,EIA/FRED/Bloomberg reference + synthetic daily interpolation
2016-09-20,2016,9,20,Tuesday,41.41,36.67,41.92,4.74,97.95,1.0409,3.7497,62.52,0,EIA/FRED/Bloomberg reference + synthetic daily interpolation
2016-09-21,2016,9,21,Wednesday,42.61,40.89,43.21,1.72,98.24,1.0257,3.7497,57.12,0,EIA/FRED/Bloomberg reference + synthetic daily interpolation
2016-09-22,2016,9,22,Thursday,41.82,40.92,42.15,0.9,100.25,0.9919,3.7498,63.43,0,EIA/FRED/Bloomberg reference + synthetic daily interpolation
2016-09-23,2016,9,23,Friday,42.55,37.23,41.4,5.32,100.55,0.9957,3.7499,56.51,0,EIA/FRED/Bloomberg reference + synthetic daily interpolation
2016-09-26,2016,9,26,Monday,41.39,39.72,40.95,1.67,98.25,1.0244,3.7496,57.6,0,EIA/FRED/Bloomberg reference + synthetic daily interpolation
2016-09-27,2016,9,27,Tuesday,42.85,38.38,42.57,4.47,100.81,0.99,3.7498,60.75,0,EIA/FRED/Bloomberg reference + synthetic daily interpolation
2016-09-28,2016,9,28,Wednesday,41.81,37.8,40.38,4.01,100.49,0.9866,3.7499,59.24,0,EIA/FRED/Bloomberg reference + synthetic daily interpolation
2016-09-29,2016,9,29,Thursday,41.85,36.56,41.46,5.29,101.55,0.9796,3.7499,59.42,0,EIA/FRED/Bloomberg reference + synthetic daily interpolation
2016-09-30,2016,9,30,Friday,42.24,38.56,41.53,3.68,98.86,1.0184,3.7498,59.52,0,EIA/FRED/Bloomberg reference + synthetic daily interpolation
2016-10-03,2016,10,3,Monday,43.1,38.87,42.61,4.23,98.18,1.0262,3.7499,57.24,0,EIA/FRED/Bloomberg reference + synthetic daily interpolation
2016-10-04,2016,10,4,Tuesday,41.38,36.29,41.46,5.09,98.21,1.0291,3.7497,57.3,0,EIA/FRED/Bloomberg reference + synthetic daily interpolation
2016-10-05,2016,10,5,Wednesday,42.38,37.83,42.96,4.55,99.63,1.0081,3.7496,60.69,0,EIA/FRED/Bloomberg reference + synthetic daily interpolation
2016-10-06,2016,10,6,Thursday,42.12,36.89,42.13,5.23,100.24,0.9885,3.7501,58.74,0,EIA/FRED/Bloomberg reference + synthetic daily interpolation
2016-10-07,2016,10,7,Friday,42.36,36.49,41.42,5.87,98.62,1.0166,3.7499,60.91,0,EIA/FRED/Bloomberg reference + synthetic daily interpolation
2016-10-10,2016,10,10,Monday,41.86,35.89,41.13,5.97,98.37,1.0261,3.7501,57.66,0,EIA/FRED/Bloomberg reference + synthetic daily interpolation
2016-10-11,2016,10,11,Tuesday,41.68,36.2,41.7,5.48,98.77,1.0133,3.7498,58.51,0,EIA/FRED/Bloomberg reference + synthetic daily interpolation
2016-10-12,2016,10,12,Wednesday,40.67,36.18,41.67,4.49,100.84,0.9819,3.7498,58.51,0,EIA/FRED/Bloomberg reference + synthetic daily interpolation
2016-10-13,2016,10,13,Thursday,42.35,40.5,43.22,1.85,98.15,1.0376,3.7497,56.33,0,EIA/FRED/Bloomberg reference + synthetic daily interpolation
2016-10-14,2016,10,14,Friday,41.54,36.63,40.53,4.91,98.05,1.0379,3.7498,54.6,0,EIA/FRED/Bloomberg reference + synthetic daily interpolation
2016-10-17,2016,10,17,Monday,40.86,37.37,39.92,3.49,99.12,1.0088,3.7499,61.86,0,EIA/FRED/Bloomberg reference + synthetic daily interpolation
2016-10-18,2016,10,18,Tuesday,41.6,39.56,40.47,2.04,99.81,1.0031,3.7499,58.22,0,EIA/FRED/Bloomberg reference + synthetic daily interpolation
2016-10-19,2016,10,19,Wednesday,41.59,36.53,41.51,5.06,96.68,1.0483,3.7498,55.52,0,EIA/FRED/Bloomberg reference + synthetic daily interpolation
2016-10-20,2016,10,20,Thursday,40.87,40.2,40.41,0.67,98.37,1.0184,3.7498,61.29,0,EIA/FRED/Bloomberg reference + synthetic daily interpolation
2016-10-21,2016,10,21,Friday,42.12,38.35,43.17,3.77,99.14,1.0192,3.75,61.9,0,EIA/FRED/Bloomberg reference + synthetic daily interpolation
2016-10-24,2016,10,24,Monday,40.78,40.23,41.52,0.55,98.37,1.0226,3.7498,58.22,0,EIA/FRED/Bloomberg reference + synthetic daily interpolation
2016-10-25,2016,10,25,Tuesday,41.57,39.23,42.05,2.34,99.57,1.0029,3.7499,55.43,0,EIA/FRED/Bloomberg reference + synthetic daily interpolation
2016-10-26,2016,10,26,Wednesday,41.54,37.36,40.69,4.18,99.31,1.0146,3.7498,55.24,0,EIA/FRED/Bloomberg reference + synthetic daily interpolation
2016-10-27,2016,10,27,Thursday,40.92,35.98,39.79,4.94,100.76,0.9886,3.7497,58.04,0,EIA/FRED/Bloomberg reference + synthetic daily interpolation
2016-10-28,2016,10,28,Friday,41.25,39.44,40.37,1.81,97.64,1.0336,3.75,60.4,0,EIA/FRED/Bloomberg reference + synthetic daily interpolation
2016-10-31,2016,10,31,Monday,40.25,39.07,39.01,1.18,97.87,1.0338,3.7497,56.48,0,EIA/FRED/Bloomberg reference + synthetic daily interpolation
2016-11-01,2016,11,1,Tuesday,41.06,40.18,42.36,0.88,99.15,1.0249,3.75,59.91,0,EIA/FRED/Bloomberg reference + synthetic daily interpolation
2016-11-02,2016,11,2,Wednesday,42.38,38.2,42.92,4.18,99.15,1.0136,3.7498,60.07,0,EIA/FRED/Bloomberg reference + synthetic daily interpolation
2016-11-03,2016,11,3,Thursday,40.25,35.51,41.73,4.74,98.46,1.0257,3.7501,59.49,0,EIA/FRED/Bloomberg reference + synthetic daily interpolation
2016-11-04,2016,11,4,Friday,41.64,39.6,42.16,2.04,98.98,1.0178,3.7496,60.63,0,EIA/FRED/Bloomberg reference + synthetic daily interpolation
2016-11-07,2016,11,7,Monday,41.68,37.79,42.98,3.89,97.5,1.0405,3.75,57.35,0,EIA/FRED/Bloomberg reference + synthetic daily interpolation
2016-11-08,2016,11,8,Tuesday,40.97,36.8,40.89,4.17,98.29,1.0295,3.7498,57.99,0,EIA/FRED/Bloomberg reference + synthetic daily interpolation
2016-11-09,2016,11,9,Wednesday,41.0,36.69,40.82,4.31,101.51,0.9732,3.7496,56.94,0,EIA/FRED/Bloomberg reference + synthetic daily interpolation
2016-11-10,2016,11,10,Thursday,41.46,40.39,42.76,1.07,100.15,1.0036,3.7498,60.23,0,EIA/FRED/Bloomberg reference + synthetic daily interpolation
2016-11-11,2016,11,11,Friday,40.32,38.01,41.4,2.31,98.48,1.0278,3.75,59.08,0,EIA/FRED/Bloomberg reference + synthetic daily interpolation
2016-11-14,2016,11,14,Monday,41.09,35.61,39.85,5.48,97.54,1.0417,3.7499,58.82,0,EIA/FRED/Bloomberg reference + synthetic daily interpolation
2016-11-15,2016,11,15,Tuesday,40.93,38.3,41.96,2.63,99.08,1.0146,3.75,58.84,0,EIA/FRED/Bloomberg reference + synthetic daily interpolation
2016-11-16,2016,11,16,Wednesday,40.7,38.85,42.13,1.85,98.8,1.0216,3.7498,60.27,0,EIA/FRED/Bloomberg reference + synthetic daily interpolation
2016-11-17,2016,11,17,Thursday,41.17,39.73,41.45,1.44,100.68,0.9947,3.7498,60.33,0,EIA/FRED/Bloomberg reference + synthetic daily interpolation
2016-11-18,2016,11,18,Friday,42.07,36.97,42.77,5.1,98.9,1.0234,3.7501,61.62,0,EIA/FRED/Bloomberg reference + synthetic daily interpolation
2016-11-21,2016,11,21,Monday,41.19,37.88,41.73,3.31,99.79,1.0019,3.75,61.2,0,EIA/FRED/Bloomberg reference + synthetic daily interpolation
2016-11-22,2016,11,22,Tuesday,40.86,38.75,40.37,2.11,97.64,1.0259,3.7498,54.51,0,EIA/FRED/Bloomberg reference + synthetic daily interpolation
2016-11-23,2016,11,23,Wednesday,40.82,39.65,41.99,1.17,100.59,0.9856,3.75,60.04,0,EIA/FRED/Bloomberg reference + synthetic daily interpolation
2016-11-24,2016,11,24,Thursday,39.44,36.18,38.23,3.26,98.87,1.0254,3.75,59.62,0,EIA/FRED/Bloomberg reference + synthetic daily interpolation
2016-11-25,2016,11,25,Friday,41.84,36.45,42.46,5.39,99.15,1.017,3.75,56.69,0,EIA/FRED/Bloomberg reference + synthetic daily interpolation
2016-11-28,2016,11,28,Monday,40.88,38.29,42.0,2.59,98.4,1.0245,3.75,59.29,0,EIA/FRED/Bloomberg reference + synthetic daily interpolation
2016-11-29,2016,11,29,Tuesday,40.59,36.14,40.24,4.45,96.28,1.061,3.7499,58.82,0,EIA/FRED/Bloomberg reference + synthetic daily interpolation
2016-11-30,2016,11,30,Wednesday,40.59,34.94,41.23,5.65,96.18,1.0627,3.7498,57.56,0,EIA/FRED/Bloomberg reference + synthetic daily interpolation
2016-12-01,2016,12,1,Thursday,40.28,35.05,40.99,5.23,100.14,1.0043,3.7497,58.87,0,EIA/FRED/Bloomberg reference + synthetic daily interpolation
2016-12-02,2016,12,2,Friday,41.01,36.61,39.7,4.4,98.71,1.0186,3.75,58.84,0,EIA/FRED/Bloomberg reference + synthetic daily interpolation
2016-12-05,2016,12,5,Monday,41.57,38.21,41.61,3.36,99.19,1.0186,3.75,59.2,0,EIA/FRED/Bloomberg reference + synthetic daily interpolation
2016-12-06,2016,12,6,Tuesday,40.74,39.87,41.22,0.87,100.25,1.0052,3.7498,57.94,0,EIA/FRED/Bloomberg reference + synthetic daily interpolation
2016-12-07,2016,12,7,Wednesday,41.03,35.65,39.9,5.38,99.19,1.0195,3.7499,59.5,0,EIA/FRED/Bloomberg reference + synthetic daily interpolation
2016-12-08,2016,12,8,Thursday,40.95,39.93,41.23,1.02,99.34,1.0039,3.75,61.37,0,EIA/FRED/Bloomberg reference + synthetic daily interpolation
2016-12-09,2016,12,9,Friday,40.51,35.2,39.4,5.31,98.72,1.0194,3.75,61.15,0,EIA/FRED/Bloomberg reference + synthetic daily interpolation
2016-12-12,2016,12,12,Monday,40.57,38.08,40.33,2.49,100.23,0.9968,3.7501,57.05,0,EIA/FRED/Bloomberg reference + synthetic daily interpolation
2016-12-13,2016,12,13,Tuesday,41.09,35.96,41.84,5.13,99.25,1.0131,3.7499,59.9,0,EIA/FRED/Bloomberg reference + synthetic daily interpolation
2016-12-14,2016,12,14,Wednesday,40.98,37.63,40.15,3.35,96.19,1.0564,3.7501,57.24,0,EIA/FRED/Bloomberg reference + synthetic daily interpolation
2016-12-15,2016,12,15,Thursday,41.22,36.36,39.96,4.86,99.56,1.0055,3.7497,60.93,0,EIA/FRED/Bloomberg reference + synthetic daily interpolation
2016-12-16,2016,12,16,Friday,39.91,36.88,39.28,3.03,98.82,1.0214,3.7497,62.25,0,EIA/FRED/Bloomberg reference + synthetic daily interpolation
2016-12-19,2016,12,19,Monday,40.69,36.47,40.47,4.22,99.69,1.0128,3.7498,59.04,0,EIA/FRED/Bloomberg reference + synthetic daily interpolation
2016-12-20,2016,12,20,Tuesday,41.66,37.53,40.35,4.13,100.39,0.9863,3.7498,59.05,0,EIA/FRED/Bloomberg reference + synthetic daily interpolation
2016-12-21,2016,12,21,Wednesday,40.23,35.47,39.06,4.76,98.93,1.0184,3.7497,60.48,0,EIA/FRED/Bloomberg reference + synthetic daily interpolation
2016-12-22,2016,12,22,Thursday,41.27,37.83,40.35,3.44,99.05,1.0162,3.75,60.55,0,EIA/FRED/Bloomberg reference + synthetic daily interpolation
2016-12-23,2016,12,23,Friday,40.78,38.99,40.28,1.79,99.17,1.0162,3.7496,52.89,0,EIA/FRED/Bloomberg reference + synthetic daily interpolation
2016-12-26,2016,12,26,Monday,41.36,38.57,41.76,2.79,97.74,1.0338,3.7498,58.93,0,EIA/FRED/Bloomberg reference + synthetic daily interpolation
2016-12-27,2016,12,27,Tuesday,40.36,38.13,40.99,2.23,98.22,1.0261,3.75,60.42,0,EIA/FRED/Bloomberg reference + synthetic daily interpolation
2016-12-28,2016,12,28,Wednesday,40.47,36.59,40.64,3.88,99.7,1.0121,3.75,60.98,0,EIA/FRED/Bloomberg reference + synthetic daily interpolation
2016-12-29,2016,12,29,Thursday,40.66,34.99,42.04,5.67,98.74,1.0203,3.75,62.2,0,EIA/FRED/Bloomberg reference + synthetic daily interpolation
2016-12-30,2016,12,30,Friday,41.52,39.15,40.64,2.37,98.9,1.0116,3.7496,58.42,0,EIA/FRED/Bloomberg reference + synthetic daily interpolation
2017-01-02,2017,1,2,Monday,50.87,46.56,51.23,4.31,94.71,1.0757,3.7497,59.43,0,EIA/FRED/Bloomberg reference + synthetic daily interpolation
2017-01-03,2017,1,3,Tuesday,51.75,48.61,51.73,3.14,93.17,1.1046,3.7498,61.26,0,EIA/FRED/Bloomberg reference + synthetic daily interpolation
2017-01-04,2017,1,4,Wednesday,53.19,48.09,54.46,5.1,93.25,1.0975,3.75,62.79,0,EIA/FRED/Bloomberg reference + synthetic daily interpolation
2017-01-05,2017,1,5,Thursday,52.21,47.44,53.19,4.77,94.38,1.0904,3.7501,59.42,0,EIA/FRED/Bloomberg reference + synthetic daily interpolation
2017-01-06,2017,1,6,Friday,51.19,46.08,50.79,5.11,93.37,1.0873,3.75,63.64,0,EIA/FRED/Bloomberg reference + synthetic daily interpolation
2017-01-09,2017,1,9,Monday,50.84,46.87,51.94,3.97,93.78,1.091,3.7501,58.19,0,EIA/FRED/Bloomberg reference + synthetic daily interpolation
2017-01-10,2017,1,10,Tuesday,52.37,49.37,51.8,3.0,95.08,1.0794,3.75,60.38,0,EIA/FRED/Bloomberg reference + synthetic daily interpolation
2017-01-11,2017,1,11,Wednesday,51.39,47.67,52.6,3.72,93.09,1.0952,3.7499,61.67,0,EIA/FRED/Bloomberg reference + synthetic daily interpolation
2017-01-12,2017,1,12,Thursday,51.97,51.4,52.48,0.57,93.38,1.0986,3.75,59.29,0,EIA/FRED/Bloomberg reference + synthetic daily interpolation
2017-01-13,2017,1,13,Friday,53.2,51.69,53.91,1.51,94.98,1.0821,3.7497,60.86,0,EIA/FRED/Bloomberg reference + synthetic daily interpolation
2017-01-16,2017,1,16,Monday,51.7,45.92,50.36,5.78,93.25,1.1016,3.7498,60.58,0,EIA/FRED/Bloomberg reference + synthetic daily interpolation
2017-01-17,2017,1,17,Tuesday,53.03,50.55,54.06,2.48,92.15,1.1177,3.7499,57.83,0,EIA/FRED/Bloomberg reference + synthetic daily interpolation
2017-01-18,2017,1,18,Wednesday,52.15,48.12,52.05,4.03,89.7,1.15,3.7498,57.88,0,EIA/FRED/Bloomberg reference + synthetic daily interpolation
2017-01-19,2017,1,19,Thursday,52.25,49.05,52.95,3.2,91.95,1.1269,3.7498,64.31,0,EIA/FRED/Bloomberg reference + synthetic daily interpolation
2017-01-20,2017,1,20,Friday,53.26,52.28,54.51,0.98,92.3,1.113,3.7496,61.45,0,EIA/FRED/Bloomberg reference + synthetic daily interpolation
2017-01-23,2017,1,23,Monday,52.22,49.65,52.85,2.57,95.1,1.0702,3.7499,59.31,0,EIA/FRED/Bloomberg reference + synthetic daily interpolation
2017-01-24,2017,1,24,Tuesday,52.13,51.52,53.21,0.61,94.97,1.0736,3.75,61.3,0,EIA/FRED/Bloomberg reference + synthetic daily interpolation
2017-01-25,2017,1,25,Wednesday,52.92,49.71,52.97,3.21,91.94,1.1245,3.7498,66.6,0,EIA/FRED/Bloomberg reference + synthetic daily interpolation
2017-01-26,2017,1,26,Thursday,52.13,48.49,51.54,3.64,93.96,1.091,3.7501,62.66,0,EIA/FRED/Bloomberg reference + synthetic daily interpolation
2017-01-27,2017,1,27,Friday,52.31,48.28,53.8,4.03,95.03,1.0668,3.7497,63.75,0,EIA/FRED/Bloomberg reference + synthetic daily interpolation
2017-01-30,2017,1,30,Monday,53.5,52.78,53.33,0.72,91.17,1.1378,3.7501,61.31,0,EIA/FRED/Bloomberg reference + synthetic daily interpolation
2017-01-31,2017,1,31,Tuesday,53.49,48.37,52.84,5.12,92.2,1.1208,3.7497,64.34,0,EIA/FRED/Bloomberg reference + synthetic daily interpolation
2017-02-01,2017,2,1,Wednesday,52.72,49.92,53.29,2.8,94.59,1.0809,3.75,63.82,0,EIA/FRED/Bloomberg reference + synthetic daily interpolation
2017-02-02,2017,2,2,Thursday,52.42,51.01,53.08,1.41,92.09,1.1192,3.7498,58.92,0,EIA/FRED/Bloomberg reference + synthetic daily interpolation
2017-02-03,2017,2,3,Friday,52.79,49.85,51.5,2.94,92.57,1.1054,3.7498,60.3,0,EIA/FRED/Bloomberg reference + synthetic daily interpolation
2017-02-06,2017,2,6,Monday,53.32,49.32,54.39,4.0,92.23,1.1226,3.7498,62.48,0,EIA/FRED/Bloomberg reference + synthetic daily interpolation
2017-02-07,2017,2,7,Tuesday,53.37,51.62,54.42,1.75,92.66,1.1128,3.7499,59.7,0,EIA/FRED/Bloomberg reference + synthetic daily interpolation
2017-02-08,2017,2,8,Wednesday,53.1,47.76,53.28,5.34,93.9,1.0859,3.7499,62.0,0,EIA/FRED/Bloomberg reference + synthetic daily interpolation
2017-02-09,2017,2,9,Thursday,52.73,47.12,51.76,5.61,93.48,1.0976,3.7499,58.78,0,EIA/FRED/Bloomberg reference + synthetic daily interpolation
2017-02-10,2017,2,10,Friday,54.84,52.63,56.26,2.21,93.83,1.0931,3.7497,60.78,0,EIA/FRED/Bloomberg reference + synthetic daily interpolation
2017-02-13,2017,2,13,Monday,53.2,50.48,52.45,2.72,94.71,1.0734,3.75,61.27,0,EIA/FRED/Bloomberg reference + synthetic daily interpolation
2017-02-14,2017,2,14,Tuesday,53.97,48.98,52.92,4.99,95.4,1.073,3.7498,61.83,0,EIA/FRED/Bloomberg reference + synthetic daily interpolation
2017-02-15,2017,2,15,Wednesday,52.48,49.33,53.46,3.15,93.35,1.1014,3.7498,63.02,0,EIA/FRED/Bloomberg reference + synthetic daily interpolation
2017-02-16,2017,2,16,Thursday,52.79,47.19,53.73,5.6,92.96,1.1015,3.7497,63.59,0,EIA/FRED/Bloomberg reference + synthetic daily interpolation
2017-02-17,2017,2,17,Friday,53.22,52.18,54.17,1.04,91.7,1.1247,3.7497,61.09,0,EIA/FRED/Bloomberg reference + synthetic daily interpolation
2017-02-20,2017,2,20,Monday,53.41,51.04,52.17,2.37,92.02,1.1203,3.7496,63.77,0,EIA/FRED/Bloomberg reference + synthetic daily interpolation
2017-02-21,2017,2,21,Tuesday,53.29,50.47,52.03,2.82,94.23,1.0925,3.7499,60.76,0,EIA/FRED/Bloomberg reference + synthetic daily interpolation
2017-02-22,2017,2,22,Wednesday,53.2,50.56,51.94,2.64,94.61,1.0763,3.7501,59.85,0,EIA/FRED/Bloomberg reference + synthetic daily interpolation
2017-02-23,2017,2,23,Thursday,54.9,52.24,54.84,2.66,92.87,1.1126,3.7501,59.76,0,EIA/FRED/Bloomberg reference + synthetic daily interpolation
2017-02-24,2017,2,24,Friday,55.08,49.62,54.88,5.46,92.39,1.114,3.75,62.24,0,EIA/FRED/Bloomberg reference + synthetic daily interpolation
2017-02-27,2017,2,27,Monday,53.38,50.83,54.13,2.55,91.35,1.1315,3.7501,61.53,0,EIA/FRED/Bloomberg reference + synthetic daily interpolation
2017-02-28,2017,2,28,Tuesday,54.36,50.61,55.76,3.75,94.17,1.0817,3.7499,62.67,0,EIA/FRED/Bloomberg reference + synthetic daily interpolation
2017-03-01,2017,3,1,Wednesday,54.61,50.02,53.11,4.59,95.29,1.06,3.7499,62.23,0,EIA/FRED/Bloomberg reference + synthetic daily interpolation
2017-03-02,2017,3,2,Thursday,54.26,51.35,55.35,2.91,93.41,1.0908,3.7498,61.97,0,EIA/FRED/Bloomberg reference + synthetic daily interpolation
2017-03-03,2017,3,3,Friday,55.18,50.02,56.53,5.16,96.27,1.056,3.7497,58.74,0,EIA/FRED/Bloomberg reference + synthetic daily interpolation
2017-03-06,2017,3,6,Monday,54.19,49.54,53.95,4.65,93.3,1.0965,3.75,59.61,0,EIA/FRED/Bloomberg reference + synthetic daily interpolation
2017-03-07,2017,3,7,Tuesday,55.39,50.83,54.15,4.56,93.22,1.0955,3.7499,60.59,0,EIA/FRED/Bloomberg reference + synthetic daily interpolation
2017-03-08,2017,3,8,Wednesday,53.03,49.22,53.06,3.81,92.57,1.105,3.7497,61.6,0,EIA/FRED/Bloomberg reference + synthetic daily interpolation
2017-03-09,2017,3,9,Thursday,55.11,51.41,54.11,3.7,90.47,1.1392,3.7499,64.0,0,EIA/FRED/Bloomberg reference + synthetic daily interpolation
2017-03-10,2017,3,10,Friday,54.86,51.77,54.48,3.09,95.22,1.071,3.7499,61.37,0,EIA/FRED/Bloomberg reference + synthetic daily interpolation
2017-03-13,2017,3,13,Monday,54.16,51.0,54.74,3.16,92.3,1.1184,3.7496,63.06,0,EIA/FRED/Bloomberg reference + synthetic daily interpolation
2017-03-14,2017,3,14,Tuesday,55.92,53.12,55.04,2.8,93.59,1.0949,3.7497,63.57,0,EIA/FRED/Bloomberg reference + synthetic daily interpolation
2017-03-15,2017,3,15,Wednesday,56.91,54.37,56.19,2.54,93.91,1.0953,3.7498,61.26,0,EIA/FRED/Bloomberg reference + synthetic daily interpolation
2017-03-16,2017,3,16,Thursday,56.42,51.9,54.93,4.52,92.59,1.1218,3.7498,60.8,0,EIA/FRED/Bloomberg reference + synthetic daily interpolation
2017-03-17,2017,3,17,Friday,53.85,52.07,53.21,1.78,91.51,1.1242,3.7498,62.6,0,EIA/FRED/Bloomberg reference + synthetic daily interpolation
2017-03-20,2017,3,20,Monday,56.49,54.6,56.31,1.89,96.46,1.0533,3.7497,60.0,0,EIA/FRED/Bloomberg reference + synthetic daily interpolation
2017-03-21,2017,3,21,Tuesday,54.34,51.19,53.05,3.15,93.98,1.0915,3.7499,62.38,0,EIA/FRED/Bloomberg reference + synthetic daily interpolation
2017-03-22,2017,3,22,Wednesday,54.44,49.77,53.76,4.67,91.89,1.1164,3.7497,59.42,0,EIA/FRED/Bloomberg reference + synthetic daily interpolation
2017-03-23,2017,3,23,Thursday,54.82,51.69,54.05,3.13,94.56,1.0754,3.7499,61.1,0,EIA/FRED/Bloomberg reference + synthetic daily interpolation
2017-03-24,2017,3,24,Friday,54.24,52.62,54.26,1.62,92.87,1.1009,3.75,59.7,0,EIA/FRED/Bloomberg reference + synthetic daily interpolation
2017-03-27,2017,3,27,Monday,55.31,50.85,55.01,4.46,91.81,1.1199,3.7498,62.56,0,EIA/FRED/Bloomberg reference + synthetic daily interpolation
2017-03-28,2017,3,28,Tuesday,56.16,52.59,56.82,3.57,93.65,1.0948,3.7501,59.09,0,EIA/FRED/Bloomberg reference + synthetic daily interpolation
2017-03-29,2017,3,29,Wednesday,56.68,54.81,55.29,1.87,93.71,1.0877,3.75,60.01,0,EIA/FRED/Bloomberg reference + synthetic daily interpolation
2017-03-30,2017,3,30,Thursday,55.2,51.71,55.17,3.49,92.98,1.1006,3.7497,60.64,0,EIA/FRED/Bloomberg reference + synthetic daily interpolation
2017-03-31,2017,3,31,Friday,55.57,49.89,54.84,5.68,94.15,1.0852,3.7499,65.16,0,EIA/FRED/Bloomberg reference + synthetic daily interpolation
2017-04-03,2017,4,3,Monday,55.01,53.54,56.24,1.47,93.46,1.0902,3.7496,60.09,0,EIA/FRED/Bloomberg reference + synthetic daily interpolation
2017-04-04,2017,4,4,Tuesday,56.15,51.69,55.87,4.46,92.58,1.109,3.7496,62.91,0,EIA/FRED/Bloomberg reference + synthetic daily interpolation
2017-04-05,2017,4,5,Wednesday,56.19,53.18,57.63,3.01,93.62,1.0899,3.7498,58.04,0,EIA/FRED/Bloomberg reference + synthetic daily interpolation
2017-04-06,2017,4,6,Thursday,56.39,52.03,56.34,4.36,92.66,1.1097,3.7499,59.34,0,EIA/FRED/Bloomberg reference + synthetic daily interpolation
2017-04-07,2017,4,7,Friday,56.81,54.85,56.6,1.96,94.59,1.0791,3.7499,61.39,0,EIA/FRED/Bloomberg reference + synthetic daily interpolation
2017-04-10,2017,4,10,Monday,56.86,52.55,56.2,4.31,92.76,1.106,3.7497,60.49,0,EIA/FRED/Bloomberg reference + synthetic daily interpolation
2017-04-11,2017,4,11,Tuesday,56.32,54.53,55.27,1.79,94.93,1.0753,3.7498,60.26,0,EIA/FRED/Bloomberg reference + synthetic daily interpolation
2017-04-12,2017,4,12,Wednesday,56.43,52.98,57.27,3.45,94.24,1.0904,3.7498,59.92,0,EIA/FRED/Bloomberg reference + synthetic daily interpolation
2017-04-13,2017,4,13,Thursday,56.57,52.88,55.13,3.69,93.18,1.107,3.7498,60.82,0,EIA/FRED/Bloomberg reference + synthetic daily interpolation
2017-04-14,2017,4,14,Friday,57.08,55.46,57.23,1.62,92.43,1.114,3.7498,60.45,0,EIA/FRED/Bloomberg reference + synthetic daily interpolation
2017-04-17,2017,4,17,Monday,55.69,55.13,54.61,0.56,94.79,1.0748,3.75,57.85,0,EIA/FRED/Bloomberg reference + synthetic daily interpolation
2017-04-18,2017,4,18,Tuesday,56.34,53.89,57.16,2.45,93.17,1.1013,3.7499,58.97,0,EIA/FRED/Bloomberg reference + synthetic daily interpolation
2017-04-19,2017,4,19,Wednesday,55.93,53.04,56.49,2.89,92.88,1.104,3.7499,60.6,0,EIA/FRED/Bloomberg reference + synthetic daily interpolation
2017-04-20,2017,4,20,Thursday,57.92,51.98,58.49,5.94,93.5,1.0967,3.7497,63.33,0,EIA/FRED/Bloomberg reference + synthetic daily interpolation
2017-04-21,2017,4,21,Friday,56.68,53.61,55.85,3.07,92.85,1.1016,3.7497,63.54,0,EIA/FRED/Bloomberg reference + synthetic daily interpolation
2017-04-24,2017,4,24,Monday,54.89,52.62,56.36,2.27,94.0,1.0842,3.7498,60.51,0,EIA/FRED/Bloomberg reference + synthetic daily interpolation
2017-04-25,2017,4,25,Tuesday,55.72,51.25,55.94,4.47,92.23,1.1124,3.7497,62.34,0,EIA/FRED/Bloomberg reference + synthetic daily interpolation
2017-04-26,2017,4,26,Wednesday,57.33,52.04,56.97,5.29,92.18,1.1098,3.7498,61.25,0,EIA/FRED/Bloomberg reference + synthetic daily interpolation
2017-04-27,2017,4,27,Thursday,58.68,58.12,58.67,0.56,94.46,1.0896,3.75,62.41,0,EIA/FRED/Bloomberg reference + synthetic daily interpolation
2017-04-28,2017,4,28,Friday,56.0,53.19,57.12,2.81,94.45,1.0829,3.75,58.63,0,EIA/FRED/Bloomberg reference + synthetic daily interpolation
2017-05-01,2017,5,1,Monday,57.21,52.0,57.79,5.21,93.56,1.0952,3.7498,62.34,0,EIA/FRED/Bloomberg reference + synthetic daily interpolation
2017-05-02,2017,5,2,Tuesday,56.25,52.48,54.78,3.77,94.41,1.0813,3.75,63.82,0,EIA/FRED/Bloomberg reference + synthetic daily interpolation
2017-05-03,2017,5,3,Wednesday,58.54,57.83,58.07,0.71,93.37,1.0995,3.7499,61.35,0,EIA/FRED/Bloomberg reference + synthetic daily interpolation
2017-05-04,2017,5,4,Thursday,55.76,54.82,55.3,0.94,90.4,1.1419,3.7501,61.51,0,EIA/FRED/Bloomberg reference + synthetic daily interpolation
2017-05-05,2017,5,5,Friday,57.96,53.82,59.05,4.14,93.72,1.0913,3.7498,59.83,0,EIA/FRED/Bloomberg reference + synthetic daily interpolation
2017-05-08,2017,5,8,Monday,57.16,55.66,55.95,1.5,93.04,1.0982,3.7499,60.84,0,EIA/FRED/Bloomberg reference + synthetic daily interpolation
2017-05-09,2017,5,9,Tuesday,57.32,53.4,58.14,3.92,91.54,1.1236,3.7501,58.79,0,EIA/FRED/Bloomberg reference + synthetic daily interpolation
2017-05-10,2017,5,10,Wednesday,57.64,55.99,56.3,1.65,92.11,1.117,3.7499,60.5,0,EIA/FRED/Bloomberg reference + synthetic daily interpolation
2017-05-11,2017,5,11,Thursday,56.9,56.33,57.61,0.57,92.51,1.1076,3.7498,64.51,0,EIA/FRED/Bloomberg reference + synthetic daily interpolation
2017-05-12,2017,5,12,Friday,57.66,52.64,56.79,5.02,94.53,1.0779,3.7496,63.49,0,EIA/FRED/Bloomberg reference + synthetic daily interpolation
2017-05-15,2017,5,15,Monday,58.31,56.21,58.92,2.1,92.51,1.1123,3.7498,61.16,0,EIA/FRED/Bloomberg reference + synthetic daily interpolation
2017-05-16,2017,5,16,Tuesday,57.27,54.7,58.15,2.57,93.29,1.1067,3.7496,60.02,0,EIA/FRED/Bloomberg reference + synthetic daily interpolation
2017-05-17,2017,5,17,Wednesday,58.05,52.66,58.97,5.39,91.35,1.1256,3.75,59.11,0,EIA/FRED/Bloomberg reference + synthetic daily interpolation
2017-05-18,2017,5,18,Thursday,57.71,51.92,56.91,5.79,93.25,1.0981,3.7497,60.5,0,EIA/FRED/Bloomberg reference + synthetic daily interpolation
2017-05-19,2017,5,19,Friday,57.38,54.9,56.84,2.48,94.11,1.0835,3.7497,61.7,0,EIA/FRED/Bloomberg reference + synthetic daily interpolation
2017-05-22,2017,5,22,Monday,57.39,53.3,56.05,4.09,92.65,1.1043,3.75,58.94,0,EIA/FRED/Bloomberg reference + synthetic daily interpolation
2017-05-23,2017,5,23,Tuesday,57.02,55.07,58.33,1.95,96.04,1.065,3.7497,65.05,0,EIA/FRED/Bloomberg reference + synthetic daily interpolation
2017-05-24,2017,5,24,Wednesday,57.34,53.85,58.66,3.49,89.82,1.1593,3.7498,60.07,0,EIA/FRED/Bloomberg reference + synthetic daily interpolation
2017-05-25,2017,5,25,Thursday,56.82,53.57,57.85,3.25,95.91,1.0653,3.7497,58.63,0,EIA/FRED/Bloomberg reference + synthetic daily interpolation
2017-05-26,2017,5,26,Friday,57.45,56.75,57.15,0.7,93.26,1.1021,3.75,60.45,0,EIA/FRED/Bloomberg reference + synthetic daily interpolation
2017-05-29,2017,5,29,Monday,55.67,53.01,54.19,2.66,92.49,1.1092,3.7499,62.31,0,EIA/FRED/Bloomberg reference + synthetic daily interpolation
2017-05-30,2017,5,30,Tuesday,56.64,51.42,55.56,5.22,94.71,1.0738,3.75,61.33,0,EIA/FRED/Bloomberg reference + synthetic daily interpolation
2017-05-31,2017,5,31,Wednesday,57.92,55.13,58.31,2.79,93.91,1.0872,3.7496,62.88,0,EIA/FRED/Bloomberg reference + synthetic daily interpolation
2017-06-01,2017,6,1,Thursday,57.13,51.22,57.48,5.91,94.29,1.0772,3.7499,60.3,0,EIA/FRED/Bloomberg reference + synthetic daily interpolation
2017-06-02,2017,6,2,Friday,56.39,53.22,57.56,3.17,93.6,1.1048,3.7499,63.59,0,EIA/FRED/Bloomberg reference + synthetic daily interpolation
2017-06-05,2017,6,5,Monday,56.97,51.37,56.4,5.6,92.96,1.1111,3.75,61.32,0,EIA/FRED/Bloomberg reference + synthetic daily interpolation
2017-06-06,2017,6,6,Tuesday,56.99,55.44,58.1,1.55,94.94,1.0803,3.75,60.47,0,EIA/FRED/Bloomberg reference + synthetic daily interpolation
2017-06-07,2017,6,7,Wednesday,55.31,50.37,53.86,4.94,93.56,1.0985,3.7498,61.46,0,EIA/FRED/Bloomberg reference + synthetic daily interpolation
2017-06-08,2017,6,8,Thursday,56.24,50.74,57.05,5.5,92.77,1.112,3.7499,61.45,0,EIA/FRED/Bloomberg reference + synthetic daily interpolation
2017-06-09,2017,6,9,Friday,57.49,52.52,57.73,4.97,94.28,1.0911,3.75,62.54,0,EIA/FRED/Bloomberg reference + synthetic daily interpolation
2017-06-12,2017,6,12,Monday,57.84,56.28,58.24,1.56,91.11,1.1305,3.7501,61.06,0,EIA/FRED/Bloomberg reference + synthetic daily interpolation
2017-06-13,2017,6,13,Tuesday,57.03,51.55,57.14,5.48,93.87,1.0942,3.7501,61.0,0,EIA/FRED/Bloomberg reference + synthetic daily interpolation
2017-06-14,2017,6,14,Wednesday,58.12,53.39,56.66,4.73,92.8,1.1113,3.7497,62.77,0,EIA/FRED/Bloomberg reference + synthetic daily interpolation
2017-06-15,2017,6,15,Thursday,56.44,54.49,55.4,1.95,92.41,1.1172,3.7501,62.67,0,EIA/FRED/Bloomberg reference + synthetic daily interpolation
2017-06-16,2017,6,16,Friday,56.64,51.96,55.24,4.68,92.51,1.1086,3.7499,64.11,0,EIA/FRED/Bloomberg reference + synthetic daily interpolation
2017-06-19,2017,6,19,Monday,57.3,51.81,57.53,5.49,91.65,1.1336,3.75,59.29,0,EIA/FRED/Bloomberg reference + synthetic daily interpolation
2017-06-20,2017,6,20,Tuesday,56.83,51.75,57.93,5.08,93.6,1.0967,3.7498,61.46,0,EIA/FRED/Bloomberg reference + synthetic daily interpolation
2017-06-21,2017,6,21,Wednesday,58.01,53.72,58.92,4.29,92.35,1.1202,3.7499,63.18,0,EIA/FRED/Bloomberg reference + synthetic daily interpolation
2017-06-22,2017,6,22,Thursday,57.28,53.36,58.51,3.92,93.62,1.0891,3.75,62.28,0,EIA/FRED/Bloomberg reference + synthetic daily interpolation
2017-06-23,2017,6,23,Friday,57.38,53.96,57.44,3.42,93.49,1.0933,3.75,58.67,0,EIA/FRED/Bloomberg reference + synthetic daily interpolation
2017-06-26,2017,6,26,Monday,55.84,54.71,55.22,1.13,92.62,1.1117,3.7499,59.73,0,EIA/FRED/Bloomberg reference + synthetic daily interpolation
2017-06-27,2017,6,27,Tuesday,56.54,53.54,55.15,3.0,93.93,1.0873,3.7498,63.43,0,EIA/FRED/Bloomberg reference + synthetic daily interpolation
2017-06-28,2017,6,28,Wednesday,55.38,52.73,55.49,2.65,91.57,1.134,3.7498,59.28,0,EIA/FRED/Bloomberg reference + synthetic daily interpolation
2017-06-29,2017,6,29,Thursday,58.06,54.07,57.76,3.99,90.94,1.136,3.7498,59.22,0,EIA/FRED/Bloomberg reference + synthetic daily interpolation
2017-06-30,2017,6,30,Friday,57.68,55.24,57.98,2.44,93.52,1.1003,3.7497,61.16,0,EIA/FRED/Bloomberg reference + synthetic daily interpolation
2017-07-03,2017,7,3,Monday,56.31,50.89,56.49,5.42,93.48,1.0951,3.7498,63.35,0,EIA/FRED/Bloomberg reference + synthetic daily interpolation
2017-07-04,2017,7,4,Tuesday,56.54,54.34,56.98,2.2,91.92,1.1204,3.7498,62.91,0,EIA/FRED/Bloomberg reference + synthetic daily interpolation
2017-07-05,2017,7,5,Wednesday,56.01,54.22,55.16,1.79,91.65,1.1355,3.7499,61.02,0,EIA/FRED/Bloomberg reference + synthetic daily interpolation
2017-07-06,2017,7,6,Thursday,56.11,51.99,54.86,4.12,93.66,1.1022,3.7497,57.66,0,EIA/FRED/Bloomberg reference + synthetic daily interpolation
2017-07-07,2017,7,7,Friday,57.25,51.55,58.44,5.7,93.84,1.0975,3.7498,60.36,0,EIA/FRED/Bloomberg reference + synthetic daily interpolation
2017-07-10,2017,7,10,Monday,57.38,52.31,58.25,5.07,91.22,1.1345,3.7497,58.37,0,EIA/FRED/Bloomberg reference + synthetic daily interpolation
2017-07-11,2017,7,11,Tuesday,55.48,54.37,56.27,1.11,94.75,1.0823,3.75,57.14,0,EIA/FRED/Bloomberg reference + synthetic daily interpolation
2017-07-12,2017,7,12,Wednesday,55.86,53.46,56.0,2.4,92.37,1.1092,3.7501,62.15,0,EIA/FRED/Bloomberg reference + synthetic daily interpolation
2017-07-13,2017,7,13,Thursday,55.32,54.16,55.72,1.16,93.11,1.0956,3.7499,60.18,0,EIA/FRED/Bloomberg reference + synthetic daily interpolation
2017-07-14,2017,7,14,Friday,57.33,55.14,56.65,2.19,93.62,1.0932,3.7498,59.14,0,EIA/FRED/Bloomberg reference + synthetic daily interpolation
2017-07-17,2017,7,17,Monday,55.9,51.3,55.44,4.6,92.35,1.1196,3.7499,62.14,0,EIA/FRED/Bloomberg reference + synthetic daily interpolation
2017-07-18,2017,7,18,Tuesday,55.59,52.3,54.82,3.29,92.93,1.1088,3.7497,58.3,0,EIA/FRED/Bloomberg reference + synthetic daily interpolation
2017-07-19,2017,7,19,Wednesday,56.16,54.23,55.6,1.93,90.58,1.1351,3.7497,64.58,0,EIA/FRED/Bloomberg reference + synthetic daily interpolation
2017-07-20,2017,7,20,Thursday,57.29,53.96,57.09,3.33,92.76,1.1121,3.7496,57.92,0,EIA/FRED/Bloomberg reference + synthetic daily interpolation
2017-07-21,2017,7,21,Friday,56.75,52.56,55.39,4.19,93.98,1.0838,3.7497,62.44,0,EIA/FRED/Bloomberg reference + synthetic daily interpolation
2017-07-24,2017,7,24,Monday,55.63,53.34,57.13,2.29,90.05,1.1499,3.75,64.67,0,EIA/FRED/Bloomberg reference + synthetic daily interpolation
2017-07-25,2017,7,25,Tuesday,56.15,53.55,54.94,2.6,91.45,1.1312,3.7498,66.99,0,EIA/FRED/Bloomberg reference + synthetic daily interpolation
2017-07-26,2017,7,26,Wednesday,55.05,52.62,54.97,2.43,93.58,1.1012,3.7501,60.6,0,EIA/FRED/Bloomberg reference + synthetic daily interpolation
2017-07-27,2017,7,27,Thursday,57.17,56.18,56.47,0.99,92.12,1.1139,3.7496,61.97,0,EIA/FRED/Bloomberg reference + synthetic daily interpolation
2017-07-28,2017,7,28,Friday,55.85,53.29,56.28,2.56,92.54,1.1084,3.7498,60.29,0,EIA/FRED/Bloomberg reference + synthetic daily interpolation
2017-07-31,2017,7,31,Monday,56.41,54.37,57.48,2.04,92.48,1.1092,3.75,57.19,0,EIA/FRED/Bloomberg reference + synthetic daily interpolation
2017-08-01,2017,8,1,Tuesday,55.23,52.62,53.84,2.61,93.62,1.0935,3.7498,60.43,0,EIA/FRED/Bloomberg reference + synthetic daily interpolation
2017-08-02,2017,8,2,Wednesday,54.06,50.71,54.17,3.35,93.18,1.1084,3.75,59.15,0,EIA/FRED/Bloomberg reference + synthetic daily interpolation
2017-08-03,2017,8,3,Thursday,56.25,52.84,57.32,3.41,92.34,1.1014,3.7499,63.66,0,EIA/FRED/Bloomberg reference + synthetic daily interpolation
2017-08-04,2017,8,4,Friday,55.68,55.01,56.96,0.67,93.55,1.089,3.7498,61.0,0,EIA/FRED/Bloomberg reference + synthetic daily interpolation
2017-08-07,2017,8,7,Monday,55.45,54.83,53.97,0.62,92.66,1.1067,3.75,62.95,0,EIA/FRED/Bloomberg reference + synthetic daily interpolation
2017-08-08,2017,8,8,Tuesday,56.12,55.36,54.87,0.76,92.23,1.1162,3.7496,62.26,0,EIA/FRED/Bloomberg reference + synthetic daily interpolation
2017-08-09,2017,8,9,Wednesday,56.33,53.75,56.97,2.58,95.93,1.0751,3.7497,61.63,0,EIA/FRED/Bloomberg reference + synthetic daily interpolation
2017-08-10,2017,8,10,Thursday,56.15,51.07,56.49,5.08,92.68,1.1133,3.7497,62.71,0,EIA/FRED/Bloomberg reference + synthetic daily interpolation
2017-08-11,2017,8,11,Friday,54.79,54.04,55.05,0.75,93.04,1.108,3.7497,61.66,0,EIA/FRED/Bloomberg reference + synthetic daily interpolation
2017-08-14,2017,8,14,Monday,54.64,49.97,55.11,4.67,92.03,1.1245,3.7496,61.92,0,EIA/FRED/Bloomberg reference + synthetic daily interpolation
2017-08-15,2017,8,15,Tuesday,53.67,48.43,55.05,5.24,90.78,1.1342,3.75,61.5,0,EIA/FRED/Bloomberg reference + synthetic daily interpolation
2017-08-16,2017,8,16,Wednesday,54.64,50.42,54.18,4.22,92.14,1.1144,3.7497,62.82,0,EIA/FRED/Bloomberg reference + synthetic daily interpolation
2017-08-17,2017,8,17,Thursday,55.18,54.34,53.76,0.84,91.36,1.1266,3.7497,60.99,0,EIA/FRED/Bloomberg reference + synthetic daily interpolation
2017-08-18,2017,8,18,Friday,54.96,52.73,54.24,2.23,92.91,1.104,3.75,60.1,0,EIA/FRED/Bloomberg reference + synthetic daily interpolation
2017-08-21,2017,8,21,Monday,56.08,52.24,57.14,3.84,92.71,1.1043,3.7498,59.9,0,EIA/FRED/Bloomberg reference + synthetic daily interpolation
2017-08-22,2017,8,22,Tuesday,52.49,46.61,51.46,5.88,92.47,1.1161,3.75,60.47,0,EIA/FRED/Bloomberg reference + synthetic daily interpolation
2017-08-23,2017,8,23,Wednesday,54.69,53.49,55.45,1.2,92.42,1.1123,3.7497,60.88,0,EIA/FRED/Bloomberg reference + synthetic daily interpolation
2017-08-24,2017,8,24,Thursday,55.3,52.26,56.54,3.04,93.76,1.1003,3.7498,59.28,0,EIA/FRED/Bloomberg reference + synthetic daily interpolation
2017-08-25,2017,8,25,Friday,54.14,48.66,54.34,5.48,93.34,1.1014,3.7498,62.18,0,EIA/FRED/Bloomberg reference + synthetic daily interpolation
2017-08-28,2017,8,28,Monday,53.8,50.02,54.17,3.78,91.93,1.1224,3.7498,63.02,0,EIA/FRED/Bloomberg reference + synthetic daily interpolation
2017-08-29,2017,8,29,Tuesday,55.62,50.66,56.14,4.96,92.3,1.1125,3.7498,58.94,0,EIA/FRED/Bloomberg reference + synthetic daily interpolation
2017-08-30,2017,8,30,Wednesday,54.03,51.29,53.57,2.74,92.31,1.1163,3.75,61.92,0,EIA/FRED/Bloomberg reference + synthetic daily interpolation
2017-08-31,2017,8,31,Thursday,54.37,53.48,53.54,0.89,93.22,1.094,3.7499,60.15,0,EIA/FRED/Bloomberg reference + synthetic daily interpolation
2017-09-01,2017,9,1,Friday,54.56,49.79,55.42,4.77,93.54,1.1007,3.75,61.79,0,EIA/FRED/Bloomberg reference + synthetic daily interpolation
2017-09-04,2017,9,4,Monday,55.37,53.28,56.2,2.09,92.07,1.1266,3.7497,57.85,0,EIA/FRED/Bloomberg reference + synthetic daily interpolation
2017-09-05,2017,9,5,Tuesday,53.86,52.09,53.63,1.77,92.3,1.1151,3.7499,59.75,0,EIA/FRED/Bloomberg reference + synthetic daily interpolation
2017-09-06,2017,9,6,Wednesday,54.46,52.39,53.07,2.07,94.87,1.0677,3.7499,62.66,0,EIA/FRED/Bloomberg reference + synthetic daily interpolation
2017-09-07,2017,9,7,Thursday,53.51,47.71,53.07,5.8,91.29,1.1311,3.7497,57.49,0,EIA/FRED/Bloomberg reference + synthetic daily interpolation
2017-09-08,2017,9,8,Friday,55.11,54.49,55.97,0.62,94.94,1.0736,3.7499,62.18,0,EIA/FRED/Bloomberg reference + synthetic daily interpolation
2017-09-11,2017,9,11,Monday,52.38,51.05,53.13,1.33,90.08,1.1512,3.7498,59.18,0,EIA/FRED/Bloomberg reference + synthetic daily interpolation
2017-09-12,2017,9,12,Tuesday,55.11,54.52,53.75,0.59,93.39,1.0984,3.7497,62.25,0,EIA/FRED/Bloomberg reference + synthetic daily interpolation
2017-09-13,2017,9,13,Wednesday,53.57,52.51,52.49,1.06,90.44,1.1371,3.7497,64.01,0,EIA/FRED/Bloomberg reference + synthetic daily interpolation
2017-09-14,2017,9,14,Thursday,54.31,50.53,53.48,3.78,93.65,1.1012,3.7501,65.45,0,EIA/FRED/Bloomberg reference + synthetic daily interpolation
2017-09-15,2017,9,15,Friday,54.7,49.05,54.43,5.65,93.18,1.105,3.75,60.98,0,EIA/FRED/Bloomberg reference + synthetic daily interpolation
2017-09-18,2017,9,18,Monday,52.86,50.91,51.97,1.95,92.03,1.1203,3.7496,59.34,0,EIA/FRED/Bloomberg reference + synthetic daily interpolation
2017-09-19,2017,9,19,Tuesday,54.6,51.94,54.73,2.66,91.69,1.127,3.75,61.5,0,EIA/FRED/Bloomberg reference + synthetic daily interpolation
2017-09-20,2017,9,20,Wednesday,51.11,46.88,51.53,4.23,93.14,1.1006,3.7497,59.75,0,EIA/FRED/Bloomberg reference + synthetic daily interpolation
2017-09-21,2017,9,21,Thursday,53.0,47.51,53.62,5.49,92.25,1.1191,3.75,58.4,0,EIA/FRED/Bloomberg reference + synthetic daily interpolation
2017-09-22,2017,9,22,Friday,53.7,52.06,54.35,1.64,93.78,1.0875,3.7497,65.01,0,EIA/FRED/Bloomberg reference + synthetic daily interpolation
2017-09-25,2017,9,25,Monday,53.29,50.91,52.04,2.38,92.38,1.1152,3.75,62.35,0,EIA/FRED/Bloomberg reference + synthetic daily interpolation
2017-09-26,2017,9,26,Tuesday,53.28,50.92,53.14,2.36,94.63,1.0801,3.7498,60.24,0,EIA/FRED/Bloomberg reference + synthetic daily interpolation
2017-09-27,2017,9,27,Wednesday,52.46,49.86,53.6,2.6,93.88,1.0887,3.7497,63.64,0,EIA/FRED/Bloomberg reference + synthetic daily interpolation
2017-09-28,2017,9,28,Thursday,52.7,52.12,53.04,0.58,92.15,1.1142,3.7499,63.83,0,EIA/FRED/Bloomberg reference + synthetic daily interpolation
2017-09-29,2017,9,29,Friday,53.36,52.79,53.95,0.57,90.49,1.1472,3.7501,58.52,0,EIA/FRED/Bloomberg reference + synthetic daily interpolation
2017-10-02,2017,10,2,Monday,52.14,50.44,52.21,1.7,94.31,1.0894,3.7499,63.13,0,EIA/FRED/Bloomberg reference + synthetic daily interpolation
2017-10-03,2017,10,3,Tuesday,51.82,49.72,53.23,2.1,94.23,1.0836,3.7498,63.38,0,EIA/FRED/Bloomberg reference + synthetic daily interpolation
2017-10-04,2017,10,4,Wednesday,54.37,53.41,54.96,0.96,93.76,1.0938,3.7496,59.79,0,EIA/FRED/Bloomberg reference + synthetic daily interpolation
2017-10-05,2017,10,5,Thursday,53.29,47.77,53.35,5.52,92.43,1.1157,3.7501,59.28,0,EIA/FRED/Bloomberg reference + synthetic daily interpolation
2017-10-06,2017,10,6,Friday,52.65,51.04,53.79,1.61,94.49,1.0839,3.75,59.38,0,EIA/FRED/Bloomberg reference + synthetic daily interpolation
2017-10-09,2017,10,9,Monday,51.81,48.92,51.61,2.89,94.23,1.0825,3.75,61.79,0,EIA/FRED/Bloomberg reference + synthetic daily interpolation
2017-10-10,2017,10,10,Tuesday,51.72,50.84,51.38,0.88,93.46,1.0972,3.7499,57.7,0,EIA/FRED/Bloomberg reference + synthetic daily interpolation
2017-10-11,2017,10,11,Wednesday,53.15,48.5,52.56,4.65,91.38,1.1229,3.7497,59.47,0,EIA/FRED/Bloomberg reference + synthetic daily interpolation
2017-10-12,2017,10,12,Thursday,51.66,49.16,52.53,2.5,93.1,1.1015,3.7498,60.31,0,EIA/FRED/Bloomberg reference + synthetic daily interpolation
2017-10-13,2017,10,13,Friday,52.27,51.52,51.38,0.75,94.76,1.0811,3.7497,60.0,0,EIA/FRED/Bloomberg reference + synthetic daily interpolation
2017-10-16,2017,10,16,Monday,52.78,49.22,53.17,3.56,95.13,1.0725,3.7499,58.89,0,EIA/FRED/Bloomberg reference + synthetic daily interpolation
2017-10-17,2017,10,17,Tuesday,51.3,45.36,52.4,5.94,92.82,1.1114,3.7497,63.1,0,EIA/FRED/Bloomberg reference + synthetic daily interpolation
2017-10-18,2017,10,18,Wednesday,52.59,47.86,51.59,4.73,93.99,1.0929,3.75,62.95,0,EIA/FRED/Bloomberg reference + synthetic daily interpolation
2017-10-19,2017,10,19,Thursday,51.59,48.76,52.02,2.83,93.24,1.093,3.75,61.47,0,EIA/FRED/Bloomberg reference + synthetic daily interpolation
2017-10-20,2017,10,20,Friday,52.06,50.06,52.52,2.0,94.44,1.0777,3.75,60.27,0,EIA/FRED/Bloomberg reference + synthetic daily interpolation
2017-10-23,2017,10,23,Monday,51.54,50.36,52.93,1.18,93.07,1.0998,3.7498,62.72,0,EIA/FRED/Bloomberg reference + synthetic daily interpolation
2017-10-24,2017,10,24,Tuesday,52.06,47.9,52.67,4.16,92.47,1.1079,3.7497,62.43,0,EIA/FRED/Bloomberg reference + synthetic daily interpolation
2017-10-25,2017,10,25,Wednesday,52.69,49.98,51.85,2.71,92.7,1.1105,3.7497,61.56,0,EIA/FRED/Bloomberg reference + synthetic daily interpolation
2017-10-26,2017,10,26,Thursday,51.07,49.82,51.65,1.25,92.41,1.1067,3.75,61.79,0,EIA/FRED/Bloomberg reference + synthetic daily interpolation
2017-10-27,2017,10,27,Friday,52.36,48.56,53.03,3.8,94.09,1.089,3.7497,60.19,0,EIA/FRED/Bloomberg reference + synthetic daily interpolation
2017-10-30,2017,10,30,Monday,51.53,49.47,51.92,2.06,94.26,1.0918,3.7501,59.84,0,EIA/FRED/Bloomberg reference + synthetic daily interpolation
2017-10-31,2017,10,31,Tuesday,50.15,45.22,49.85,4.93,91.94,1.1141,3.7497,62.31,0,EIA/FRED/Bloomberg reference + synthetic daily interpolation
2017-11-01,2017,11,1,Wednesday,49.66,46.78,50.73,2.88,93.64,1.0957,3.7499,61.92,0,EIA/FRED/Bloomberg reference + synthetic daily interpolation
2017-11-02,2017,11,2,Thursday,51.82,47.01,52.63,4.81,90.94,1.1434,3.75,61.45,0,EIA/FRED/Bloomberg reference + synthetic daily interpolation
2017-11-03,2017,11,3,Friday,50.52,46.69,50.48,3.83,93.97,1.0963,3.75,60.7,0,EIA/FRED/Bloomberg reference + synthetic daily interpolation
2017-11-06,2017,11,6,Monday,51.37,48.48,50.61,2.89,93.47,1.0962,3.75,60.67,0,EIA/FRED/Bloomberg reference + synthetic daily interpolation
2017-11-07,2017,11,7,Tuesday,51.72,48.64,52.17,3.08,93.22,1.1071,3.7497,63.4,0,EIA/FRED/Bloomberg reference + synthetic daily interpolation
2017-11-08,2017,11,8,Wednesday,49.98,48.16,50.28,1.82,94.29,1.0857,3.7498,59.65,0,EIA/FRED/Bloomberg reference + synthetic daily interpolation
2017-11-09,2017,11,9,Thursday,50.66,47.53,50.2,3.13,91.11,1.1354,3.7497,61.93,0,EIA/FRED/Bloomberg reference + synthetic daily interpolation
2017-11-10,2017,11,10,Friday,51.6,47.33,51.07,4.27,93.12,1.1043,3.7497,62.23,0,EIA/FRED/Bloomberg reference + synthetic daily interpolation
2017-11-13,2017,11,13,Monday,50.78,48.17,52.02,2.61,91.98,1.123,3.7497,62.06,0,EIA/FRED/Bloomberg reference + synthetic daily interpolation
2017-11-14,2017,11,14,Tuesday,51.0,45.52,49.71,5.48,93.52,1.0985,3.7498,61.24,0,EIA/FRED/Bloomberg reference + synthetic daily interpolation
2017-11-15,2017,11,15,Wednesday,51.96,48.49,52.83,3.47,92.89,1.1093,3.7499,61.62,0,EIA/FRED/Bloomberg reference + synthetic daily interpolation
2017-11-16,2017,11,16,Thursday,52.02,46.66,50.57,5.36,94.31,1.0806,3.7501,59.17,0,EIA/FRED/Bloomberg reference + synthetic daily interpolation
2017-11-17,2017,11,17,Friday,50.35,48.14,50.56,2.21,93.12,1.1079,3.7498,58.82,0,EIA/FRED/Bloomberg reference + synthetic daily interpolation
2017-11-20,2017,11,20,Monday,52.59,48.19,52.39,4.4,94.13,1.0907,3.7498,62.1,0,EIA/FRED/Bloomberg reference + synthetic daily interpolation
2017-11-21,2017,11,21,Tuesday,50.94,49.98,52.22,0.96,92.75,1.1116,3.75,61.72,0,EIA/FRED/Bloomberg reference + synthetic daily interpolation
2017-11-22,2017,11,22,Wednesday,51.56,49.27,50.71,2.29,92.46,1.1199,3.75,62.2,0,EIA/FRED/Bloomberg reference + synthetic daily interpolation
2017-11-23,2017,11,23,Thursday,50.24,45.55,50.44,4.69,92.72,1.1027,3.7498,63.18,0,EIA/FRED/Bloomberg reference + synthetic daily interpolation
2017-11-24,2017,11,24,Friday,51.07,47.55,52.57,3.52,93.23,1.1046,3.7499,55.43,0,EIA/FRED/Bloomberg reference + synthetic daily interpolation
2017-11-27,2017,11,27,Monday,51.26,48.63,49.78,2.63,92.63,1.1114,3.7497,59.75,0,EIA/FRED/Bloomberg reference + synthetic daily interpolation
2017-11-28,2017,11,28,Tuesday,49.87,45.85,49.34,4.02,94.1,1.0896,3.7501,60.74,0,EIA/FRED/Bloomberg reference + synthetic daily interpolation
2017-11-29,2017,11,29,Wednesday,51.2,45.49,52.37,5.71,94.31,1.0858,3.7497,57.65,0,EIA/FRED/Bloomberg reference + synthetic daily interpolation
2017-11-30,2017,11,30,Thursday,49.67,45.59,49.88,4.08,93.06,1.1141,3.7499,64.44,0,EIA/FRED/Bloomberg reference + synthetic daily interpolation
2017-12-01,2017,12,1,Friday,52.6,48.64,51.7,3.96,95.62,1.0606,3.7497,63.95,0,EIA/FRED/Bloomberg reference + synthetic daily interpolation
2017-12-04,2017,12,4,Monday,50.67,49.14,51.79,1.53,93.98,1.089,3.7498,60.57,0,EIA/FRED/Bloomberg reference + synthetic daily interpolation
2017-12-05,2017,12,5,Tuesday,52.0,49.2,52.44,2.8,93.28,1.094,3.7498,59.93,0,EIA/FRED/Bloomberg reference + synthetic daily interpolation
2017-12-06,2017,12,6,Wednesday,50.54,46.58,51.82,3.96,92.01,1.1238,3.75,64.52,0,EIA/FRED/Bloomberg reference + synthetic daily interpolation
2017-12-07,2017,12,7,Thursday,51.27,46.97,50.39,4.3,94.22,1.0918,3.7499,62.03,0,EIA/FRED/Bloomberg reference + synthetic daily interpolation
2017-12-08,2017,12,8,Friday,50.0,44.28,50.94,5.72,93.13,1.1028,3.7499,57.55,0,EIA/FRED/Bloomberg reference + synthetic daily interpolation
2017-12-11,2017,12,11,Monday,52.06,50.9,52.26,1.16,95.24,1.0756,3.7497,63.07,0,EIA/FRED/Bloomberg reference + synthetic daily interpolation
2017-12-12,2017,12,12,Tuesday,51.83,50.67,52.53,1.16,91.3,1.1402,3.7501,60.75,0,EIA/FRED/Bloomberg reference + synthetic daily interpolation
2017-12-13,2017,12,13,Wednesday,49.83,46.33,50.08,3.5,92.25,1.123,3.7498,62.01,0,EIA/FRED/Bloomberg reference + synthetic daily interpolation
2017-12-14,2017,12,14,Thursday,50.4,48.89,49.37,1.51,91.55,1.1267,3.75,64.13,0,EIA/FRED/Bloomberg reference + synthetic daily interpolation
2017-12-15,2017,12,15,Friday,51.92,47.28,52.12,4.64,92.77,1.1098,3.7501,58.91,0,EIA/FRED/Bloomberg reference + synthetic daily interpolation
2017-12-18,2017,12,18,Monday,50.6,49.06,51.3,1.54,94.36,1.083,3.7499,63.01,0,EIA/FRED/Bloomberg reference + synthetic daily interpolation
2017-12-19,2017,12,19,Tuesday,50.85,45.97,49.48,4.88,92.39,1.1128,3.75,62.03,0,EIA/FRED/Bloomberg reference + synthetic daily interpolation
2017-12-20,2017,12,20,Wednesday,50.98,46.43,52.35,4.55,92.92,1.097,3.7501,60.92,0,EIA/FRED/Bloomberg reference + synthetic daily interpolation
2017-12-21,2017,12,21,Thursday,51.07,50.3,50.98,0.77,95.38,1.0708,3.7497,61.24,0,EIA/FRED/Bloomberg reference + synthetic daily interpolation
2017-12-22,2017,12,22,Friday,52.41,47.43,52.0,4.98,92.14,1.1159,3.75,63.5,0,EIA/FRED/Bloomberg reference + synthetic daily interpolation
2017-12-25,2017,12,25,Monday,52.19,48.43,51.15,3.76,94.38,1.0827,3.7497,62.3,0,EIA/FRED/Bloomberg reference + synthetic daily interpolation
2017-12-26,2017,12,26,Tuesday,51.66,49.12,51.82,2.54,93.37,1.1059,3.7499,60.4,0,EIA/FRED/Bloomberg reference + synthetic daily interpolation
2017-12-27,2017,12,27,Wednesday,51.82,50.66,51.04,1.16,93.25,1.0943,3.7498,60.76,0,EIA/FRED/Bloomberg reference + synthetic daily interpolation
2017-12-28,2017,12,28,Thursday,49.73,47.89,50.7,1.84,92.42,1.1145,3.7499,55.51,0,EIA/FRED/Bloomberg reference + synthetic daily interpolation
2017-12-29,2017,12,29,Friday,52.03,46.35,52.99,5.68,93.1,1.1041,3.7499,60.72,0,EIA/FRED/Bloomberg reference + synthetic daily interpolation
2018-01-01,2018,1,1,Monday,69.29,64.55,70.22,4.74,96.61,1.0414,3.7498,61.98,0,EIA/FRED/Bloomberg reference + synthetic daily interpolation
2018-01-02,2018,1,2,Tuesday,70.31,65.43,69.94,4.88,95.73,1.0649,3.75,63.24,0,EIA/FRED/Bloomberg reference + synthetic daily interpolation
2018-01-03,2018,1,3,Wednesday,69.0,65.6,68.43,3.4,95.47,1.0593,3.7499,64.01,0,EIA/FRED/Bloomberg reference + synthetic daily interpolation
2018-01-04,2018,1,4,Thursday,67.46,66.28,67.48,1.18,96.14,1.0585,3.75,62.28,0,EIA/FRED/Bloomberg reference + synthetic daily interpolation
2018-01-05,2018,1,5,Friday,68.83,68.27,67.34,0.56,96.13,1.0692,3.7497,64.21,0,EIA/FRED/Bloomberg reference + synthetic daily interpolation
2018-01-08,2018,1,8,Monday,69.56,68.6,70.18,0.96,99.21,1.022,3.75,61.21,0,EIA/FRED/Bloomberg reference + synthetic daily interpolation
2018-01-09,2018,1,9,Tuesday,67.93,66.06,67.02,1.87,93.71,1.0826,3.7501,63.03,0,EIA/FRED/Bloomberg reference + synthetic daily interpolation
2018-01-10,2018,1,10,Wednesday,68.16,62.38,66.82,5.78,96.32,1.0588,3.75,59.51,0,EIA/FRED/Bloomberg reference + synthetic daily interpolation
2018-01-11,2018,1,11,Thursday,69.78,66.03,69.99,3.75,98.85,1.0088,3.7497,57.57,0,EIA/FRED/Bloomberg reference + synthetic daily interpolation
2018-01-12,2018,1,12,Friday,68.73,64.66,69.52,4.07,98.11,1.034,3.7496,62.0,0,EIA/FRED/Bloomberg reference + synthetic daily interpolation
2018-01-15,2018,1,15,Monday,69.72,65.46,69.45,4.26,97.48,1.0463,3.7499,61.23,0,EIA/FRED/Bloomberg reference + synthetic daily interpolation
2018-01-16,2018,1,16,Tuesday,69.08,63.83,70.41,5.25,95.79,1.0588,3.7497,61.68,0,EIA/FRED/Bloomberg reference + synthetic daily interpolation
2018-01-17,2018,1,17,Wednesday,69.25,68.67,70.45,0.58,95.69,1.0718,3.7497,65.21,0,EIA/FRED/Bloomberg reference + synthetic daily interpolation
2018-01-18,2018,1,18,Thursday,69.6,64.0,68.63,5.6,97.15,1.0391,3.7497,62.8,0,EIA/FRED/Bloomberg reference + synthetic daily interpolation
2018-01-19,2018,1,19,Friday,68.8,63.18,69.69,5.62,96.77,1.0529,3.75,63.23,0,EIA/FRED/Bloomberg reference + synthetic daily interpolation
2018-01-22,2018,1,22,Monday,70.72,69.82,71.62,0.9,94.71,1.084,3.7497,59.6,0,EIA/FRED/Bloomberg reference + synthetic daily interpolation
2018-01-23,2018,1,23,Tuesday,70.32,68.31,70.26,2.01,96.83,1.0448,3.7501,67.02,0,EIA/FRED/Bloomberg reference + synthetic daily interpolation
2018-01-24,2018,1,24,Wednesday,70.39,65.62,71.55,4.77,97.36,1.0333,3.7501,59.08,0,EIA/FRED/Bloomberg reference + synthetic daily interpolation
2018-01-25,2018,1,25,Thursday,69.32,64.11,70.41,5.21,95.59,1.0574,3.7499,58.61,0,EIA/FRED/Bloomberg reference + synthetic daily interpolation
2018-01-26,2018,1,26,Friday,69.26,64.21,67.92,5.05,96.42,1.0552,3.7497,62.96,0,EIA/FRED/Bloomberg reference + synthetic daily interpolation
2018-01-29,2018,1,29,Monday,68.96,66.6,69.82,2.36,97.91,1.0303,3.7499,66.49,0,EIA/FRED/Bloomberg reference + synthetic daily interpolation
2018-01-30,2018,1,30,Tuesday,69.99,64.2,70.1,5.79,97.58,1.0301,3.7498,63.11,0,EIA/FRED/Bloomberg reference + synthetic daily interpolation
2018-01-31,2018,1,31,Wednesday,70.3,67.08,69.95,3.22,97.76,1.0353,3.7498,61.07,0,EIA/FRED/Bloomberg reference + synthetic daily interpolation
2018-02-01,2018,2,1,Thursday,69.32,63.89,69.48,5.43,96.29,1.0612,3.75,64.26,0,EIA/FRED/Bloomberg reference + synthetic daily interpolation
2018-02-02,2018,2,2,Friday,67.35,63.85,68.41,3.5,97.44,1.0502,3.7497,58.73,0,EIA/FRED/Bloomberg reference + synthetic daily interpolation
2018-02-05,2018,2,5,Monday,70.11,65.5,69.65,4.61,97.97,1.0343,3.75,62.53,0,EIA/FRED/Bloomberg reference + synthetic daily interpolation
2018-02-06,2018,2,6,Tuesday,68.96,63.01,70.43,5.95,95.78,1.0622,3.7499,64.3,0,EIA/FRED/Bloomberg reference + synthetic daily interpolation
2018-02-07,2018,2,7,Wednesday,69.92,65.55,70.51,4.37,96.89,1.044,3.7499,65.33,0,EIA/FRED/Bloomberg reference + synthetic daily interpolation
2018-02-08,2018,2,8,Thursday,68.65,66.5,67.85,2.15,96.35,1.0589,3.7498,60.26,0,EIA/FRED/Bloomberg reference + synthetic daily interpolation
2018-02-09,2018,2,9,Friday,70.62,68.49,71.51,2.13,95.72,1.0628,3.7499,63.18,0,EIA/FRED/Bloomberg reference + synthetic daily interpolation
2018-02-12,2018,2,12,Monday,70.27,69.65,69.04,0.62,95.1,1.0753,3.75,63.24,0,EIA/FRED/Bloomberg reference + synthetic daily interpolation
2018-02-13,2018,2,13,Tuesday,71.34,70.8,70.61,0.54,96.12,1.0567,3.7496,62.05,0,EIA/FRED/Bloomberg reference + synthetic daily interpolation
2018-02-14,2018,2,14,Wednesday,69.99,67.05,69.66,2.94,95.45,1.0719,3.7498,64.79,0,EIA/FRED/Bloomberg reference + synthetic daily interpolation
2018-02-15,2018,2,15,Thursday,70.13,65.65,70.3,4.48,96.36,1.0597,3.75,58.72,0,EIA/FRED/Bloomberg reference + synthetic daily interpolation
2018-02-16,2018,2,16,Friday,70.07,65.19,71.49,4.88,97.82,1.0302,3.7497,62.11,0,EIA/FRED/Bloomberg reference + synthetic daily interpolation
2018-02-19,2018,2,19,Monday,72.0,66.92,70.71,5.08,97.44,1.0415,3.7498,65.23,0,EIA/FRED/Bloomberg reference + synthetic daily interpolation
2018-02-20,2018,2,20,Tuesday,72.27,70.37,71.54,1.9,95.9,1.0663,3.75,61.78,0,EIA/FRED/Bloomberg reference + synthetic daily interpolation
2018-02-21,2018,2,21,Wednesday,72.56,71.12,73.43,1.44,96.73,1.044,3.7497,64.12,0,EIA/FRED/Bloomberg reference + synthetic daily interpolation
2018-02-22,2018,2,22,Thursday,70.81,66.42,71.06,4.39,94.04,1.0961,3.7501,59.11,0,EIA/FRED/Bloomberg reference + synthetic daily interpolation
2018-02-23,2018,2,23,Friday,69.77,64.03,69.7,5.74,95.77,1.0539,3.7496,62.49,0,EIA/FRED/Bloomberg reference + synthetic daily interpolation
2018-02-26,2018,2,26,Monday,70.87,70.06,71.78,0.81,94.52,1.0865,3.7501,63.1,0,EIA/FRED/Bloomberg reference + synthetic daily interpolation
2018-02-27,2018,2,27,Tuesday,72.34,71.29,72.48,1.05,95.5,1.0723,3.7497,60.31,0,EIA/FRED/Bloomberg reference + synthetic daily interpolation
2018-02-28,2018,2,28,Wednesday,73.34,68.84,74.61,4.5,95.28,1.0633,3.7498,66.88,0,EIA/FRED/Bloomberg reference + synthetic daily interpolation
2018-03-01,2018,3,1,Thursday,71.82,69.31,71.69,2.51,97.51,1.0294,3.75,60.9,46.0,EIA/FRED/Bloomberg reference + synthetic daily interpolation
2018-03-02,2018,3,2,Friday,69.61,67.58,70.15,2.03,98.24,1.0244,3.7498,64.82,0,EIA/FRED/Bloomberg reference + synthetic daily interpolation
2018-03-05,2018,3,5,Monday,73.09,67.39,74.5,5.7,96.79,1.0457,3.7501,65.42,3.0,EIA/FRED/Bloomberg reference + synthetic daily interpolation
2018-03-06,2018,3,6,Tuesday,70.65,66.71,71.45,3.94,94.96,1.0773,3.7498,64.79,0,EIA/FRED/Bloomberg reference + synthetic daily interpolation
2018-03-07,2018,3,7,Wednesday,70.18,65.26,71.33,4.92,97.29,1.0479,3.7498,61.82,17.0,EIA/FRED/Bloomberg reference + synthetic daily interpolation
2018-03-08,2018,3,8,Thursday,70.67,65.13,72.13,5.54,98.03,1.0299,3.75,64.84,7.0,EIA/FRED/Bloomberg reference + synthetic daily interpolation
2018-03-09,2018,3,9,Friday,70.49,68.57,69.13,1.92,96.06,1.0589,3.7498,63.19,0,EIA/FRED/Bloomberg reference + synthetic daily interpolation
2018-03-12,2018,3,12,Monday,69.2,64.56,70.16,4.64,96.19,1.0607,3.7497,67.75,0,EIA/FRED/Bloomberg reference + synthetic daily interpolation
2018-03-13,2018,3,13,Tuesday,70.96,67.73,70.58,3.23,98.14,1.0353,3.7499,66.15,1.0,EIA/FRED/Bloomberg reference + synthetic daily interpolation
2018-03-14,2018,3,14,Wednesday,72.24,68.63,71.39,3.61,98.06,1.0254,3.7496,62.35,0,EIA/FRED/Bloomberg reference + synthetic daily interpolation
2018-03-15,2018,3,15,Thursday,72.14,69.33,72.3,2.81,97.85,1.0225,3.7499,62.81,0,EIA/FRED/Bloomberg reference + synthetic daily interpolation
2018-03-16,2018,3,16,Friday,72.31,69.94,71.81,2.37,96.28,1.0653,3.7498,63.01,0,EIA/FRED/Bloomberg reference + synthetic daily interpolation
2018-03-19,2018,3,19,Monday,72.33,67.34,72.62,4.99,95.23,1.0671,3.7497,65.83,0,EIA/FRED/Bloomberg reference + synthetic daily interpolation
2018-03-20,2018,3,20,Tuesday,71.48,69.92,71.79,1.56,96.13,1.0642,3.7499,64.11,26.0,EIA/FRED/Bloomberg reference + synthetic daily interpolation
2018-03-21,2018,3,21,Wednesday,73.49,68.76,73.25,4.73,96.29,1.064,3.7497,64.78,20.0,EIA/FRED/Bloomberg reference + synthetic daily interpolation
2018-03-22,2018,3,22,Thursday,72.77,68.42,72.44,4.35,96.35,1.0425,3.75,64.77,0,EIA/FRED/Bloomberg reference + synthetic daily interpolation
2018-03-23,2018,3,23,Friday,72.87,70.62,73.16,2.25,96.11,1.051,3.75,66.22,0,EIA/FRED/Bloomberg reference + synthetic daily interpolation
2018-03-26,2018,3,26,Monday,71.99,69.52,71.31,2.47,94.95,1.0691,3.7501,62.31,0,EIA/FRED/Bloomberg reference + synthetic daily interpolation
2018-03-27,2018,3,27,Tuesday,72.47,68.47,71.26,4.0,97.19,1.0456,3.7497,59.5,13.0,EIA/FRED/Bloomberg reference + synthetic daily interpolation
2018-03-28,2018,3,28,Wednesday,72.94,69.51,74.36,3.43,96.57,1.0491,3.7498,64.55,9.0,EIA/FRED/Bloomberg reference + synthetic daily interpolation
2018-03-29,2018,3,29,Thursday,73.46,68.43,72.2,5.03,96.4,1.0451,3.75,62.55,0,EIA/FRED/Bloomberg reference + synthetic daily interpolation
2018-03-30,2018,3,30,Friday,71.46,68.53,72.84,2.93,94.26,1.084,3.7497,59.1,7.0,EIA/FRED/Bloomberg reference + synthetic daily interpolation
2018-04-02,2018,4,2,Monday,72.53,68.86,72.61,3.67,99.0,1.0193,3.75,66.57,20.0,EIA/FRED/Bloomberg reference + synthetic daily interpolation
2018-04-03,2018,4,3,Tuesday,73.7,68.6,74.65,5.1,96.62,1.0531,3.7497,59.17,33.0,EIA/FRED/Bloomberg reference + synthetic daily interpolation
2018-04-04,2018,4,4,Wednesday,72.79,69.29,73.58,3.5,98.78,1.0232,3.7496,61.66,11.0,EIA/FRED/Bloomberg reference + synthetic daily interpolation
2018-04-05,2018,4,5,Thursday,71.4,69.82,70.97,1.58,96.12,1.0504,3.7497,64.23,0,EIA/FRED/Bloomberg reference + synthetic daily interpolation
2018-04-06,2018,4,6,Friday,71.99,70.24,70.63,1.75,96.4,1.0534,3.7498,63.29,0,EIA/FRED/Bloomberg reference + synthetic daily interpolation
2018-04-09,2018,4,9,Monday,72.68,67.21,74.07,5.47,95.69,1.0654,3.75,63.65,40.0,EIA/FRED/Bloomberg reference + synthetic daily interpolation
2018-04-10,2018,4,10,Tuesday,73.01,69.24,72.4,3.77,95.26,1.0673,3.7497,59.92,8.0,EIA/FRED/Bloomberg reference + synthetic daily interpolation
2018-04-11,2018,4,11,Wednesday,73.95,70.85,75.25,3.1,98.44,1.0216,3.75,62.65,0,EIA/FRED/Bloomberg reference + synthetic daily interpolation
2018-04-12,2018,4,12,Thursday,72.62,66.78,73.08,5.84,97.29,1.0357,3.75,64.45,0,EIA/FRED/Bloomberg reference + synthetic daily interpolation
2018-04-13,2018,4,13,Friday,72.94,72.33,73.16,0.61,96.65,1.0564,3.7497,65.26,11.0,EIA/FRED/Bloomberg reference + synthetic daily interpolation
2018-04-16,2018,4,16,Monday,72.52,66.69,71.98,5.83,96.28,1.0533,3.7496,65.8,0,EIA/FRED/Bloomberg reference + synthetic daily interpolation
2018-04-17,2018,4,17,Tuesday,74.75,72.34,75.52,2.41,96.81,1.0565,3.7498,58.86,36.0,EIA/FRED/Bloomberg reference + synthetic daily interpolation
2018-04-18,2018,4,18,Wednesday,73.79,69.08,73.18,4.71,97.63,1.0379,3.75,63.35,0,EIA/FRED/Bloomberg reference + synthetic daily interpolation
2018-04-19,2018,4,19,Thursday,75.8,71.3,76.99,4.5,97.17,1.0371,3.75,63.04,11.0,EIA/FRED/Bloomberg reference + synthetic daily interpolation
2018-04-20,2018,4,20,Friday,73.19,71.79,73.04,1.4,95.77,1.0627,3.7501,63.73,30.0,EIA/FRED/Bloomberg reference + synthetic daily interpolation
2018-04-23,2018,4,23,Monday,73.16,72.01,72.34,1.15,97.7,1.0296,3.75,63.27,29.0,EIA/FRED/Bloomberg reference + synthetic daily interpolation
2018-04-24,2018,4,24,Tuesday,73.37,71.85,73.89,1.52,97.03,1.0548,3.7497,64.3,0,EIA/FRED/Bloomberg reference + synthetic daily interpolation
2018-04-25,2018,4,25,Wednesday,73.86,70.8,75.13,3.06,95.65,1.0698,3.7498,61.95,42.0,EIA/FRED/Bloomberg reference + synthetic daily interpolation
2018-04-26,2018,4,26,Thursday,72.61,69.98,72.75,2.63,96.72,1.0523,3.7497,63.18,0,EIA/FRED/Bloomberg reference + synthetic daily interpolation
2018-04-27,2018,4,27,Friday,74.65,71.06,74.67,3.59,97.94,1.0296,3.7498,62.83,0,EIA/FRED/Bloomberg reference + synthetic daily interpolation
2018-04-30,2018,4,30,Monday,75.54,69.9,75.35,5.64,95.89,1.0654,3.75,61.09,0,EIA/FRED/Bloomberg reference + synthetic daily interpolation
2018-05-01,2018,5,1,Tuesday,73.76,69.43,72.8,4.33,96.99,1.0494,3.7497,64.97,0,EIA/FRED/Bloomberg reference + synthetic daily interpolation
2018-05-02,2018,5,2,Wednesday,73.8,69.71,74.31,4.09,97.0,1.0444,3.7498,63.98,22.0,EIA/FRED/Bloomberg reference + synthetic daily interpolation
2018-05-03,2018,5,3,Thursday,74.67,73.58,74.82,1.09,96.37,1.0495,3.7497,63.24,0,EIA/FRED/Bloomberg reference + synthetic daily interpolation
2018-05-04,2018,5,4,Friday,73.36,69.78,73.3,3.58,95.49,1.068,3.7501,63.46,0,EIA/FRED/Bloomberg reference + synthetic daily interpolation
2018-05-07,2018,5,7,Monday,73.81,67.98,72.36,5.83,96.1,1.0642,3.75,64.02,50.0,EIA/FRED/Bloomberg reference + synthetic daily interpolation
2018-05-08,2018,5,8,Tuesday,74.03,72.55,73.99,1.48,95.37,1.0673,3.7496,60.9,13.0,EIA/FRED/Bloomberg reference + synthetic daily interpolation
2018-05-09,2018,5,9,Wednesday,74.52,71.61,75.16,2.91,94.78,1.076,3.7501,67.39,0,EIA/FRED/Bloomberg reference + synthetic daily interpolation
2018-05-10,2018,5,10,Thursday,75.56,71.4,76.58,4.16,93.41,1.1013,3.7498,63.47,6.0,EIA/FRED/Bloomberg reference + synthetic daily interpolation
2018-05-11,2018,5,11,Friday,74.59,72.27,74.68,2.32,98.5,1.0189,3.7497,63.99,1.0,EIA/FRED/Bloomberg reference + synthetic daily interpolation
2018-05-14,2018,5,14,Monday,74.74,72.63,73.46,2.11,97.7,1.0284,3.7497,60.86,0,EIA/FRED/Bloomberg reference + synthetic daily interpolation
2018-05-15,2018,5,15,Tuesday,73.85,69.23,74.55,4.62,96.54,1.0491,3.75,61.21,13.0,EIA/FRED/Bloomberg reference + synthetic daily interpolation
2018-05-16,2018,5,16,Wednesday,73.81,68.7,74.73,5.11,96.62,1.0484,3.7496,63.19,0,EIA/FRED/Bloomberg reference + synthetic daily interpolation
2018-05-17,2018,5,17,Thursday,74.3,73.6,75.79,0.7,97.74,1.0357,3.7499,61.34,10.0,EIA/FRED/Bloomberg reference + synthetic daily interpolation
2018-05-18,2018,5,18,Friday,75.13,74.2,74.03,0.93,99.51,1.0069,3.7498,64.66,24.0,EIA/FRED/Bloomberg reference + synthetic daily interpolation
2018-05-21,2018,5,21,Monday,74.16,70.99,74.02,3.17,95.37,1.0726,3.7501,58.52,19.0,EIA/FRED/Bloomberg reference + synthetic daily interpolation
2018-05-22,2018,5,22,Tuesday,75.15,73.88,76.47,1.27,97.42,1.0468,3.7498,63.99,10.0,EIA/FRED/Bloomberg reference + synthetic daily interpolation
2018-05-23,2018,5,23,Wednesday,74.57,73.28,75.31,1.29,96.69,1.0483,3.75,62.62,15.0,EIA/FRED/Bloomberg reference + synthetic daily interpolation
2018-05-24,2018,5,24,Thursday,74.15,68.29,73.6,5.86,97.19,1.0384,3.7499,63.07,30.0,EIA/FRED/Bloomberg reference + synthetic daily interpolation
2018-05-25,2018,5,25,Friday,74.57,72.81,74.89,1.76,98.0,1.0361,3.75,68.95,32.0,EIA/FRED/Bloomberg reference + synthetic daily interpolation
2018-05-28,2018,5,28,Monday,75.06,71.07,74.81,3.99,94.81,1.074,3.7497,61.13,0,EIA/FRED/Bloomberg reference + synthetic daily interpolation
2018-05-29,2018,5,29,Tuesday,74.15,72.16,74.45,1.99,96.49,1.0549,3.7497,60.84,22.0,EIA/FRED/Bloomberg reference + synthetic daily interpolation
2018-05-30,2018,5,30,Wednesday,74.16,71.92,73.48,2.24,96.16,1.06,3.7497,61.66,0,EIA/FRED/Bloomberg reference + synthetic daily interpolation
2018-05-31,2018,5,31,Thursday,73.71,71.57,74.76,2.14,95.84,1.0578,3.7499,62.71,0,EIA/FRED/Bloomberg reference + synthetic daily interpolation
2018-06-01,2018,6,1,Friday,74.13,73.29,73.83,0.84,97.11,1.0373,3.7498,63.21,6.0,EIA/FRED/Bloomberg reference + synthetic daily interpolation
2018-06-04,2018,6,4,Monday,72.2,69.36,71.92,2.84,97.85,1.0381,3.7499,62.77,0,EIA/FRED/Bloomberg reference + synthetic daily interpolation
2018-06-05,2018,6,5,Tuesday,73.74,72.26,73.04,1.48,96.57,1.0465,3.7501,63.05,11.0,EIA/FRED/Bloomberg reference + synthetic daily interpolation
2018-06-06,2018,6,6,Wednesday,73.43,72.16,74.72,1.27,96.32,1.0525,3.7498,62.41,1.0,EIA/FRED/Bloomberg reference + synthetic daily interpolation
2018-06-07,2018,6,7,Thursday,75.66,74.92,75.71,0.74,96.24,1.0538,3.7496,63.76,0,EIA/FRED/Bloomberg reference + synthetic daily interpolation
2018-06-08,2018,6,8,Friday,72.5,68.45,72.52,4.05,93.55,1.1011,3.7497,63.93,0,EIA/FRED/Bloomberg reference + synthetic daily interpolation
2018-06-11,2018,6,11,Monday,76.08,71.65,76.59,4.43,96.94,1.049,3.7496,63.41,0,EIA/FRED/Bloomberg reference + synthetic daily interpolation
2018-06-12,2018,6,12,Tuesday,73.08,72.15,71.74,0.93,96.91,1.0493,3.7501,63.36,0,EIA/FRED/Bloomberg reference + synthetic daily interpolation
2018-06-13,2018,6,13,Wednesday,74.74,72.66,75.86,2.08,95.51,1.0671,3.7497,61.49,3.0,EIA/FRED/Bloomberg reference + synthetic daily interpolation
2018-06-14,2018,6,14,Thursday,73.12,67.14,72.28,5.98,96.25,1.0578,3.7501,59.36,37.0,EIA/FRED/Bloomberg reference + synthetic daily interpolation
2018-06-15,2018,6,15,Friday,76.58,73.08,77.07,3.5,95.94,1.064,3.7498,59.15,17.0,EIA/FRED/Bloomberg reference + synthetic daily interpolation
2018-06-18,2018,6,18,Monday,74.32,70.81,74.43,3.51,98.48,1.0274,3.75,63.98,2.0,EIA/FRED/Bloomberg reference + synthetic daily interpolation
2018-06-19,2018,6,19,Tuesday,72.7,68.83,72.84,3.87,97.03,1.0471,3.7501,61.26,0,EIA/FRED/Bloomberg reference + synthetic daily interpolation
2018-06-20,2018,6,20,Wednesday,75.69,73.18,75.69,2.51,98.89,1.0142,3.7499,62.14,0,EIA/FRED/Bloomberg reference + synthetic daily interpolation
2018-06-21,2018,6,21,Thursday,73.91,70.42,73.21,3.49,97.94,1.0371,3.7498,65.05,3.0,EIA/FRED/Bloomberg reference + synthetic daily interpolation
2018-06-22,2018,6,22,Friday,75.06,69.99,75.67,5.07,95.74,1.0629,3.75,59.83,15.0,EIA/FRED/Bloomberg reference + synthetic daily interpolation
2018-06-25,2018,6,25,Monday,75.92,74.02,76.56,1.9,95.41,1.0756,3.7501,61.75,24.0,EIA/FRED/Bloomberg reference + synthetic daily interpolation
2018-06-26,2018,6,26,Tuesday,73.55,68.43,73.17,5.12,96.71,1.0498,3.75,56.5,7.0,EIA/FRED/Bloomberg reference + synthetic daily interpolation
2018-06-27,2018,6,27,Wednesday,73.35,69.14,72.24,4.21,97.69,1.0422,3.7498,62.67,0,EIA/FRED/Bloomberg reference + synthetic daily interpolation
2018-06-28,2018,6,28,Thursday,74.27,68.45,74.35,5.82,99.38,1.0069,3.7496,64.0,26.0,EIA/FRED/Bloomberg reference + synthetic daily interpolation
2018-06-29,2018,6,29,Friday,74.05,72.49,73.59,1.56,95.89,1.0563,3.7498,60.82,21.0,EIA/FRED/Bloomberg reference + synthetic daily interpolation
2018-07-02,2018,7,2,Monday,73.45,72.76,72.51,0.69,95.22,1.0672,3.7498,60.97,13.0,EIA/FRED/Bloomberg reference + synthetic daily interpolation
2018-07-03,2018,7,3,Tuesday,75.46,74.01,75.61,1.45,95.84,1.0635,3.75,65.42,0,EIA/FRED/Bloomberg reference + synthetic daily interpolation
2018-07-04,2018,7,4,Wednesday,72.67,69.89,73.38,2.78,96.59,1.0523,3.7499,60.19,0,EIA/FRED/Bloomberg reference + synthetic daily interpolation
2018-07-05,2018,7,5,Thursday,73.82,69.88,73.26,3.94,96.48,1.0524,3.75,61.25,0,EIA/FRED/Bloomberg reference + synthetic daily interpolation
2018-07-06,2018,7,6,Friday,72.5,70.53,73.24,1.97,97.45,1.0419,3.7498,62.95,7.0,EIA/FRED/Bloomberg reference + synthetic daily interpolation
2018-07-09,2018,7,9,Monday,74.55,73.9,73.27,0.65,97.04,1.0456,3.7501,62.79,0,EIA/FRED/Bloomberg reference + synthetic daily interpolation
2018-07-10,2018,7,10,Tuesday,73.72,70.26,72.64,3.46,96.53,1.0532,3.7497,63.48,0,EIA/FRED/Bloomberg reference + synthetic daily interpolation
2018-07-11,2018,7,11,Wednesday,73.28,69.55,73.51,3.73,94.28,1.0971,3.7496,62.55,0,EIA/FRED/Bloomberg reference + synthetic daily interpolation
2018-07-12,2018,7,12,Thursday,73.19,70.23,74.2,2.96,96.71,1.0515,3.7498,63.09,0,EIA/FRED/Bloomberg reference + synthetic daily interpolation
2018-07-13,2018,7,13,Friday,73.33,70.27,72.89,3.06,94.74,1.0757,3.75,64.08,0,EIA/FRED/Bloomberg reference + synthetic daily interpolation
2018-07-16,2018,7,16,Monday,74.44,72.16,75.15,2.28,96.83,1.0405,3.7499,62.74,0,EIA/FRED/Bloomberg reference + synthetic daily interpolation
2018-07-17,2018,7,17,Tuesday,73.65,72.94,73.54,0.71,97.03,1.0433,3.7496,63.88,0,EIA/FRED/Bloomberg reference + synthetic daily interpolation
2018-07-18,2018,7,18,Wednesday,73.86,68.57,72.41,5.29,97.34,1.0453,3.7497,58.57,0,EIA/FRED/Bloomberg reference + synthetic daily interpolation
2018-07-19,2018,7,19,Thursday,73.77,72.94,74.34,0.83,96.17,1.0549,3.7501,65.53,0,EIA/FRED/Bloomberg reference + synthetic daily interpolation
2018-07-20,2018,7,20,Friday,74.64,72.73,75.44,1.91,95.93,1.0608,3.7497,60.88,0,EIA/FRED/Bloomberg reference + synthetic daily interpolation
2018-07-23,2018,7,23,Monday,72.91,70.23,73.32,2.68,95.49,1.061,3.7498,63.63,0,EIA/FRED/Bloomberg reference + synthetic daily interpolation
2018-07-24,2018,7,24,Tuesday,73.74,73.19,72.26,0.55,97.73,1.0347,3.7499,62.81,11.0,EIA/FRED/Bloomberg reference + synthetic daily interpolation
2018-07-25,2018,7,25,Wednesday,75.53,72.59,74.6,2.94,95.11,1.073,3.7496,63.07,0,EIA/FRED/Bloomberg reference + synthetic daily interpolation
2018-07-26,2018,7,26,Thursday,73.28,71.79,72.76,1.49,95.78,1.0621,3.7499,60.09,4.0,EIA/FRED/Bloomberg reference + synthetic daily interpolation
2018-07-27,2018,7,27,Friday,74.19,69.4,75.4,4.79,96.08,1.0566,3.7501,62.71,0,EIA/FRED/Bloomberg reference + synthetic daily interpolation
2018-07-30,2018,7,30,Monday,73.79,72.64,73.77,1.15,96.8,1.0438,3.7498,64.82,3.0,EIA/FRED/Bloomberg reference + synthetic daily interpolation
2018-07-31,2018,7,31,Tuesday,72.41,68.07,71.06,4.34,97.61,1.0364,3.7496,65.45,0,EIA/FRED/Bloomberg reference + synthetic daily interpolation
2018-08-01,2018,8,1,Wednesday,71.63,69.66,71.96,1.97,97.67,1.0352,3.7501,64.39,23.0,EIA/FRED/Bloomberg reference + synthetic daily interpolation
2018-08-02,2018,8,2,Thursday,72.37,68.69,71.73,3.68,98.7,1.0291,3.7499,59.57,29.0,EIA/FRED/Bloomberg reference + synthetic daily interpolation
2018-08-03,2018,8,3,Friday,73.09,67.25,72.63,5.84,99.5,1.0039,3.7499,64.97,0,EIA/FRED/Bloomberg reference + synthetic daily interpolation
2018-08-06,2018,8,6,Monday,72.51,67.76,72.39,4.75,98.0,1.0344,3.7497,64.28,0,EIA/FRED/Bloomberg reference + synthetic daily interpolation
2018-08-07,2018,8,7,Tuesday,72.39,70.83,71.05,1.56,95.86,1.0619,3.7497,61.38,0,EIA/FRED/Bloomberg reference + synthetic daily interpolation
2018-08-08,2018,8,8,Wednesday,72.09,71.5,72.59,0.59,96.15,1.0562,3.7499,62.05,0,EIA/FRED/Bloomberg reference + synthetic daily interpolation
2018-08-09,2018,8,9,Thursday,72.23,66.55,71.26,5.68,97.05,1.0461,3.75,67.86,22.0,EIA/FRED/Bloomberg reference + synthetic daily interpolation
2018-08-10,2018,8,10,Friday,72.27,71.41,73.36,0.86,99.46,1.0049,3.7497,64.25,0,EIA/FRED/Bloomberg reference + synthetic daily interpolation
2018-08-13,2018,8,13,Monday,72.51,70.02,72.21,2.49,96.59,1.0461,3.75,65.91,0,EIA/FRED/Bloomberg reference + synthetic daily interpolation
2018-08-14,2018,8,14,Tuesday,72.2,68.52,70.94,3.68,97.18,1.043,3.7498,61.62,0,EIA/FRED/Bloomberg reference + synthetic daily interpolation
2018-08-15,2018,8,15,Wednesday,71.28,65.7,71.57,5.58,98.65,1.0179,3.7498,59.81,10.0,EIA/FRED/Bloomberg reference + synthetic daily interpolation
2018-08-16,2018,8,16,Thursday,72.11,69.22,73.07,2.89,99.67,1.0058,3.7498,63.6,0,EIA/FRED/Bloomberg reference + synthetic daily interpolation
2018-08-17,2018,8,17,Friday,72.89,71.36,73.12,1.53,94.35,1.0899,3.7501,60.63,0,EIA/FRED/Bloomberg reference + synthetic daily interpolation
2018-08-20,2018,8,20,Monday,72.89,71.18,73.08,1.71,96.63,1.0572,3.7498,66.06,0,EIA/FRED/Bloomberg reference + synthetic daily interpolation
2018-08-21,2018,8,21,Tuesday,72.65,68.97,74.1,3.68,99.36,1.0143,3.7498,65.11,0,EIA/FRED/Bloomberg reference + synthetic daily interpolation
2018-08-22,2018,8,22,Wednesday,71.12,68.4,71.6,2.72,95.99,1.0647,3.7498,63.0,17.0,EIA/FRED/Bloomberg reference + synthetic daily interpolation
2018-08-23,2018,8,23,Thursday,71.46,68.86,70.8,2.6,98.09,1.0274,3.7498,61.87,12.0,EIA/FRED/Bloomberg reference + synthetic daily interpolation
2018-08-24,2018,8,24,Friday,70.41,65.73,70.9,4.68,95.92,1.0651,3.75,64.25,4.0,EIA/FRED/Bloomberg reference + synthetic daily interpolation
2018-08-27,2018,8,27,Monday,72.14,67.99,72.76,4.15,95.21,1.0727,3.7499,61.11,15.0,EIA/FRED/Bloomberg reference + synthetic daily interpolation
2018-08-28,2018,8,28,Tuesday,71.2,69.11,69.99,2.09,96.71,1.0482,3.7499,63.91,0,EIA/FRED/Bloomberg reference + synthetic daily interpolation
2018-08-29,2018,8,29,Wednesday,70.12,64.55,71.3,5.57,95.97,1.0659,3.7498,59.26,47.0,EIA/FRED/Bloomberg reference + synthetic daily interpolation
2018-08-30,2018,8,30,Thursday,71.15,66.0,72.08,5.15,94.54,1.085,3.7497,59.2,1.0,EIA/FRED/Bloomberg reference + synthetic daily interpolation
2018-08-31,2018,8,31,Friday,70.79,65.12,70.8,5.67,95.95,1.0628,3.7499,62.68,46.0,EIA/FRED/Bloomberg reference + synthetic daily interpolation
2018-09-03,2018,9,3,Monday,72.61,69.62,71.39,2.99,97.48,1.038,3.7497,65.27,0,EIA/FRED/Bloomberg reference + synthetic daily interpolation
2018-09-04,2018,9,4,Tuesday,71.14,68.93,71.01,2.21,96.94,1.0483,3.7499,62.97,15.0,EIA/FRED/Bloomberg reference + synthetic daily interpolation
2018-09-05,2018,9,5,Wednesday,71.36,67.95,69.91,3.41,98.35,1.0279,3.75,64.25,8.0,EIA/FRED/Bloomberg reference + synthetic daily interpolation
2018-09-06,2018,9,6,Thursday,71.78,70.35,70.63,1.43,94.92,1.0792,3.7497,60.62,9.0,EIA/FRED/Bloomberg reference + synthetic daily interpolation
2018-09-07,2018,9,7,Friday,70.94,65.92,70.18,5.02,96.9,1.0395,3.7497,61.25,22.0,EIA/FRED/Bloomberg reference + synthetic daily interpolation
2018-09-10,2018,9,10,Monday,72.21,68.52,72.11,3.69,94.64,1.0776,3.7497,63.06,0,EIA/FRED/Bloomberg reference + synthetic daily interpolation
2018-09-11,2018,9,11,Tuesday,69.38,63.65,68.85,5.73,98.23,1.0303,3.75,64.85,0,EIA/FRED/Bloomberg reference + synthetic daily interpolation
2018-09-12,2018,9,12,Wednesday,70.22,64.75,70.63,5.47,96.26,1.056,3.7501,61.68,26.0,EIA/FRED/Bloomberg reference + synthetic daily interpolation
2018-09-13,2018,9,13,Thursday,70.1,67.16,70.06,2.94,100.53,0.9969,3.7501,64.91,15.0,EIA/FRED/Bloomberg reference + synthetic daily interpolation
2018-09-14,2018,9,14,Friday,70.48,66.66,71.07,3.82,94.67,1.0793,3.7499,62.78,8.0,EIA/FRED/Bloomberg reference + synthetic daily interpolation
2018-09-17,2018,9,17,Monday,72.94,67.56,73.97,5.38,95.61,1.0695,3.7499,59.48,0,EIA/FRED/Bloomberg reference + synthetic daily interpolation
2018-09-18,2018,9,18,Tuesday,69.19,68.3,68.82,0.89,95.77,1.0576,3.7497,64.46,0,EIA/FRED/Bloomberg reference + synthetic daily interpolation
2018-09-19,2018,9,19,Wednesday,68.93,65.31,67.9,3.62,96.23,1.0511,3.7498,66.77,6.0,EIA/FRED/Bloomberg reference + synthetic daily interpolation
2018-09-20,2018,9,20,Thursday,70.69,65.87,70.26,4.82,95.33,1.0778,3.7501,61.3,0,EIA/FRED/Bloomberg reference + synthetic daily interpolation
2018-09-21,2018,9,21,Friday,69.19,65.41,69.02,3.78,98.06,1.0271,3.7501,60.71,1.0,EIA/FRED/Bloomberg reference + synthetic daily interpolation
2018-09-24,2018,9,24,Monday,69.39,65.44,67.94,3.95,94.51,1.0859,3.75,61.99,0,EIA/FRED/Bloomberg reference + synthetic daily interpolation
2018-09-25,2018,9,25,Tuesday,70.33,66.22,69.57,4.11,94.24,1.0879,3.7497,63.16,22.0,EIA/FRED/Bloomberg reference + synthetic daily interpolation
2018-09-26,2018,9,26,Wednesday,69.88,65.73,68.91,4.15,97.02,1.0388,3.75,63.02,0,EIA/FRED/Bloomberg reference + synthetic daily interpolation
2018-09-27,2018,9,27,Thursday,70.3,66.25,70.43,4.05,97.37,1.038,3.7498,62.87,0,EIA/FRED/Bloomberg reference + synthetic daily interpolation
2018-09-28,2018,9,28,Friday,71.5,65.53,72.82,5.97,99.17,1.0149,3.7496,64.14,0,EIA/FRED/Bloomberg reference + synthetic daily interpolation
2018-10-01,2018,10,1,Monday,71.42,67.18,71.67,4.24,96.93,1.0404,3.75,68.68,0,EIA/FRED/Bloomberg reference + synthetic daily interpolation
2018-10-02,2018,10,2,Tuesday,70.12,66.38,71.07,3.74,93.67,1.0908,3.75,65.89,0,EIA/FRED/Bloomberg reference + synthetic daily interpolation
2018-10-03,2018,10,3,Wednesday,70.74,69.94,70.81,0.8,96.98,1.0543,3.7496,60.85,0,EIA/FRED/Bloomberg reference + synthetic daily interpolation
2018-10-04,2018,10,4,Thursday,71.12,67.31,71.8,3.81,97.27,1.0381,3.7499,63.64,28.0,EIA/FRED/Bloomberg reference + synthetic daily interpolation
2018-10-05,2018,10,5,Friday,70.46,68.72,69.88,1.74,95.41,1.0643,3.7498,64.72,0,EIA/FRED/Bloomberg reference + synthetic daily interpolation
2018-10-08,2018,10,8,Monday,67.61,65.54,68.34,2.07,94.06,1.0867,3.7498,63.07,2.0,EIA/FRED/Bloomberg reference + synthetic daily interpolation
2018-10-09,2018,10,9,Tuesday,68.53,65.12,67.98,3.41,95.74,1.062,3.7497,60.53,25.0,EIA/FRED/Bloomberg reference + synthetic daily interpolation
2018-10-10,2018,10,10,Wednesday,69.32,65.43,68.13,3.89,96.13,1.0645,3.75,61.85,7.0,EIA/FRED/Bloomberg reference + synthetic daily interpolation
2018-10-11,2018,10,11,Thursday,66.6,65.12,65.13,1.48,95.94,1.059,3.7499,66.94,15.0,EIA/FRED/Bloomberg reference + synthetic daily interpolation
2018-10-12,2018,10,12,Friday,69.34,66.79,70.4,2.55,98.83,1.016,3.7499,63.33,0,EIA/FRED/Bloomberg reference + synthetic daily interpolation
2018-10-15,2018,10,15,Monday,68.31,67.16,67.14,1.15,96.38,1.0588,3.7499,63.38,0,EIA/FRED/Bloomberg reference + synthetic daily interpolation
2018-10-16,2018,10,16,Tuesday,70.09,69.16,70.14,0.93,95.63,1.0565,3.7501,60.07,5.0,EIA/FRED/Bloomberg reference + synthetic daily interpolation
2018-10-17,2018,10,17,Wednesday,69.46,68.38,69.63,1.08,96.32,1.0542,3.7496,64.72,0,EIA/FRED/Bloomberg reference + synthetic daily interpolation
2018-10-18,2018,10,18,Thursday,70.1,66.99,69.49,3.11,95.25,1.0766,3.75,62.13,14.0,EIA/FRED/Bloomberg reference + synthetic daily interpolation
2018-10-19,2018,10,19,Friday,68.58,63.49,68.12,5.09,96.34,1.0569,3.7501,66.83,0,EIA/FRED/Bloomberg reference + synthetic daily interpolation
2018-10-22,2018,10,22,Monday,69.83,66.1,69.58,3.73,96.06,1.0633,3.7499,62.87,0,EIA/FRED/Bloomberg reference + synthetic daily interpolation
2018-10-23,2018,10,23,Tuesday,69.81,68.25,70.38,1.56,95.86,1.0646,3.7498,62.28,19.0,EIA/FRED/Bloomberg reference + synthetic daily interpolation
2018-10-24,2018,10,24,Wednesday,70.04,67.92,69.17,2.12,96.66,1.054,3.75,66.26,57.0,EIA/FRED/Bloomberg reference + synthetic daily interpolation
2018-10-25,2018,10,25,Thursday,68.88,67.9,68.48,0.98,95.43,1.0719,3.75,61.4,0,EIA/FRED/Bloomberg reference + synthetic daily interpolation
2018-10-26,2018,10,26,Friday,69.66,65.43,69.62,4.23,95.1,1.0669,3.7497,60.37,33.0,EIA/FRED/Bloomberg reference + synthetic daily interpolation
2018-10-29,2018,10,29,Monday,69.49,68.17,70.83,1.32,96.05,1.0708,3.7497,60.37,0,EIA/FRED/Bloomberg reference + synthetic daily interpolation
2018-10-30,2018,10,30,Tuesday,68.31,67.68,66.86,0.63,97.51,1.0361,3.75,68.12,22.0,EIA/FRED/Bloomberg reference + synthetic daily interpolation
2018-10-31,2018,10,31,Wednesday,69.28,68.56,70.44,0.72,98.0,1.0274,3.7499,62.85,32.0,EIA/FRED/Bloomberg reference + synthetic daily interpolation
2018-11-01,2018,11,1,Thursday,67.44,65.82,68.69,1.62,98.07,1.0301,3.7499,63.27,0,EIA/FRED/Bloomberg reference + synthetic daily interpolation
2018-11-02,2018,11,2,Friday,67.57,64.71,68.93,2.86,97.3,1.0382,3.75,64.53,0,EIA/FRED/Bloomberg reference + synthetic daily interpolation
2018-11-05,2018,11,5,Monday,68.33,64.47,67.12,3.86,96.55,1.054,3.7498,60.26,8.0,EIA/FRED/Bloomberg reference + synthetic daily interpolation
2018-11-06,2018,11,6,Tuesday,68.34,65.73,67.47,2.61,94.71,1.076,3.7497,63.19,49.0,EIA/FRED/Bloomberg reference + synthetic daily interpolation
2018-11-07,2018,11,7,Wednesday,67.8,61.82,66.7,5.98,97.16,1.0381,3.75,62.39,41.0,EIA/FRED/Bloomberg reference + synthetic daily interpolation
2018-11-08,2018,11,8,Thursday,70.58,65.33,70.9,5.25,95.64,1.052,3.75,65.18,26.0,EIA/FRED/Bloomberg reference + synthetic daily interpolation
2018-11-09,2018,11,9,Friday,69.11,63.75,68.89,5.36,96.06,1.0649,3.7497,60.56,11.0,EIA/FRED/Bloomberg reference + synthetic daily interpolation
2018-11-12,2018,11,12,Monday,70.8,66.69,69.81,4.11,95.68,1.0687,3.7499,60.98,1.0,EIA/FRED/Bloomberg reference + synthetic daily interpolation
2018-11-13,2018,11,13,Tuesday,67.85,67.31,68.21,0.54,95.08,1.0787,3.7499,64.16,10.0,EIA/FRED/Bloomberg reference + synthetic daily interpolation
2018-11-14,2018,11,14,Wednesday,68.1,66.34,69.55,1.76,96.22,1.059,3.75,62.47,6.0,EIA/FRED/Bloomberg reference + synthetic daily interpolation
2018-11-15,2018,11,15,Thursday,67.7,66.28,68.46,1.42,97.3,1.0455,3.75,60.52,31.0,EIA/FRED/Bloomberg reference + synthetic daily interpolation
2018-11-16,2018,11,16,Friday,68.19,64.2,69.0,3.99,95.69,1.0478,3.7499,62.17,0,EIA/FRED/Bloomberg reference + synthetic daily interpolation
2018-11-19,2018,11,19,Monday,68.78,67.78,69.78,1.0,94.79,1.0723,3.7499,62.23,12.0,EIA/FRED/Bloomberg reference + synthetic daily interpolation
2018-11-20,2018,11,20,Tuesday,69.52,68.31,68.88,1.21,94.4,1.0813,3.7496,63.36,10.0,EIA/FRED/Bloomberg reference + synthetic daily interpolation
2018-11-21,2018,11,21,Wednesday,67.6,64.73,68.03,2.87,96.56,1.0468,3.7501,60.57,0,EIA/FRED/Bloomberg reference + synthetic daily interpolation
2018-11-22,2018,11,22,Thursday,67.03,61.7,65.95,5.33,96.33,1.0516,3.7497,63.76,9.0,EIA/FRED/Bloomberg reference + synthetic daily interpolation
2018-11-23,2018,11,23,Friday,67.25,61.96,67.93,5.29,97.04,1.0379,3.7497,65.07,0,EIA/FRED/Bloomberg reference + synthetic daily interpolation
2018-11-26,2018,11,26,Monday,69.2,63.2,70.5,6.0,97.0,1.0333,3.7499,60.28,4.0,EIA/FRED/Bloomberg reference + synthetic daily interpolation
2018-11-27,2018,11,27,Tuesday,68.1,63.77,67.93,4.33,97.82,1.0312,3.7496,64.48,0,EIA/FRED/Bloomberg reference + synthetic daily interpolation
2018-11-28,2018,11,28,Wednesday,69.48,65.31,68.08,4.17,96.23,1.0536,3.7498,63.67,13.0,EIA/FRED/Bloomberg reference + synthetic daily interpolation
2018-11-29,2018,11,29,Thursday,68.92,66.94,69.03,1.98,97.23,1.0425,3.7497,66.2,18.0,EIA/FRED/Bloomberg reference + synthetic daily interpolation
2018-11-30,2018,11,30,Friday,67.99,62.44,68.75,5.55,95.56,1.061,3.7498,64.38,0,EIA/FRED/Bloomberg reference + synthetic daily interpolation
2018-12-03,2018,12,3,Monday,69.18,68.02,68.65,1.16,97.64,1.0249,3.7498,64.35,0,EIA/FRED/Bloomberg reference + synthetic daily interpolation
2018-12-04,2018,12,4,Tuesday,69.7,68.63,69.49,1.07,96.63,1.0516,3.7497,64.08,0,EIA/FRED/Bloomberg reference + synthetic daily interpolation
2018-12-05,2018,12,5,Wednesday,69.35,67.28,70.63,2.07,97.67,1.038,3.7499,65.08,7.0,EIA/FRED/Bloomberg reference + synthetic daily interpolation
2018-12-06,2018,12,6,Thursday,68.7,67.25,68.76,1.45,96.63,1.0367,3.7497,62.07,19.0,EIA/FRED/Bloomberg reference + synthetic daily interpolation
2018-12-07,2018,12,7,Friday,68.56,62.66,69.63,5.9,96.79,1.0471,3.7498,62.98,0,EIA/FRED/Bloomberg reference + synthetic daily interpolation
2018-12-10,2018,12,10,Monday,68.35,65.09,69.54,3.26,96.65,1.0514,3.75,61.26,22.0,EIA/FRED/Bloomberg reference + synthetic daily interpolation
2018-12-11,2018,12,11,Tuesday,70.02,66.26,70.82,3.76,96.55,1.0533,3.7497,64.73,0,EIA/FRED/Bloomberg reference + synthetic daily interpolation
2018-12-12,2018,12,12,Wednesday,68.07,63.56,68.04,4.51,96.61,1.0482,3.75,61.94,0,EIA/FRED/Bloomberg reference + synthetic daily interpolation
2018-12-13,2018,12,13,Thursday,68.54,64.34,67.54,4.2,96.61,1.0445,3.75,63.33,21.0,EIA/FRED/Bloomberg reference + synthetic daily interpolation
2018-12-14,2018,12,14,Friday,66.7,63.05,67.57,3.65,97.72,1.0247,3.7497,63.74,0,EIA/FRED/Bloomberg reference + synthetic daily interpolation
2018-12-17,2018,12,17,Monday,68.38,66.72,68.17,1.66,95.59,1.0692,3.7497,63.27,2.0,EIA/FRED/Bloomberg reference + synthetic daily interpolation
2018-12-18,2018,12,18,Tuesday,68.48,64.41,68.4,4.07,97.36,1.0403,3.75,63.75,6.0,EIA/FRED/Bloomberg reference + synthetic daily interpolation
2018-12-19,2018,12,19,Wednesday,67.16,63.68,66.11,3.48,98.59,1.0168,3.75,64.61,0,EIA/FRED/Bloomberg reference + synthetic daily interpolation
2018-12-20,2018,12,20,Thursday,67.94,62.92,66.92,5.02,95.82,1.0571,3.7497,60.81,27.0,EIA/FRED/Bloomberg reference + synthetic daily interpolation
2018-12-21,2018,12,21,Friday,69.85,67.06,69.5,2.79,98.34,1.0373,3.7499,64.45,0,EIA/FRED/Bloomberg reference + synthetic daily interpolation
2018-12-24,2018,12,24,Monday,65.82,63.73,65.16,2.09,98.11,1.0339,3.7497,67.27,0,EIA/FRED/Bloomberg reference + synthetic daily interpolation
2018-12-25,2018,12,25,Tuesday,68.66,63.09,69.32,5.57,97.5,1.0375,3.7498,64.04,0,EIA/FRED/Bloomberg reference + synthetic daily interpolation
2018-12-26,2018,12,26,Wednesday,67.2,66.58,66.02,0.62,95.87,1.0679,3.7499,61.66,0,EIA/FRED/Bloomberg reference + synthetic daily interpolation
2018-12-27,2018,12,27,Thursday,68.73,62.81,70.02,5.92,94.65,1.0779,3.7499,60.69,0,EIA/FRED/Bloomberg reference + synthetic daily interpolation
2018-12-28,2018,12,28,Friday,68.34,66.12,69.66,2.22,96.08,1.0561,3.75,64.33,0,EIA/FRED/Bloomberg reference + synthetic daily interpolation
2018-12-31,2018,12,31,Monday,70.0,64.42,70.28,5.58,95.42,1.0759,3.7496,60.83,0,EIA/FRED/Bloomberg reference + synthetic daily interpolation
2019-01-01,2019,1,1,Tuesday,60.94,55.66,60.93,5.28,99.84,1.0064,3.7499,67.49,94.0,EIA/FRED/Bloomberg reference + synthetic daily interpolation
2019-01-02,2019,1,2,Wednesday,61.47,58.95,60.63,2.52,96.13,1.0623,3.7499,61.03,115.0,EIA/FRED/Bloomberg reference + synthetic daily interpolation
2019-01-03,2019,1,3,Thursday,62.98,61.49,62.28,1.49,98.44,1.0212,3.7496,62.8,126.0,EIA/FRED/Bloomberg reference + synthetic daily interpolation
2019-01-04,2019,1,4,Friday,62.79,59.9,62.03,2.89,95.77,1.0764,3.7499,62.54,68.0,EIA/FRED/Bloomberg reference + synthetic daily interpolation
2019-01-07,2019,1,7,Monday,60.59,59.78,59.42,0.81,96.13,1.0604,3.7501,67.88,106.0,EIA/FRED/Bloomberg reference + synthetic daily interpolation
2019-01-08,2019,1,8,Tuesday,61.13,57.22,60.64,3.91,94.59,1.0808,3.7497,68.14,99.0,EIA/FRED/Bloomberg reference + synthetic daily interpolation
2019-01-09,2019,1,9,Wednesday,62.9,60.61,63.14,2.29,97.1,1.0458,3.7498,63.68,91.0,EIA/FRED/Bloomberg reference + synthetic daily interpolation
2019-01-10,2019,1,10,Thursday,62.22,60.52,62.07,1.7,97.08,1.0425,3.75,71.13,72.0,EIA/FRED/Bloomberg reference + synthetic daily interpolation
2019-01-11,2019,1,11,Friday,60.58,59.76,59.43,0.82,98.5,1.0292,3.7497,65.82,94.0,EIA/FRED/Bloomberg reference + synthetic daily interpolation
2019-01-14,2019,1,14,Monday,61.79,59.38,61.09,2.41,97.2,1.0501,3.7498,63.2,66.0,EIA/FRED/Bloomberg reference + synthetic daily interpolation
2019-01-15,2019,1,15,Tuesday,60.77,56.66,59.63,4.11,95.26,1.0683,3.7499,65.46,74.0,EIA/FRED/Bloomberg reference + synthetic daily interpolation
2019-01-16,2019,1,16,Wednesday,61.49,59.42,60.71,2.07,96.68,1.0403,3.7496,62.94,71.0,EIA/FRED/Bloomberg reference + synthetic daily interpolation
2019-01-17,2019,1,17,Thursday,61.46,58.94,62.1,2.52,94.92,1.0748,3.7496,67.77,79.0,EIA/FRED/Bloomberg reference + synthetic daily interpolation
2019-01-18,2019,1,18,Friday,62.3,56.97,60.9,5.33,96.61,1.0575,3.7498,65.1,54.0,EIA/FRED/Bloomberg reference + synthetic daily interpolation
2019-01-21,2019,1,21,Monday,61.8,57.44,60.86,4.36,99.01,1.013,3.7496,60.02,89.0,EIA/FRED/Bloomberg reference + synthetic daily interpolation
2019-01-22,2019,1,22,Tuesday,63.02,60.94,63.81,2.08,98.37,1.0263,3.7496,63.74,70.0,EIA/FRED/Bloomberg reference + synthetic daily interpolation
2019-01-23,2019,1,23,Wednesday,62.93,57.93,63.13,5.0,95.79,1.0588,3.7496,66.45,93.0,EIA/FRED/Bloomberg reference + synthetic daily interpolation
2019-01-24,2019,1,24,Thursday,63.22,60.29,62.85,2.93,97.5,1.0449,3.7501,67.09,50.0,EIA/FRED/Bloomberg reference + synthetic daily interpolation
2019-01-25,2019,1,25,Friday,61.19,60.55,60.84,0.64,96.81,1.0536,3.7499,63.86,95.0,EIA/FRED/Bloomberg reference + synthetic daily interpolation
2019-01-28,2019,1,28,Monday,61.17,60.2,60.76,0.97,96.17,1.0604,3.75,63.21,59.0,EIA/FRED/Bloomberg reference + synthetic daily interpolation
2019-01-29,2019,1,29,Tuesday,64.21,58.4,63.48,5.81,95.11,1.0748,3.75,65.24,60.0,EIA/FRED/Bloomberg reference + synthetic daily interpolation
2019-01-30,2019,1,30,Wednesday,61.03,60.49,61.41,0.54,95.92,1.0636,3.75,61.85,111.0,EIA/FRED/Bloomberg reference + synthetic daily interpolation
2019-01-31,2019,1,31,Thursday,62.5,58.31,61.53,4.19,97.67,1.0377,3.7499,65.46,103.0,EIA/FRED/Bloomberg reference + synthetic daily interpolation
2019-02-01,2019,2,1,Friday,62.69,58.13,61.58,4.56,95.9,1.0645,3.7498,64.73,70.0,EIA/FRED/Bloomberg reference + synthetic daily interpolation
2019-02-04,2019,2,4,Monday,62.66,58.6,63.31,4.06,96.07,1.0572,3.75,64.11,82.0,EIA/FRED/Bloomberg reference + synthetic daily interpolation
2019-02-05,2019,2,5,Tuesday,62.52,61.86,64.01,0.66,96.91,1.0491,3.7497,63.67,46.0,EIA/FRED/Bloomberg reference + synthetic daily interpolation
2019-02-06,2019,2,6,Wednesday,63.18,58.3,61.74,4.88,96.46,1.0604,3.7497,67.71,76.0,EIA/FRED/Bloomberg reference + synthetic daily interpolation
2019-02-07,2019,2,7,Thursday,63.51,62.5,63.03,1.01,95.79,1.0618,3.7498,66.77,106.0,EIA/FRED/Bloomberg reference + synthetic daily interpolation
2019-02-08,2019,2,8,Friday,62.82,56.94,62.38,5.88,96.14,1.0569,3.7499,65.31,78.0,EIA/FRED/Bloomberg reference + synthetic daily interpolation
2019-02-11,2019,2,11,Monday,64.67,60.54,63.96,4.13,93.59,1.0938,3.7496,62.51,71.0,EIA/FRED/Bloomberg reference + synthetic daily interpolation
2019-02-12,2019,2,12,Tuesday,64.44,62.23,64.65,2.21,97.45,1.0455,3.7498,65.99,62.0,EIA/FRED/Bloomberg reference + synthetic daily interpolation
2019-02-13,2019,2,13,Wednesday,63.23,59.35,64.18,3.88,99.09,1.0215,3.75,64.0,115.0,EIA/FRED/Bloomberg reference + synthetic daily interpolation
2019-02-14,2019,2,14,Thursday,62.98,58.78,62.85,4.2,94.87,1.0816,3.7498,63.84,43.0,EIA/FRED/Bloomberg reference + synthetic daily interpolation
2019-02-15,2019,2,15,Friday,62.91,57.09,62.13,5.82,95.9,1.066,3.7498,62.1,78.0,EIA/FRED/Bloomberg reference + synthetic daily interpolation
2019-02-18,2019,2,18,Monday,63.36,57.79,62.9,5.57,95.98,1.0595,3.7497,64.53,85.0,EIA/FRED/Bloomberg reference + synthetic daily interpolation
2019-02-19,2019,2,19,Tuesday,62.29,59.39,61.77,2.9,96.76,1.0454,3.75,62.5,89.0,EIA/FRED/Bloomberg reference + synthetic daily interpolation
2019-02-20,2019,2,20,Wednesday,63.67,62.41,62.61,1.26,98.02,1.0356,3.7498,66.18,122.0,EIA/FRED/Bloomberg reference + synthetic daily interpolation
2019-02-21,2019,2,21,Thursday,63.04,57.57,61.54,5.47,95.6,1.0592,3.7498,65.68,92.0,EIA/FRED/Bloomberg reference + synthetic daily interpolation
2019-02-22,2019,2,22,Friday,62.96,59.68,63.97,3.28,97.11,1.0519,3.7498,66.08,107.0,EIA/FRED/Bloomberg reference + synthetic daily interpolation
2019-02-25,2019,2,25,Monday,63.76,60.77,64.8,2.99,97.15,1.0502,3.7501,65.1,86.0,EIA/FRED/Bloomberg reference + synthetic daily interpolation
2019-02-26,2019,2,26,Tuesday,63.42,61.81,64.24,1.61,97.63,1.0408,3.7496,67.0,114.0,EIA/FRED/Bloomberg reference + synthetic daily interpolation
2019-02-27,2019,2,27,Wednesday,63.78,58.71,64.89,5.07,96.17,1.0509,3.7496,66.93,56.0,EIA/FRED/Bloomberg reference + synthetic daily interpolation
2019-02-28,2019,2,28,Thursday,64.3,59.56,64.96,4.74,95.89,1.0643,3.75,64.1,94.0,EIA/FRED/Bloomberg reference + synthetic daily interpolation
2019-03-01,2019,3,1,Friday,63.15,60.37,64.5,2.78,96.45,1.0591,3.7498,64.04,83.0,EIA/FRED/Bloomberg reference + synthetic daily interpolation
2019-03-04,2019,3,4,Monday,64.58,61.28,64.71,3.3,97.31,1.0389,3.7498,64.11,76.0,EIA/FRED/Bloomberg reference + synthetic daily interpolation
2019-03-05,2019,3,5,Tuesday,65.09,59.45,64.83,5.64,98.01,1.0259,3.75,66.83,71.0,EIA/FRED/Bloomberg reference + synthetic daily interpolation
2019-03-06,2019,3,6,Wednesday,64.69,60.83,65.35,3.86,96.67,1.0525,3.7496,65.13,55.0,EIA/FRED/Bloomberg reference + synthetic daily interpolation
2019-03-07,2019,3,7,Thursday,64.37,63.85,64.41,0.52,96.14,1.0593,3.75,64.39,110.0,EIA/FRED/Bloomberg reference + synthetic daily interpolation
2019-03-08,2019,3,8,Friday,63.28,60.93,62.57,2.35,97.19,1.0352,3.75,68.17,69.0,EIA/FRED/Bloomberg reference + synthetic daily interpolation
2019-03-11,2019,3,11,Monday,64.88,61.38,66.27,3.5,96.83,1.0461,3.75,63.45,103.0,EIA/FRED/Bloomberg reference + synthetic daily interpolation
2019-03-12,2019,3,12,Tuesday,65.16,64.26,66.36,0.9,96.31,1.063,3.7498,63.49,97.0,EIA/FRED/Bloomberg reference + synthetic daily interpolation
2019-03-13,2019,3,13,Wednesday,63.74,60.04,64.37,3.7,96.96,1.0476,3.7498,66.09,98.0,EIA/FRED/Bloomberg reference + synthetic daily interpolation
2019-03-14,2019,3,14,Thursday,65.33,60.71,63.96,4.62,96.11,1.0628,3.7501,64.64,70.0,EIA/FRED/Bloomberg reference + synthetic daily interpolation
2019-03-15,2019,3,15,Friday,65.75,63.16,67.19,2.59,96.33,1.058,3.7497,62.03,86.0,EIA/FRED/Bloomberg reference + synthetic daily interpolation
2019-03-18,2019,3,18,Monday,64.86,63.64,64.24,1.22,96.88,1.0501,3.7501,70.17,114.0,EIA/FRED/Bloomberg reference + synthetic daily interpolation
2019-03-19,2019,3,19,Tuesday,63.84,59.7,62.92,4.14,99.81,1.0067,3.7498,60.24,103.0,EIA/FRED/Bloomberg reference + synthetic daily interpolation
2019-03-20,2019,3,20,Wednesday,65.62,61.71,66.0,3.91,96.74,1.0505,3.7496,69.0,125.0,EIA/FRED/Bloomberg reference + synthetic daily interpolation
2019-03-21,2019,3,21,Thursday,65.86,65.31,66.74,0.55,98.2,1.0213,3.7497,62.99,114.0,EIA/FRED/Bloomberg reference + synthetic daily interpolation
2019-03-22,2019,3,22,Friday,65.66,62.8,64.93,2.86,99.32,1.0138,3.7499,67.56,103.0,EIA/FRED/Bloomberg reference + synthetic daily interpolation
2019-03-25,2019,3,25,Monday,63.58,59.27,65.08,4.31,96.52,1.054,3.7499,65.37,118.0,EIA/FRED/Bloomberg reference + synthetic daily interpolation
2019-03-26,2019,3,26,Tuesday,66.83,62.12,66.51,4.71,97.53,1.0384,3.7499,67.54,88.0,EIA/FRED/Bloomberg reference + synthetic daily interpolation
2019-03-27,2019,3,27,Wednesday,66.27,62.83,65.97,3.44,94.24,1.0858,3.7499,65.34,69.0,EIA/FRED/Bloomberg reference + synthetic daily interpolation
2019-03-28,2019,3,28,Thursday,64.97,60.7,64.01,4.27,94.68,1.0818,3.7499,67.0,41.0,EIA/FRED/Bloomberg reference + synthetic daily interpolation
2019-03-29,2019,3,29,Friday,65.38,63.01,64.52,2.37,96.35,1.0526,3.7499,67.3,101.0,EIA/FRED/Bloomberg reference + synthetic daily interpolation
2019-04-01,2019,4,1,Monday,65.04,59.05,65.34,5.99,96.3,1.0502,3.7498,65.48,63.0,EIA/FRED/Bloomberg reference + synthetic daily interpolation
2019-04-02,2019,4,2,Tuesday,65.77,61.99,64.76,3.78,97.59,1.0326,3.7497,64.37,116.0,EIA/FRED/Bloomberg reference + synthetic daily interpolation
2019-04-03,2019,4,3,Wednesday,66.48,61.74,66.01,4.74,96.61,1.0563,3.7499,63.29,43.0,EIA/FRED/Bloomberg reference + synthetic daily interpolation
2019-04-04,2019,4,4,Thursday,66.01,65.32,66.04,0.69,96.69,1.0472,3.7499,62.98,89.0,EIA/FRED/Bloomberg reference + synthetic daily interpolation
2019-04-05,2019,4,5,Friday,66.09,64.69,66.52,1.4,96.4,1.058,3.7499,64.46,101.0,EIA/FRED/Bloomberg reference + synthetic daily interpolation
2019-04-08,2019,4,8,Monday,66.4,62.95,66.48,3.45,94.48,1.0839,3.7499,63.04,92.0,EIA/FRED/Bloomberg reference + synthetic daily interpolation
2019-04-09,2019,4,9,Tuesday,65.27,59.43,64.01,5.84,96.45,1.0557,3.7498,67.09,105.0,EIA/FRED/Bloomberg reference + synthetic daily interpolation
2019-04-10,2019,4,10,Wednesday,66.33,61.88,66.27,4.45,96.85,1.0489,3.7496,68.46,82.0,EIA/FRED/Bloomberg reference + synthetic daily interpolation
2019-04-11,2019,4,11,Thursday,67.13,64.21,67.99,2.92,96.19,1.055,3.75,65.65,106.0,EIA/FRED/Bloomberg reference + synthetic daily interpolation
2019-04-12,2019,4,12,Friday,65.58,60.0,65.99,5.58,97.53,1.0398,3.7499,66.44,90.0,EIA/FRED/Bloomberg reference + synthetic daily interpolation
2019-04-15,2019,4,15,Monday,66.52,65.07,67.91,1.45,97.46,1.0302,3.7498,65.9,69.0,EIA/FRED/Bloomberg reference + synthetic daily interpolation
2019-04-16,2019,4,16,Tuesday,68.44,65.41,67.02,3.03,95.44,1.0725,3.7497,62.8,64.0,EIA/FRED/Bloomberg reference + synthetic daily interpolation
2019-04-17,2019,4,17,Wednesday,66.74,65.96,66.68,0.78,99.36,1.0072,3.7499,65.35,72.0,EIA/FRED/Bloomberg reference + synthetic daily interpolation
2019-04-18,2019,4,18,Thursday,65.47,59.73,65.62,5.74,95.05,1.0806,3.7499,68.92,113.0,EIA/FRED/Bloomberg reference + synthetic daily interpolation
2019-04-19,2019,4,19,Friday,67.17,65.51,68.42,1.66,95.94,1.0658,3.7499,64.06,107.0,EIA/FRED/Bloomberg reference + synthetic daily interpolation
2019-04-22,2019,4,22,Monday,66.28,65.58,66.31,0.7,96.66,1.0458,3.7497,67.51,115.0,EIA/FRED/Bloomberg reference + synthetic daily interpolation
2019-04-23,2019,4,23,Tuesday,68.25,65.91,69.06,2.34,96.03,1.0573,3.7498,68.1,67.0,EIA/FRED/Bloomberg reference + synthetic daily interpolation
2019-04-24,2019,4,24,Wednesday,67.69,62.37,66.72,5.32,95.69,1.0654,3.7497,67.35,93.0,EIA/FRED/Bloomberg reference + synthetic daily interpolation
2019-04-25,2019,4,25,Thursday,65.99,63.5,67.1,2.49,97.0,1.0448,3.75,64.68,107.0,EIA/FRED/Bloomberg reference + synthetic daily interpolation
2019-04-26,2019,4,26,Friday,65.7,64.82,64.98,0.88,97.95,1.0307,3.7497,63.5,72.0,EIA/FRED/Bloomberg reference + synthetic daily interpolation
2019-04-29,2019,4,29,Monday,67.32,66.8,66.2,0.52,96.79,1.0497,3.7499,64.06,58.0,EIA/FRED/Bloomberg reference + synthetic daily interpolation
2019-04-30,2019,4,30,Tuesday,67.36,66.31,66.1,1.05,96.25,1.0687,3.75,64.11,81.0,EIA/FRED/Bloomberg reference + synthetic daily interpolation
2019-05-01,2019,5,1,Wednesday,67.82,64.46,68.46,3.36,98.03,1.0305,3.7497,66.01,75.0,EIA/FRED/Bloomberg reference + synthetic daily interpolation
2019-05-02,2019,5,2,Thursday,68.11,62.53,69.24,5.58,96.97,1.0474,3.7501,63.04,75.0,EIA/FRED/Bloomberg reference + synthetic daily interpolation
2019-05-03,2019,5,3,Friday,66.49,61.6,67.44,4.89,95.29,1.0741,3.7499,65.65,90.0,EIA/FRED/Bloomberg reference + synthetic daily interpolation
2019-05-06,2019,5,6,Monday,66.44,65.61,67.73,0.83,95.24,1.068,3.7501,62.66,66.0,EIA/FRED/Bloomberg reference + synthetic daily interpolation
2019-05-07,2019,5,7,Tuesday,66.82,62.52,66.2,4.3,96.08,1.0561,3.7499,62.81,65.0,EIA/FRED/Bloomberg reference + synthetic daily interpolation
2019-05-08,2019,5,8,Wednesday,66.7,65.0,66.2,1.7,95.84,1.0633,3.7498,65.93,79.0,EIA/FRED/Bloomberg reference + synthetic daily interpolation
2019-05-09,2019,5,9,Thursday,69.96,67.09,69.24,2.87,95.73,1.0656,3.7496,63.24,83.0,EIA/FRED/Bloomberg reference + synthetic daily interpolation
2019-05-10,2019,5,10,Friday,66.07,64.41,64.83,1.66,96.9,1.0433,3.7496,64.88,74.0,EIA/FRED/Bloomberg reference + synthetic daily interpolation
2019-05-13,2019,5,13,Monday,64.77,62.45,66.14,2.32,96.26,1.0531,3.75,63.99,94.0,EIA/FRED/Bloomberg reference + synthetic daily interpolation
2019-05-14,2019,5,14,Tuesday,66.93,61.97,68.24,4.96,97.05,1.0434,3.75,60.66,63.0,EIA/FRED/Bloomberg reference + synthetic daily interpolation
2019-05-15,2019,5,15,Wednesday,66.61,61.57,66.06,5.04,97.77,1.0411,3.7499,65.1,77.0,EIA/FRED/Bloomberg reference + synthetic daily interpolation
2019-05-16,2019,5,16,Thursday,68.63,64.13,67.29,4.5,96.05,1.0671,3.7499,69.89,85.0,EIA/FRED/Bloomberg reference + synthetic daily interpolation
2019-05-17,2019,5,17,Friday,65.68,59.9,65.92,5.78,97.1,1.0345,3.7499,62.06,69.0,EIA/FRED/Bloomberg reference + synthetic daily interpolation
2019-05-20,2019,5,20,Monday,66.15,62.47,64.69,3.68,97.16,1.0495,3.7498,65.55,85.0,EIA/FRED/Bloomberg reference + synthetic daily interpolation
2019-05-21,2019,5,21,Tuesday,64.96,63.47,64.49,1.49,98.38,1.022,3.7496,65.63,92.0,EIA/FRED/Bloomberg reference + synthetic daily interpolation
2019-05-22,2019,5,22,Wednesday,67.41,65.51,68.75,1.9,96.49,1.0604,3.7501,67.12,82.0,EIA/FRED/Bloomberg reference + synthetic daily interpolation
2019-05-23,2019,5,23,Thursday,68.01,64.98,67.0,3.03,98.1,1.0244,3.75,70.34,96.0,EIA/FRED/Bloomberg reference + synthetic daily interpolation
2019-05-24,2019,5,24,Friday,68.01,65.59,67.06,2.42,95.38,1.0627,3.7496,62.52,104.0,EIA/FRED/Bloomberg reference + synthetic daily interpolation
2019-05-27,2019,5,27,Monday,66.57,60.59,66.88,5.98,94.67,1.0828,3.7499,69.01,103.0,EIA/FRED/Bloomberg reference + synthetic daily interpolation
2019-05-28,2019,5,28,Tuesday,65.72,60.06,66.54,5.66,96.42,1.0584,3.7497,65.29,92.0,EIA/FRED/Bloomberg reference + synthetic daily interpolation
2019-05-29,2019,5,29,Wednesday,66.45,61.79,66.52,4.66,95.81,1.0597,3.75,64.06,80.0,EIA/FRED/Bloomberg reference + synthetic daily interpolation
2019-05-30,2019,5,30,Thursday,68.15,63.49,69.0,4.66,96.56,1.0427,3.75,65.85,85.0,EIA/FRED/Bloomberg reference + synthetic daily interpolation
2019-05-31,2019,5,31,Friday,66.68,62.34,66.38,4.34,95.9,1.0599,3.7499,66.22,75.0,EIA/FRED/Bloomberg reference + synthetic daily interpolation
2019-06-03,2019,6,3,Monday,66.14,62.18,65.83,3.96,95.33,1.0626,3.7498,64.56,60.0,EIA/FRED/Bloomberg reference + synthetic daily interpolation
2019-06-04,2019,6,4,Tuesday,67.13,65.33,65.66,1.8,94.13,1.0784,3.7499,62.18,85.0,EIA/FRED/Bloomberg reference + synthetic daily interpolation
2019-06-05,2019,6,5,Wednesday,67.35,65.12,68.83,2.23,96.83,1.04,3.75,63.42,73.0,EIA/FRED/Bloomberg reference + synthetic daily interpolation
2019-06-06,2019,6,6,Thursday,68.01,62.31,67.65,5.7,97.08,1.0388,3.7497,63.21,110.0,EIA/FRED/Bloomberg reference + synthetic daily interpolation
2019-06-07,2019,6,7,Friday,66.8,64.24,68.19,2.56,97.71,1.0255,3.7497,63.71,62.0,EIA/FRED/Bloomberg reference + synthetic daily interpolation
2019-06-10,2019,6,10,Monday,67.28,65.48,65.98,1.8,97.09,1.0434,3.7501,65.65,62.0,EIA/FRED/Bloomberg reference + synthetic daily interpolation
2019-06-11,2019,6,11,Tuesday,68.04,66.78,66.75,1.26,93.1,1.0982,3.7498,65.08,68.0,EIA/FRED/Bloomberg reference + synthetic daily interpolation
2019-06-12,2019,6,12,Wednesday,66.97,64.23,66.21,2.74,96.41,1.0505,3.7498,68.9,82.0,EIA/FRED/Bloomberg reference + synthetic daily interpolation
2019-06-13,2019,6,13,Thursday,68.31,63.39,68.48,4.92,96.8,1.0487,3.7497,65.96,76.0,EIA/FRED/Bloomberg reference + synthetic daily interpolation
2019-06-14,2019,6,14,Friday,66.6,65.68,65.35,0.92,96.48,1.0513,3.7496,63.37,85.0,EIA/FRED/Bloomberg reference + synthetic daily interpolation
2019-06-17,2019,6,17,Monday,66.81,60.84,67.37,5.97,98.04,1.0274,3.7499,64.62,96.0,EIA/FRED/Bloomberg reference + synthetic daily interpolation
2019-06-18,2019,6,18,Tuesday,65.01,63.47,65.01,1.54,96.68,1.0515,3.7497,65.82,57.0,EIA/FRED/Bloomberg reference + synthetic daily interpolation
2019-06-19,2019,6,19,Wednesday,66.71,62.09,66.74,4.62,98.58,1.0271,3.7499,65.37,52.0,EIA/FRED/Bloomberg reference + synthetic daily interpolation
2019-06-20,2019,6,20,Thursday,67.16,64.66,66.47,2.5,97.15,1.05,3.7497,64.54,110.0,EIA/FRED/Bloomberg reference + synthetic daily interpolation
2019-06-21,2019,6,21,Friday,66.66,65.21,67.03,1.45,96.12,1.0616,3.75,66.1,75.0,EIA/FRED/Bloomberg reference + synthetic daily interpolation
2019-06-24,2019,6,24,Monday,67.7,63.86,66.59,3.84,97.39,1.0348,3.7499,63.98,75.0,EIA/FRED/Bloomberg reference + synthetic daily interpolation
2019-06-25,2019,6,25,Tuesday,67.08,62.73,67.74,4.35,94.48,1.0775,3.7496,64.69,115.0,EIA/FRED/Bloomberg reference + synthetic daily interpolation
2019-06-26,2019,6,26,Wednesday,65.14,63.32,66.12,1.82,95.87,1.0696,3.7498,60.8,56.0,EIA/FRED/Bloomberg reference + synthetic daily interpolation
2019-06-27,2019,6,27,Thursday,66.9,65.45,68.08,1.45,96.24,1.0597,3.7499,65.17,100.0,EIA/FRED/Bloomberg reference + synthetic daily interpolation
2019-06-28,2019,6,28,Friday,66.65,61.44,66.65,5.21,97.97,1.0287,3.7497,66.06,75.0,EIA/FRED/Bloomberg reference + synthetic daily interpolation
2019-07-01,2019,7,1,Monday,65.59,64.36,65.23,1.23,96.36,1.0624,3.7497,64.4,88.0,EIA/FRED/Bloomberg reference + synthetic daily interpolation
2019-07-02,2019,7,2,Tuesday,66.28,60.97,67.43,5.31,96.97,1.0403,3.7496,64.6,97.0,EIA/FRED/Bloomberg reference + synthetic daily interpolation
2019-07-03,2019,7,3,Wednesday,65.38,61.4,64.38,3.98,98.6,1.0217,3.75,64.77,105.0,EIA/FRED/Bloomberg reference + synthetic daily interpolation
2019-07-04,2019,7,4,Thursday,66.67,61.77,65.56,4.9,96.23,1.054,3.7501,68.01,83.0,EIA/FRED/Bloomberg reference + synthetic daily interpolation
2019-07-05,2019,7,5,Friday,66.99,66.44,67.4,0.55,97.7,1.0337,3.7499,62.48,55.0,EIA/FRED/Bloomberg reference + synthetic daily interpolation
2019-07-08,2019,7,8,Monday,67.03,65.42,67.36,1.61,98.25,1.0362,3.7497,64.07,79.0,EIA/FRED/Bloomberg reference + synthetic daily interpolation
2019-07-09,2019,7,9,Tuesday,65.89,60.16,66.85,5.73,95.93,1.0647,3.7501,61.87,78.0,EIA/FRED/Bloomberg reference + synthetic daily interpolation
2019-07-10,2019,7,10,Wednesday,65.79,64.37,64.72,1.42,96.28,1.0584,3.7496,65.24,60.0,EIA/FRED/Bloomberg reference + synthetic daily interpolation
2019-07-11,2019,7,11,Thursday,66.91,63.52,67.34,3.39,96.8,1.0553,3.7499,66.65,59.0,EIA/FRED/Bloomberg reference + synthetic daily interpolation
2019-07-12,2019,7,12,Friday,65.58,61.4,67.05,4.18,97.44,1.0449,3.7497,67.11,122.0,EIA/FRED/Bloomberg reference + synthetic daily interpolation
2019-07-15,2019,7,15,Monday,65.65,59.72,64.51,5.93,98.41,1.0192,3.7496,63.91,71.0,EIA/FRED/Bloomberg reference + synthetic daily interpolation
2019-07-16,2019,7,16,Tuesday,64.54,61.84,63.48,2.7,97.0,1.0438,3.7499,61.85,91.0,EIA/FRED/Bloomberg reference + synthetic daily interpolation
2019-07-17,2019,7,17,Wednesday,65.12,59.92,63.86,5.2,99.13,1.0126,3.75,67.94,80.0,EIA/FRED/Bloomberg reference + synthetic daily interpolation
2019-07-18,2019,7,18,Thursday,66.55,63.42,67.19,3.13,99.06,1.0032,3.7501,67.48,66.0,EIA/FRED/Bloomberg reference + synthetic daily interpolation
2019-07-19,2019,7,19,Friday,67.73,62.98,66.73,4.75,96.38,1.0564,3.7499,66.63,75.0,EIA/FRED/Bloomberg reference + synthetic daily interpolation
2019-07-22,2019,7,22,Monday,65.96,62.76,66.01,3.2,97.1,1.0367,3.7499,65.45,59.0,EIA/FRED/Bloomberg reference + synthetic daily interpolation
2019-07-23,2019,7,23,Tuesday,65.77,61.23,66.53,4.54,97.35,1.0514,3.7498,61.09,109.0,EIA/FRED/Bloomberg reference + synthetic daily interpolation
2019-07-24,2019,7,24,Wednesday,65.84,62.31,64.35,3.53,97.82,1.0309,3.7501,64.96,60.0,EIA/FRED/Bloomberg reference + synthetic daily interpolation
2019-07-25,2019,7,25,Thursday,65.92,63.46,65.98,2.46,93.53,1.1073,3.75,62.2,95.0,EIA/FRED/Bloomberg reference + synthetic daily interpolation
2019-07-26,2019,7,26,Friday,65.28,60.16,64.46,5.12,96.08,1.0619,3.7497,65.27,53.0,EIA/FRED/Bloomberg reference + synthetic daily interpolation
2019-07-29,2019,7,29,Monday,66.29,61.81,67.77,4.48,96.71,1.0387,3.75,62.22,100.0,EIA/FRED/Bloomberg reference + synthetic daily interpolation
2019-07-30,2019,7,30,Tuesday,65.9,61.38,66.44,4.52,94.54,1.0841,3.7501,67.31,121.0,EIA/FRED/Bloomberg reference + synthetic daily interpolation
2019-07-31,2019,7,31,Wednesday,65.87,61.28,67.07,4.59,96.1,1.0516,3.7497,65.68,40.0,EIA/FRED/Bloomberg reference + synthetic daily interpolation
2019-08-01,2019,8,1,Thursday,64.96,60.07,64.52,4.89,97.44,1.0446,3.75,64.53,89.0,EIA/FRED/Bloomberg reference + synthetic daily interpolation
2019-08-02,2019,8,2,Friday,64.73,58.88,63.68,5.85,96.78,1.0569,3.7499,66.86,87.0,EIA/FRED/Bloomberg reference + synthetic daily interpolation
2019-08-05,2019,8,5,Monday,65.15,62.2,65.56,2.95,95.9,1.0658,3.7498,64.59,95.0,EIA/FRED/Bloomberg reference + synthetic daily interpolation
2019-08-06,2019,8,6,Tuesday,66.77,63.78,66.18,2.99,98.13,1.0258,3.75,67.93,86.0,EIA/FRED/Bloomberg reference + synthetic daily interpolation
2019-08-07,2019,8,7,Wednesday,63.98,63.25,64.61,0.73,98.27,1.0235,3.7498,60.75,82.0,EIA/FRED/Bloomberg reference + synthetic daily interpolation
2019-08-08,2019,8,8,Thursday,65.05,63.26,65.98,1.79,95.06,1.0883,3.7499,64.17,100.0,EIA/FRED/Bloomberg reference + synthetic daily interpolation
2019-08-09,2019,8,9,Friday,66.17,61.65,67.6,4.52,97.33,1.0403,3.7498,66.84,66.0,EIA/FRED/Bloomberg reference + synthetic daily interpolation
2019-08-12,2019,8,12,Monday,66.59,62.2,67.46,4.39,96.16,1.0666,3.7499,65.42,92.0,EIA/FRED/Bloomberg reference + synthetic daily interpolation
2019-08-13,2019,8,13,Tuesday,66.45,64.69,67.78,1.76,97.22,1.0404,3.7498,66.03,116.0,EIA/FRED/Bloomberg reference + synthetic daily interpolation
2019-08-14,2019,8,14,Wednesday,64.85,63.75,66.15,1.1,98.46,1.0151,3.7496,63.46,84.0,EIA/FRED/Bloomberg reference + synthetic daily interpolation
2019-08-15,2019,8,15,Thursday,63.59,60.26,64.66,3.33,97.77,1.03,3.75,61.99,72.0,EIA/FRED/Bloomberg reference + synthetic daily interpolation
2019-08-16,2019,8,16,Friday,62.1,59.06,61.01,3.04,95.07,1.0769,3.75,67.38,74.0,EIA/FRED/Bloomberg reference + synthetic daily interpolation
2019-08-19,2019,8,19,Monday,64.62,60.87,65.84,3.75,96.7,1.0585,3.7499,66.12,63.0,EIA/FRED/Bloomberg reference + synthetic daily interpolation
2019-08-20,2019,8,20,Tuesday,64.84,64.13,63.88,0.71,96.12,1.0573,3.7498,67.09,69.0,EIA/FRED/Bloomberg reference + synthetic daily interpolation
2019-08-21,2019,8,21,Wednesday,64.81,64.09,63.98,0.72,97.59,1.0381,3.7496,63.61,73.0,EIA/FRED/Bloomberg reference + synthetic daily interpolation
2019-08-22,2019,8,22,Thursday,64.23,60.16,64.83,4.07,96.71,1.0572,3.75,63.95,87.0,EIA/FRED/Bloomberg reference + synthetic daily interpolation
2019-08-23,2019,8,23,Friday,63.69,61.68,62.38,2.01,96.02,1.0591,3.7497,64.9,92.0,EIA/FRED/Bloomberg reference + synthetic daily interpolation
2019-08-26,2019,8,26,Monday,64.34,62.0,64.22,2.34,95.77,1.0658,3.7499,65.09,102.0,EIA/FRED/Bloomberg reference + synthetic daily interpolation
2019-08-27,2019,8,27,Tuesday,64.5,62.14,63.9,2.36,96.63,1.0498,3.7497,64.48,34.0,EIA/FRED/Bloomberg reference + synthetic daily interpolation
2019-08-28,2019,8,28,Wednesday,64.67,60.37,65.66,4.3,96.16,1.0618,3.75,67.56,97.0,EIA/FRED/Bloomberg reference + synthetic daily interpolation
2019-08-29,2019,8,29,Thursday,65.53,61.02,66.83,4.51,96.05,1.056,3.75,64.57,67.0,EIA/FRED/Bloomberg reference + synthetic daily interpolation
2019-08-30,2019,8,30,Friday,64.89,59.12,64.09,5.77,96.99,1.0482,3.75,66.87,86.0,EIA/FRED/Bloomberg reference + synthetic daily interpolation
2019-09-02,2019,9,2,Monday,62.88,59.82,62.78,3.06,95.68,1.0599,3.7497,66.28,82.0,EIA/FRED/Bloomberg reference + synthetic daily interpolation
2019-09-03,2019,9,3,Tuesday,65.93,60.38,65.42,5.55,95.15,1.0762,3.75,64.09,98.0,EIA/FRED/Bloomberg reference + synthetic daily interpolation
2019-09-04,2019,9,4,Wednesday,64.12,60.66,63.4,3.46,94.7,1.0696,3.75,63.08,67.0,EIA/FRED/Bloomberg reference + synthetic daily interpolation
2019-09-05,2019,9,5,Thursday,63.0,57.13,63.87,5.87,96.94,1.041,3.75,63.3,67.0,EIA/FRED/Bloomberg reference + synthetic daily interpolation
2019-09-06,2019,9,6,Friday,63.74,59.01,63.22,4.73,96.56,1.0449,3.7501,69.38,77.0,EIA/FRED/Bloomberg reference + synthetic daily interpolation
2019-09-09,2019,9,9,Monday,63.64,62.96,64.69,0.68,96.6,1.0474,3.75,65.27,104.0,EIA/FRED/Bloomberg reference + synthetic daily interpolation
2019-09-10,2019,9,10,Tuesday,63.4,57.51,64.1,5.89,97.0,1.0518,3.7496,62.08,73.0,EIA/FRED/Bloomberg reference + synthetic daily interpolation
2019-09-11,2019,9,11,Wednesday,65.43,63.91,64.1,1.52,97.28,1.0338,3.7497,64.73,75.0,EIA/FRED/Bloomberg reference + synthetic daily interpolation
2019-09-12,2019,9,12,Thursday,62.85,57.0,62.12,5.85,96.21,1.0615,3.7499,61.91,122.0,EIA/FRED/Bloomberg reference + synthetic daily interpolation
2019-09-13,2019,9,13,Friday,63.56,57.85,63.39,5.71,93.87,1.0987,3.75,63.38,71.0,EIA/FRED/Bloomberg reference + synthetic daily interpolation
2019-09-16,2019,9,16,Monday,64.82,59.83,65.51,4.99,94.36,1.0869,3.7498,69.51,87.0,EIA/FRED/Bloomberg reference + synthetic daily interpolation
2019-09-17,2019,9,17,Tuesday,62.13,57.39,62.87,4.74,96.03,1.0599,3.75,65.15,96.0,EIA/FRED/Bloomberg reference + synthetic daily interpolation
2019-09-18,2019,9,18,Wednesday,63.81,59.96,63.91,3.85,97.17,1.0472,3.7496,63.38,73.0,EIA/FRED/Bloomberg reference + synthetic daily interpolation
2019-09-19,2019,9,19,Thursday,62.66,57.54,61.77,5.12,94.17,1.0932,3.75,65.43,75.0,EIA/FRED/Bloomberg reference + synthetic daily interpolation
2019-09-20,2019,9,20,Friday,62.97,62.09,62.97,0.88,99.07,1.0196,3.7501,66.12,72.0,EIA/FRED/Bloomberg reference + synthetic daily interpolation
2019-09-23,2019,9,23,Monday,63.55,58.72,62.38,4.83,93.55,1.0949,3.7497,65.32,90.0,EIA/FRED/Bloomberg reference + synthetic daily interpolation
2019-09-24,2019,9,24,Tuesday,62.44,58.04,63.21,4.4,96.36,1.0478,3.7497,61.88,97.0,EIA/FRED/Bloomberg reference + synthetic daily interpolation
2019-09-25,2019,9,25,Wednesday,63.0,60.9,62.96,2.1,94.12,1.0907,3.75,67.28,75.0,EIA/FRED/Bloomberg reference + synthetic daily interpolation
2019-09-26,2019,9,26,Thursday,62.68,57.26,63.78,5.42,95.36,1.0757,3.7496,64.88,93.0,EIA/FRED/Bloomberg reference + synthetic daily interpolation
2019-09-27,2019,9,27,Friday,62.3,60.94,63.09,1.36,96.33,1.0581,3.7501,66.12,63.0,EIA/FRED/Bloomberg reference + synthetic daily interpolation
2019-09-30,2019,9,30,Monday,63.1,57.59,63.58,5.51,96.23,1.0565,3.7501,62.31,82.0,EIA/FRED/Bloomberg reference + synthetic daily interpolation
2019-10-01,2019,10,1,Tuesday,62.31,60.62,63.79,1.69,98.15,1.0257,3.7498,66.12,99.0,EIA/FRED/Bloomberg reference + synthetic daily interpolation
2019-10-02,2019,10,2,Wednesday,61.65,56.74,61.74,4.91,95.93,1.0679,3.75,64.8,57.0,EIA/FRED/Bloomberg reference + synthetic daily interpolation
2019-10-03,2019,10,3,Thursday,59.65,58.6,59.02,1.05,93.52,1.094,3.7496,67.48,77.0,EIA/FRED/Bloomberg reference + synthetic daily interpolation
2019-10-04,2019,10,4,Friday,61.57,57.65,61.35,3.92,96.5,1.0585,3.7496,64.49,78.0,EIA/FRED/Bloomberg reference + synthetic daily interpolation
2019-10-07,2019,10,7,Monday,63.3,58.65,62.84,4.65,95.92,1.0635,3.7497,62.52,79.0,EIA/FRED/Bloomberg reference + synthetic daily interpolation
2019-10-08,2019,10,8,Tuesday,64.4,63.35,65.41,1.05,96.01,1.0622,3.7498,66.07,55.0,EIA/FRED/Bloomberg reference + synthetic daily interpolation
2019-10-09,2019,10,9,Wednesday,61.6,55.79,61.12,5.81,96.61,1.0525,3.7498,62.14,89.0,EIA/FRED/Bloomberg reference + synthetic daily interpolation
2019-10-10,2019,10,10,Thursday,62.5,58.61,63.68,3.89,97.17,1.0356,3.75,65.91,101.0,EIA/FRED/Bloomberg reference + synthetic daily interpolation
2019-10-11,2019,10,11,Friday,60.66,56.43,60.87,4.23,98.27,1.0231,3.7496,66.3,71.0,EIA/FRED/Bloomberg reference + synthetic daily interpolation
2019-10-14,2019,10,14,Monday,60.96,58.72,59.86,2.24,96.49,1.0579,3.7501,66.65,102.0,EIA/FRED/Bloomberg reference + synthetic daily interpolation
2019-10-15,2019,10,15,Tuesday,60.85,59.3,59.38,1.55,96.99,1.0352,3.7498,66.46,61.0,EIA/FRED/Bloomberg reference + synthetic daily interpolation
2019-10-16,2019,10,16,Wednesday,61.58,60.08,62.34,1.5,95.77,1.0605,3.7499,61.53,61.0,EIA/FRED/Bloomberg reference + synthetic daily interpolation
2019-10-17,2019,10,17,Thursday,62.45,57.99,61.46,4.46,96.7,1.0519,3.7498,64.78,66.0,EIA/FRED/Bloomberg reference + synthetic daily interpolation
2019-10-18,2019,10,18,Friday,61.64,60.76,62.04,0.88,96.63,1.0463,3.7496,64.46,54.0,EIA/FRED/Bloomberg reference + synthetic daily interpolation
2019-10-21,2019,10,21,Monday,62.8,60.2,61.36,2.6,95.64,1.0693,3.7497,62.08,62.0,EIA/FRED/Bloomberg reference + synthetic daily interpolation
2019-10-22,2019,10,22,Tuesday,64.21,62.22,63.25,1.99,97.1,1.046,3.7498,62.44,98.0,EIA/FRED/Bloomberg reference + synthetic daily interpolation
2019-10-23,2019,10,23,Wednesday,62.46,56.59,63.67,5.87,97.71,1.0394,3.7498,66.14,102.0,EIA/FRED/Bloomberg reference + synthetic daily interpolation
2019-10-24,2019,10,24,Thursday,61.15,58.42,60.9,2.73,96.57,1.0577,3.7496,63.07,75.0,EIA/FRED/Bloomberg reference + synthetic daily interpolation
2019-10-25,2019,10,25,Friday,61.65,55.95,62.69,5.7,96.53,1.053,3.7497,67.95,71.0,EIA/FRED/Bloomberg reference + synthetic daily interpolation
2019-10-28,2019,10,28,Monday,61.91,59.0,61.68,2.91,98.19,1.0196,3.7496,64.28,66.0,EIA/FRED/Bloomberg reference + synthetic daily interpolation
2019-10-29,2019,10,29,Tuesday,59.7,58.78,60.85,0.92,98.14,1.0216,3.7498,65.88,82.0,EIA/FRED/Bloomberg reference + synthetic daily interpolation
2019-10-30,2019,10,30,Wednesday,60.41,59.63,60.52,0.78,95.43,1.0649,3.7501,63.24,79.0,EIA/FRED/Bloomberg reference + synthetic daily interpolation
2019-10-31,2019,10,31,Thursday,62.36,58.19,63.84,4.17,95.46,1.0768,3.7498,63.44,55.0,EIA/FRED/Bloomberg reference + synthetic daily interpolation
2019-11-01,2019,11,1,Friday,62.02,58.09,61.51,3.93,97.7,1.0384,3.75,62.83,79.0,EIA/FRED/Bloomberg reference + synthetic daily interpolation
2019-11-04,2019,11,4,Monday,60.36,58.79,59.4,1.57,95.03,1.0691,3.7499,65.35,72.0,EIA/FRED/Bloomberg reference + synthetic daily interpolation
2019-11-05,2019,11,5,Tuesday,62.02,59.95,61.95,2.07,96.39,1.0532,3.7496,65.44,45.0,EIA/FRED/Bloomberg reference + synthetic daily interpolation
2019-11-06,2019,11,6,Wednesday,61.15,57.86,60.22,3.29,94.98,1.0706,3.7498,64.52,81.0,EIA/FRED/Bloomberg reference + synthetic daily interpolation
2019-11-07,2019,11,7,Thursday,59.7,54.09,60.76,5.61,96.22,1.0526,3.7501,68.37,96.0,EIA/FRED/Bloomberg reference + synthetic daily interpolation
2019-11-08,2019,11,8,Friday,60.72,57.72,61.96,3.0,96.81,1.052,3.7501,64.22,65.0,EIA/FRED/Bloomberg reference + synthetic daily interpolation
2019-11-11,2019,11,11,Monday,61.8,56.42,62.17,5.38,95.05,1.0728,3.75,69.15,122.0,EIA/FRED/Bloomberg reference + synthetic daily interpolation
2019-11-12,2019,11,12,Tuesday,60.95,57.38,60.21,3.57,96.35,1.0549,3.75,65.92,86.0,EIA/FRED/Bloomberg reference + synthetic daily interpolation
2019-11-13,2019,11,13,Wednesday,58.91,53.32,57.53,5.59,97.7,1.0337,3.7498,65.72,41.0,EIA/FRED/Bloomberg reference + synthetic daily interpolation
2019-11-14,2019,11,14,Thursday,61.17,56.85,61.29,4.32,97.58,1.033,3.75,64.87,81.0,EIA/FRED/Bloomberg reference + synthetic daily interpolation
2019-11-15,2019,11,15,Friday,61.51,57.81,61.96,3.7,95.88,1.065,3.7498,63.94,74.0,EIA/FRED/Bloomberg reference + synthetic daily interpolation
2019-11-18,2019,11,18,Monday,61.84,60.38,60.36,1.46,93.59,1.1008,3.7498,64.23,86.0,EIA/FRED/Bloomberg reference + synthetic daily interpolation
2019-11-19,2019,11,19,Tuesday,62.14,59.17,62.73,2.97,97.82,1.0361,3.7496,67.59,41.0,EIA/FRED/Bloomberg reference + synthetic daily interpolation
2019-11-20,2019,11,20,Wednesday,61.23,55.8,61.97,5.43,96.5,1.0447,3.7498,67.3,112.0,EIA/FRED/Bloomberg reference + synthetic daily interpolation
2019-11-21,2019,11,21,Thursday,61.16,56.12,62.05,5.04,95.9,1.068,3.75,66.56,68.0,EIA/FRED/Bloomberg reference + synthetic daily interpolation
2019-11-22,2019,11,22,Friday,63.37,59.05,64.2,4.32,96.01,1.0583,3.75,65.93,84.0,EIA/FRED/Bloomberg reference + synthetic daily interpolation
2019-11-25,2019,11,25,Monday,58.78,57.39,57.47,1.39,97.05,1.0456,3.75,68.73,113.0,EIA/FRED/Bloomberg reference + synthetic daily interpolation
2019-11-26,2019,11,26,Tuesday,60.29,54.36,61.73,5.93,97.47,1.0411,3.7501,66.91,60.0,EIA/FRED/Bloomberg reference + synthetic daily interpolation
2019-11-27,2019,11,27,Wednesday,61.22,58.55,60.07,2.67,96.82,1.05,3.75,65.91,103.0,EIA/FRED/Bloomberg reference + synthetic daily interpolation
2019-11-28,2019,11,28,Thursday,62.1,57.4,62.02,4.7,97.63,1.0345,3.7498,64.1,95.0,EIA/FRED/Bloomberg reference + synthetic daily interpolation
2019-11-29,2019,11,29,Friday,60.61,57.93,60.73,2.68,96.06,1.0652,3.7498,62.94,70.0,EIA/FRED/Bloomberg reference + synthetic daily interpolation
2019-12-02,2019,12,2,Monday,60.53,55.86,61.79,4.67,97.69,1.0368,3.7497,65.6,93.0,EIA/FRED/Bloomberg reference + synthetic daily interpolation
2019-12-03,2019,12,3,Tuesday,61.56,57.31,60.88,4.25,95.76,1.0636,3.75,64.35,108.0,EIA/FRED/Bloomberg reference + synthetic daily interpolation
2019-12-04,2019,12,4,Wednesday,62.35,60.63,61.9,1.72,93.85,1.0908,3.7499,66.87,77.0,EIA/FRED/Bloomberg reference + synthetic daily interpolation
2019-12-05,2019,12,5,Thursday,59.54,56.13,59.77,3.41,97.64,1.0467,3.7499,61.11,92.0,EIA/FRED/Bloomberg reference + synthetic daily interpolation
2019-12-06,2019,12,6,Friday,61.51,58.56,61.19,2.95,98.12,1.0315,3.7499,67.06,112.0,EIA/FRED/Bloomberg reference + synthetic daily interpolation
2019-12-09,2019,12,9,Monday,60.41,57.64,61.57,2.77,95.75,1.0672,3.7499,66.1,81.0,EIA/FRED/Bloomberg reference + synthetic daily interpolation
2019-12-10,2019,12,10,Tuesday,60.26,56.64,59.0,3.62,95.0,1.081,3.7499,63.78,89.0,EIA/FRED/Bloomberg reference + synthetic daily interpolation
2019-12-11,2019,12,11,Wednesday,61.51,56.06,61.74,5.45,96.51,1.053,3.75,63.79,90.0,EIA/FRED/Bloomberg reference + synthetic daily interpolation
2019-12-12,2019,12,12,Thursday,61.03,56.18,61.4,4.85,96.09,1.0577,3.7499,66.49,72.0,EIA/FRED/Bloomberg reference + synthetic daily interpolation
2019-12-13,2019,12,13,Friday,60.85,58.63,61.66,2.22,97.09,1.0448,3.7499,65.7,104.0,EIA/FRED/Bloomberg reference + synthetic daily interpolation
2019-12-16,2019,12,16,Monday,59.77,58.87,60.78,0.9,96.75,1.0481,3.7497,64.68,87.0,EIA/FRED/Bloomberg reference + synthetic daily interpolation
2019-12-17,2019,12,17,Tuesday,61.52,55.97,62.43,5.55,97.48,1.038,3.7499,63.55,68.0,EIA/FRED/Bloomberg reference + synthetic daily interpolation
2019-12-18,2019,12,18,Wednesday,62.94,59.55,63.09,3.39,97.75,1.0325,3.7499,66.14,70.0,EIA/FRED/Bloomberg reference + synthetic daily interpolation
2019-12-19,2019,12,19,Thursday,62.06,57.69,61.71,4.37,96.95,1.0481,3.7496,64.96,62.0,EIA/FRED/Bloomberg reference + synthetic daily interpolation
2019-12-20,2019,12,20,Friday,61.0,57.97,59.55,3.03,98.66,1.0249,3.7497,64.55,77.0,EIA/FRED/Bloomberg reference + synthetic daily interpolation
2019-12-23,2019,12,23,Monday,59.91,55.57,60.84,4.34,95.17,1.0759,3.7496,68.78,77.0,EIA/FRED/Bloomberg reference + synthetic daily interpolation
2019-12-24,2019,12,24,Tuesday,61.25,58.04,61.89,3.21,97.95,1.0277,3.75,67.1,86.0,EIA/FRED/Bloomberg reference + synthetic daily interpolation
2019-12-25,2019,12,25,Wednesday,59.75,54.04,60.15,5.71,94.28,1.081,3.75,68.55,100.0,EIA/FRED/Bloomberg reference + synthetic daily interpolation
2019-12-26,2019,12,26,Thursday,61.09,58.03,59.66,3.06,96.2,1.0559,3.7496,66.24,99.0,EIA/FRED/Bloomberg reference + synthetic daily interpolation
2019-12-27,2019,12,27,Friday,61.02,57.98,60.27,3.04,97.03,1.0486,3.7499,61.87,88.0,EIA/FRED/Bloomberg reference + synthetic daily interpolation
2019-12-30,2019,12,30,Monday,61.55,57.22,61.23,4.33,97.36,1.0425,3.7498,61.16,49.0,EIA/FRED/Bloomberg reference + synthetic daily interpolation
2019-12-31,2019,12,31,Tuesday,62.18,60.01,61.31,2.17,96.68,1.0581,3.75,66.15,71.0,EIA/FRED/Bloomberg reference + synthetic daily interpolation
2020-01-01,2020,1,1,Wednesday,39.64,33.92,38.91,5.72,89.92,1.1398,3.7501,67.5,160.0,EIA/FRED/Bloomberg reference + synthetic daily interpolation
2020-01-02,2020,1,2,Thursday,39.39,35.58,38.87,3.81,89.19,1.1724,3.7499,66.76,153.0,EIA/FRED/Bloomberg reference + synthetic daily interpolation
2020-01-03,2020,1,3,Friday,38.95,38.21,40.16,0.74,89.61,1.1555,3.75,66.63,161.0,EIA/FRED/Bloomberg reference + synthetic daily interpolation
2020-01-06,2020,1,6,Monday,39.46,34.76,39.71,4.7,91.39,1.1313,3.75,67.08,175.0,EIA/FRED/Bloomberg reference + synthetic daily interpolation
2020-01-07,2020,1,7,Tuesday,38.71,34.38,37.37,4.33,87.94,1.1753,3.7501,66.58,130.0,EIA/FRED/Bloomberg reference + synthetic daily interpolation
2020-01-08,2020,1,8,Wednesday,39.34,36.68,38.82,2.66,89.57,1.1539,3.7498,68.26,143.0,EIA/FRED/Bloomberg reference + synthetic daily interpolation
2020-01-09,2020,1,9,Thursday,38.7,36.19,38.5,2.51,89.71,1.1548,3.7501,65.34,140.0,EIA/FRED/Bloomberg reference + synthetic daily interpolation
2020-01-10,2020,1,10,Friday,39.07,36.69,37.83,2.38,90.44,1.1521,3.7497,65.19,172.0,EIA/FRED/Bloomberg reference + synthetic daily interpolation
2020-01-13,2020,1,13,Monday,39.27,37.74,40.31,1.53,89.48,1.162,3.7499,68.06,170.0,EIA/FRED/Bloomberg reference + synthetic daily interpolation
2020-01-14,2020,1,14,Tuesday,39.32,36.02,38.13,3.3,89.67,1.1612,3.7496,66.22,192.0,EIA/FRED/Bloomberg reference + synthetic daily interpolation
2020-01-15,2020,1,15,Wednesday,39.49,35.33,39.36,4.16,88.05,1.1723,3.7497,67.02,160.0,EIA/FRED/Bloomberg reference + synthetic daily interpolation
2020-01-16,2020,1,16,Thursday,40.16,38.31,39.81,1.85,91.04,1.1334,3.75,71.49,158.0,EIA/FRED/Bloomberg reference + synthetic daily interpolation
2020-01-17,2020,1,17,Friday,39.37,37.67,39.27,1.7,90.85,1.1298,3.7501,63.75,152.0,EIA/FRED/Bloomberg reference + synthetic daily interpolation
2020-01-20,2020,1,20,Monday,39.44,34.14,40.09,5.3,86.89,1.2021,3.7498,69.58,192.0,EIA/FRED/Bloomberg reference + synthetic daily interpolation
2020-01-21,2020,1,21,Tuesday,39.3,33.72,39.69,5.58,90.37,1.1344,3.7499,70.38,178.0,EIA/FRED/Bloomberg reference + synthetic daily interpolation
2020-01-22,2020,1,22,Wednesday,39.83,35.83,39.99,4.0,88.2,1.1775,3.7499,66.22,127.0,EIA/FRED/Bloomberg reference + synthetic daily interpolation
2020-01-23,2020,1,23,Thursday,42.09,36.47,43.35,5.62,87.83,1.1789,3.75,64.37,145.0,EIA/FRED/Bloomberg reference + synthetic daily interpolation
2020-01-24,2020,1,24,Friday,41.11,35.42,41.18,5.69,89.6,1.151,3.7498,67.31,163.0,EIA/FRED/Bloomberg reference + synthetic daily interpolation
2020-01-27,2020,1,27,Monday,39.87,38.94,41.16,0.93,90.87,1.132,3.7498,69.82,179.0,EIA/FRED/Bloomberg reference + synthetic daily interpolation
2020-01-28,2020,1,28,Tuesday,40.55,38.41,40.84,2.14,88.42,1.1719,3.7498,67.13,119.0,EIA/FRED/Bloomberg reference + synthetic daily interpolation
2020-01-29,2020,1,29,Wednesday,40.37,36.82,40.69,3.55,89.56,1.1584,3.7499,67.3,173.0,EIA/FRED/Bloomberg reference + synthetic daily interpolation
2020-01-30,2020,1,30,Thursday,39.49,34.02,40.46,5.47,89.58,1.146,3.7499,65.82,145.0,EIA/FRED/Bloomberg reference + synthetic daily interpolation
2020-01-31,2020,1,31,Friday,39.51,37.58,38.19,1.93,90.87,1.1438,3.7501,67.86,164.0,EIA/FRED/Bloomberg reference + synthetic daily interpolation
2020-02-03,2020,2,3,Monday,39.78,35.05,39.72,4.73,89.05,1.1613,3.7497,67.34,121.0,EIA/FRED/Bloomberg reference + synthetic daily interpolation
2020-02-04,2020,2,4,Tuesday,41.23,36.69,42.06,4.54,88.42,1.1655,3.75,64.46,188.0,EIA/FRED/Bloomberg reference + synthetic daily interpolation
2020-02-05,2020,2,5,Wednesday,41.01,36.7,41.51,4.31,90.77,1.1454,3.7496,67.91,139.0,EIA/FRED/Bloomberg reference + synthetic daily interpolation
2020-02-06,2020,2,6,Thursday,40.56,37.58,40.93,2.98,90.99,1.1427,3.7497,70.64,215.0,EIA/FRED/Bloomberg reference + synthetic daily interpolation
2020-02-07,2020,2,7,Friday,40.98,35.75,41.01,5.23,87.84,1.1788,3.7496,65.72,168.0,EIA/FRED/Bloomberg reference + synthetic daily interpolation
2020-02-10,2020,2,10,Monday,41.35,36.04,41.18,5.31,86.25,1.2066,3.7496,66.2,138.0,EIA/FRED/Bloomberg reference + synthetic daily interpolation
2020-02-11,2020,2,11,Tuesday,39.8,37.13,40.61,2.67,90.32,1.146,3.7499,67.24,128.0,EIA/FRED/Bloomberg reference + synthetic daily interpolation
2020-02-12,2020,2,12,Wednesday,41.46,37.85,41.44,3.61,88.64,1.1736,3.7496,66.49,141.0,EIA/FRED/Bloomberg reference + synthetic daily interpolation
2020-02-13,2020,2,13,Thursday,42.16,39.67,41.23,2.49,89.09,1.1626,3.7496,64.27,193.0,EIA/FRED/Bloomberg reference + synthetic daily interpolation
2020-02-14,2020,2,14,Friday,42.38,38.69,41.46,3.69,89.96,1.1522,3.7499,65.68,175.0,EIA/FRED/Bloomberg reference + synthetic daily interpolation
2020-02-17,2020,2,17,Monday,39.71,37.68,38.23,2.03,90.89,1.1336,3.75,64.12,163.0,EIA/FRED/Bloomberg reference + synthetic daily interpolation
2020-02-18,2020,2,18,Tuesday,41.45,40.24,41.71,1.21,88.89,1.1689,3.7497,69.36,195.0,EIA/FRED/Bloomberg reference + synthetic daily interpolation
2020-02-19,2020,2,19,Wednesday,41.86,36.38,43.19,5.48,89.92,1.1471,3.7499,67.68,123.0,EIA/FRED/Bloomberg reference + synthetic daily interpolation
2020-02-20,2020,2,20,Thursday,41.46,38.54,41.56,2.92,87.73,1.184,3.7499,71.15,142.0,EIA/FRED/Bloomberg reference + synthetic daily interpolation
2020-02-21,2020,2,21,Friday,41.22,39.06,40.25,2.16,90.91,1.1431,3.7501,66.59,150.0,EIA/FRED/Bloomberg reference + synthetic daily interpolation
2020-02-24,2020,2,24,Monday,41.24,36.57,42.36,4.67,89.77,1.1556,3.7499,67.89,160.0,EIA/FRED/Bloomberg reference + synthetic daily interpolation
2020-02-25,2020,2,25,Tuesday,40.48,38.42,41.69,2.06,88.22,1.1862,3.75,65.27,149.0,EIA/FRED/Bloomberg reference + synthetic daily interpolation
2020-02-26,2020,2,26,Wednesday,40.65,39.79,41.65,0.86,90.02,1.1574,3.7497,62.8,132.0,EIA/FRED/Bloomberg reference + synthetic daily interpolation
2020-02-27,2020,2,27,Thursday,42.1,39.98,43.1,2.12,89.66,1.1552,3.7499,66.93,178.0,EIA/FRED/Bloomberg reference + synthetic daily interpolation
2020-02-28,2020,2,28,Friday,43.17,37.18,42.23,5.99,86.99,1.197,3.7498,72.68,150.0,EIA/FRED/Bloomberg reference + synthetic daily interpolation
2020-03-02,2020,3,2,Monday,41.06,38.05,42.49,3.01,91.15,1.1323,3.7499,61.89,157.0,EIA/FRED/Bloomberg reference + synthetic daily interpolation
2020-03-03,2020,3,3,Tuesday,40.98,39.41,39.96,1.57,87.59,1.1813,3.75,70.37,153.0,EIA/FRED/Bloomberg reference + synthetic daily interpolation
2020-03-04,2020,3,4,Wednesday,42.25,36.4,42.09,5.85,88.26,1.1785,3.7499,68.44,161.0,EIA/FRED/Bloomberg reference + synthetic daily interpolation
2020-03-05,2020,3,5,Thursday,41.92,40.21,41.85,1.71,92.34,1.121,3.7498,67.15,151.0,EIA/FRED/Bloomberg reference + synthetic daily interpolation
2020-03-06,2020,3,6,Friday,41.34,39.0,40.33,2.34,90.46,1.1337,3.75,64.26,112.0,EIA/FRED/Bloomberg reference + synthetic daily interpolation
2020-03-09,2020,3,9,Monday,42.3,40.12,42.7,2.18,89.73,1.157,3.7497,72.18,166.0,EIA/FRED/Bloomberg reference + synthetic daily interpolation
2020-03-10,2020,3,10,Tuesday,42.13,40.39,43.11,1.74,89.08,1.1643,3.7498,70.37,141.0,EIA/FRED/Bloomberg reference + synthetic daily interpolation
2020-03-11,2020,3,11,Wednesday,42.16,41.36,40.95,0.8,90.14,1.1452,3.7499,65.24,143.0,EIA/FRED/Bloomberg reference + synthetic daily interpolation
2020-03-12,2020,3,12,Thursday,42.69,40.65,43.46,2.04,88.99,1.1677,3.7498,65.78,148.0,EIA/FRED/Bloomberg reference + synthetic daily interpolation
2020-03-13,2020,3,13,Friday,43.11,39.63,44.24,3.48,90.58,1.1428,3.7497,66.21,149.0,EIA/FRED/Bloomberg reference + synthetic daily interpolation
2020-03-16,2020,3,16,Monday,42.09,37.18,42.77,4.91,89.91,1.1543,3.7498,64.67,160.0,EIA/FRED/Bloomberg reference + synthetic daily interpolation
2020-03-17,2020,3,17,Tuesday,42.35,36.96,42.47,5.39,90.85,1.1434,3.7499,68.53,144.0,EIA/FRED/Bloomberg reference + synthetic daily interpolation
2020-03-18,2020,3,18,Wednesday,43.0,40.2,42.19,2.8,90.2,1.1441,3.7499,67.81,162.0,EIA/FRED/Bloomberg reference + synthetic daily interpolation
2020-03-19,2020,3,19,Thursday,42.12,39.53,41.14,2.59,91.55,1.1223,3.7496,65.62,124.0,EIA/FRED/Bloomberg reference + synthetic daily interpolation
2020-03-20,2020,3,20,Friday,44.15,39.98,42.99,4.17,92.37,1.1091,3.7497,70.97,168.0,EIA/FRED/Bloomberg reference + synthetic daily interpolation
2020-03-23,2020,3,23,Monday,42.51,39.29,42.07,3.22,90.59,1.1525,3.7498,66.35,146.0,EIA/FRED/Bloomberg reference + synthetic daily interpolation
2020-03-24,2020,3,24,Tuesday,41.87,37.42,43.3,4.45,90.93,1.1326,3.75,66.22,171.0,EIA/FRED/Bloomberg reference + synthetic daily interpolation
2020-03-25,2020,3,25,Wednesday,42.97,40.2,43.93,2.77,92.71,1.1102,3.7499,68.66,144.0,EIA/FRED/Bloomberg reference + synthetic daily interpolation
2020-03-26,2020,3,26,Thursday,43.26,40.92,43.36,2.34,91.57,1.1367,3.7497,70.52,172.0,EIA/FRED/Bloomberg reference + synthetic daily interpolation
2020-03-27,2020,3,27,Friday,42.85,40.47,42.63,2.38,91.06,1.1272,3.7498,68.79,161.0,EIA/FRED/Bloomberg reference + synthetic daily interpolation
2020-03-30,2020,3,30,Monday,42.92,40.92,44.17,2.0,89.55,1.1534,3.7501,66.91,177.0,EIA/FRED/Bloomberg reference + synthetic daily interpolation
2020-03-31,2020,3,31,Tuesday,42.41,39.8,43.11,2.61,90.04,1.1504,3.7497,64.64,142.0,EIA/FRED/Bloomberg reference + synthetic daily interpolation
2020-04-01,2020,4,1,Wednesday,42.2,41.14,41.56,1.06,87.64,1.179,3.7501,67.06,131.0,EIA/FRED/Bloomberg reference + synthetic daily interpolation
2020-04-02,2020,4,2,Thursday,42.84,39.48,42.01,3.36,88.52,1.1723,3.7498,66.18,149.0,EIA/FRED/Bloomberg reference + synthetic daily interpolation
2020-04-03,2020,4,3,Friday,42.81,38.52,43.97,4.29,89.71,1.1636,3.7499,64.75,169.0,EIA/FRED/Bloomberg reference + synthetic daily interpolation
2020-04-06,2020,4,6,Monday,43.17,40.15,43.27,3.02,90.1,1.1535,3.7497,66.69,175.0,EIA/FRED/Bloomberg reference + synthetic daily interpolation
2020-04-07,2020,4,7,Tuesday,42.74,36.82,42.42,5.92,87.61,1.1787,3.7499,63.61,159.0,EIA/FRED/Bloomberg reference + synthetic daily interpolation
2020-04-08,2020,4,8,Wednesday,43.18,40.79,43.84,2.39,88.15,1.1725,3.7501,66.23,193.0,EIA/FRED/Bloomberg reference + synthetic daily interpolation
2020-04-09,2020,4,9,Thursday,43.74,42.82,42.43,0.92,90.6,1.133,3.7499,66.38,130.0,EIA/FRED/Bloomberg reference + synthetic daily interpolation
2020-04-10,2020,4,10,Friday,43.11,38.27,44.15,4.84,89.68,1.1584,3.7498,66.16,156.0,EIA/FRED/Bloomberg reference + synthetic daily interpolation
2020-04-13,2020,4,13,Monday,44.08,41.14,42.67,2.94,87.71,1.1957,3.75,65.23,157.0,EIA/FRED/Bloomberg reference + synthetic daily interpolation
2020-04-14,2020,4,14,Tuesday,44.42,40.81,45.25,3.61,88.1,1.1796,3.7499,69.18,174.0,EIA/FRED/Bloomberg reference + synthetic daily interpolation
2020-04-15,2020,4,15,Wednesday,43.98,40.99,43.31,2.99,91.19,1.1287,3.7501,68.68,164.0,EIA/FRED/Bloomberg reference + synthetic daily interpolation
2020-04-16,2020,4,16,Thursday,44.84,42.94,43.45,1.9,87.87,1.1825,3.7501,62.81,142.0,EIA/FRED/Bloomberg reference + synthetic daily interpolation
2020-04-17,2020,4,17,Friday,43.75,39.58,43.96,4.17,89.45,1.1459,3.7498,68.5,191.0,EIA/FRED/Bloomberg reference + synthetic daily interpolation
2020-04-20,2020,4,20,Monday,44.13,43.34,42.84,0.79,91.63,1.1205,3.75,66.29,157.0,EIA/FRED/Bloomberg reference + synthetic daily interpolation
2020-04-21,2020,4,21,Tuesday,44.97,43.76,45.2,1.21,90.5,1.1376,3.7496,67.37,176.0,EIA/FRED/Bloomberg reference + synthetic daily interpolation
2020-04-22,2020,4,22,Wednesday,45.21,43.22,45.95,1.99,90.55,1.1383,3.7498,66.75,169.0,EIA/FRED/Bloomberg reference + synthetic daily interpolation
2020-04-23,2020,4,23,Thursday,43.69,40.26,44.92,3.43,88.55,1.1759,3.7496,66.58,140.0,EIA/FRED/Bloomberg reference + synthetic daily interpolation
2020-04-24,2020,4,24,Friday,45.64,41.32,44.99,4.32,89.28,1.1628,3.7497,66.95,155.0,EIA/FRED/Bloomberg reference + synthetic daily interpolation
2020-04-27,2020,4,27,Monday,44.15,40.34,44.58,3.81,89.92,1.1497,3.7498,65.61,163.0,EIA/FRED/Bloomberg reference + synthetic daily interpolation
2020-04-28,2020,4,28,Tuesday,44.57,38.77,43.7,5.8,90.63,1.1437,3.7501,67.8,119.0,EIA/FRED/Bloomberg reference + synthetic daily interpolation
2020-04-29,2020,4,29,Wednesday,44.13,41.02,44.75,3.11,87.4,1.191,3.7498,68.24,140.0,EIA/FRED/Bloomberg reference + synthetic daily interpolation
2020-04-30,2020,4,30,Thursday,43.7,41.54,43.68,2.16,89.92,1.1598,3.7499,68.0,160.0,EIA/FRED/Bloomberg reference + synthetic daily interpolation
2020-05-01,2020,5,1,Friday,44.64,42.08,44.97,2.56,86.46,1.2018,3.75,68.93,139.0,EIA/FRED/Bloomberg reference + synthetic daily interpolation
2020-05-04,2020,5,4,Monday,44.24,41.35,44.01,2.89,90.1,1.1426,3.7498,70.8,181.0,EIA/FRED/Bloomberg reference + synthetic daily interpolation
2020-05-05,2020,5,5,Tuesday,44.33,40.51,43.52,3.82,90.98,1.1406,3.75,67.83,134.0,EIA/FRED/Bloomberg reference + synthetic daily interpolation
2020-05-06,2020,5,6,Wednesday,45.31,39.68,46.43,5.63,90.34,1.1418,3.7498,66.41,195.0,EIA/FRED/Bloomberg reference + synthetic daily interpolation
2020-05-07,2020,5,7,Thursday,44.61,39.02,45.17,5.59,89.43,1.16,3.7498,64.35,171.0,EIA/FRED/Bloomberg reference + synthetic daily interpolation
2020-05-08,2020,5,8,Friday,46.28,41.01,47.3,5.27,89.78,1.1527,3.7499,63.01,137.0,EIA/FRED/Bloomberg reference + synthetic daily interpolation
2020-05-11,2020,5,11,Monday,44.78,40.57,44.64,4.21,88.42,1.175,3.7498,67.3,157.0,EIA/FRED/Bloomberg reference + synthetic daily interpolation
2020-05-12,2020,5,12,Tuesday,44.41,43.27,43.35,1.14,91.09,1.1336,3.7498,69.07,145.0,EIA/FRED/Bloomberg reference + synthetic daily interpolation
2020-05-13,2020,5,13,Wednesday,45.03,43.31,44.69,1.72,89.93,1.1461,3.7501,63.82,149.0,EIA/FRED/Bloomberg reference + synthetic daily interpolation
2020-05-14,2020,5,14,Thursday,44.81,39.93,45.74,4.88,91.51,1.1299,3.7496,66.09,153.0,EIA/FRED/Bloomberg reference + synthetic daily interpolation
2020-05-15,2020,5,15,Friday,45.62,44.59,44.81,1.03,87.24,1.1839,3.7499,68.72,120.0,EIA/FRED/Bloomberg reference + synthetic daily interpolation
2020-05-18,2020,5,18,Monday,44.38,40.78,45.03,3.6,91.31,1.1321,3.7501,70.13,172.0,EIA/FRED/Bloomberg reference + synthetic daily interpolation
2020-05-19,2020,5,19,Tuesday,44.89,42.55,44.73,2.34,89.24,1.1527,3.75,66.83,132.0,EIA/FRED/Bloomberg reference + synthetic daily interpolation
2020-05-20,2020,5,20,Wednesday,44.5,43.96,43.54,0.54,88.83,1.174,3.7499,69.76,129.0,EIA/FRED/Bloomberg reference + synthetic daily interpolation
2020-05-21,2020,5,21,Thursday,43.77,42.9,42.9,0.87,90.88,1.1372,3.75,69.34,139.0,EIA/FRED/Bloomberg reference + synthetic daily interpolation
2020-05-22,2020,5,22,Friday,43.98,43.21,44.65,0.77,87.76,1.1795,3.7499,67.29,167.0,EIA/FRED/Bloomberg reference + synthetic daily interpolation
2020-05-25,2020,5,25,Monday,44.57,42.83,43.54,1.74,91.52,1.1348,3.7498,65.47,168.0,EIA/FRED/Bloomberg reference + synthetic daily interpolation
2020-05-26,2020,5,26,Tuesday,44.77,40.02,44.95,4.75,92.19,1.1225,3.7499,68.32,157.0,EIA/FRED/Bloomberg reference + synthetic daily interpolation
2020-05-27,2020,5,27,Wednesday,44.27,42.4,43.36,1.87,90.02,1.155,3.7498,67.57,107.0,EIA/FRED/Bloomberg reference + synthetic daily interpolation
2020-05-28,2020,5,28,Thursday,45.3,43.15,46.63,2.15,89.48,1.1562,3.7496,69.92,155.0,EIA/FRED/Bloomberg reference + synthetic daily interpolation
2020-05-29,2020,5,29,Friday,45.28,39.82,44.04,5.46,89.39,1.1553,3.7497,67.6,165.0,EIA/FRED/Bloomberg reference + synthetic daily interpolation
2020-06-01,2020,6,1,Monday,43.45,39.64,43.93,3.81,91.69,1.1318,3.75,70.98,179.0,EIA/FRED/Bloomberg reference + synthetic daily interpolation
2020-06-02,2020,6,2,Tuesday,46.02,45.17,46.38,0.85,89.83,1.146,3.7501,65.34,185.0,EIA/FRED/Bloomberg reference + synthetic daily interpolation
2020-06-03,2020,6,3,Wednesday,45.12,41.05,43.75,4.07,89.85,1.1534,3.7499,66.69,140.0,EIA/FRED/Bloomberg reference + synthetic daily interpolation
2020-06-04,2020,6,4,Thursday,44.25,43.34,42.77,0.91,90.27,1.1483,3.75,64.65,126.0,EIA/FRED/Bloomberg reference + synthetic daily interpolation
2020-06-05,2020,6,5,Friday,44.15,42.0,44.87,2.15,87.94,1.172,3.7496,66.58,173.0,EIA/FRED/Bloomberg reference + synthetic daily interpolation
2020-06-08,2020,6,8,Monday,44.32,43.14,44.35,1.18,88.9,1.1655,3.7501,67.0,178.0,EIA/FRED/Bloomberg reference + synthetic daily interpolation
2020-06-09,2020,6,9,Tuesday,44.32,40.53,43.72,3.79,89.96,1.1527,3.7499,64.79,137.0,EIA/FRED/Bloomberg reference + synthetic daily interpolation
2020-06-10,2020,6,10,Wednesday,44.76,43.41,45.01,1.35,88.19,1.1768,3.7496,65.46,148.0,EIA/FRED/Bloomberg reference + synthetic daily interpolation
2020-06-11,2020,6,11,Thursday,45.36,44.34,44.74,1.02,89.06,1.1645,3.75,69.68,156.0,EIA/FRED/Bloomberg reference + synthetic daily interpolation
2020-06-12,2020,6,12,Friday,44.26,38.5,45.67,5.76,90.13,1.1473,3.75,69.24,192.0,EIA/FRED/Bloomberg reference + synthetic daily interpolation
2020-06-15,2020,6,15,Monday,44.71,40.87,44.38,3.84,90.19,1.1559,3.75,69.77,137.0,EIA/FRED/Bloomberg reference + synthetic daily interpolation
2020-06-16,2020,6,16,Tuesday,44.95,42.9,43.65,2.05,87.87,1.1793,3.7498,64.28,172.0,EIA/FRED/Bloomberg reference + synthetic daily interpolation
2020-06-17,2020,6,17,Wednesday,43.93,39.64,45.21,4.29,89.59,1.1526,3.7497,65.4,170.0,EIA/FRED/Bloomberg reference + synthetic daily interpolation
2020-06-18,2020,6,18,Thursday,44.46,39.18,43.86,5.28,90.06,1.1433,3.75,66.18,158.0,EIA/FRED/Bloomberg reference + synthetic daily interpolation
2020-06-19,2020,6,19,Friday,45.44,40.04,44.13,5.4,89.32,1.1591,3.7501,64.59,145.0,EIA/FRED/Bloomberg reference + synthetic daily interpolation
2020-06-22,2020,6,22,Monday,45.17,43.69,43.81,1.48,89.57,1.1585,3.7498,69.03,192.0,EIA/FRED/Bloomberg reference + synthetic daily interpolation
2020-06-23,2020,6,23,Tuesday,44.89,43.55,45.77,1.34,89.26,1.1599,3.7496,66.99,144.0,EIA/FRED/Bloomberg reference + synthetic daily interpolation
2020-06-24,2020,6,24,Wednesday,44.02,43.38,43.61,0.64,89.67,1.1555,3.75,64.13,159.0,EIA/FRED/Bloomberg reference + synthetic daily interpolation
2020-06-25,2020,6,25,Thursday,43.93,37.93,43.85,6.0,89.34,1.1695,3.7497,64.78,176.0,EIA/FRED/Bloomberg reference + synthetic daily interpolation
2020-06-26,2020,6,26,Friday,44.54,42.88,43.11,1.66,88.62,1.1699,3.7499,62.71,177.0,EIA/FRED/Bloomberg reference + synthetic daily interpolation
2020-06-29,2020,6,29,Monday,44.03,38.74,44.1,5.29,90.37,1.1444,3.7497,67.99,169.0,EIA/FRED/Bloomberg reference + synthetic daily interpolation
2020-06-30,2020,6,30,Tuesday,45.03,44.23,44.06,0.8,90.27,1.1451,3.7498,66.53,161.0,EIA/FRED/Bloomberg reference + synthetic daily interpolation
2020-07-01,2020,7,1,Wednesday,44.29,40.81,43.38,3.48,90.73,1.1424,3.7498,63.26,131.0,EIA/FRED/Bloomberg reference + synthetic daily interpolation
2020-07-02,2020,7,2,Thursday,44.42,39.84,45.42,4.58,88.15,1.1855,3.75,70.78,145.0,EIA/FRED/Bloomberg reference + synthetic daily interpolation
2020-07-03,2020,7,3,Friday,43.84,37.87,44.9,5.97,89.76,1.1532,3.7498,68.95,151.0,EIA/FRED/Bloomberg reference + synthetic daily interpolation
2020-07-06,2020,7,6,Monday,44.54,39.59,43.95,4.95,91.51,1.1231,3.7499,65.85,160.0,EIA/FRED/Bloomberg reference + synthetic daily interpolation
2020-07-07,2020,7,7,Tuesday,43.89,41.66,44.58,2.23,90.93,1.132,3.75,64.72,165.0,EIA/FRED/Bloomberg reference + synthetic daily interpolation
2020-07-08,2020,7,8,Wednesday,44.48,42.48,43.03,2.0,90.19,1.1463,3.7499,68.58,151.0,EIA/FRED/Bloomberg reference + synthetic daily interpolation
2020-07-09,2020,7,9,Thursday,44.15,41.67,44.19,2.48,88.51,1.1697,3.75,68.48,135.0,EIA/FRED/Bloomberg reference + synthetic daily interpolation
2020-07-10,2020,7,10,Friday,44.35,41.87,45.36,2.48,88.89,1.1597,3.7499,64.74,144.0,EIA/FRED/Bloomberg reference + synthetic daily interpolation
2020-07-13,2020,7,13,Monday,44.78,40.07,45.6,4.71,89.52,1.1541,3.7497,67.46,187.0,EIA/FRED/Bloomberg reference + synthetic daily interpolation
2020-07-14,2020,7,14,Tuesday,45.54,41.66,44.65,3.88,87.96,1.179,3.75,65.22,190.0,EIA/FRED/Bloomberg reference + synthetic daily interpolation
2020-07-15,2020,7,15,Wednesday,43.32,38.11,44.49,5.21,91.38,1.1354,3.7498,67.15,144.0,EIA/FRED/Bloomberg reference + synthetic daily interpolation
2020-07-16,2020,7,16,Thursday,43.64,40.41,44.59,3.23,88.79,1.159,3.7497,66.39,156.0,EIA/FRED/Bloomberg reference + synthetic daily interpolation
2020-07-17,2020,7,17,Friday,44.73,40.14,44.42,4.59,87.57,1.1893,3.7498,67.59,168.0,EIA/FRED/Bloomberg reference + synthetic daily interpolation
2020-07-20,2020,7,20,Monday,43.52,40.63,43.91,2.89,91.77,1.1257,3.7496,62.85,173.0,EIA/FRED/Bloomberg reference + synthetic daily interpolation
2020-07-21,2020,7,21,Tuesday,44.04,43.51,45.0,0.53,89.49,1.1598,3.7499,63.51,154.0,EIA/FRED/Bloomberg reference + synthetic daily interpolation
2020-07-22,2020,7,22,Wednesday,43.34,42.67,44.02,0.67,89.67,1.1464,3.75,65.61,165.0,EIA/FRED/Bloomberg reference + synthetic daily interpolation
2020-07-23,2020,7,23,Thursday,44.0,41.13,43.03,2.87,88.22,1.1743,3.75,68.04,181.0,EIA/FRED/Bloomberg reference + synthetic daily interpolation
2020-07-24,2020,7,24,Friday,42.57,37.32,42.03,5.25,92.63,1.119,3.7497,70.72,156.0,EIA/FRED/Bloomberg reference + synthetic daily interpolation
2020-07-27,2020,7,27,Monday,42.54,36.9,41.52,5.64,91.41,1.1395,3.7499,66.98,170.0,EIA/FRED/Bloomberg reference + synthetic daily interpolation
2020-07-28,2020,7,28,Tuesday,43.39,39.73,43.37,3.66,89.29,1.1511,3.7496,67.08,166.0,EIA/FRED/Bloomberg reference + synthetic daily interpolation
2020-07-29,2020,7,29,Wednesday,43.58,40.48,44.32,3.1,90.09,1.1561,3.7499,67.24,140.0,EIA/FRED/Bloomberg reference + synthetic daily interpolation
2020-07-30,2020,7,30,Thursday,43.85,37.95,43.9,5.9,89.85,1.155,3.7497,69.24,173.0,EIA/FRED/Bloomberg reference + synthetic daily interpolation
2020-07-31,2020,7,31,Friday,42.71,41.33,42.51,1.38,88.23,1.1795,3.7499,69.58,182.0,EIA/FRED/Bloomberg reference + synthetic daily interpolation
2020-08-03,2020,8,3,Monday,42.31,40.18,41.97,2.13,90.18,1.1578,3.7497,66.5,182.0,EIA/FRED/Bloomberg reference + synthetic daily interpolation
2020-08-04,2020,8,4,Tuesday,42.64,38.61,42.39,4.03,89.48,1.1599,3.75,63.43,131.0,EIA/FRED/Bloomberg reference + synthetic daily interpolation
2020-08-05,2020,8,5,Wednesday,42.09,40.76,41.63,1.33,90.98,1.1269,3.75,66.87,138.0,EIA/FRED/Bloomberg reference + synthetic daily interpolation
2020-08-06,2020,8,6,Thursday,43.17,37.9,42.24,5.27,87.77,1.1834,3.7497,66.7,142.0,EIA/FRED/Bloomberg reference + synthetic daily interpolation
2020-08-07,2020,8,7,Friday,42.28,39.79,42.48,2.49,91.86,1.1175,3.7499,65.34,158.0,EIA/FRED/Bloomberg reference + synthetic daily interpolation
2020-08-10,2020,8,10,Monday,42.86,37.37,41.98,5.49,91.66,1.1321,3.7496,66.55,149.0,EIA/FRED/Bloomberg reference + synthetic daily interpolation
2020-08-11,2020,8,11,Tuesday,42.35,41.74,42.48,0.61,90.44,1.1348,3.7497,67.84,165.0,EIA/FRED/Bloomberg reference + synthetic daily interpolation
2020-08-12,2020,8,12,Wednesday,42.37,39.81,42.58,2.56,91.23,1.1263,3.7496,66.5,148.0,EIA/FRED/Bloomberg reference + synthetic daily interpolation
2020-08-13,2020,8,13,Thursday,42.76,39.48,43.48,3.28,90.72,1.138,3.7496,68.05,204.0,EIA/FRED/Bloomberg reference + synthetic daily interpolation
2020-08-14,2020,8,14,Friday,43.3,40.17,42.81,3.13,89.19,1.1567,3.7497,69.81,161.0,EIA/FRED/Bloomberg reference + synthetic daily interpolation
2020-08-17,2020,8,17,Monday,42.69,38.7,42.86,3.99,90.34,1.144,3.7501,65.49,138.0,EIA/FRED/Bloomberg reference + synthetic daily interpolation
2020-08-18,2020,8,18,Tuesday,41.94,36.73,40.53,5.21,91.18,1.1337,3.7497,70.72,143.0,EIA/FRED/Bloomberg reference + synthetic daily interpolation
2020-08-19,2020,8,19,Wednesday,42.29,40.56,41.82,1.73,90.54,1.1452,3.75,67.57,147.0,EIA/FRED/Bloomberg reference + synthetic daily interpolation
2020-08-20,2020,8,20,Thursday,43.03,38.26,43.16,4.77,88.9,1.168,3.75,68.23,164.0,EIA/FRED/Bloomberg reference + synthetic daily interpolation
2020-08-21,2020,8,21,Friday,42.56,41.21,41.44,1.35,91.43,1.1311,3.7497,68.67,145.0,EIA/FRED/Bloomberg reference + synthetic daily interpolation
2020-08-24,2020,8,24,Monday,41.93,39.34,41.46,2.59,89.63,1.1541,3.7498,68.13,171.0,EIA/FRED/Bloomberg reference + synthetic daily interpolation
2020-08-25,2020,8,25,Tuesday,41.77,37.3,41.01,4.47,90.44,1.1438,3.7498,66.54,184.0,EIA/FRED/Bloomberg reference + synthetic daily interpolation
2020-08-26,2020,8,26,Wednesday,42.43,38.18,41.21,4.25,90.06,1.1496,3.75,69.4,137.0,EIA/FRED/Bloomberg reference + synthetic daily interpolation
2020-08-27,2020,8,27,Thursday,41.95,37.19,41.25,4.76,88.49,1.1695,3.7497,65.83,221.0,EIA/FRED/Bloomberg reference + synthetic daily interpolation
2020-08-28,2020,8,28,Friday,40.31,36.28,41.52,4.03,89.29,1.1661,3.75,64.65,181.0,EIA/FRED/Bloomberg reference + synthetic daily interpolation
2020-08-31,2020,8,31,Monday,42.45,39.71,43.6,2.74,89.35,1.1467,3.7496,67.32,175.0,EIA/FRED/Bloomberg reference + synthetic daily interpolation
2020-09-01,2020,9,1,Tuesday,41.95,38.85,40.96,3.1,91.69,1.1251,3.75,65.25,160.0,EIA/FRED/Bloomberg reference + synthetic daily interpolation
2020-09-02,2020,9,2,Wednesday,40.9,38.8,41.05,2.1,90.38,1.1429,3.75,63.65,204.0,EIA/FRED/Bloomberg reference + synthetic daily interpolation
2020-09-03,2020,9,3,Thursday,40.43,39.62,40.28,0.81,86.58,1.2013,3.75,68.08,124.0,EIA/FRED/Bloomberg reference + synthetic daily interpolation
2020-09-04,2020,9,4,Friday,39.95,38.41,40.97,1.54,89.34,1.1613,3.7499,66.16,133.0,EIA/FRED/Bloomberg reference + synthetic daily interpolation
2020-09-07,2020,9,7,Monday,41.27,36.6,42.53,4.67,89.91,1.1519,3.7498,64.83,142.0,EIA/FRED/Bloomberg reference + synthetic daily interpolation
2020-09-08,2020,9,8,Tuesday,41.39,38.97,42.56,2.42,88.94,1.1604,3.7501,69.11,162.0,EIA/FRED/Bloomberg reference + synthetic daily interpolation
2020-09-09,2020,9,9,Wednesday,41.33,36.26,42.22,5.07,90.7,1.1311,3.7497,68.96,161.0,EIA/FRED/Bloomberg reference + synthetic daily interpolation
2020-09-10,2020,9,10,Thursday,40.66,39.54,39.45,1.12,89.59,1.1572,3.7496,68.8,139.0,EIA/FRED/Bloomberg reference + synthetic daily interpolation
2020-09-11,2020,9,11,Friday,40.86,40.25,39.88,0.61,90.62,1.1407,3.75,64.51,163.0,EIA/FRED/Bloomberg reference + synthetic daily interpolation
2020-09-14,2020,9,14,Monday,41.36,40.59,41.07,0.77,88.81,1.1568,3.7498,64.0,164.0,EIA/FRED/Bloomberg reference + synthetic daily interpolation
2020-09-15,2020,9,15,Tuesday,40.36,37.16,39.84,3.2,89.17,1.1656,3.7499,68.59,156.0,EIA/FRED/Bloomberg reference + synthetic daily interpolation
2020-09-16,2020,9,16,Wednesday,41.17,36.09,41.45,5.08,90.6,1.1328,3.7499,67.28,130.0,EIA/FRED/Bloomberg reference + synthetic daily interpolation
2020-09-17,2020,9,17,Thursday,41.16,37.29,42.29,3.87,92.42,1.1093,3.75,68.44,178.0,EIA/FRED/Bloomberg reference + synthetic daily interpolation
2020-09-18,2020,9,18,Friday,40.48,36.57,41.41,3.91,89.29,1.1649,3.75,66.92,143.0,EIA/FRED/Bloomberg reference + synthetic daily interpolation
2020-09-21,2020,9,21,Monday,40.39,35.32,40.25,5.07,88.7,1.1748,3.7499,68.19,153.0,EIA/FRED/Bloomberg reference + synthetic daily interpolation
2020-09-22,2020,9,22,Tuesday,40.23,37.48,40.16,2.75,90.98,1.1381,3.7499,65.17,171.0,EIA/FRED/Bloomberg reference + synthetic daily interpolation
2020-09-23,2020,9,23,Wednesday,40.61,36.25,41.04,4.36,90.51,1.1358,3.7501,63.43,129.0,EIA/FRED/Bloomberg reference + synthetic daily interpolation
2020-09-24,2020,9,24,Thursday,39.81,37.67,39.77,2.14,89.88,1.1507,3.7497,67.22,174.0,EIA/FRED/Bloomberg reference + synthetic daily interpolation
2020-09-25,2020,9,25,Friday,41.36,38.73,42.21,2.63,89.41,1.1566,3.7498,67.25,149.0,EIA/FRED/Bloomberg reference + synthetic daily interpolation
2020-09-28,2020,9,28,Monday,40.33,35.36,39.56,4.97,87.7,1.1904,3.75,67.1,166.0,EIA/FRED/Bloomberg reference + synthetic daily interpolation
2020-09-29,2020,9,29,Tuesday,39.44,33.72,38.56,5.72,90.22,1.1485,3.75,70.36,153.0,EIA/FRED/Bloomberg reference + synthetic daily interpolation
2020-09-30,2020,9,30,Wednesday,40.03,36.78,40.79,3.25,89.31,1.1563,3.7498,66.43,155.0,EIA/FRED/Bloomberg reference + synthetic daily interpolation
2020-10-01,2020,10,1,Thursday,39.42,33.98,38.23,5.44,89.87,1.1483,3.7501,68.31,140.0,EIA/FRED/Bloomberg reference + synthetic daily interpolation
2020-10-02,2020,10,2,Friday,39.75,38.04,40.47,1.71,90.18,1.1484,3.75,67.82,133.0,EIA/FRED/Bloomberg reference + synthetic daily interpolation
2020-10-05,2020,10,5,Monday,39.42,34.63,39.16,4.79,90.14,1.1393,3.7496,72.22,152.0,EIA/FRED/Bloomberg reference + synthetic daily interpolation
2020-10-06,2020,10,6,Tuesday,40.73,38.79,41.5,1.94,90.03,1.1429,3.7499,68.22,144.0,EIA/FRED/Bloomberg reference + synthetic daily interpolation
2020-10-07,2020,10,7,Wednesday,41.07,40.02,42.14,1.05,89.82,1.1599,3.75,63.71,156.0,EIA/FRED/Bloomberg reference + synthetic daily interpolation
2020-10-08,2020,10,8,Thursday,39.7,36.75,40.86,2.95,90.71,1.1431,3.7501,64.85,179.0,EIA/FRED/Bloomberg reference + synthetic daily interpolation
2020-10-09,2020,10,9,Friday,40.52,37.33,41.5,3.19,88.59,1.1717,3.7497,68.93,144.0,EIA/FRED/Bloomberg reference + synthetic daily interpolation
2020-10-12,2020,10,12,Monday,40.17,37.45,38.73,2.72,90.26,1.1416,3.7496,69.55,161.0,EIA/FRED/Bloomberg reference + synthetic daily interpolation
2020-10-13,2020,10,13,Tuesday,39.93,36.62,40.77,3.31,90.42,1.1417,3.7498,66.59,191.0,EIA/FRED/Bloomberg reference + synthetic daily interpolation
2020-10-14,2020,10,14,Wednesday,39.02,34.97,37.53,4.05,91.61,1.1252,3.7499,69.29,158.0,EIA/FRED/Bloomberg reference + synthetic daily interpolation
2020-10-15,2020,10,15,Thursday,39.03,35.77,39.71,3.26,88.67,1.1689,3.7499,66.07,138.0,EIA/FRED/Bloomberg reference + synthetic daily interpolation
2020-10-16,2020,10,16,Friday,40.21,37.43,39.49,2.78,91.06,1.13,3.7496,68.98,144.0,EIA/FRED/Bloomberg reference + synthetic daily interpolation
2020-10-19,2020,10,19,Monday,40.24,38.75,39.64,1.49,91.96,1.1235,3.7501,65.21,152.0,EIA/FRED/Bloomberg reference + synthetic daily interpolation
2020-10-20,2020,10,20,Tuesday,39.52,35.18,39.1,4.34,88.78,1.1704,3.7497,62.57,191.0,EIA/FRED/Bloomberg reference + synthetic daily interpolation
2020-10-21,2020,10,21,Wednesday,39.55,37.85,40.49,1.7,88.97,1.168,3.7497,70.19,190.0,EIA/FRED/Bloomberg reference + synthetic daily interpolation
2020-10-22,2020,10,22,Thursday,39.23,35.86,37.81,3.37,89.37,1.1583,3.75,67.62,155.0,EIA/FRED/Bloomberg reference + synthetic daily interpolation
2020-10-23,2020,10,23,Friday,38.88,35.31,38.72,3.57,90.42,1.1478,3.7498,66.74,174.0,EIA/FRED/Bloomberg reference + synthetic daily interpolation
2020-10-26,2020,10,26,Monday,38.5,32.75,39.85,5.75,89.12,1.1564,3.75,70.61,166.0,EIA/FRED/Bloomberg reference + synthetic daily interpolation
2020-10-27,2020,10,27,Tuesday,38.86,38.1,39.22,0.76,91.11,1.1245,3.7498,68.58,155.0,EIA/FRED/Bloomberg reference + synthetic daily interpolation
2020-10-28,2020,10,28,Wednesday,39.44,33.71,39.32,5.73,89.14,1.1608,3.7498,63.17,160.0,EIA/FRED/Bloomberg reference + synthetic daily interpolation
2020-10-29,2020,10,29,Thursday,39.7,36.23,39.67,3.47,90.5,1.1443,3.7501,66.32,168.0,EIA/FRED/Bloomberg reference + synthetic daily interpolation
2020-10-30,2020,10,30,Friday,39.13,36.17,39.04,2.96,87.57,1.1933,3.7496,67.14,163.0,EIA/FRED/Bloomberg reference + synthetic daily interpolation
2020-11-02,2020,11,2,Monday,38.73,34.38,38.15,4.35,89.17,1.1665,3.7497,68.75,153.0,EIA/FRED/Bloomberg reference + synthetic daily interpolation
2020-11-03,2020,11,3,Tuesday,39.32,38.66,38.75,0.66,90.37,1.1478,3.7498,66.63,148.0,EIA/FRED/Bloomberg reference + synthetic daily interpolation
2020-11-04,2020,11,4,Wednesday,38.72,33.37,37.29,5.35,89.42,1.145,3.7499,73.54,175.0,EIA/FRED/Bloomberg reference + synthetic daily interpolation
2020-11-05,2020,11,5,Thursday,39.03,38.09,38.1,0.94,90.15,1.1434,3.7498,66.17,175.0,EIA/FRED/Bloomberg reference + synthetic daily interpolation
2020-11-06,2020,11,6,Friday,38.34,35.55,38.68,2.79,90.31,1.1461,3.7499,68.67,143.0,EIA/FRED/Bloomberg reference + synthetic daily interpolation
2020-11-09,2020,11,9,Monday,39.92,35.82,38.95,4.1,91.55,1.1359,3.75,63.31,199.0,EIA/FRED/Bloomberg reference + synthetic daily interpolation
2020-11-10,2020,11,10,Tuesday,39.8,35.65,38.87,4.15,92.48,1.1161,3.7497,66.03,169.0,EIA/FRED/Bloomberg reference + synthetic daily interpolation
2020-11-11,2020,11,11,Wednesday,38.86,37.06,37.89,1.8,88.75,1.1687,3.7499,65.42,145.0,EIA/FRED/Bloomberg reference + synthetic daily interpolation
2020-11-12,2020,11,12,Thursday,38.15,32.16,37.89,5.99,88.97,1.1581,3.7497,65.5,147.0,EIA/FRED/Bloomberg reference + synthetic daily interpolation
2020-11-13,2020,11,13,Friday,38.63,33.49,37.34,5.14,89.82,1.1593,3.7498,66.21,148.0,EIA/FRED/Bloomberg reference + synthetic daily interpolation
2020-11-16,2020,11,16,Monday,38.19,32.43,36.85,5.76,90.49,1.1503,3.75,66.22,143.0,EIA/FRED/Bloomberg reference + synthetic daily interpolation
2020-11-17,2020,11,17,Tuesday,38.87,33.27,37.94,5.6,91.29,1.1349,3.7498,68.59,137.0,EIA/FRED/Bloomberg reference + synthetic daily interpolation
2020-11-18,2020,11,18,Wednesday,39.15,34.96,39.88,4.19,90.08,1.1448,3.7499,69.76,169.0,EIA/FRED/Bloomberg reference + synthetic daily interpolation
2020-11-19,2020,11,19,Thursday,38.25,33.73,37.51,4.52,90.87,1.1456,3.7498,68.38,156.0,EIA/FRED/Bloomberg reference + synthetic daily interpolation
2020-11-20,2020,11,20,Friday,38.71,34.02,38.69,4.69,88.56,1.1723,3.75,69.39,160.0,EIA/FRED/Bloomberg reference + synthetic daily interpolation
2020-11-23,2020,11,23,Monday,38.99,34.82,39.93,4.17,91.23,1.1409,3.75,64.35,175.0,EIA/FRED/Bloomberg reference + synthetic daily interpolation
2020-11-24,2020,11,24,Tuesday,39.93,35.93,38.8,4.0,88.98,1.1692,3.7497,67.08,163.0,EIA/FRED/Bloomberg reference + synthetic daily interpolation
2020-11-25,2020,11,25,Wednesday,39.04,38.46,40.22,0.58,89.3,1.1533,3.7501,65.72,175.0,EIA/FRED/Bloomberg reference + synthetic daily interpolation
2020-11-26,2020,11,26,Thursday,38.38,32.72,37.66,5.66,88.16,1.1757,3.7497,67.07,187.0,EIA/FRED/Bloomberg reference + synthetic daily interpolation
2020-11-27,2020,11,27,Friday,37.67,36.82,37.02,0.85,89.16,1.1586,3.7498,68.13,152.0,EIA/FRED/Bloomberg reference + synthetic daily interpolation
2020-11-30,2020,11,30,Monday,38.62,34.67,37.45,3.95,89.42,1.1601,3.7501,66.49,168.0,EIA/FRED/Bloomberg reference + synthetic daily interpolation
2020-12-01,2020,12,1,Tuesday,38.41,36.67,37.26,1.74,88.53,1.1689,3.7497,70.62,156.0,EIA/FRED/Bloomberg reference + synthetic daily interpolation
2020-12-02,2020,12,2,Wednesday,38.12,35.08,36.77,3.04,86.41,1.2002,3.75,69.79,177.0,EIA/FRED/Bloomberg reference + synthetic daily interpolation
2020-12-03,2020,12,3,Thursday,38.84,36.23,40.3,2.61,90.83,1.1414,3.7498,66.74,180.0,EIA/FRED/Bloomberg reference + synthetic daily interpolation
2020-12-04,2020,12,4,Friday,39.09,36.78,37.94,2.31,88.71,1.1725,3.7497,66.91,149.0,EIA/FRED/Bloomberg reference + synthetic daily interpolation
2020-12-07,2020,12,7,Monday,37.39,32.17,38.69,5.22,90.66,1.1312,3.7501,69.15,147.0,EIA/FRED/Bloomberg reference + synthetic daily interpolation
2020-12-08,2020,12,8,Tuesday,38.22,37.0,38.23,1.22,88.68,1.1726,3.7496,67.32,167.0,EIA/FRED/Bloomberg reference + synthetic daily interpolation
2020-12-09,2020,12,9,Wednesday,40.01,39.34,40.51,0.67,89.98,1.1489,3.7499,61.68,155.0,EIA/FRED/Bloomberg reference + synthetic daily interpolation
2020-12-10,2020,12,10,Thursday,37.89,36.32,37.62,1.57,89.94,1.1477,3.7497,66.97,179.0,EIA/FRED/Bloomberg reference + synthetic daily interpolation
2020-12-11,2020,12,11,Friday,39.34,34.3,39.68,5.04,88.07,1.1642,3.7499,65.71,181.0,EIA/FRED/Bloomberg reference + synthetic daily interpolation
2020-12-14,2020,12,14,Monday,37.8,36.64,39.01,1.16,89.91,1.163,3.7498,68.19,113.0,EIA/FRED/Bloomberg reference + synthetic daily interpolation
2020-12-15,2020,12,15,Tuesday,39.57,35.13,39.67,4.44,88.73,1.1709,3.75,65.93,106.0,EIA/FRED/Bloomberg reference + synthetic daily interpolation
2020-12-16,2020,12,16,Wednesday,38.82,33.7,40.3,5.12,89.26,1.1674,3.75,65.91,192.0,EIA/FRED/Bloomberg reference + synthetic daily interpolation
2020-12-17,2020,12,17,Thursday,38.38,37.01,37.25,1.37,92.08,1.1209,3.75,67.48,180.0,EIA/FRED/Bloomberg reference + synthetic daily interpolation
2020-12-18,2020,12,18,Friday,39.34,36.69,39.99,2.65,90.65,1.1375,3.75,64.47,162.0,EIA/FRED/Bloomberg reference + synthetic daily interpolation
2020-12-21,2020,12,21,Monday,39.15,33.16,40.14,5.99,88.58,1.1669,3.7499,66.74,160.0,EIA/FRED/Bloomberg reference + synthetic daily interpolation
2020-12-22,2020,12,22,Tuesday,39.15,35.19,38.62,3.96,90.62,1.143,3.7498,68.99,153.0,EIA/FRED/Bloomberg reference + synthetic daily interpolation
2020-12-23,2020,12,23,Wednesday,38.41,32.6,37.04,5.81,88.84,1.1674,3.7499,69.04,142.0,EIA/FRED/Bloomberg reference + synthetic daily interpolation
2020-12-24,2020,12,24,Thursday,39.93,34.24,40.75,5.69,87.58,1.1894,3.7496,65.47,162.0,EIA/FRED/Bloomberg reference + synthetic daily interpolation
2020-12-25,2020,12,25,Friday,40.09,36.98,40.17,3.11,91.43,1.1269,3.7497,65.41,141.0,EIA/FRED/Bloomberg reference + synthetic daily interpolation
2020-12-28,2020,12,28,Monday,39.9,34.75,39.59,5.15,88.59,1.1742,3.75,68.57,188.0,EIA/FRED/Bloomberg reference + synthetic daily interpolation
2020-12-29,2020,12,29,Tuesday,39.29,35.51,37.94,3.78,89.63,1.1531,3.7501,64.27,155.0,EIA/FRED/Bloomberg reference + synthetic daily interpolation
2020-12-30,2020,12,30,Wednesday,39.13,34.39,39.02,4.74,89.95,1.1529,3.75,69.32,173.0,EIA/FRED/Bloomberg reference + synthetic daily interpolation
2020-12-31,2020,12,31,Thursday,38.76,38.15,40.17,0.61,90.05,1.1526,3.7498,68.82,148.0,EIA/FRED/Bloomberg reference + synthetic daily interpolation
2021-01-01,2021,1,1,Friday,67.58,63.9,67.14,3.68,97.08,1.0416,3.75,68.77,268.0,EIA/FRED/Bloomberg reference + synthetic daily interpolation
2021-01-04,2021,1,4,Monday,67.8,64.07,66.61,3.73,95.99,1.0649,3.7501,70.2,254.0,EIA/FRED/Bloomberg reference + synthetic daily interpolation
2021-01-05,2021,1,5,Tuesday,68.52,66.59,68.95,1.93,94.37,1.0854,3.75,68.97,220.0,EIA/FRED/Bloomberg reference + synthetic daily interpolation
2021-01-06,2021,1,6,Wednesday,69.07,67.59,67.86,1.48,95.52,1.0651,3.75,69.36,195.0,EIA/FRED/Bloomberg reference + synthetic daily interpolation
2021-01-07,2021,1,7,Thursday,68.26,64.2,68.3,4.06,96.71,1.0477,3.7497,69.91,233.0,EIA/FRED/Bloomberg reference + synthetic daily interpolation
2021-01-08,2021,1,8,Friday,68.79,64.56,67.5,4.23,96.06,1.0572,3.7496,72.36,265.0,EIA/FRED/Bloomberg reference + synthetic daily interpolation
2021-01-11,2021,1,11,Monday,67.26,62.67,66.45,4.59,95.95,1.0673,3.7498,67.96,254.0,EIA/FRED/Bloomberg reference + synthetic daily interpolation
2021-01-12,2021,1,12,Tuesday,69.2,63.48,68.88,5.72,93.53,1.1003,3.7497,68.47,254.0,EIA/FRED/Bloomberg reference + synthetic daily interpolation
2021-01-13,2021,1,13,Wednesday,69.43,67.29,68.78,2.14,97.42,1.0408,3.7496,68.57,193.0,EIA/FRED/Bloomberg reference + synthetic daily interpolation
2021-01-14,2021,1,14,Thursday,67.86,62.06,69.34,5.8,96.41,1.0516,3.7499,68.25,259.0,EIA/FRED/Bloomberg reference + synthetic daily interpolation
2021-01-15,2021,1,15,Friday,68.65,67.97,67.62,0.68,96.93,1.0497,3.7501,69.15,219.0,EIA/FRED/Bloomberg reference + synthetic daily interpolation
2021-01-18,2021,1,18,Monday,68.71,63.42,68.49,5.29,94.71,1.0812,3.7498,66.2,217.0,EIA/FRED/Bloomberg reference + synthetic daily interpolation
2021-01-19,2021,1,19,Tuesday,67.37,64.76,66.49,2.61,95.78,1.0646,3.7497,69.0,239.0,EIA/FRED/Bloomberg reference + synthetic daily interpolation
2021-01-20,2021,1,20,Wednesday,67.91,62.79,66.98,5.12,97.71,1.0272,3.7499,71.44,240.0,EIA/FRED/Bloomberg reference + synthetic daily interpolation
2021-01-21,2021,1,21,Thursday,70.87,70.0,70.28,0.87,95.08,1.0784,3.75,70.57,266.0,EIA/FRED/Bloomberg reference + synthetic daily interpolation
2021-01-22,2021,1,22,Friday,69.6,68.2,70.19,1.4,96.03,1.0665,3.7497,67.09,256.0,EIA/FRED/Bloomberg reference + synthetic daily interpolation
2021-01-25,2021,1,25,Monday,69.31,65.02,68.97,4.29,96.82,1.0524,3.7499,71.88,228.0,EIA/FRED/Bloomberg reference + synthetic daily interpolation
2021-01-26,2021,1,26,Tuesday,69.17,67.89,68.46,1.28,96.19,1.062,3.7499,70.91,214.0,EIA/FRED/Bloomberg reference + synthetic daily interpolation
2021-01-27,2021,1,27,Wednesday,70.85,66.62,70.82,4.23,95.51,1.0709,3.7497,68.52,258.0,EIA/FRED/Bloomberg reference + synthetic daily interpolation
2021-01-28,2021,1,28,Thursday,68.26,63.83,68.57,4.43,95.27,1.0679,3.7497,73.33,225.0,EIA/FRED/Bloomberg reference + synthetic daily interpolation
2021-01-29,2021,1,29,Friday,70.35,66.47,69.72,3.88,96.33,1.06,3.75,69.25,253.0,EIA/FRED/Bloomberg reference + synthetic daily interpolation
2021-02-01,2021,2,1,Monday,70.44,64.86,69.02,5.58,94.55,1.0875,3.7499,68.39,230.0,EIA/FRED/Bloomberg reference + synthetic daily interpolation
2021-02-02,2021,2,2,Tuesday,71.37,68.51,71.62,2.86,96.98,1.0494,3.7499,73.96,207.0,EIA/FRED/Bloomberg reference + synthetic daily interpolation
2021-02-03,2021,2,3,Wednesday,69.35,67.99,68.87,1.36,96.5,1.0512,3.75,70.32,264.0,EIA/FRED/Bloomberg reference + synthetic daily interpolation
2021-02-04,2021,2,4,Thursday,69.5,67.35,68.89,2.15,97.07,1.0428,3.7497,70.51,233.0,EIA/FRED/Bloomberg reference + synthetic daily interpolation
2021-02-05,2021,2,5,Friday,68.66,66.1,68.43,2.56,96.08,1.0576,3.7498,69.1,281.0,EIA/FRED/Bloomberg reference + synthetic daily interpolation
2021-02-08,2021,2,8,Monday,70.46,67.41,70.14,3.05,95.92,1.0554,3.7501,70.99,220.0,EIA/FRED/Bloomberg reference + synthetic daily interpolation
2021-02-09,2021,2,9,Tuesday,71.21,70.32,70.36,0.89,95.21,1.0638,3.7497,68.59,259.0,EIA/FRED/Bloomberg reference + synthetic daily interpolation
2021-02-10,2021,2,10,Wednesday,70.32,68.59,70.24,1.73,94.23,1.0778,3.7498,69.41,239.0,EIA/FRED/Bloomberg reference + synthetic daily interpolation
2021-02-11,2021,2,11,Thursday,67.73,66.3,67.76,1.43,95.89,1.0598,3.75,67.58,215.0,EIA/FRED/Bloomberg reference + synthetic daily interpolation
2021-02-12,2021,2,12,Friday,70.39,69.31,71.15,1.08,92.68,1.1045,3.7497,68.94,234.0,EIA/FRED/Bloomberg reference + synthetic daily interpolation
2021-02-15,2021,2,15,Monday,71.84,67.97,72.86,3.87,94.2,1.0886,3.7499,67.61,300.0,EIA/FRED/Bloomberg reference + synthetic daily interpolation
2021-02-16,2021,2,16,Tuesday,70.46,68.25,71.52,2.21,95.41,1.0636,3.7497,70.4,220.0,EIA/FRED/Bloomberg reference + synthetic daily interpolation
2021-02-17,2021,2,17,Wednesday,70.57,69.57,69.1,1.0,97.11,1.04,3.7498,70.11,239.0,EIA/FRED/Bloomberg reference + synthetic daily interpolation
2021-02-18,2021,2,18,Thursday,70.97,67.7,70.27,3.27,93.07,1.1083,3.7497,69.85,194.0,EIA/FRED/Bloomberg reference + synthetic daily interpolation
2021-02-19,2021,2,19,Friday,71.02,68.39,72.27,2.63,94.54,1.0772,3.75,69.54,216.0,EIA/FRED/Bloomberg reference + synthetic daily interpolation
2021-02-22,2021,2,22,Monday,69.73,64.12,68.31,5.61,96.31,1.055,3.7497,70.87,263.0,EIA/FRED/Bloomberg reference + synthetic daily interpolation
2021-02-23,2021,2,23,Tuesday,70.79,67.97,71.54,2.82,94.45,1.0845,3.7497,70.83,234.0,EIA/FRED/Bloomberg reference + synthetic daily interpolation
2021-02-24,2021,2,24,Wednesday,70.77,66.17,71.26,4.6,95.97,1.0614,3.7501,69.97,212.0,EIA/FRED/Bloomberg reference + synthetic daily interpolation
2021-02-25,2021,2,25,Thursday,71.76,67.56,70.48,4.2,96.37,1.0487,3.7498,68.17,247.0,EIA/FRED/Bloomberg reference + synthetic daily interpolation
2021-02-26,2021,2,26,Friday,71.01,69.27,71.46,1.74,96.76,1.0547,3.7496,70.1,217.0,EIA/FRED/Bloomberg reference + synthetic daily interpolation
2021-03-01,2021,3,1,Monday,72.37,67.4,71.53,4.97,93.63,1.0925,3.7501,71.39,268.0,EIA/FRED/Bloomberg reference + synthetic daily interpolation
2021-03-02,2021,3,2,Tuesday,72.93,72.12,73.91,0.81,96.49,1.0547,3.7501,65.78,237.0,EIA/FRED/Bloomberg reference + synthetic daily interpolation
2021-03-03,2021,3,3,Wednesday,69.49,64.79,68.03,4.7,95.46,1.0676,3.7498,69.86,253.0,EIA/FRED/Bloomberg reference + synthetic daily interpolation
2021-03-04,2021,3,4,Thursday,68.7,65.43,68.21,3.27,94.35,1.0788,3.7497,68.6,275.0,EIA/FRED/Bloomberg reference + synthetic daily interpolation
2021-03-05,2021,3,5,Friday,70.45,69.64,69.28,0.81,94.1,1.0929,3.7498,68.69,235.0,EIA/FRED/Bloomberg reference + synthetic daily interpolation
2021-03-08,2021,3,8,Monday,71.87,66.2,70.92,5.67,94.3,1.0871,3.7499,68.39,205.0,EIA/FRED/Bloomberg reference + synthetic daily interpolation
2021-03-09,2021,3,9,Tuesday,69.86,64.47,70.94,5.39,93.81,1.0876,3.75,68.04,241.0,EIA/FRED/Bloomberg reference + synthetic daily interpolation
2021-03-10,2021,3,10,Wednesday,71.59,69.08,70.86,2.51,93.21,1.1019,3.7501,65.9,251.0,EIA/FRED/Bloomberg reference + synthetic daily interpolation
2021-03-11,2021,3,11,Thursday,69.76,68.88,68.98,0.88,96.34,1.0669,3.7498,66.79,214.0,EIA/FRED/Bloomberg reference + synthetic daily interpolation
2021-03-12,2021,3,12,Friday,71.31,68.25,70.66,3.06,96.58,1.0553,3.7497,69.54,261.0,EIA/FRED/Bloomberg reference + synthetic daily interpolation
2021-03-15,2021,3,15,Monday,71.2,66.59,70.5,4.61,95.15,1.077,3.75,69.64,233.0,EIA/FRED/Bloomberg reference + synthetic daily interpolation
2021-03-16,2021,3,16,Tuesday,71.2,67.61,69.93,3.59,96.78,1.048,3.7501,69.09,238.0,EIA/FRED/Bloomberg reference + synthetic daily interpolation
2021-03-17,2021,3,17,Wednesday,72.06,69.15,72.04,2.91,95.55,1.0673,3.75,71.22,236.0,EIA/FRED/Bloomberg reference + synthetic daily interpolation
2021-03-18,2021,3,18,Thursday,70.23,66.3,71.29,3.93,95.3,1.0732,3.7499,67.78,243.0,EIA/FRED/Bloomberg reference + synthetic daily interpolation
2021-03-19,2021,3,19,Friday,72.97,67.4,73.63,5.57,96.76,1.0541,3.75,67.51,194.0,EIA/FRED/Bloomberg reference + synthetic daily interpolation
2021-03-22,2021,3,22,Monday,72.55,71.43,72.81,1.12,95.34,1.0646,3.75,67.16,227.0,EIA/FRED/Bloomberg reference + synthetic daily interpolation
2021-03-23,2021,3,23,Tuesday,73.93,69.06,74.85,4.87,96.59,1.0537,3.7498,67.02,256.0,EIA/FRED/Bloomberg reference + synthetic daily interpolation
2021-03-24,2021,3,24,Wednesday,73.19,71.22,74.1,1.97,95.0,1.0713,3.7498,69.77,244.0,EIA/FRED/Bloomberg reference + synthetic daily interpolation
2021-03-25,2021,3,25,Thursday,73.45,69.28,74.6,4.17,95.47,1.0772,3.7498,70.45,228.0,EIA/FRED/Bloomberg reference + synthetic daily interpolation
2021-03-26,2021,3,26,Friday,71.15,65.91,72.05,5.24,97.41,1.0328,3.7496,69.72,219.0,EIA/FRED/Bloomberg reference + synthetic daily interpolation
2021-03-29,2021,3,29,Monday,71.04,67.36,71.33,3.68,95.18,1.0728,3.7496,69.76,236.0,EIA/FRED/Bloomberg reference + synthetic daily interpolation
2021-03-30,2021,3,30,Tuesday,72.01,67.17,71.19,4.84,95.3,1.0735,3.7501,70.94,249.0,EIA/FRED/Bloomberg reference + synthetic daily interpolation
2021-03-31,2021,3,31,Wednesday,74.59,71.92,74.99,2.67,94.28,1.0799,3.7498,72.66,233.0,EIA/FRED/Bloomberg reference + synthetic daily interpolation
2021-04-01,2021,4,1,Thursday,71.19,66.95,70.84,4.24,96.24,1.052,3.7501,67.98,215.0,EIA/FRED/Bloomberg reference + synthetic daily interpolation
2021-04-02,2021,4,2,Friday,72.47,67.34,72.99,5.13,92.63,1.112,3.7497,68.17,235.0,EIA/FRED/Bloomberg reference + synthetic daily interpolation
2021-04-05,2021,4,5,Monday,71.06,67.16,71.88,3.9,93.86,1.0934,3.75,68.17,220.0,EIA/FRED/Bloomberg reference + synthetic daily interpolation
2021-04-06,2021,4,6,Tuesday,75.03,70.01,74.38,5.02,95.57,1.0715,3.7497,69.9,242.0,EIA/FRED/Bloomberg reference + synthetic daily interpolation
2021-04-07,2021,4,7,Wednesday,71.3,69.8,71.64,1.5,97.22,1.0379,3.7498,67.57,243.0,EIA/FRED/Bloomberg reference + synthetic daily interpolation
2021-04-08,2021,4,8,Thursday,71.56,65.61,72.15,5.95,96.24,1.0532,3.7497,69.73,222.0,EIA/FRED/Bloomberg reference + synthetic daily interpolation
2021-04-09,2021,4,9,Friday,73.09,72.23,72.83,0.86,97.15,1.0385,3.7498,68.82,232.0,EIA/FRED/Bloomberg reference + synthetic daily interpolation
2021-04-12,2021,4,12,Monday,72.88,71.69,71.52,1.19,94.41,1.0865,3.7499,70.21,259.0,EIA/FRED/Bloomberg reference + synthetic daily interpolation
2021-04-13,2021,4,13,Tuesday,75.67,71.95,76.09,3.72,95.63,1.0646,3.7501,66.78,265.0,EIA/FRED/Bloomberg reference + synthetic daily interpolation
2021-04-14,2021,4,14,Wednesday,73.61,67.9,72.74,5.71,95.08,1.0679,3.75,68.35,225.0,EIA/FRED/Bloomberg reference + synthetic daily interpolation
2021-04-15,2021,4,15,Thursday,73.75,71.12,73.71,2.63,94.99,1.0763,3.7498,69.37,233.0,EIA/FRED/Bloomberg reference + synthetic daily interpolation
2021-04-16,2021,4,16,Friday,72.03,66.51,72.18,5.52,96.12,1.0573,3.7497,66.83,262.0,EIA/FRED/Bloomberg reference + synthetic daily interpolation
2021-04-19,2021,4,19,Monday,72.07,66.83,71.58,5.24,95.73,1.0652,3.7497,70.04,240.0,EIA/FRED/Bloomberg reference + synthetic daily interpolation
2021-04-20,2021,4,20,Tuesday,72.83,68.1,74.11,4.73,94.77,1.0846,3.7501,67.97,226.0,EIA/FRED/Bloomberg reference + synthetic daily interpolation
2021-04-21,2021,4,21,Wednesday,73.84,69.83,72.59,4.01,96.43,1.0534,3.7501,68.88,241.0,EIA/FRED/Bloomberg reference + synthetic daily interpolation
2021-04-22,2021,4,22,Thursday,73.22,70.64,73.92,2.58,93.58,1.0933,3.7497,69.42,238.0,EIA/FRED/Bloomberg reference + synthetic daily interpolation
2021-04-23,2021,4,23,Friday,73.84,70.45,73.76,3.39,94.7,1.0827,3.75,64.11,260.0,EIA/FRED/Bloomberg reference + synthetic daily interpolation
2021-04-26,2021,4,26,Monday,72.51,67.61,72.84,4.9,96.11,1.0599,3.7498,70.14,249.0,EIA/FRED/Bloomberg reference + synthetic daily interpolation
2021-04-27,2021,4,27,Tuesday,73.24,69.95,74.68,3.29,97.64,1.0316,3.7499,70.15,273.0,EIA/FRED/Bloomberg reference + synthetic daily interpolation
2021-04-28,2021,4,28,Wednesday,73.45,69.47,72.24,3.98,95.26,1.067,3.75,70.14,249.0,EIA/FRED/Bloomberg reference + synthetic daily interpolation
2021-04-29,2021,4,29,Thursday,73.95,72.53,75.33,1.42,94.02,1.0993,3.7496,68.0,235.0,EIA/FRED/Bloomberg reference + synthetic daily interpolation
2021-04-30,2021,4,30,Friday,73.75,73.1,72.55,0.65,96.98,1.0392,3.7498,72.2,207.0,EIA/FRED/Bloomberg reference + synthetic daily interpolation
2021-05-03,2021,5,3,Monday,74.25,72.32,74.4,1.93,94.37,1.0893,3.7496,67.47,240.0,EIA/FRED/Bloomberg reference + synthetic daily interpolation
2021-05-04,2021,5,4,Tuesday,73.69,69.49,74.45,4.2,96.93,1.0522,3.7498,71.24,239.0,EIA/FRED/Bloomberg reference + synthetic daily interpolation
2021-05-05,2021,5,5,Wednesday,73.27,71.63,72.7,1.64,94.85,1.0795,3.7498,66.15,226.0,EIA/FRED/Bloomberg reference + synthetic daily interpolation
2021-05-06,2021,5,6,Thursday,74.45,71.83,75.44,2.62,95.18,1.0704,3.7497,70.46,239.0,EIA/FRED/Bloomberg reference + synthetic daily interpolation
2021-05-07,2021,5,7,Friday,75.0,74.45,76.25,0.55,95.15,1.0791,3.75,68.2,270.0,EIA/FRED/Bloomberg reference + synthetic daily interpolation
2021-05-10,2021,5,10,Monday,74.59,73.35,73.4,1.24,94.64,1.088,3.75,71.19,236.0,EIA/FRED/Bloomberg reference + synthetic daily interpolation
2021-05-11,2021,5,11,Tuesday,72.85,72.16,73.43,0.69,96.74,1.0445,3.7499,66.28,254.0,EIA/FRED/Bloomberg reference + synthetic daily interpolation
2021-05-12,2021,5,12,Wednesday,72.65,67.04,71.34,5.61,96.89,1.0472,3.7499,65.65,266.0,EIA/FRED/Bloomberg reference + synthetic daily interpolation
2021-05-13,2021,5,13,Thursday,74.51,73.56,75.84,0.95,94.41,1.0865,3.7501,69.06,262.0,EIA/FRED/Bloomberg reference + synthetic daily interpolation
2021-05-14,2021,5,14,Friday,74.48,70.76,75.3,3.72,96.26,1.0591,3.7496,65.1,227.0,EIA/FRED/Bloomberg reference + synthetic daily interpolation
2021-05-17,2021,5,17,Monday,73.16,67.59,72.22,5.57,96.79,1.0528,3.7501,70.49,236.0,EIA/FRED/Bloomberg reference + synthetic daily interpolation
2021-05-18,2021,5,18,Tuesday,72.19,66.41,72.24,5.78,96.18,1.0589,3.7499,66.5,273.0,EIA/FRED/Bloomberg reference + synthetic daily interpolation
2021-05-19,2021,5,19,Wednesday,75.33,73.8,74.37,1.53,95.7,1.0579,3.7497,67.44,244.0,EIA/FRED/Bloomberg reference + synthetic daily interpolation
2021-05-20,2021,5,20,Thursday,73.04,68.6,72.74,4.44,98.13,1.0232,3.75,67.88,234.0,EIA/FRED/Bloomberg reference + synthetic daily interpolation
2021-05-21,2021,5,21,Friday,74.1,70.35,75.08,3.75,96.08,1.0576,3.7499,67.46,252.0,EIA/FRED/Bloomberg reference + synthetic daily interpolation
2021-05-24,2021,5,24,Monday,74.15,68.49,73.15,5.66,96.16,1.0533,3.7499,68.66,252.0,EIA/FRED/Bloomberg reference + synthetic daily interpolation
2021-05-25,2021,5,25,Tuesday,74.35,71.2,73.69,3.15,96.07,1.0577,3.7498,69.49,233.0,EIA/FRED/Bloomberg reference + synthetic daily interpolation
2021-05-26,2021,5,26,Wednesday,73.86,69.85,74.02,4.01,98.06,1.0373,3.7501,71.34,240.0,EIA/FRED/Bloomberg reference + synthetic daily interpolation
2021-05-27,2021,5,27,Thursday,74.64,68.85,75.3,5.79,96.5,1.0494,3.7501,69.47,244.0,EIA/FRED/Bloomberg reference + synthetic daily interpolation
2021-05-28,2021,5,28,Friday,74.2,68.8,75.68,5.4,93.86,1.0939,3.7498,67.24,232.0,EIA/FRED/Bloomberg reference + synthetic daily interpolation
2021-05-31,2021,5,31,Monday,74.37,71.16,73.43,3.21,97.06,1.0513,3.75,66.46,241.0,EIA/FRED/Bloomberg reference + synthetic daily interpolation
2021-06-01,2021,6,1,Tuesday,73.95,72.01,73.74,1.94,94.04,1.0856,3.7499,72.25,211.0,EIA/FRED/Bloomberg reference + synthetic daily interpolation
2021-06-02,2021,6,2,Wednesday,75.67,74.79,75.48,0.88,94.28,1.092,3.7497,67.51,270.0,EIA/FRED/Bloomberg reference + synthetic daily interpolation
2021-06-03,2021,6,3,Thursday,74.42,69.94,74.07,4.48,98.01,1.0359,3.7498,69.27,234.0,EIA/FRED/Bloomberg reference + synthetic daily interpolation
2021-06-04,2021,6,4,Friday,74.44,73.73,73.44,0.71,96.59,1.0516,3.7497,69.31,204.0,EIA/FRED/Bloomberg reference + synthetic daily interpolation
2021-06-07,2021,6,7,Monday,73.26,72.66,74.11,0.6,96.25,1.0552,3.75,66.52,211.0,EIA/FRED/Bloomberg reference + synthetic daily interpolation
2021-06-08,2021,6,8,Tuesday,74.02,68.58,75.05,5.44,97.97,1.0322,3.7497,65.48,246.0,EIA/FRED/Bloomberg reference + synthetic daily interpolation
2021-06-09,2021,6,9,Wednesday,74.08,68.73,74.36,5.35,95.97,1.0661,3.7497,69.27,262.0,EIA/FRED/Bloomberg reference + synthetic daily interpolation
2021-06-10,2021,6,10,Thursday,72.69,67.7,72.78,4.99,95.2,1.0738,3.7501,68.67,246.0,EIA/FRED/Bloomberg reference + synthetic daily interpolation
2021-06-11,2021,6,11,Friday,73.8,72.53,73.0,1.27,94.61,1.0818,3.75,68.99,238.0,EIA/FRED/Bloomberg reference + synthetic daily interpolation
2021-06-14,2021,6,14,Monday,73.75,69.54,73.63,4.21,94.42,1.0811,3.7498,69.52,235.0,EIA/FRED/Bloomberg reference + synthetic daily interpolation
2021-06-15,2021,6,15,Tuesday,73.88,68.52,73.97,5.36,95.02,1.0783,3.75,69.32,212.0,EIA/FRED/Bloomberg reference + synthetic daily interpolation
2021-06-16,2021,6,16,Wednesday,75.96,73.69,75.39,2.27,96.87,1.0493,3.75,69.42,229.0,EIA/FRED/Bloomberg reference + synthetic daily interpolation
2021-06-17,2021,6,17,Thursday,73.18,69.73,73.61,3.45,96.02,1.0573,3.7499,68.92,288.0,EIA/FRED/Bloomberg reference + synthetic daily interpolation
2021-06-18,2021,6,18,Friday,73.42,71.51,72.45,1.91,95.08,1.0723,3.7501,66.15,252.0,EIA/FRED/Bloomberg reference + synthetic daily interpolation
2021-06-21,2021,6,21,Monday,71.44,70.89,71.51,0.55,97.07,1.0515,3.7498,73.22,239.0,EIA/FRED/Bloomberg reference + synthetic daily interpolation
2021-06-22,2021,6,22,Tuesday,73.26,70.97,72.0,2.29,94.98,1.0696,3.75,67.31,240.0,EIA/FRED/Bloomberg reference + synthetic daily interpolation
2021-06-23,2021,6,23,Wednesday,72.54,68.33,72.23,4.21,97.78,1.0339,3.7499,69.82,224.0,EIA/FRED/Bloomberg reference + synthetic daily interpolation
2021-06-24,2021,6,24,Thursday,72.41,69.17,71.62,3.24,95.81,1.0481,3.7497,68.58,220.0,EIA/FRED/Bloomberg reference + synthetic daily interpolation
2021-06-25,2021,6,25,Friday,73.98,72.24,73.05,1.74,95.57,1.0725,3.75,68.94,237.0,EIA/FRED/Bloomberg reference + synthetic daily interpolation
2021-06-28,2021,6,28,Monday,75.75,70.89,74.7,4.86,94.45,1.0892,3.75,68.61,205.0,EIA/FRED/Bloomberg reference + synthetic daily interpolation
2021-06-29,2021,6,29,Tuesday,73.77,71.7,74.01,2.07,96.32,1.055,3.7499,73.47,268.0,EIA/FRED/Bloomberg reference + synthetic daily interpolation
2021-06-30,2021,6,30,Wednesday,74.74,70.51,73.46,4.23,94.57,1.0809,3.7499,69.96,212.0,EIA/FRED/Bloomberg reference + synthetic daily interpolation
2021-07-01,2021,7,1,Thursday,73.55,68.08,73.07,5.47,94.85,1.0744,3.75,70.03,229.0,EIA/FRED/Bloomberg reference + synthetic daily interpolation
2021-07-02,2021,7,2,Friday,75.08,72.24,76.13,2.84,96.09,1.0594,3.7498,68.89,237.0,EIA/FRED/Bloomberg reference + synthetic daily interpolation
2021-07-05,2021,7,5,Monday,74.65,68.82,76.15,5.83,96.34,1.0587,3.7497,65.25,264.0,EIA/FRED/Bloomberg reference + synthetic daily interpolation
2021-07-06,2021,7,6,Tuesday,71.95,71.11,72.59,0.84,96.16,1.0664,3.75,68.34,227.0,EIA/FRED/Bloomberg reference + synthetic daily interpolation
2021-07-07,2021,7,7,Wednesday,73.37,69.68,74.18,3.69,95.02,1.0751,3.7499,67.76,235.0,EIA/FRED/Bloomberg reference + synthetic daily interpolation
2021-07-08,2021,7,8,Thursday,72.88,70.57,73.19,2.31,92.75,1.1162,3.7498,66.77,289.0,EIA/FRED/Bloomberg reference + synthetic daily interpolation
2021-07-09,2021,7,9,Friday,72.15,70.35,71.33,1.8,98.09,1.022,3.75,67.9,251.0,EIA/FRED/Bloomberg reference + synthetic daily interpolation
2021-07-12,2021,7,12,Monday,73.61,70.83,72.77,2.78,96.37,1.0512,3.7498,70.64,227.0,EIA/FRED/Bloomberg reference + synthetic daily interpolation
2021-07-13,2021,7,13,Tuesday,73.05,67.44,73.99,5.61,93.69,1.0961,3.75,67.38,282.0,EIA/FRED/Bloomberg reference + synthetic daily interpolation
2021-07-14,2021,7,14,Wednesday,75.18,71.92,75.33,3.26,95.76,1.0628,3.7497,71.21,220.0,EIA/FRED/Bloomberg reference + synthetic daily interpolation
2021-07-15,2021,7,15,Thursday,74.1,71.86,73.45,2.24,94.6,1.0874,3.75,69.75,231.0,EIA/FRED/Bloomberg reference + synthetic daily interpolation
2021-07-16,2021,7,16,Friday,72.87,67.18,72.83,5.69,98.23,1.0312,3.75,68.2,224.0,EIA/FRED/Bloomberg reference + synthetic daily interpolation
2021-07-19,2021,7,19,Monday,70.6,68.42,70.35,2.18,94.2,1.0863,3.75,69.83,251.0,EIA/FRED/Bloomberg reference + synthetic daily interpolation
2021-07-20,2021,7,20,Tuesday,71.8,70.02,72.91,1.78,95.68,1.066,3.7496,68.84,228.0,EIA/FRED/Bloomberg reference + synthetic daily interpolation
2021-07-21,2021,7,21,Wednesday,71.67,70.21,72.12,1.46,94.04,1.0861,3.75,69.47,237.0,EIA/FRED/Bloomberg reference + synthetic daily interpolation
2021-07-22,2021,7,22,Thursday,73.76,70.91,74.2,2.85,96.0,1.0512,3.7499,70.21,211.0,EIA/FRED/Bloomberg reference + synthetic daily interpolation
2021-07-23,2021,7,23,Friday,72.38,69.64,71.02,2.74,94.58,1.0798,3.7499,70.12,230.0,EIA/FRED/Bloomberg reference + synthetic daily interpolation
2021-07-26,2021,7,26,Monday,73.43,68.27,74.79,5.16,94.09,1.093,3.7501,66.54,230.0,EIA/FRED/Bloomberg reference + synthetic daily interpolation
2021-07-27,2021,7,27,Tuesday,71.25,65.55,69.85,5.7,97.74,1.0321,3.7496,69.26,234.0,EIA/FRED/Bloomberg reference + synthetic daily interpolation
2021-07-28,2021,7,28,Wednesday,71.1,69.27,69.71,1.83,93.74,1.096,3.7499,66.76,208.0,EIA/FRED/Bloomberg reference + synthetic daily interpolation
2021-07-29,2021,7,29,Thursday,71.45,70.6,70.62,0.85,96.55,1.057,3.7498,71.75,206.0,EIA/FRED/Bloomberg reference + synthetic daily interpolation
2021-07-30,2021,7,30,Friday,72.78,70.04,73.83,2.74,95.02,1.0683,3.75,64.75,242.0,EIA/FRED/Bloomberg reference + synthetic daily interpolation
2021-08-02,2021,8,2,Monday,72.9,67.45,73.76,5.45,94.23,1.0866,3.7497,69.77,234.0,EIA/FRED/Bloomberg reference + synthetic daily interpolation
2021-08-03,2021,8,3,Tuesday,69.77,66.11,69.01,3.66,94.72,1.0809,3.7496,67.37,214.0,EIA/FRED/Bloomberg reference + synthetic daily interpolation
2021-08-04,2021,8,4,Wednesday,72.64,70.21,73.06,2.43,96.94,1.0488,3.75,66.35,227.0,EIA/FRED/Bloomberg reference + synthetic daily interpolation
2021-08-05,2021,8,5,Thursday,71.91,70.07,73.12,1.84,94.67,1.0837,3.7499,69.34,285.0,EIA/FRED/Bloomberg reference + synthetic daily interpolation
2021-08-06,2021,8,6,Friday,70.69,67.97,70.74,2.72,95.31,1.0737,3.7497,66.77,212.0,EIA/FRED/Bloomberg reference + synthetic daily interpolation
2021-08-09,2021,8,9,Monday,72.43,71.07,71.9,1.36,94.86,1.0743,3.75,69.78,225.0,EIA/FRED/Bloomberg reference + synthetic daily interpolation
2021-08-10,2021,8,10,Tuesday,72.05,66.4,70.68,5.65,95.67,1.061,3.7496,67.19,208.0,EIA/FRED/Bloomberg reference + synthetic daily interpolation
2021-08-11,2021,8,11,Wednesday,72.39,68.3,71.99,4.09,96.6,1.0507,3.7501,65.23,264.0,EIA/FRED/Bloomberg reference + synthetic daily interpolation
2021-08-12,2021,8,12,Thursday,71.02,66.08,71.93,4.94,95.64,1.065,3.7496,71.25,254.0,EIA/FRED/Bloomberg reference + synthetic daily interpolation
2021-08-13,2021,8,13,Friday,72.61,68.14,71.42,4.47,96.84,1.0401,3.7496,69.09,224.0,EIA/FRED/Bloomberg reference + synthetic daily interpolation
2021-08-16,2021,8,16,Monday,72.36,69.56,71.57,2.8,96.12,1.0586,3.7497,67.95,213.0,EIA/FRED/Bloomberg reference + synthetic daily interpolation
2021-08-17,2021,8,17,Tuesday,69.8,66.79,69.4,3.01,96.12,1.058,3.7497,70.93,226.0,EIA/FRED/Bloomberg reference + synthetic daily interpolation
2021-08-18,2021,8,18,Wednesday,73.12,70.27,72.12,2.85,96.66,1.0552,3.75,64.61,252.0,EIA/FRED/Bloomberg reference + synthetic daily interpolation
2021-08-19,2021,8,19,Thursday,71.22,68.04,72.07,3.18,96.07,1.0643,3.7499,67.48,248.0,EIA/FRED/Bloomberg reference + synthetic daily interpolation
2021-08-20,2021,8,20,Friday,71.2,69.85,70.02,1.35,96.03,1.0658,3.7498,68.26,264.0,EIA/FRED/Bloomberg reference + synthetic daily interpolation
2021-08-23,2021,8,23,Monday,72.29,66.74,70.96,5.55,94.57,1.0792,3.7499,71.22,223.0,EIA/FRED/Bloomberg reference + synthetic daily interpolation
2021-08-24,2021,8,24,Tuesday,71.89,68.35,71.55,3.54,94.58,1.0868,3.7499,68.24,258.0,EIA/FRED/Bloomberg reference + synthetic daily interpolation
2021-08-25,2021,8,25,Wednesday,70.77,67.7,70.66,3.07,94.32,1.0777,3.75,72.26,249.0,EIA/FRED/Bloomberg reference + synthetic daily interpolation
2021-08-26,2021,8,26,Thursday,71.88,71.13,70.63,0.75,95.59,1.0636,3.7499,69.33,237.0,EIA/FRED/Bloomberg reference + synthetic daily interpolation
2021-08-27,2021,8,27,Friday,71.29,68.42,71.57,2.87,95.95,1.0619,3.7496,67.86,239.0,EIA/FRED/Bloomberg reference + synthetic daily interpolation
2021-08-30,2021,8,30,Monday,69.75,64.98,68.38,4.77,95.51,1.071,3.7497,67.92,239.0,EIA/FRED/Bloomberg reference + synthetic daily interpolation
2021-08-31,2021,8,31,Tuesday,74.4,70.2,74.54,4.2,94.91,1.0729,3.7499,70.7,242.0,EIA/FRED/Bloomberg reference + synthetic daily interpolation
2021-09-01,2021,9,1,Wednesday,71.32,66.89,72.7,4.43,96.0,1.0611,3.75,69.35,263.0,EIA/FRED/Bloomberg reference + synthetic daily interpolation
2021-09-02,2021,9,2,Thursday,70.08,69.2,69.91,0.88,94.89,1.0765,3.7501,71.35,229.0,EIA/FRED/Bloomberg reference + synthetic daily interpolation
2021-09-03,2021,9,3,Friday,70.32,65.05,70.87,5.27,96.4,1.0524,3.7499,71.46,213.0,EIA/FRED/Bloomberg reference + synthetic daily interpolation
2021-09-06,2021,9,6,Monday,69.79,66.15,68.65,3.64,97.55,1.0351,3.7497,74.24,255.0,EIA/FRED/Bloomberg reference + synthetic daily interpolation
2021-09-07,2021,9,7,Tuesday,70.14,66.63,69.02,3.51,95.78,1.0636,3.7499,68.08,272.0,EIA/FRED/Bloomberg reference + synthetic daily interpolation
2021-09-08,2021,9,8,Wednesday,70.33,68.38,69.19,1.95,94.54,1.0859,3.7497,68.4,239.0,EIA/FRED/Bloomberg reference + synthetic daily interpolation
2021-09-09,2021,9,9,Thursday,68.2,67.43,69.3,0.77,95.22,1.0739,3.75,67.86,260.0,EIA/FRED/Bloomberg reference + synthetic daily interpolation
2021-09-10,2021,9,10,Friday,70.16,64.4,71.53,5.76,95.29,1.0704,3.7498,68.98,218.0,EIA/FRED/Bloomberg reference + synthetic daily interpolation
2021-09-13,2021,9,13,Monday,69.64,67.31,69.18,2.33,94.02,1.082,3.7499,70.86,280.0,EIA/FRED/Bloomberg reference + synthetic daily interpolation
2021-09-14,2021,9,14,Tuesday,69.56,68.81,70.66,0.75,96.37,1.0543,3.7499,71.06,263.0,EIA/FRED/Bloomberg reference + synthetic daily interpolation
2021-09-15,2021,9,15,Wednesday,70.62,64.91,70.31,5.71,95.9,1.0658,3.7498,69.66,227.0,EIA/FRED/Bloomberg reference + synthetic daily interpolation
2021-09-16,2021,9,16,Thursday,69.97,66.95,69.56,3.02,96.08,1.0538,3.7497,66.75,233.0,EIA/FRED/Bloomberg reference + synthetic daily interpolation
2021-09-17,2021,9,17,Friday,72.19,68.45,70.75,3.74,94.93,1.0722,3.7497,67.38,235.0,EIA/FRED/Bloomberg reference + synthetic daily interpolation
2021-09-20,2021,9,20,Monday,70.14,69.48,69.68,0.66,96.26,1.0562,3.7499,66.58,257.0,EIA/FRED/Bloomberg reference + synthetic daily interpolation
2021-09-21,2021,9,21,Tuesday,68.22,66.14,66.8,2.08,94.14,1.0963,3.7499,69.64,267.0,EIA/FRED/Bloomberg reference + synthetic daily interpolation
2021-09-22,2021,9,22,Wednesday,68.8,63.21,68.23,5.59,96.48,1.0562,3.7496,70.37,239.0,EIA/FRED/Bloomberg reference + synthetic daily interpolation
2021-09-23,2021,9,23,Thursday,68.48,62.68,69.53,5.8,94.97,1.0737,3.7498,68.41,260.0,EIA/FRED/Bloomberg reference + synthetic daily interpolation
2021-09-24,2021,9,24,Friday,69.97,69.03,71.43,0.94,96.58,1.0547,3.7499,68.9,228.0,EIA/FRED/Bloomberg reference + synthetic daily interpolation
2021-09-27,2021,9,27,Monday,67.97,64.42,66.82,3.55,96.14,1.0576,3.7499,64.48,248.0,EIA/FRED/Bloomberg reference + synthetic daily interpolation
2021-09-28,2021,9,28,Tuesday,71.8,71.16,70.4,0.64,95.25,1.0657,3.7501,69.78,210.0,EIA/FRED/Bloomberg reference + synthetic daily interpolation
2021-09-29,2021,9,29,Wednesday,68.27,67.25,68.48,1.02,94.1,1.0934,3.7498,73.54,243.0,EIA/FRED/Bloomberg reference + synthetic daily interpolation
2021-09-30,2021,9,30,Thursday,71.04,67.74,71.06,3.3,93.62,1.1041,3.7501,67.44,235.0,EIA/FRED/Bloomberg reference + synthetic daily interpolation
2021-10-01,2021,10,1,Friday,69.46,65.97,68.64,3.49,94.06,1.0876,3.7498,69.65,213.0,EIA/FRED/Bloomberg reference + synthetic daily interpolation
2021-10-04,2021,10,4,Monday,71.19,69.21,70.77,1.98,96.44,1.0555,3.7497,71.56,263.0,EIA/FRED/Bloomberg reference + synthetic daily interpolation
2021-10-05,2021,10,5,Tuesday,68.88,65.51,68.82,3.37,95.87,1.0722,3.7497,68.44,253.0,EIA/FRED/Bloomberg reference + synthetic daily interpolation
2021-10-06,2021,10,6,Wednesday,66.18,61.71,64.72,4.47,96.07,1.0609,3.7497,67.36,262.0,EIA/FRED/Bloomberg reference + synthetic daily interpolation
2021-10-07,2021,10,7,Thursday,68.59,64.95,67.55,3.64,96.61,1.0512,3.75,69.29,241.0,EIA/FRED/Bloomberg reference + synthetic daily interpolation
2021-10-08,2021,10,8,Friday,70.3,67.71,70.41,2.59,94.94,1.0801,3.75,67.87,216.0,EIA/FRED/Bloomberg reference + synthetic daily interpolation
2021-10-11,2021,10,11,Monday,69.0,66.72,68.59,2.28,95.13,1.0767,3.7499,71.61,257.0,EIA/FRED/Bloomberg reference + synthetic daily interpolation
2021-10-12,2021,10,12,Tuesday,70.56,64.97,71.87,5.59,94.42,1.0862,3.75,69.64,251.0,EIA/FRED/Bloomberg reference + synthetic daily interpolation
2021-10-13,2021,10,13,Wednesday,69.55,66.78,69.48,2.77,95.19,1.0631,3.7499,68.73,232.0,EIA/FRED/Bloomberg reference + synthetic daily interpolation
2021-10-14,2021,10,14,Thursday,68.47,63.09,68.9,5.38,95.8,1.0599,3.7497,70.0,266.0,EIA/FRED/Bloomberg reference + synthetic daily interpolation
2021-10-15,2021,10,15,Friday,68.1,64.98,69.13,3.12,97.41,1.0387,3.7501,68.81,259.0,EIA/FRED/Bloomberg reference + synthetic daily interpolation
2021-10-18,2021,10,18,Monday,66.92,65.92,66.89,1.0,95.9,1.0599,3.7498,68.62,241.0,EIA/FRED/Bloomberg reference + synthetic daily interpolation
2021-10-19,2021,10,19,Tuesday,69.3,66.83,68.83,2.47,95.93,1.0644,3.7497,68.82,279.0,EIA/FRED/Bloomberg reference + synthetic daily interpolation
2021-10-20,2021,10,20,Wednesday,67.22,63.32,65.8,3.9,95.33,1.0741,3.7501,66.08,246.0,EIA/FRED/Bloomberg reference + synthetic daily interpolation
2021-10-21,2021,10,21,Thursday,69.15,63.62,67.87,5.53,96.7,1.0536,3.75,67.45,253.0,EIA/FRED/Bloomberg reference + synthetic daily interpolation
2021-10-22,2021,10,22,Friday,69.29,65.59,70.72,3.7,95.01,1.0693,3.7497,69.41,267.0,EIA/FRED/Bloomberg reference + synthetic daily interpolation
2021-10-25,2021,10,25,Monday,69.44,67.23,68.8,2.21,98.48,1.0302,3.7497,69.37,225.0,EIA/FRED/Bloomberg reference + synthetic daily interpolation
2021-10-26,2021,10,26,Tuesday,69.64,68.71,70.27,0.93,94.81,1.0776,3.75,71.93,262.0,EIA/FRED/Bloomberg reference + synthetic daily interpolation
2021-10-27,2021,10,27,Wednesday,68.26,63.78,69.31,4.48,95.42,1.0657,3.7498,66.4,251.0,EIA/FRED/Bloomberg reference + synthetic daily interpolation
2021-10-28,2021,10,28,Thursday,67.49,63.76,68.54,3.73,95.64,1.058,3.7499,65.89,250.0,EIA/FRED/Bloomberg reference + synthetic daily interpolation
2021-10-29,2021,10,29,Friday,68.62,63.32,69.19,5.3,95.56,1.0642,3.75,68.38,256.0,EIA/FRED/Bloomberg reference + synthetic daily interpolation
2021-11-01,2021,11,1,Monday,67.11,66.59,67.01,0.52,94.12,1.0906,3.75,68.02,221.0,EIA/FRED/Bloomberg reference + synthetic daily interpolation
2021-11-02,2021,11,2,Tuesday,67.45,66.69,68.51,0.76,93.93,1.0904,3.75,71.13,227.0,EIA/FRED/Bloomberg reference + synthetic daily interpolation
2021-11-03,2021,11,3,Wednesday,68.21,66.1,68.05,2.11,94.39,1.0821,3.7501,67.61,259.0,EIA/FRED/Bloomberg reference + synthetic daily interpolation
2021-11-04,2021,11,4,Thursday,67.83,66.18,68.31,1.65,94.78,1.0821,3.7499,70.54,219.0,EIA/FRED/Bloomberg reference + synthetic daily interpolation
2021-11-05,2021,11,5,Friday,68.17,67.28,69.0,0.89,96.3,1.0576,3.7496,69.86,256.0,EIA/FRED/Bloomberg reference + synthetic daily interpolation
2021-11-08,2021,11,8,Monday,67.12,64.69,67.89,2.43,94.88,1.0817,3.7496,70.2,274.0,EIA/FRED/Bloomberg reference + synthetic daily interpolation
2021-11-09,2021,11,9,Tuesday,67.91,65.3,67.93,2.61,94.35,1.0818,3.7497,68.6,249.0,EIA/FRED/Bloomberg reference + synthetic daily interpolation
2021-11-10,2021,11,10,Wednesday,67.89,66.03,68.15,1.86,95.62,1.0627,3.75,65.83,224.0,EIA/FRED/Bloomberg reference + synthetic daily interpolation
2021-11-11,2021,11,11,Thursday,67.92,66.98,67.63,0.94,95.98,1.0594,3.75,68.43,269.0,EIA/FRED/Bloomberg reference + synthetic daily interpolation
2021-11-12,2021,11,12,Friday,68.96,67.28,67.94,1.68,93.51,1.0992,3.7497,67.34,239.0,EIA/FRED/Bloomberg reference + synthetic daily interpolation
2021-11-15,2021,11,15,Monday,67.55,64.64,67.36,2.91,98.68,1.0191,3.7497,70.81,249.0,EIA/FRED/Bloomberg reference + synthetic daily interpolation
2021-11-16,2021,11,16,Tuesday,67.08,63.0,68.58,4.08,93.08,1.1082,3.75,69.26,247.0,EIA/FRED/Bloomberg reference + synthetic daily interpolation
2021-11-17,2021,11,17,Wednesday,66.35,61.22,66.22,5.13,98.73,1.0149,3.7501,70.81,222.0,EIA/FRED/Bloomberg reference + synthetic daily interpolation
2021-11-18,2021,11,18,Thursday,68.95,66.14,70.25,2.81,97.85,1.0305,3.7498,68.59,232.0,EIA/FRED/Bloomberg reference + synthetic daily interpolation
2021-11-19,2021,11,19,Friday,66.23,63.6,65.19,2.63,96.59,1.0518,3.75,66.88,231.0,EIA/FRED/Bloomberg reference + synthetic daily interpolation
2021-11-22,2021,11,22,Monday,67.99,62.33,69.22,5.66,97.49,1.0487,3.75,72.62,276.0,EIA/FRED/Bloomberg reference + synthetic daily interpolation
2021-11-23,2021,11,23,Tuesday,68.45,66.13,69.79,2.32,93.74,1.0867,3.7498,67.77,213.0,EIA/FRED/Bloomberg reference + synthetic daily interpolation
2021-11-24,2021,11,24,Wednesday,69.17,63.84,67.97,5.33,94.7,1.0721,3.7497,71.41,242.0,EIA/FRED/Bloomberg reference + synthetic daily interpolation
2021-11-25,2021,11,25,Thursday,67.72,62.78,66.26,4.94,94.37,1.0824,3.7497,67.63,248.0,EIA/FRED/Bloomberg reference + synthetic daily interpolation
2021-11-26,2021,11,26,Friday,65.78,61.09,65.47,4.69,97.09,1.0479,3.7496,67.47,224.0,EIA/FRED/Bloomberg reference + synthetic daily interpolation
2021-11-29,2021,11,29,Monday,66.53,64.22,66.76,2.31,95.38,1.0713,3.7499,69.44,185.0,EIA/FRED/Bloomberg reference + synthetic daily interpolation
2021-11-30,2021,11,30,Tuesday,67.91,63.76,67.98,4.15,95.32,1.07,3.7498,68.82,266.0,EIA/FRED/Bloomberg reference + synthetic daily interpolation
2021-12-01,2021,12,1,Wednesday,67.43,64.26,67.2,3.17,94.66,1.0777,3.7499,71.04,219.0,EIA/FRED/Bloomberg reference + synthetic daily interpolation
2021-12-02,2021,12,2,Thursday,67.72,64.51,68.71,3.21,95.21,1.0713,3.7498,69.59,252.0,EIA/FRED/Bloomberg reference + synthetic daily interpolation
2021-12-03,2021,12,3,Friday,65.6,63.08,66.06,2.52,94.83,1.073,3.75,71.05,276.0,EIA/FRED/Bloomberg reference + synthetic daily interpolation
2021-12-06,2021,12,6,Monday,68.77,63.06,68.14,5.71,95.25,1.0642,3.7501,66.18,261.0,EIA/FRED/Bloomberg reference + synthetic daily interpolation
2021-12-07,2021,12,7,Tuesday,67.49,64.0,67.91,3.49,95.62,1.0723,3.75,70.46,202.0,EIA/FRED/Bloomberg reference + synthetic daily interpolation
2021-12-08,2021,12,8,Wednesday,68.06,64.87,67.38,3.19,97.33,1.0396,3.7498,68.11,214.0,EIA/FRED/Bloomberg reference + synthetic daily interpolation
2021-12-09,2021,12,9,Thursday,67.04,64.48,67.52,2.56,96.5,1.0509,3.7498,67.15,253.0,EIA/FRED/Bloomberg reference + synthetic daily interpolation
2021-12-10,2021,12,10,Friday,68.05,62.12,69.47,5.93,95.87,1.0578,3.7497,68.01,249.0,EIA/FRED/Bloomberg reference + synthetic daily interpolation
2021-12-13,2021,12,13,Monday,67.08,63.35,66.61,3.73,94.33,1.088,3.75,69.79,215.0,EIA/FRED/Bloomberg reference + synthetic daily interpolation
2021-12-14,2021,12,14,Tuesday,66.52,63.47,65.16,3.05,92.85,1.1138,3.7498,68.14,231.0,EIA/FRED/Bloomberg reference + synthetic daily interpolation
2021-12-15,2021,12,15,Wednesday,67.81,66.97,66.97,0.84,97.48,1.0384,3.7499,65.37,234.0,EIA/FRED/Bloomberg reference + synthetic daily interpolation
2021-12-16,2021,12,16,Thursday,67.4,65.78,66.25,1.62,95.42,1.0741,3.7501,69.14,240.0,EIA/FRED/Bloomberg reference + synthetic daily interpolation
2021-12-17,2021,12,17,Friday,66.72,65.21,67.96,1.51,96.93,1.05,3.7497,71.03,211.0,EIA/FRED/Bloomberg reference + synthetic daily interpolation
2021-12-20,2021,12,20,Monday,70.19,65.38,70.82,4.81,96.17,1.0625,3.7497,71.58,241.0,EIA/FRED/Bloomberg reference + synthetic daily interpolation
2021-12-21,2021,12,21,Tuesday,68.54,64.1,67.43,4.44,95.17,1.0753,3.7496,65.62,225.0,EIA/FRED/Bloomberg reference + synthetic daily interpolation
2021-12-22,2021,12,22,Wednesday,68.73,66.72,68.98,2.01,98.62,1.0218,3.7498,70.44,237.0,EIA/FRED/Bloomberg reference + synthetic daily interpolation
2021-12-23,2021,12,23,Thursday,67.78,63.02,67.4,4.76,96.6,1.0528,3.7496,66.03,209.0,EIA/FRED/Bloomberg reference + synthetic daily interpolation
2021-12-24,2021,12,24,Friday,68.09,66.47,68.74,1.62,95.19,1.0711,3.7497,70.55,255.0,EIA/FRED/Bloomberg reference + synthetic daily interpolation
2021-12-27,2021,12,27,Monday,68.87,65.19,68.63,3.68,95.17,1.0749,3.7498,70.36,234.0,EIA/FRED/Bloomberg reference + synthetic daily interpolation
2021-12-28,2021,12,28,Tuesday,67.94,64.23,66.65,3.71,97.83,1.027,3.7497,68.16,217.0,EIA/FRED/Bloomberg reference + synthetic daily interpolation
2021-12-29,2021,12,29,Wednesday,68.54,63.89,68.38,4.65,95.68,1.0725,3.7499,69.03,209.0,EIA/FRED/Bloomberg reference + synthetic daily interpolation
2021-12-30,2021,12,30,Thursday,67.91,61.97,68.14,5.94,93.58,1.0925,3.7498,69.51,193.0,EIA/FRED/Bloomberg reference + synthetic daily interpolation
2021-12-31,2021,12,31,Friday,68.04,67.16,68.54,0.88,95.92,1.0645,3.7497,67.95,238.0,EIA/FRED/Bloomberg reference + synthetic daily interpolation
2022-01-03,2022,1,3,Monday,99.54,98.8,100.9,0.74,104.09,0.9362,3.7497,90.07,322.0,EIA/FRED/Bloomberg reference + synthetic daily interpolation
2022-01-04,2022,1,4,Tuesday,96.62,94.67,95.23,1.95,105.69,0.8989,3.7498,82.11,325.0,EIA/FRED/Bloomberg reference + synthetic daily interpolation
2022-01-05,2022,1,5,Wednesday,96.04,94.73,94.61,1.31,103.99,0.9383,3.7499,86.48,319.0,EIA/FRED/Bloomberg reference + synthetic daily interpolation
2022-01-06,2022,1,6,Thursday,97.43,95.4,96.02,2.03,104.45,0.9292,3.7499,88.68,307.0,EIA/FRED/Bloomberg reference + synthetic daily interpolation
2022-01-07,2022,1,7,Friday,98.2,97.47,97.69,0.73,105.8,0.9127,3.75,88.4,310.0,EIA/FRED/Bloomberg reference + synthetic daily interpolation
2022-01-10,2022,1,10,Monday,97.2,91.81,97.33,5.39,104.74,0.9274,3.7501,84.49,362.0,EIA/FRED/Bloomberg reference + synthetic daily interpolation
2022-01-11,2022,1,11,Tuesday,100.85,98.81,101.0,2.04,104.39,0.9301,3.7499,87.68,361.0,EIA/FRED/Bloomberg reference + synthetic daily interpolation
2022-01-12,2022,1,12,Wednesday,99.14,95.69,100.55,3.45,105.35,0.9195,3.7496,93.52,278.0,EIA/FRED/Bloomberg reference + synthetic daily interpolation
2022-01-13,2022,1,13,Thursday,100.83,99.82,101.42,1.01,105.73,0.9076,3.7498,89.83,335.0,EIA/FRED/Bloomberg reference + synthetic daily interpolation
2022-01-14,2022,1,14,Friday,99.55,94.64,100.79,4.91,103.33,0.9551,3.75,87.38,334.0,EIA/FRED/Bloomberg reference + synthetic daily interpolation
2022-01-17,2022,1,17,Monday,98.25,97.61,96.96,0.64,103.63,0.9376,3.7497,84.95,296.0,EIA/FRED/Bloomberg reference + synthetic daily interpolation
2022-01-18,2022,1,18,Tuesday,101.78,100.7,102.35,1.08,104.58,0.9361,3.75,88.98,367.0,EIA/FRED/Bloomberg reference + synthetic daily interpolation
2022-01-19,2022,1,19,Wednesday,99.47,96.77,99.92,2.7,104.47,0.9279,3.7497,86.3,331.0,EIA/FRED/Bloomberg reference + synthetic daily interpolation
2022-01-20,2022,1,20,Thursday,99.12,98.36,98.2,0.76,104.91,0.9267,3.7496,86.9,306.0,EIA/FRED/Bloomberg reference + synthetic daily interpolation
2022-01-21,2022,1,21,Friday,98.37,96.69,98.63,1.68,104.63,0.9148,3.7496,86.21,338.0,EIA/FRED/Bloomberg reference + synthetic daily interpolation
2022-01-24,2022,1,24,Monday,97.68,96.37,97.9,1.31,104.47,0.9309,3.7501,88.95,328.0,EIA/FRED/Bloomberg reference + synthetic daily interpolation
2022-01-25,2022,1,25,Tuesday,100.28,94.28,100.15,6.0,105.12,0.9144,3.7499,93.42,337.0,EIA/FRED/Bloomberg reference + synthetic daily interpolation
2022-01-26,2022,1,26,Wednesday,98.87,93.34,98.3,5.53,104.56,0.9309,3.7498,88.36,349.0,EIA/FRED/Bloomberg reference + synthetic daily interpolation
2022-01-27,2022,1,27,Thursday,98.26,95.14,98.49,3.12,105.84,0.9149,3.7498,87.67,331.0,EIA/FRED/Bloomberg reference + synthetic daily interpolation
2022-01-28,2022,1,28,Friday,98.52,92.78,97.32,5.74,104.04,0.9466,3.75,88.68,354.0,EIA/FRED/Bloomberg reference + synthetic daily interpolation
2022-01-31,2022,1,31,Monday,96.49,92.34,97.45,4.15,102.86,0.9517,3.7496,91.39,329.0,EIA/FRED/Bloomberg reference + synthetic daily interpolation
2022-02-01,2022,2,1,Tuesday,99.85,98.4,98.69,1.45,106.22,0.9065,3.7497,83.17,299.0,EIA/FRED/Bloomberg reference + synthetic daily interpolation
2022-02-02,2022,2,2,Wednesday,99.66,94.21,100.16,5.45,104.13,0.937,3.7497,86.19,286.0,EIA/FRED/Bloomberg reference + synthetic daily interpolation
2022-02-03,2022,2,3,Thursday,99.7,94.34,98.35,5.36,103.45,0.9578,3.7501,89.03,315.0,EIA/FRED/Bloomberg reference + synthetic daily interpolation
2022-02-04,2022,2,4,Friday,98.27,96.87,97.12,1.4,104.87,0.9309,3.75,86.66,291.0,EIA/FRED/Bloomberg reference + synthetic daily interpolation
2022-02-07,2022,2,7,Monday,98.39,95.72,98.7,2.67,105.23,0.9267,3.75,89.69,349.0,EIA/FRED/Bloomberg reference + synthetic daily interpolation
2022-02-08,2022,2,8,Tuesday,102.46,99.84,101.68,2.62,105.98,0.9079,3.7499,85.4,305.0,EIA/FRED/Bloomberg reference + synthetic daily interpolation
2022-02-09,2022,2,9,Wednesday,99.64,94.22,99.52,5.42,106.03,0.9053,3.7498,89.43,286.0,EIA/FRED/Bloomberg reference + synthetic daily interpolation
2022-02-10,2022,2,10,Thursday,102.41,97.49,103.8,4.92,104.51,0.9289,3.75,93.33,347.0,EIA/FRED/Bloomberg reference + synthetic daily interpolation
2022-02-11,2022,2,11,Friday,100.22,94.47,101.45,5.75,102.61,0.9618,3.7497,90.47,369.0,EIA/FRED/Bloomberg reference + synthetic daily interpolation
2022-02-14,2022,2,14,Monday,103.22,101.31,102.78,1.91,103.97,0.9308,3.7497,92.6,320.0,EIA/FRED/Bloomberg reference + synthetic daily interpolation
2022-02-15,2022,2,15,Tuesday,101.05,100.03,99.6,1.02,105.46,0.9152,3.7501,87.14,326.0,EIA/FRED/Bloomberg reference + synthetic daily interpolation
2022-02-16,2022,2,16,Wednesday,100.37,95.23,99.17,5.14,103.57,0.9421,3.7498,90.22,328.0,EIA/FRED/Bloomberg reference + synthetic daily interpolation
2022-02-17,2022,2,17,Thursday,99.12,94.96,99.23,4.16,104.18,0.938,3.7497,91.06,288.0,EIA/FRED/Bloomberg reference + synthetic daily interpolation
2022-02-18,2022,2,18,Friday,101.01,100.31,100.89,0.7,102.72,0.9571,3.7496,84.61,314.0,EIA/FRED/Bloomberg reference + synthetic daily interpolation
2022-02-21,2022,2,21,Monday,103.67,101.34,104.14,2.33,105.28,0.9387,3.7497,85.1,329.0,EIA/FRED/Bloomberg reference + synthetic daily interpolation
2022-02-22,2022,2,22,Tuesday,100.37,94.86,101.8,5.51,106.58,0.9032,3.7499,85.64,370.0,EIA/FRED/Bloomberg reference + synthetic daily interpolation
2022-02-23,2022,2,23,Wednesday,102.24,98.08,102.42,4.16,106.49,0.9023,3.7497,87.89,323.0,EIA/FRED/Bloomberg reference + synthetic daily interpolation
2022-02-24,2022,2,24,Thursday,99.82,95.15,100.83,4.67,103.02,0.9632,3.7498,83.0,291.0,EIA/FRED/Bloomberg reference + synthetic daily interpolation
2022-02-25,2022,2,25,Friday,98.92,93.4,97.63,5.52,106.23,0.9057,3.7498,86.63,304.0,EIA/FRED/Bloomberg reference + synthetic daily interpolation
2022-02-28,2022,2,28,Monday,103.29,100.71,101.93,2.58,104.15,0.9371,3.7498,89.58,320.0,EIA/FRED/Bloomberg reference + synthetic daily interpolation
2022-03-01,2022,3,1,Tuesday,102.0,97.68,101.1,4.32,104.95,0.9263,3.7497,72.91,350.0,EIA/FRED/Bloomberg reference + synthetic daily interpolation
2022-03-02,2022,3,2,Wednesday,100.59,96.67,100.5,3.92,104.96,0.9272,3.7498,83.59,337.0,EIA/FRED/Bloomberg reference + synthetic daily interpolation
2022-03-03,2022,3,3,Thursday,101.77,100.92,102.86,0.85,104.65,0.937,3.7498,56.81,307.0,EIA/FRED/Bloomberg reference + synthetic daily interpolation
2022-03-04,2022,3,4,Friday,101.06,99.92,101.04,1.14,103.97,0.9409,3.7498,56.95,311.0,EIA/FRED/Bloomberg reference + synthetic daily interpolation
2022-03-07,2022,3,7,Monday,101.19,99.57,100.67,1.62,105.05,0.9199,3.7498,65.94,345.0,EIA/FRED/Bloomberg reference + synthetic daily interpolation
2022-03-08,2022,3,8,Tuesday,102.43,101.1,101.54,1.33,106.05,0.9026,3.7501,74.09,312.0,EIA/FRED/Bloomberg reference + synthetic daily interpolation
2022-03-09,2022,3,9,Wednesday,102.08,99.48,102.67,2.6,106.48,0.9075,3.7501,77.86,352.0,EIA/FRED/Bloomberg reference + synthetic daily interpolation
2022-03-10,2022,3,10,Thursday,100.08,94.23,98.81,5.85,104.84,0.9314,3.75,77.84,322.0,EIA/FRED/Bloomberg reference + synthetic daily interpolation
2022-03-11,2022,3,11,Friday,104.66,101.86,103.5,2.8,106.05,0.9124,3.7501,75.38,316.0,EIA/FRED/Bloomberg reference + synthetic daily interpolation
2022-03-14,2022,3,14,Monday,103.48,101.56,103.34,1.92,104.85,0.9305,3.7501,76.6,323.0,EIA/FRED/Bloomberg reference + synthetic daily interpolation
2022-03-15,2022,3,15,Tuesday,102.4,98.13,102.01,4.27,105.21,0.9237,3.7501,81.95,333.0,EIA/FRED/Bloomberg reference + synthetic daily interpolation
2022-03-16,2022,3,16,Wednesday,101.01,95.72,100.56,5.29,102.9,0.9564,3.7498,65.51,335.0,EIA/FRED/Bloomberg reference + synthetic daily interpolation
2022-03-17,2022,3,17,Thursday,104.11,102.17,104.82,1.94,107.06,0.8877,3.7501,69.6,350.0,EIA/FRED/Bloomberg reference + synthetic daily interpolation
2022-03-18,2022,3,18,Friday,100.25,99.26,99.35,0.99,105.79,0.9131,3.7499,56.04,291.0,EIA/FRED/Bloomberg reference + synthetic daily interpolation
2022-03-21,2022,3,21,Monday,104.68,103.95,105.39,0.73,104.76,0.9379,3.7499,76.07,349.0,EIA/FRED/Bloomberg reference + synthetic daily interpolation
2022-03-22,2022,3,22,Tuesday,101.34,99.11,102.77,2.23,104.71,0.9346,3.7498,84.78,346.0,EIA/FRED/Bloomberg reference + synthetic daily interpolation
2022-03-23,2022,3,23,Wednesday,102.11,97.49,102.68,4.62,102.73,0.9564,3.7499,73.27,308.0,EIA/FRED/Bloomberg reference + synthetic daily interpolation
2022-03-24,2022,3,24,Thursday,103.57,102.42,102.31,1.15,105.39,0.9208,3.75,58.85,298.0,EIA/FRED/Bloomberg reference + synthetic daily interpolation
2022-03-25,2022,3,25,Friday,102.87,99.23,101.85,3.64,106.25,0.9034,3.75,71.66,326.0,EIA/FRED/Bloomberg reference + synthetic daily interpolation
2022-03-28,2022,3,28,Monday,98.95,95.52,98.98,3.43,104.99,0.9148,3.7498,59.72,294.0,EIA/FRED/Bloomberg reference + synthetic daily interpolation
2022-03-29,2022,3,29,Tuesday,102.79,99.24,102.68,3.55,104.73,0.9272,3.7496,78.42,318.0,EIA/FRED/Bloomberg reference + synthetic daily interpolation
2022-03-30,2022,3,30,Wednesday,102.94,101.12,102.94,1.82,105.4,0.9186,3.75,71.72,305.0,EIA/FRED/Bloomberg reference + synthetic daily interpolation
2022-03-31,2022,3,31,Thursday,102.3,100.53,101.78,1.77,101.94,0.9769,3.7498,72.77,321.0,EIA/FRED/Bloomberg reference + synthetic daily interpolation
2022-04-01,2022,4,1,Friday,101.29,96.39,101.79,4.9,105.57,0.9083,3.7498,66.51,327.0,EIA/FRED/Bloomberg reference + synthetic daily interpolation
2022-04-04,2022,4,4,Monday,100.89,99.58,101.25,1.31,105.4,0.9136,3.7498,63.78,312.0,EIA/FRED/Bloomberg reference + synthetic daily interpolation
2022-04-05,2022,4,5,Tuesday,100.91,96.8,100.25,4.11,105.24,0.9127,3.7498,63.82,287.0,EIA/FRED/Bloomberg reference + synthetic daily interpolation
2022-04-06,2022,4,6,Wednesday,104.07,100.0,105.09,4.07,103.33,0.9443,3.75,67.5,312.0,EIA/FRED/Bloomberg reference + synthetic daily interpolation
2022-04-07,2022,4,7,Thursday,103.42,99.63,103.71,3.79,104.16,0.9432,3.75,75.1,346.0,EIA/FRED/Bloomberg reference + synthetic daily interpolation
2022-04-08,2022,4,8,Friday,101.61,99.54,102.61,2.07,107.77,0.8878,3.7497,64.47,318.0,EIA/FRED/Bloomberg reference + synthetic daily interpolation
2022-04-11,2022,4,11,Monday,101.45,100.51,101.85,0.94,103.56,0.9419,3.7497,68.67,300.0,EIA/FRED/Bloomberg reference + synthetic daily interpolation
2022-04-12,2022,4,12,Tuesday,102.28,100.9,101.07,1.38,105.91,0.8947,3.75,62.74,353.0,EIA/FRED/Bloomberg reference + synthetic daily interpolation
2022-04-13,2022,4,13,Wednesday,103.63,98.74,103.47,4.89,104.2,0.931,3.7501,79.11,334.0,EIA/FRED/Bloomberg reference + synthetic daily interpolation
2022-04-14,2022,4,14,Thursday,101.74,100.45,101.78,1.29,105.65,0.908,3.7499,66.54,303.0,EIA/FRED/Bloomberg reference + synthetic daily interpolation
2022-04-15,2022,4,15,Friday,99.89,98.45,99.72,1.44,106.31,0.9114,3.75,69.35,338.0,EIA/FRED/Bloomberg reference + synthetic daily interpolation
2022-04-18,2022,4,18,Monday,106.91,101.32,108.01,5.59,103.4,0.9452,3.7497,65.16,300.0,EIA/FRED/Bloomberg reference + synthetic daily interpolation
2022-04-19,2022,4,19,Tuesday,101.43,98.3,100.85,3.13,106.96,0.8899,3.75,88.2,298.0,EIA/FRED/Bloomberg reference + synthetic daily interpolation
2022-04-20,2022,4,20,Wednesday,103.18,100.53,102.05,2.65,102.72,0.9505,3.7498,69.67,318.0,EIA/FRED/Bloomberg reference + synthetic daily interpolation
2022-04-21,2022,4,21,Thursday,103.63,102.23,104.72,1.4,104.85,0.92,3.7497,83.91,325.0,EIA/FRED/Bloomberg reference + synthetic daily interpolation
2022-04-22,2022,4,22,Friday,104.21,102.95,105.49,1.26,106.49,0.9046,3.7498,85.48,331.0,EIA/FRED/Bloomberg reference + synthetic daily interpolation
2022-04-25,2022,4,25,Monday,104.1,99.36,104.45,4.74,102.78,0.946,3.7499,64.56,344.0,EIA/FRED/Bloomberg reference + synthetic daily interpolation
2022-04-26,2022,4,26,Tuesday,105.4,99.63,105.8,5.77,102.69,0.9582,3.7497,62.6,304.0,EIA/FRED/Bloomberg reference + synthetic daily interpolation
2022-04-27,2022,4,27,Wednesday,104.73,101.67,103.93,3.06,104.86,0.9204,3.75,59.22,308.0,EIA/FRED/Bloomberg reference + synthetic daily interpolation
2022-04-28,2022,4,28,Thursday,101.6,99.37,102.89,2.23,104.58,0.933,3.7497,74.06,287.0,EIA/FRED/Bloomberg reference + synthetic daily interpolation
2022-04-29,2022,4,29,Friday,104.45,102.95,104.84,1.5,104.96,0.9217,3.7499,67.05,336.0,EIA/FRED/Bloomberg reference + synthetic daily interpolation
2022-05-02,2022,5,2,Monday,103.33,102.62,102.71,0.71,105.39,0.9271,3.7498,68.17,335.0,EIA/FRED/Bloomberg reference + synthetic daily interpolation
2022-05-03,2022,5,3,Tuesday,105.94,101.06,104.77,4.88,103.28,0.9465,3.75,61.96,312.0,EIA/FRED/Bloomberg reference + synthetic daily interpolation
2022-05-04,2022,5,4,Wednesday,103.59,98.33,102.8,5.26,105.85,0.9192,3.75,72.02,324.0,EIA/FRED/Bloomberg reference + synthetic daily interpolation
2022-05-05,2022,5,5,Thursday,103.99,100.04,103.81,3.95,102.85,0.951,3.7498,86.3,318.0,EIA/FRED/Bloomberg reference + synthetic daily interpolation
2022-05-06,2022,5,6,Friday,102.03,100.8,103.18,1.23,104.88,0.9253,3.75,66.75,349.0,EIA/FRED/Bloomberg reference + synthetic daily interpolation
2022-05-09,2022,5,9,Monday,105.88,101.58,106.29,4.3,105.2,0.9186,3.7499,63.31,336.0,EIA/FRED/Bloomberg reference + synthetic daily interpolation
2022-05-10,2022,5,10,Tuesday,103.9,99.86,103.04,4.04,104.35,0.925,3.7499,82.43,317.0,EIA/FRED/Bloomberg reference + synthetic daily interpolation
2022-05-11,2022,5,11,Wednesday,103.28,100.66,103.31,2.62,105.55,0.9101,3.7498,52.53,319.0,EIA/FRED/Bloomberg reference + synthetic daily interpolation
2022-05-12,2022,5,12,Thursday,104.81,100.1,104.9,4.71,104.81,0.9236,3.7498,67.71,329.0,EIA/FRED/Bloomberg reference + synthetic daily interpolation
2022-05-13,2022,5,13,Friday,105.43,102.35,106.13,3.08,103.44,0.9502,3.75,75.62,325.0,EIA/FRED/Bloomberg reference + synthetic daily interpolation
2022-05-16,2022,5,16,Monday,103.79,101.23,103.97,2.56,104.71,0.9302,3.7499,65.28,334.0,EIA/FRED/Bloomberg reference + synthetic daily interpolation
2022-05-17,2022,5,17,Tuesday,104.0,103.01,102.76,0.99,103.18,0.9484,3.7499,63.16,326.0,EIA/FRED/Bloomberg reference + synthetic daily interpolation
2022-05-18,2022,5,18,Wednesday,106.36,102.54,105.01,3.82,101.74,0.9731,3.7497,81.7,330.0,EIA/FRED/Bloomberg reference + synthetic daily interpolation
2022-05-19,2022,5,19,Thursday,101.63,97.5,100.35,4.13,105.19,0.926,3.75,73.72,318.0,EIA/FRED/Bloomberg reference + synthetic daily interpolation
2022-05-20,2022,5,20,Friday,102.52,98.58,101.57,3.94,106.77,0.9036,3.75,62.27,344.0,EIA/FRED/Bloomberg reference + synthetic daily interpolation
2022-05-23,2022,5,23,Monday,103.24,99.0,102.29,4.24,105.85,0.9164,3.7497,85.08,301.0,EIA/FRED/Bloomberg reference + synthetic daily interpolation
2022-05-24,2022,5,24,Tuesday,107.04,103.27,106.11,3.77,104.29,0.9404,3.7499,73.85,295.0,EIA/FRED/Bloomberg reference + synthetic daily interpolation
2022-05-25,2022,5,25,Wednesday,101.71,100.53,102.62,1.18,105.92,0.9179,3.75,68.85,355.0,EIA/FRED/Bloomberg reference + synthetic daily interpolation
2022-05-26,2022,5,26,Thursday,106.5,102.89,105.09,3.61,105.44,0.9201,3.7496,61.25,319.0,EIA/FRED/Bloomberg reference + synthetic daily interpolation
2022-05-27,2022,5,27,Friday,102.84,97.62,103.64,5.22,103.7,0.9483,3.7499,67.35,317.0,EIA/FRED/Bloomberg reference + synthetic daily interpolation
2022-05-30,2022,5,30,Monday,104.03,98.42,104.68,5.61,103.44,0.9533,3.7496,73.07,341.0,EIA/FRED/Bloomberg reference + synthetic daily interpolation
2022-05-31,2022,5,31,Tuesday,104.97,103.49,105.66,1.48,106.54,0.903,3.7496,68.23,336.0,EIA/FRED/Bloomberg reference + synthetic daily interpolation
2022-06-01,2022,6,1,Wednesday,103.61,102.0,103.66,1.61,104.77,0.9208,3.7497,64.66,323.0,EIA/FRED/Bloomberg reference + synthetic daily interpolation
2022-06-02,2022,6,2,Thursday,105.54,100.98,106.63,4.56,103.68,0.9467,3.7499,73.68,334.0,EIA/FRED/Bloomberg reference + synthetic daily interpolation
2022-06-03,2022,6,3,Friday,103.75,98.13,102.49,5.62,104.27,0.9427,3.7497,59.69,298.0,EIA/FRED/Bloomberg reference + synthetic daily interpolation
2022-06-06,2022,6,6,Monday,104.86,103.63,105.83,1.23,103.43,0.9542,3.7498,64.07,303.0,EIA/FRED/Bloomberg reference + synthetic daily interpolation
2022-06-07,2022,6,7,Tuesday,101.01,96.52,102.36,4.49,104.16,0.9326,3.7498,75.05,365.0,EIA/FRED/Bloomberg reference + synthetic daily interpolation
2022-06-08,2022,6,8,Wednesday,104.45,98.62,105.93,5.83,104.47,0.9413,3.7499,74.96,302.0,EIA/FRED/Bloomberg reference + synthetic daily interpolation
2022-06-09,2022,6,9,Thursday,106.74,101.41,107.1,5.33,104.13,0.9307,3.7498,70.62,308.0,EIA/FRED/Bloomberg reference + synthetic daily interpolation
2022-06-10,2022,6,10,Friday,103.48,99.5,103.76,3.98,104.68,0.9337,3.75,56.94,276.0,EIA/FRED/Bloomberg reference + synthetic daily interpolation
2022-06-13,2022,6,13,Monday,103.79,100.74,104.37,3.05,105.54,0.9149,3.75,78.21,318.0,EIA/FRED/Bloomberg reference + synthetic daily interpolation
2022-06-14,2022,6,14,Tuesday,105.85,101.39,106.56,4.46,105.68,0.9221,3.7496,73.68,299.0,EIA/FRED/Bloomberg reference + synthetic daily interpolation
2022-06-15,2022,6,15,Wednesday,105.72,101.61,106.69,4.11,103.25,0.9524,3.7501,69.03,343.0,EIA/FRED/Bloomberg reference + synthetic daily interpolation
2022-06-16,2022,6,16,Thursday,102.97,102.4,101.7,0.57,105.51,0.9191,3.7498,67.77,315.0,EIA/FRED/Bloomberg reference + synthetic daily interpolation
2022-06-17,2022,6,17,Friday,101.13,95.71,101.77,5.42,104.56,0.9241,3.75,66.96,313.0,EIA/FRED/Bloomberg reference + synthetic daily interpolation
2022-06-20,2022,6,20,Monday,103.81,102.7,103.16,1.11,106.45,0.9034,3.7497,68.04,306.0,EIA/FRED/Bloomberg reference + synthetic daily interpolation
2022-06-21,2022,6,21,Tuesday,102.46,97.7,103.49,4.76,106.95,0.8991,3.7497,76.1,363.0,EIA/FRED/Bloomberg reference + synthetic daily interpolation
2022-06-22,2022,6,22,Wednesday,103.14,102.29,103.68,0.85,103.21,0.9628,3.7496,63.1,312.0,EIA/FRED/Bloomberg reference + synthetic daily interpolation
2022-06-23,2022,6,23,Thursday,102.64,99.93,103.84,2.71,102.76,0.947,3.7496,67.03,315.0,EIA/FRED/Bloomberg reference + synthetic daily interpolation
2022-06-24,2022,6,24,Friday,104.2,99.27,103.22,4.93,104.83,0.927,3.7496,60.62,315.0,EIA/FRED/Bloomberg reference + synthetic daily interpolation
2022-06-27,2022,6,27,Monday,103.57,98.02,104.0,5.55,102.95,0.9531,3.7498,83.43,299.0,EIA/FRED/Bloomberg reference + synthetic daily interpolation
2022-06-28,2022,6,28,Tuesday,103.99,102.61,104.01,1.38,103.34,0.9608,3.75,81.86,313.0,EIA/FRED/Bloomberg reference + synthetic daily interpolation
2022-06-29,2022,6,29,Wednesday,105.78,102.18,105.35,3.6,105.65,0.9134,3.7496,69.3,332.0,EIA/FRED/Bloomberg reference + synthetic daily interpolation
2022-06-30,2022,6,30,Thursday,103.09,100.04,104.18,3.05,106.89,0.8932,3.7499,82.71,316.0,EIA/FRED/Bloomberg reference + synthetic daily interpolation
2022-07-01,2022,7,1,Friday,103.8,100.82,102.57,2.98,107.7,0.8875,3.75,70.29,315.0,EIA/FRED/Bloomberg reference + synthetic daily interpolation
2022-07-04,2022,7,4,Monday,102.48,99.48,102.96,3.0,105.69,0.9095,3.7497,76.44,314.0,EIA/FRED/Bloomberg reference + synthetic daily interpolation
2022-07-05,2022,7,5,Tuesday,102.9,102.03,102.29,0.87,103.66,0.944,3.7498,81.69,339.0,EIA/FRED/Bloomberg reference + synthetic daily interpolation
2022-07-06,2022,7,6,Wednesday,102.6,97.42,101.5,5.18,102.94,0.9514,3.75,78.95,311.0,EIA/FRED/Bloomberg reference + synthetic daily interpolation
2022-07-07,2022,7,7,Thursday,104.02,98.19,102.95,5.83,104.6,0.9313,3.7496,56.72,295.0,EIA/FRED/Bloomberg reference + synthetic daily interpolation
2022-07-08,2022,7,8,Friday,105.1,100.85,104.57,4.25,106.26,0.9053,3.7498,65.13,347.0,EIA/FRED/Bloomberg reference + synthetic daily interpolation
2022-07-11,2022,7,11,Monday,102.54,97.8,101.8,4.74,103.47,0.9427,3.7501,79.03,294.0,EIA/FRED/Bloomberg reference + synthetic daily interpolation
2022-07-12,2022,7,12,Tuesday,104.49,101.75,105.14,2.74,105.49,0.9212,3.7497,68.46,323.0,EIA/FRED/Bloomberg reference + synthetic daily interpolation
2022-07-13,2022,7,13,Wednesday,103.85,103.31,103.99,0.54,103.44,0.9363,3.75,73.76,327.0,EIA/FRED/Bloomberg reference + synthetic daily interpolation
2022-07-14,2022,7,14,Thursday,102.21,101.55,102.08,0.66,105.29,0.9203,3.75,69.09,283.0,EIA/FRED/Bloomberg reference + synthetic daily interpolation
2022-07-15,2022,7,15,Friday,103.44,100.83,104.63,2.61,104.01,0.9314,3.7497,68.08,322.0,EIA/FRED/Bloomberg reference + synthetic daily interpolation
2022-07-18,2022,7,18,Monday,103.86,100.26,102.54,3.6,104.96,0.9227,3.7499,69.51,303.0,EIA/FRED/Bloomberg reference + synthetic daily interpolation
2022-07-19,2022,7,19,Tuesday,102.81,98.71,103.46,4.1,104.76,0.9194,3.7499,46.64,308.0,EIA/FRED/Bloomberg reference + synthetic daily interpolation
2022-07-20,2022,7,20,Wednesday,104.43,100.6,105.28,3.83,104.75,0.9315,3.7499,63.05,288.0,EIA/FRED/Bloomberg reference + synthetic daily interpolation
2022-07-21,2022,7,21,Thursday,103.14,97.57,102.53,5.57,106.64,0.906,3.7501,76.13,311.0,EIA/FRED/Bloomberg reference + synthetic daily interpolation
2022-07-22,2022,7,22,Friday,104.99,100.21,104.74,4.78,106.06,0.903,3.7497,64.68,328.0,EIA/FRED/Bloomberg reference + synthetic daily interpolation
2022-07-25,2022,7,25,Monday,103.47,98.76,104.8,4.71,103.89,0.9389,3.7498,86.55,324.0,EIA/FRED/Bloomberg reference + synthetic daily interpolation
2022-07-26,2022,7,26,Tuesday,104.18,100.05,104.84,4.13,103.18,0.9578,3.75,67.37,321.0,EIA/FRED/Bloomberg reference + synthetic daily interpolation
2022-07-27,2022,7,27,Wednesday,102.88,102.29,104.31,0.59,105.97,0.9134,3.7497,65.77,349.0,EIA/FRED/Bloomberg reference + synthetic daily interpolation
2022-07-28,2022,7,28,Thursday,104.99,102.15,106.11,2.84,103.78,0.9463,3.7499,57.69,320.0,EIA/FRED/Bloomberg reference + synthetic daily interpolation
2022-07-29,2022,7,29,Friday,101.18,97.42,99.7,3.76,104.47,0.9373,3.7499,77.54,315.0,EIA/FRED/Bloomberg reference + synthetic daily interpolation
2022-08-01,2022,8,1,Monday,102.0,96.66,102.01,5.34,104.09,0.9397,3.7497,76.62,327.0,EIA/FRED/Bloomberg reference + synthetic daily interpolation
2022-08-02,2022,8,2,Tuesday,104.84,99.17,104.67,5.67,104.92,0.9234,3.75,71.09,264.0,EIA/FRED/Bloomberg reference + synthetic daily interpolation
2022-08-03,2022,8,3,Wednesday,104.47,101.82,104.3,2.65,104.51,0.9366,3.75,65.35,287.0,EIA/FRED/Bloomberg reference + synthetic daily interpolation
2022-08-04,2022,8,4,Thursday,102.87,100.58,101.48,2.29,104.61,0.9222,3.7498,67.43,319.0,EIA/FRED/Bloomberg reference + synthetic daily interpolation
2022-08-05,2022,8,5,Friday,102.74,100.64,102.41,2.1,107.03,0.8989,3.75,52.56,294.0,EIA/FRED/Bloomberg reference + synthetic daily interpolation
2022-08-08,2022,8,8,Monday,102.38,98.56,103.44,3.82,105.04,0.9258,3.7497,72.74,314.0,EIA/FRED/Bloomberg reference + synthetic daily interpolation
2022-08-09,2022,8,9,Tuesday,102.24,98.52,102.26,3.72,105.89,0.9055,3.75,71.19,324.0,EIA/FRED/Bloomberg reference + synthetic daily interpolation
2022-08-10,2022,8,10,Wednesday,103.41,99.93,104.54,3.48,105.23,0.9267,3.7497,66.76,332.0,EIA/FRED/Bloomberg reference + synthetic daily interpolation
2022-08-11,2022,8,11,Thursday,102.89,101.89,103.15,1.0,103.93,0.9431,3.75,72.11,358.0,EIA/FRED/Bloomberg reference + synthetic daily interpolation
2022-08-12,2022,8,12,Friday,100.52,98.69,100.17,1.83,107.68,0.8878,3.7501,76.06,293.0,EIA/FRED/Bloomberg reference + synthetic daily interpolation
2022-08-15,2022,8,15,Monday,100.77,98.92,101.51,1.85,104.36,0.9247,3.7497,62.18,349.0,EIA/FRED/Bloomberg reference + synthetic daily interpolation
2022-08-16,2022,8,16,Tuesday,103.29,98.98,102.29,4.31,105.42,0.9179,3.7498,76.36,352.0,EIA/FRED/Bloomberg reference + synthetic daily interpolation
2022-08-17,2022,8,17,Wednesday,103.18,102.49,104.59,0.69,106.29,0.9015,3.7499,69.34,281.0,EIA/FRED/Bloomberg reference + synthetic daily interpolation
2022-08-18,2022,8,18,Thursday,101.72,97.85,102.37,3.87,104.19,0.9316,3.7498,65.52,381.0,EIA/FRED/Bloomberg reference + synthetic daily interpolation
2022-08-19,2022,8,19,Friday,101.42,96.67,100.82,4.75,105.18,0.9225,3.7496,62.46,322.0,EIA/FRED/Bloomberg reference + synthetic daily interpolation
2022-08-22,2022,8,22,Monday,102.36,99.31,103.12,3.05,105.0,0.9271,3.7497,81.03,331.0,EIA/FRED/Bloomberg reference + synthetic daily interpolation
2022-08-23,2022,8,23,Tuesday,101.65,97.52,102.63,4.13,104.29,0.9371,3.7501,59.27,316.0,EIA/FRED/Bloomberg reference + synthetic daily interpolation
2022-08-24,2022,8,24,Wednesday,102.38,100.08,103.02,2.3,105.2,0.9239,3.7499,71.34,310.0,EIA/FRED/Bloomberg reference + synthetic daily interpolation
2022-08-25,2022,8,25,Thursday,100.39,95.46,100.53,4.93,104.8,0.9295,3.7498,73.34,292.0,EIA/FRED/Bloomberg reference + synthetic daily interpolation
2022-08-26,2022,8,26,Friday,102.24,98.5,102.55,3.74,102.74,0.9635,3.7498,68.32,268.0,EIA/FRED/Bloomberg reference + synthetic daily interpolation
2022-08-29,2022,8,29,Monday,101.77,99.25,103.12,2.52,104.59,0.9196,3.7501,68.96,317.0,EIA/FRED/Bloomberg reference + synthetic daily interpolation
2022-08-30,2022,8,30,Tuesday,99.83,98.57,99.77,1.26,104.15,0.9422,3.7501,68.57,320.0,EIA/FRED/Bloomberg reference + synthetic daily interpolation
2022-08-31,2022,8,31,Wednesday,99.88,97.26,100.13,2.62,104.43,0.9305,3.7497,80.62,324.0,EIA/FRED/Bloomberg reference + synthetic daily interpolation
2022-09-01,2022,9,1,Thursday,103.53,99.0,103.11,4.53,102.25,0.9656,3.7498,65.8,310.0,EIA/FRED/Bloomberg reference + synthetic daily interpolation
2022-09-02,2022,9,2,Friday,103.71,99.32,104.64,4.39,105.23,0.9255,3.75,73.15,324.0,EIA/FRED/Bloomberg reference + synthetic daily interpolation
2022-09-05,2022,9,5,Monday,100.76,99.15,100.31,1.61,105.89,0.9082,3.75,82.66,323.0,EIA/FRED/Bloomberg reference + synthetic daily interpolation
2022-09-06,2022,9,6,Tuesday,103.02,97.42,102.16,5.6,104.38,0.9362,3.75,73.11,314.0,EIA/FRED/Bloomberg reference + synthetic daily interpolation
2022-09-07,2022,9,7,Wednesday,102.09,100.25,101.01,1.84,105.93,0.915,3.75,92.38,290.0,EIA/FRED/Bloomberg reference + synthetic daily interpolation
2022-09-08,2022,9,8,Thursday,100.9,100.1,99.94,0.8,107.46,0.8845,3.75,62.23,341.0,EIA/FRED/Bloomberg reference + synthetic daily interpolation
2022-09-09,2022,9,9,Friday,100.36,95.39,99.09,4.97,104.01,0.9386,3.7499,69.8,327.0,EIA/FRED/Bloomberg reference + synthetic daily interpolation
2022-09-12,2022,9,12,Monday,102.66,99.37,102.91,3.29,104.89,0.9301,3.7496,68.34,314.0,EIA/FRED/Bloomberg reference + synthetic daily interpolation
2022-09-13,2022,9,13,Tuesday,98.03,97.08,98.46,0.95,104.52,0.9178,3.7498,60.51,331.0,EIA/FRED/Bloomberg reference + synthetic daily interpolation
2022-09-14,2022,9,14,Wednesday,99.77,94.55,100.74,5.22,103.16,0.9522,3.7498,81.38,304.0,EIA/FRED/Bloomberg reference + synthetic daily interpolation
2022-09-15,2022,9,15,Thursday,98.86,96.9,97.97,1.96,103.56,0.9396,3.75,94.79,337.0,EIA/FRED/Bloomberg reference + synthetic daily interpolation
2022-09-16,2022,9,16,Friday,99.18,93.27,98.42,5.91,106.03,0.9075,3.7499,63.51,339.0,EIA/FRED/Bloomberg reference + synthetic daily interpolation
2022-09-19,2022,9,19,Monday,101.57,97.45,102.53,4.12,104.63,0.9293,3.7498,70.85,314.0,EIA/FRED/Bloomberg reference + synthetic daily interpolation
2022-09-20,2022,9,20,Tuesday,99.88,97.84,99.64,2.04,104.3,0.9468,3.7499,79.02,310.0,EIA/FRED/Bloomberg reference + synthetic daily interpolation
2022-09-21,2022,9,21,Wednesday,102.22,100.23,101.54,1.99,104.52,0.9278,3.7499,51.97,311.0,EIA/FRED/Bloomberg reference + synthetic daily interpolation
2022-09-22,2022,9,22,Thursday,98.19,92.85,98.42,5.34,105.63,0.9054,3.7497,79.21,350.0,EIA/FRED/Bloomberg reference + synthetic daily interpolation
2022-09-23,2022,9,23,Friday,101.57,99.62,101.82,1.95,106.8,0.9021,3.7498,71.56,289.0,EIA/FRED/Bloomberg reference + synthetic daily interpolation
2022-09-26,2022,9,26,Monday,98.37,93.39,99.34,4.98,105.36,0.9266,3.75,64.26,344.0,EIA/FRED/Bloomberg reference + synthetic daily interpolation
2022-09-27,2022,9,27,Tuesday,98.41,95.62,98.48,2.79,105.82,0.9165,3.75,67.93,333.0,EIA/FRED/Bloomberg reference + synthetic daily interpolation
2022-09-28,2022,9,28,Wednesday,97.87,95.98,97.39,1.89,104.55,0.9354,3.7498,76.28,285.0,EIA/FRED/Bloomberg reference + synthetic daily interpolation
2022-09-29,2022,9,29,Thursday,98.9,96.11,98.05,2.79,104.1,0.9355,3.7499,77.19,361.0,EIA/FRED/Bloomberg reference + synthetic daily interpolation
2022-09-30,2022,9,30,Friday,100.86,98.38,101.86,2.48,103.68,0.942,3.7496,68.04,304.0,EIA/FRED/Bloomberg reference + synthetic daily interpolation
2022-10-03,2022,10,3,Monday,97.97,93.8,99.27,4.17,105.23,0.9287,3.75,74.43,315.0,EIA/FRED/Bloomberg reference + synthetic daily interpolation
2022-10-04,2022,10,4,Tuesday,97.56,96.79,96.19,0.77,105.39,0.9217,3.7496,75.27,346.0,EIA/FRED/Bloomberg reference + synthetic daily interpolation
2022-10-05,2022,10,5,Wednesday,99.81,94.7,100.08,5.11,103.73,0.9553,3.7499,71.3,328.0,EIA/FRED/Bloomberg reference + synthetic daily interpolation
2022-10-06,2022,10,6,Thursday,98.39,93.0,98.65,5.39,105.07,0.9195,3.7499,68.25,333.0,EIA/FRED/Bloomberg reference + synthetic daily interpolation
2022-10-07,2022,10,7,Friday,101.54,98.1,102.48,3.44,104.93,0.9243,3.75,81.39,293.0,EIA/FRED/Bloomberg reference + synthetic daily interpolation
2022-10-10,2022,10,10,Monday,100.55,97.12,100.54,3.43,103.82,0.9501,3.7498,65.82,318.0,EIA/FRED/Bloomberg reference + synthetic daily interpolation
2022-10-11,2022,10,11,Tuesday,97.37,93.58,97.91,3.79,102.96,0.9483,3.7499,56.77,273.0,EIA/FRED/Bloomberg reference + synthetic daily interpolation
2022-10-12,2022,10,12,Wednesday,99.43,97.64,100.29,1.79,104.91,0.931,3.7499,71.37,316.0,EIA/FRED/Bloomberg reference + synthetic daily interpolation
2022-10-13,2022,10,13,Thursday,97.3,92.35,96.55,4.95,104.95,0.9297,3.7499,87.51,317.0,EIA/FRED/Bloomberg reference + synthetic daily interpolation
2022-10-14,2022,10,14,Friday,98.36,96.0,99.23,2.36,107.2,0.9006,3.75,73.96,355.0,EIA/FRED/Bloomberg reference + synthetic daily interpolation
2022-10-17,2022,10,17,Monday,99.89,94.51,99.07,5.38,104.36,0.9418,3.75,77.26,343.0,EIA/FRED/Bloomberg reference + synthetic daily interpolation
2022-10-18,2022,10,18,Tuesday,98.4,96.31,99.72,2.09,104.52,0.9301,3.7501,61.82,346.0,EIA/FRED/Bloomberg reference + synthetic daily interpolation
2022-10-19,2022,10,19,Wednesday,99.48,94.06,100.46,5.42,104.79,0.9324,3.7499,72.16,303.0,EIA/FRED/Bloomberg reference + synthetic daily interpolation
2022-10-20,2022,10,20,Thursday,101.38,98.78,102.59,2.6,104.83,0.9296,3.7498,79.34,314.0,EIA/FRED/Bloomberg reference + synthetic daily interpolation
2022-10-21,2022,10,21,Friday,97.66,94.58,97.7,3.08,102.12,0.9632,3.7501,67.52,309.0,EIA/FRED/Bloomberg reference + synthetic daily interpolation
2022-10-24,2022,10,24,Monday,99.38,98.78,99.97,0.6,105.76,0.9164,3.75,72.23,331.0,EIA/FRED/Bloomberg reference + synthetic daily interpolation
2022-10-25,2022,10,25,Tuesday,98.64,97.7,98.67,0.94,105.71,0.9198,3.75,75.63,306.0,EIA/FRED/Bloomberg reference + synthetic daily interpolation
2022-10-26,2022,10,26,Wednesday,98.85,95.33,97.57,3.52,102.29,0.9655,3.7498,57.98,280.0,EIA/FRED/Bloomberg reference + synthetic daily interpolation
2022-10-27,2022,10,27,Thursday,99.2,94.44,99.95,4.76,102.29,0.9605,3.75,64.77,310.0,EIA/FRED/Bloomberg reference + synthetic daily interpolation
2022-10-28,2022,10,28,Friday,98.06,95.28,97.22,2.78,105.1,0.93,3.7498,61.02,344.0,EIA/FRED/Bloomberg reference + synthetic daily interpolation
2022-10-31,2022,10,31,Monday,96.01,92.6,96.42,3.41,104.33,0.9353,3.7497,63.02,357.0,EIA/FRED/Bloomberg reference + synthetic daily interpolation
2022-11-01,2022,11,1,Tuesday,97.63,95.56,97.51,2.07,104.01,0.947,3.75,72.49,334.0,EIA/FRED/Bloomberg reference + synthetic daily interpolation
2022-11-02,2022,11,2,Wednesday,97.47,91.89,96.34,5.58,103.52,0.9437,3.7499,56.32,310.0,EIA/FRED/Bloomberg reference + synthetic daily interpolation
2022-11-03,2022,11,3,Thursday,98.49,96.94,98.32,1.55,105.24,0.9231,3.7497,58.5,357.0,EIA/FRED/Bloomberg reference + synthetic daily interpolation
2022-11-04,2022,11,4,Friday,98.43,95.52,98.7,2.91,102.45,0.9586,3.75,65.22,350.0,EIA/FRED/Bloomberg reference + synthetic daily interpolation
2022-11-07,2022,11,7,Monday,98.42,96.54,99.02,1.88,106.0,0.9069,3.7501,76.93,330.0,EIA/FRED/Bloomberg reference + synthetic daily interpolation
2022-11-08,2022,11,8,Tuesday,98.49,94.89,99.64,3.6,105.54,0.9218,3.7497,68.41,298.0,EIA/FRED/Bloomberg reference + synthetic daily interpolation
2022-11-09,2022,11,9,Wednesday,98.03,93.36,99.36,4.67,104.43,0.9278,3.7496,74.54,321.0,EIA/FRED/Bloomberg reference + synthetic daily interpolation
2022-11-10,2022,11,10,Thursday,99.48,94.68,99.77,4.8,101.61,0.9682,3.7499,71.06,290.0,EIA/FRED/Bloomberg reference + synthetic daily interpolation
2022-11-11,2022,11,11,Friday,98.66,97.78,98.87,0.88,104.15,0.9269,3.7501,65.99,296.0,EIA/FRED/Bloomberg reference + synthetic daily interpolation
2022-11-14,2022,11,14,Monday,98.87,97.34,100.14,1.53,103.31,0.9488,3.7499,65.34,354.0,EIA/FRED/Bloomberg reference + synthetic daily interpolation
2022-11-15,2022,11,15,Tuesday,98.52,93.33,98.5,5.19,104.35,0.9346,3.75,57.96,322.0,EIA/FRED/Bloomberg reference + synthetic daily interpolation
2022-11-16,2022,11,16,Wednesday,95.98,94.47,94.53,1.51,104.36,0.9302,3.7499,59.13,325.0,EIA/FRED/Bloomberg reference + synthetic daily interpolation
2022-11-17,2022,11,17,Thursday,102.07,100.23,100.78,1.84,107.3,0.8914,3.7497,74.71,309.0,EIA/FRED/Bloomberg reference + synthetic daily interpolation
2022-11-18,2022,11,18,Friday,96.98,93.13,97.85,3.85,104.67,0.9376,3.7498,86.89,324.0,EIA/FRED/Bloomberg reference + synthetic daily interpolation
2022-11-21,2022,11,21,Monday,96.22,90.91,97.5,5.31,102.58,0.9668,3.75,72.39,311.0,EIA/FRED/Bloomberg reference + synthetic daily interpolation
2022-11-22,2022,11,22,Tuesday,96.41,95.79,95.83,0.62,103.16,0.9466,3.75,78.83,328.0,EIA/FRED/Bloomberg reference + synthetic daily interpolation
2022-11-23,2022,11,23,Wednesday,96.83,91.53,97.86,5.3,105.6,0.9085,3.75,64.5,313.0,EIA/FRED/Bloomberg reference + synthetic daily interpolation
2022-11-24,2022,11,24,Thursday,97.87,96.67,99.35,1.2,104.84,0.9271,3.75,64.32,324.0,EIA/FRED/Bloomberg reference + synthetic daily interpolation
2022-11-25,2022,11,25,Friday,99.54,93.68,100.95,5.86,106.24,0.8991,3.7497,64.75,294.0,EIA/FRED/Bloomberg reference + synthetic daily interpolation
2022-11-28,2022,11,28,Monday,98.62,93.11,98.5,5.51,104.93,0.9325,3.7499,64.26,281.0,EIA/FRED/Bloomberg reference + synthetic daily interpolation
2022-11-29,2022,11,29,Tuesday,97.23,92.18,98.08,5.05,105.03,0.9197,3.75,67.69,333.0,EIA/FRED/Bloomberg reference + synthetic daily interpolation
2022-11-30,2022,11,30,Wednesday,97.37,93.42,96.81,3.95,103.7,0.9474,3.7497,68.16,312.0,EIA/FRED/Bloomberg reference + synthetic daily interpolation
2022-12-01,2022,12,1,Thursday,97.96,92.76,98.85,5.2,103.97,0.934,3.7496,66.27,328.0,EIA/FRED/Bloomberg reference + synthetic daily interpolation
2022-12-02,2022,12,2,Friday,98.39,94.3,97.58,4.09,105.57,0.9057,3.7496,48.98,326.0,EIA/FRED/Bloomberg reference + synthetic daily interpolation
2022-12-05,2022,12,5,Monday,95.51,93.96,95.61,1.55,105.02,0.9236,3.7499,82.17,322.0,EIA/FRED/Bloomberg reference + synthetic daily interpolation
2022-12-06,2022,12,6,Tuesday,96.96,93.31,96.15,3.65,109.01,0.8694,3.7498,67.88,295.0,EIA/FRED/Bloomberg reference + synthetic daily interpolation
2022-12-07,2022,12,7,Wednesday,98.68,97.22,100.18,1.46,104.72,0.9278,3.75,58.49,314.0,EIA/FRED/Bloomberg reference + synthetic daily interpolation
2022-12-08,2022,12,8,Thursday,98.33,94.08,98.99,4.25,103.74,0.9449,3.7498,71.57,339.0,EIA/FRED/Bloomberg reference + synthetic daily interpolation
2022-12-09,2022,12,9,Friday,99.01,96.76,99.94,2.25,105.27,0.9218,3.7497,69.57,356.0,EIA/FRED/Bloomberg reference + synthetic daily interpolation
2022-12-12,2022,12,12,Monday,98.86,97.82,99.88,1.04,104.05,0.9418,3.7497,69.19,325.0,EIA/FRED/Bloomberg reference + synthetic daily interpolation
2022-12-13,2022,12,13,Tuesday,98.63,94.44,99.74,4.19,104.65,0.9237,3.7496,75.92,322.0,EIA/FRED/Bloomberg reference + synthetic daily interpolation
2022-12-14,2022,12,14,Wednesday,98.84,94.37,99.6,4.47,106.55,0.9064,3.7499,77.16,341.0,EIA/FRED/Bloomberg reference + synthetic daily interpolation
2022-12-15,2022,12,15,Thursday,99.81,97.58,100.97,2.23,104.09,0.9385,3.7501,63.02,321.0,EIA/FRED/Bloomberg reference + synthetic daily interpolation
2022-12-16,2022,12,16,Friday,98.34,96.36,99.65,1.98,105.19,0.9185,3.7496,64.62,317.0,EIA/FRED/Bloomberg reference + synthetic daily interpolation
2022-12-19,2022,12,19,Monday,97.47,92.44,97.71,5.03,104.81,0.9306,3.7496,65.67,340.0,EIA/FRED/Bloomberg reference + synthetic daily interpolation
2022-12-20,2022,12,20,Tuesday,93.69,88.84,94.63,4.85,100.41,0.9984,3.7496,60.73,312.0,EIA/FRED/Bloomberg reference + synthetic daily interpolation
2022-12-21,2022,12,21,Wednesday,100.22,98.36,99.69,1.86,105.97,0.9154,3.7499,68.44,311.0,EIA/FRED/Bloomberg reference + synthetic daily interpolation
2022-12-22,2022,12,22,Thursday,99.19,95.35,99.3,3.84,103.65,0.9496,3.7496,74.23,349.0,EIA/FRED/Bloomberg reference + synthetic daily interpolation
2022-12-23,2022,12,23,Friday,99.86,95.25,100.88,4.61,105.59,0.9189,3.75,71.0,330.0,EIA/FRED/Bloomberg reference + synthetic daily interpolation
2022-12-26,2022,12,26,Monday,96.69,95.9,97.19,0.79,105.22,0.9305,3.7501,81.56,349.0,EIA/FRED/Bloomberg reference + synthetic daily interpolation
2022-12-27,2022,12,27,Tuesday,97.69,92.23,97.87,5.46,104.88,0.9277,3.7497,58.61,360.0,EIA/FRED/Bloomberg reference + synthetic daily interpolation
2022-12-28,2022,12,28,Wednesday,98.02,97.38,98.16,0.64,104.46,0.9278,3.7497,60.78,321.0,EIA/FRED/Bloomberg reference + synthetic daily interpolation
2022-12-29,2022,12,29,Thursday,97.43,93.14,97.62,4.29,105.07,0.9292,3.7498,61.94,296.0,EIA/FRED/Bloomberg reference + synthetic daily interpolation
2022-12-30,2022,12,30,Friday,103.55,101.32,103.1,2.23,106.09,0.9065,3.75,61.74,335.0,EIA/FRED/Bloomberg reference + synthetic daily interpolation
2023-01-02,2023,1,2,Monday,79.09,73.39,77.81,5.7,104.83,0.9269,3.75,90.0,389.0,EIA/FRED/Bloomberg reference + synthetic daily interpolation
2023-01-03,2023,1,3,Tuesday,79.97,78.21,79.51,1.76,103.73,0.9417,3.75,87.27,400.0,EIA/FRED/Bloomberg reference + synthetic daily interpolation
2023-01-04,2023,1,4,Wednesday,82.09,79.89,82.48,2.2,103.16,0.953,3.7499,91.8,403.0,EIA/FRED/Bloomberg reference + synthetic daily interpolation
2023-01-05,2023,1,5,Thursday,81.05,75.25,82.07,5.8,102.44,0.9665,3.7501,84.53,414.0,EIA/FRED/Bloomberg reference + synthetic daily interpolation
2023-01-06,2023,1,6,Friday,78.36,72.62,77.27,5.74,102.99,0.9493,3.7498,88.48,401.0,EIA/FRED/Bloomberg reference + synthetic daily interpolation
2023-01-09,2023,1,9,Monday,79.74,74.49,80.6,5.25,103.8,0.9392,3.7499,87.71,429.0,EIA/FRED/Bloomberg reference + synthetic daily interpolation
2023-01-10,2023,1,10,Tuesday,81.53,76.91,80.42,4.62,102.68,0.965,3.7499,87.59,397.0,EIA/FRED/Bloomberg reference + synthetic daily interpolation
2023-01-11,2023,1,11,Wednesday,81.37,77.32,81.7,4.05,103.59,0.9483,3.7496,90.97,444.0,EIA/FRED/Bloomberg reference + synthetic daily interpolation
2023-01-12,2023,1,12,Thursday,78.31,75.93,79.04,2.38,102.84,0.9656,3.7499,88.93,391.0,EIA/FRED/Bloomberg reference + synthetic daily interpolation
2023-01-13,2023,1,13,Friday,81.22,77.9,80.66,3.32,104.35,0.9349,3.7501,90.38,404.0,EIA/FRED/Bloomberg reference + synthetic daily interpolation
2023-01-16,2023,1,16,Monday,81.97,76.97,80.53,5.0,102.69,0.9557,3.7498,86.02,399.0,EIA/FRED/Bloomberg reference + synthetic daily interpolation
2023-01-17,2023,1,17,Tuesday,83.05,81.58,83.86,1.47,105.78,0.9176,3.7497,88.85,387.0,EIA/FRED/Bloomberg reference + synthetic daily interpolation
2023-01-18,2023,1,18,Wednesday,79.54,77.18,79.61,2.36,104.42,0.9333,3.7496,85.25,396.0,EIA/FRED/Bloomberg reference + synthetic daily interpolation
2023-01-19,2023,1,19,Thursday,79.49,76.98,79.74,2.51,104.8,0.9242,3.7497,88.42,385.0,EIA/FRED/Bloomberg reference + synthetic daily interpolation
2023-01-20,2023,1,20,Friday,79.89,79.2,81.36,0.69,102.96,0.9631,3.7499,84.91,366.0,EIA/FRED/Bloomberg reference + synthetic daily interpolation
2023-01-23,2023,1,23,Monday,80.18,75.65,81.06,4.53,101.71,0.9744,3.7498,87.44,393.0,EIA/FRED/Bloomberg reference + synthetic daily interpolation
2023-01-24,2023,1,24,Tuesday,81.65,77.84,80.7,3.81,103.04,0.9541,3.7496,83.57,409.0,EIA/FRED/Bloomberg reference + synthetic daily interpolation
2023-01-25,2023,1,25,Wednesday,82.52,78.81,83.73,3.71,101.3,0.9832,3.7499,86.97,418.0,EIA/FRED/Bloomberg reference + synthetic daily interpolation
2023-01-26,2023,1,26,Thursday,82.2,79.86,82.2,2.34,101.14,0.9855,3.7497,94.22,387.0,EIA/FRED/Bloomberg reference + synthetic daily interpolation
2023-01-27,2023,1,27,Friday,82.67,79.91,81.83,2.76,102.07,0.9731,3.7498,84.68,397.0,EIA/FRED/Bloomberg reference + synthetic daily interpolation
2023-01-30,2023,1,30,Monday,80.8,74.99,81.91,5.81,104.96,0.9245,3.7499,87.72,393.0,EIA/FRED/Bloomberg reference + synthetic daily interpolation
2023-01-31,2023,1,31,Tuesday,79.64,74.56,79.66,5.08,104.11,0.9391,3.75,87.76,380.0,EIA/FRED/Bloomberg reference + synthetic daily interpolation
2023-02-01,2023,2,1,Wednesday,83.13,78.46,82.67,4.67,103.81,0.945,3.7501,82.85,378.0,EIA/FRED/Bloomberg reference + synthetic daily interpolation
2023-02-02,2023,2,2,Thursday,80.48,79.4,79.23,1.08,104.11,0.9432,3.75,87.61,410.0,EIA/FRED/Bloomberg reference + synthetic daily interpolation
2023-02-03,2023,2,3,Friday,80.16,74.76,79.94,5.4,103.56,0.9482,3.7499,90.35,367.0,EIA/FRED/Bloomberg reference + synthetic daily interpolation
2023-02-06,2023,2,6,Monday,81.82,76.52,80.56,5.3,105.01,0.9215,3.7498,89.52,415.0,EIA/FRED/Bloomberg reference + synthetic daily interpolation
2023-02-07,2023,2,7,Tuesday,80.67,74.76,80.16,5.91,102.69,0.962,3.7496,95.44,377.0,EIA/FRED/Bloomberg reference + synthetic daily interpolation
2023-02-08,2023,2,8,Wednesday,85.05,82.68,86.41,2.37,101.25,0.9849,3.75,90.82,410.0,EIA/FRED/Bloomberg reference + synthetic daily interpolation
2023-02-09,2023,2,9,Thursday,80.44,79.12,81.2,1.32,104.14,0.9351,3.7497,83.74,423.0,EIA/FRED/Bloomberg reference + synthetic daily interpolation
2023-02-10,2023,2,10,Friday,83.65,81.15,84.21,2.5,101.74,0.974,3.7498,81.53,414.0,EIA/FRED/Bloomberg reference + synthetic daily interpolation
2023-02-13,2023,2,13,Monday,81.76,79.15,81.28,2.61,102.48,0.9662,3.7496,83.06,417.0,EIA/FRED/Bloomberg reference + synthetic daily interpolation
2023-02-14,2023,2,14,Tuesday,80.54,78.8,81.7,1.74,103.8,0.9473,3.7499,93.78,413.0,EIA/FRED/Bloomberg reference + synthetic daily interpolation
2023-02-15,2023,2,15,Wednesday,81.4,79.34,81.17,2.06,104.73,0.9261,3.7498,86.92,411.0,EIA/FRED/Bloomberg reference + synthetic daily interpolation
2023-02-16,2023,2,16,Thursday,77.21,73.42,76.56,3.79,102.74,0.955,3.7498,88.81,407.0,EIA/FRED/Bloomberg reference + synthetic daily interpolation
2023-02-17,2023,2,17,Friday,83.76,80.98,85.08,2.78,105.74,0.9222,3.7501,91.2,392.0,EIA/FRED/Bloomberg reference + synthetic daily interpolation
2023-02-20,2023,2,20,Monday,82.09,80.41,82.83,1.68,103.14,0.9512,3.7501,89.75,419.0,EIA/FRED/Bloomberg reference + synthetic daily interpolation
2023-02-21,2023,2,21,Tuesday,80.27,79.22,80.79,1.05,104.12,0.9313,3.7501,83.2,373.0,EIA/FRED/Bloomberg reference + synthetic daily interpolation
2023-02-22,2023,2,22,Wednesday,80.91,76.96,80.59,3.95,102.27,0.9616,3.7498,87.82,406.0,EIA/FRED/Bloomberg reference + synthetic daily interpolation
2023-02-23,2023,2,23,Thursday,80.79,80.26,80.86,0.53,105.78,0.9107,3.7501,86.15,434.0,EIA/FRED/Bloomberg reference + synthetic daily interpolation
2023-02-24,2023,2,24,Friday,84.63,79.31,83.74,5.32,103.88,0.9438,3.7499,90.14,389.0,EIA/FRED/Bloomberg reference + synthetic daily interpolation
2023-02-27,2023,2,27,Monday,82.72,79.47,83.97,3.25,104.15,0.9372,3.7498,83.79,418.0,EIA/FRED/Bloomberg reference + synthetic daily interpolation
2023-02-28,2023,2,28,Tuesday,81.76,78.75,83.26,3.01,104.6,0.9414,3.75,90.28,422.0,EIA/FRED/Bloomberg reference + synthetic daily interpolation
2023-03-01,2023,3,1,Wednesday,82.89,81.52,83.43,1.37,103.63,0.9341,3.7499,83.95,416.0,EIA/FRED/Bloomberg reference + synthetic daily interpolation
2023-03-02,2023,3,2,Thursday,80.03,77.0,79.83,3.03,105.0,0.9196,3.7501,92.31,390.0,EIA/FRED/Bloomberg reference + synthetic daily interpolation
2023-03-03,2023,3,3,Friday,82.72,80.82,83.91,1.9,103.82,0.9447,3.75,87.91,390.0,EIA/FRED/Bloomberg reference + synthetic daily interpolation
2023-03-06,2023,3,6,Monday,83.58,79.88,82.85,3.7,105.75,0.921,3.7497,85.87,390.0,EIA/FRED/Bloomberg reference + synthetic daily interpolation
2023-03-07,2023,3,7,Tuesday,81.27,80.29,81.06,0.98,100.95,0.9832,3.7498,86.84,423.0,EIA/FRED/Bloomberg reference + synthetic daily interpolation
2023-03-08,2023,3,8,Wednesday,84.32,78.84,83.84,5.48,104.2,0.9333,3.7496,85.15,388.0,EIA/FRED/Bloomberg reference + synthetic daily interpolation
2023-03-09,2023,3,9,Thursday,82.6,78.59,81.15,4.01,104.35,0.9346,3.7497,90.24,413.0,EIA/FRED/Bloomberg reference + synthetic daily interpolation
2023-03-10,2023,3,10,Friday,81.73,79.36,82.7,2.37,104.18,0.9316,3.7496,83.45,402.0,EIA/FRED/Bloomberg reference + synthetic daily interpolation
2023-03-13,2023,3,13,Monday,82.6,79.15,82.73,3.45,102.59,0.9645,3.7498,91.96,459.0,EIA/FRED/Bloomberg reference + synthetic daily interpolation
2023-03-14,2023,3,14,Tuesday,81.55,78.76,81.77,2.79,103.02,0.9636,3.7496,90.24,358.0,EIA/FRED/Bloomberg reference + synthetic daily interpolation
2023-03-15,2023,3,15,Wednesday,82.5,79.58,82.08,2.92,102.35,0.969,3.7499,90.28,403.0,EIA/FRED/Bloomberg reference + synthetic daily interpolation
2023-03-16,2023,3,16,Thursday,84.01,82.97,83.68,1.04,101.57,0.9708,3.7501,90.59,429.0,EIA/FRED/Bloomberg reference + synthetic daily interpolation
2023-03-17,2023,3,17,Friday,84.59,81.9,84.07,2.69,102.72,0.9587,3.7501,92.64,419.0,EIA/FRED/Bloomberg reference + synthetic daily interpolation
2023-03-20,2023,3,20,Monday,84.04,81.94,84.08,2.1,100.76,0.995,3.7496,88.48,413.0,EIA/FRED/Bloomberg reference + synthetic daily interpolation
2023-03-21,2023,3,21,Tuesday,82.34,80.4,83.45,1.94,101.86,0.9682,3.7498,78.48,388.0,EIA/FRED/Bloomberg reference + synthetic daily interpolation
2023-03-22,2023,3,22,Wednesday,84.04,82.61,84.83,1.43,101.21,0.9821,3.75,91.33,374.0,EIA/FRED/Bloomberg reference + synthetic daily interpolation
2023-03-23,2023,3,23,Thursday,83.21,81.93,83.41,1.28,103.72,0.9516,3.75,90.17,373.0,EIA/FRED/Bloomberg reference + synthetic daily interpolation
2023-03-24,2023,3,24,Friday,82.23,76.75,83.37,5.48,105.79,0.9098,3.75,86.15,411.0,EIA/FRED/Bloomberg reference + synthetic daily interpolation
2023-03-27,2023,3,27,Monday,83.34,82.5,82.21,0.84,103.48,0.9434,3.7498,88.48,369.0,EIA/FRED/Bloomberg reference + synthetic daily interpolation
2023-03-28,2023,3,28,Tuesday,84.21,80.86,85.2,3.35,102.25,0.9614,3.7498,91.17,394.0,EIA/FRED/Bloomberg reference + synthetic daily interpolation
2023-03-29,2023,3,29,Wednesday,84.04,82.93,84.09,1.11,104.18,0.939,3.7498,86.14,393.0,EIA/FRED/Bloomberg reference + synthetic daily interpolation
2023-03-30,2023,3,30,Thursday,85.1,83.52,86.38,1.58,104.21,0.9433,3.7498,87.85,386.0,EIA/FRED/Bloomberg reference + synthetic daily interpolation
2023-03-31,2023,3,31,Friday,83.69,80.05,84.09,3.64,101.66,0.9777,3.7499,89.38,404.0,EIA/FRED/Bloomberg reference + synthetic daily interpolation
2023-04-03,2023,4,3,Monday,83.06,81.23,82.17,1.83,101.44,0.9837,3.7499,87.9,405.0,EIA/FRED/Bloomberg reference + synthetic daily interpolation
2023-04-04,2023,4,4,Tuesday,85.2,83.69,86.26,1.51,103.44,0.9517,3.7498,83.11,411.0,EIA/FRED/Bloomberg reference + synthetic daily interpolation
2023-04-05,2023,4,5,Wednesday,85.41,83.14,84.84,2.27,105.73,0.9154,3.7499,88.82,383.0,EIA/FRED/Bloomberg reference + synthetic daily interpolation
2023-04-06,2023,4,6,Thursday,84.79,83.26,85.12,1.53,103.72,0.9354,3.7499,86.42,403.0,EIA/FRED/Bloomberg reference + synthetic daily interpolation
2023-04-07,2023,4,7,Friday,84.27,79.38,83.75,4.89,104.72,0.9301,3.7499,81.71,419.0,EIA/FRED/Bloomberg reference + synthetic daily interpolation
2023-04-10,2023,4,10,Monday,84.79,81.07,83.46,3.72,105.51,0.9189,3.7499,85.15,417.0,EIA/FRED/Bloomberg reference + synthetic daily interpolation
2023-04-11,2023,4,11,Tuesday,83.47,81.72,84.7,1.75,103.9,0.9481,3.7497,87.6,381.0,EIA/FRED/Bloomberg reference + synthetic daily interpolation
2023-04-12,2023,4,12,Wednesday,85.85,82.64,84.56,3.21,103.32,0.9479,3.75,91.11,380.0,EIA/FRED/Bloomberg reference + synthetic daily interpolation
2023-04-13,2023,4,13,Thursday,83.69,83.09,84.23,0.6,103.91,0.9486,3.7499,90.44,417.0,EIA/FRED/Bloomberg reference + synthetic daily interpolation
2023-04-14,2023,4,14,Friday,83.0,81.33,82.04,1.67,106.0,0.9114,3.7498,85.8,407.0,EIA/FRED/Bloomberg reference + synthetic daily interpolation
2023-04-17,2023,4,17,Monday,85.15,81.67,84.88,3.48,106.96,0.8989,3.7496,87.73,397.0,EIA/FRED/Bloomberg reference + synthetic daily interpolation
2023-04-18,2023,4,18,Tuesday,83.73,82.53,83.43,1.2,101.85,0.9719,3.75,87.94,384.0,EIA/FRED/Bloomberg reference + synthetic daily interpolation
2023-04-19,2023,4,19,Wednesday,83.97,81.65,85.39,2.32,106.28,0.9074,3.7498,88.7,394.0,EIA/FRED/Bloomberg reference + synthetic daily interpolation
2023-04-20,2023,4,20,Thursday,82.8,79.08,81.52,3.72,104.45,0.935,3.7497,85.28,418.0,EIA/FRED/Bloomberg reference + synthetic daily interpolation
2023-04-21,2023,4,21,Friday,83.92,78.07,84.65,5.85,103.35,0.9546,3.7501,87.55,421.0,EIA/FRED/Bloomberg reference + synthetic daily interpolation
2023-04-24,2023,4,24,Monday,84.67,80.12,84.76,4.55,103.2,0.9509,3.7496,84.62,402.0,EIA/FRED/Bloomberg reference + synthetic daily interpolation
2023-04-25,2023,4,25,Tuesday,85.03,82.04,85.01,2.99,104.92,0.9318,3.7497,83.22,382.0,EIA/FRED/Bloomberg reference + synthetic daily interpolation
2023-04-26,2023,4,26,Wednesday,84.91,81.52,85.97,3.39,102.59,0.9651,3.7497,92.07,380.0,EIA/FRED/Bloomberg reference + synthetic daily interpolation
2023-04-27,2023,4,27,Thursday,85.18,81.61,84.78,3.57,102.6,0.9488,3.7499,87.45,403.0,EIA/FRED/Bloomberg reference + synthetic daily interpolation
2023-04-28,2023,4,28,Friday,85.36,83.39,86.43,1.97,105.49,0.9201,3.7499,82.82,410.0,EIA/FRED/Bloomberg reference + synthetic daily interpolation
2023-05-01,2023,5,1,Monday,84.53,81.22,84.56,3.31,102.74,0.9614,3.75,88.06,394.0,EIA/FRED/Bloomberg reference + synthetic daily interpolation
2023-05-02,2023,5,2,Tuesday,85.31,81.86,86.12,3.45,101.42,0.9804,3.7501,90.17,400.0,EIA/FRED/Bloomberg reference + synthetic daily interpolation
2023-05-03,2023,5,3,Wednesday,84.67,79.38,85.47,5.29,101.97,0.9624,3.7498,89.53,405.0,EIA/FRED/Bloomberg reference + synthetic daily interpolation
2023-05-04,2023,5,4,Thursday,85.19,80.52,84.45,4.67,101.91,0.9722,3.7497,92.96,396.0,EIA/FRED/Bloomberg reference + synthetic daily interpolation
2023-05-05,2023,5,5,Friday,84.16,78.95,85.29,5.21,105.18,0.9125,3.7499,84.52,394.0,EIA/FRED/Bloomberg reference + synthetic daily interpolation
2023-05-08,2023,5,8,Monday,84.48,79.78,84.92,4.7,105.44,0.9188,3.7497,89.74,391.0,EIA/FRED/Bloomberg reference + synthetic daily interpolation
2023-05-09,2023,5,9,Tuesday,82.7,81.76,84.19,0.94,104.42,0.9292,3.7497,90.31,418.0,EIA/FRED/Bloomberg reference + synthetic daily interpolation
2023-05-10,2023,5,10,Wednesday,82.65,79.71,83.15,2.94,103.93,0.9409,3.7499,88.84,384.0,EIA/FRED/Bloomberg reference + synthetic daily interpolation
2023-05-11,2023,5,11,Thursday,84.94,83.5,84.98,1.44,104.02,0.9459,3.7497,86.65,422.0,EIA/FRED/Bloomberg reference + synthetic daily interpolation
2023-05-12,2023,5,12,Friday,85.39,83.1,84.41,2.29,102.59,0.9559,3.7496,87.35,382.0,EIA/FRED/Bloomberg reference + synthetic daily interpolation
2023-05-15,2023,5,15,Monday,86.32,82.96,87.24,3.36,102.73,0.9579,3.7496,82.64,435.0,EIA/FRED/Bloomberg reference + synthetic daily interpolation
2023-05-16,2023,5,16,Tuesday,84.43,81.82,85.13,2.61,104.02,0.9406,3.7498,84.88,393.0,EIA/FRED/Bloomberg reference + synthetic daily interpolation
2023-05-17,2023,5,17,Wednesday,84.29,80.1,83.15,4.19,106.14,0.9055,3.75,90.74,389.0,EIA/FRED/Bloomberg reference + synthetic daily interpolation
2023-05-18,2023,5,18,Thursday,85.83,83.81,84.98,2.02,104.17,0.936,3.75,92.08,382.0,EIA/FRED/Bloomberg reference + synthetic daily interpolation
2023-05-19,2023,5,19,Friday,84.5,79.95,84.01,4.55,102.43,0.9642,3.7498,91.41,367.0,EIA/FRED/Bloomberg reference + synthetic daily interpolation
2023-05-22,2023,5,22,Monday,87.15,84.3,87.99,2.85,103.63,0.9483,3.7496,84.92,376.0,EIA/FRED/Bloomberg reference + synthetic daily interpolation
2023-05-23,2023,5,23,Tuesday,85.2,84.25,86.34,0.95,105.02,0.9182,3.7499,88.43,433.0,EIA/FRED/Bloomberg reference + synthetic daily interpolation
2023-05-24,2023,5,24,Wednesday,83.75,79.46,82.55,4.29,103.31,0.9487,3.7499,83.42,398.0,EIA/FRED/Bloomberg reference + synthetic daily interpolation
2023-05-25,2023,5,25,Thursday,84.2,82.92,85.19,1.28,103.65,0.9496,3.7499,85.35,356.0,EIA/FRED/Bloomberg reference + synthetic daily interpolation
2023-05-26,2023,5,26,Friday,85.3,82.13,83.88,3.17,103.35,0.9493,3.7497,88.62,427.0,EIA/FRED/Bloomberg reference + synthetic daily interpolation
2023-05-29,2023,5,29,Monday,86.83,80.87,85.79,5.96,103.67,0.9323,3.7497,88.44,416.0,EIA/FRED/Bloomberg reference + synthetic daily interpolation
2023-05-30,2023,5,30,Tuesday,88.02,84.83,87.47,3.19,101.66,0.9731,3.7496,85.54,408.0,EIA/FRED/Bloomberg reference + synthetic daily interpolation
2023-05-31,2023,5,31,Wednesday,83.92,78.8,84.96,5.12,104.76,0.9269,3.7498,88.36,422.0,EIA/FRED/Bloomberg reference + synthetic daily interpolation
2023-06-01,2023,6,1,Thursday,86.75,80.79,86.57,5.96,104.1,0.9343,3.7497,84.78,449.0,EIA/FRED/Bloomberg reference + synthetic daily interpolation
2023-06-02,2023,6,2,Friday,83.86,81.15,84.31,2.71,103.26,0.956,3.7498,85.94,402.0,EIA/FRED/Bloomberg reference + synthetic daily interpolation
2023-06-05,2023,6,5,Monday,84.95,80.34,83.65,4.61,103.94,0.944,3.75,89.02,353.0,EIA/FRED/Bloomberg reference + synthetic daily interpolation
2023-06-06,2023,6,6,Tuesday,85.35,84.13,85.77,1.22,103.2,0.9552,3.75,83.98,405.0,EIA/FRED/Bloomberg reference + synthetic daily interpolation
2023-06-07,2023,6,7,Wednesday,87.28,81.84,87.41,5.44,102.61,0.9592,3.7499,86.19,412.0,EIA/FRED/Bloomberg reference + synthetic daily interpolation
2023-06-08,2023,6,8,Thursday,87.17,83.87,86.62,3.3,101.28,0.9846,3.75,86.97,390.0,EIA/FRED/Bloomberg reference + synthetic daily interpolation
2023-06-09,2023,6,9,Friday,87.46,83.5,88.73,3.96,104.1,0.9438,3.7501,86.45,381.0,EIA/FRED/Bloomberg reference + synthetic daily interpolation
2023-06-12,2023,6,12,Monday,84.61,81.86,84.79,2.75,105.33,0.9318,3.7501,91.65,406.0,EIA/FRED/Bloomberg reference + synthetic daily interpolation
2023-06-13,2023,6,13,Tuesday,87.04,85.82,86.46,1.22,105.54,0.9221,3.75,87.91,387.0,EIA/FRED/Bloomberg reference + synthetic daily interpolation
2023-06-14,2023,6,14,Wednesday,86.06,80.26,86.54,5.8,105.57,0.9197,3.7499,84.92,395.0,EIA/FRED/Bloomberg reference + synthetic daily interpolation
2023-06-15,2023,6,15,Thursday,86.37,82.73,85.05,3.64,103.76,0.9434,3.7497,88.63,386.0,EIA/FRED/Bloomberg reference + synthetic daily interpolation
2023-06-16,2023,6,16,Friday,84.93,79.18,83.71,5.75,103.13,0.9457,3.7498,88.66,428.0,EIA/FRED/Bloomberg reference + synthetic daily interpolation
2023-06-19,2023,6,19,Monday,84.48,80.07,85.46,4.41,105.0,0.9353,3.7496,90.62,431.0,EIA/FRED/Bloomberg reference + synthetic daily interpolation
2023-06-20,2023,6,20,Tuesday,84.61,81.3,83.19,3.31,105.16,0.9237,3.7497,88.64,384.0,EIA/FRED/Bloomberg reference + synthetic daily interpolation
2023-06-21,2023,6,21,Wednesday,89.51,86.96,90.72,2.55,105.12,0.9262,3.7497,89.78,417.0,EIA/FRED/Bloomberg reference + synthetic daily interpolation
2023-06-22,2023,6,22,Thursday,85.28,82.5,84.24,2.78,104.34,0.9326,3.7501,86.89,420.0,EIA/FRED/Bloomberg reference + synthetic daily interpolation
2023-06-23,2023,6,23,Friday,85.58,83.15,85.18,2.43,102.02,0.9734,3.7499,88.2,393.0,EIA/FRED/Bloomberg reference + synthetic daily interpolation
2023-06-26,2023,6,26,Monday,86.43,83.51,85.13,2.92,106.47,0.9133,3.7501,90.06,447.0,EIA/FRED/Bloomberg reference + synthetic daily interpolation
2023-06-27,2023,6,27,Tuesday,83.62,78.28,83.57,5.34,104.36,0.9339,3.7499,83.25,394.0,EIA/FRED/Bloomberg reference + synthetic daily interpolation
2023-06-28,2023,6,28,Wednesday,87.29,84.3,86.55,2.99,103.28,0.9514,3.7497,89.27,395.0,EIA/FRED/Bloomberg reference + synthetic daily interpolation
2023-06-29,2023,6,29,Thursday,84.76,80.54,85.89,4.22,101.29,0.9773,3.7499,86.83,405.0,EIA/FRED/Bloomberg reference + synthetic daily interpolation
2023-06-30,2023,6,30,Friday,86.94,81.81,87.08,5.13,104.23,0.9308,3.7498,87.97,410.0,EIA/FRED/Bloomberg reference + synthetic daily interpolation
2023-07-03,2023,7,3,Monday,83.03,80.55,83.3,2.48,104.74,0.9337,3.7498,88.18,414.0,EIA/FRED/Bloomberg reference + synthetic daily interpolation
2023-07-04,2023,7,4,Tuesday,84.59,80.53,83.29,4.06,103.45,0.9469,3.75,88.92,441.0,EIA/FRED/Bloomberg reference + synthetic daily interpolation
2023-07-05,2023,7,5,Wednesday,84.77,80.08,83.3,4.69,103.72,0.9445,3.7501,87.69,393.0,EIA/FRED/Bloomberg reference + synthetic daily interpolation
2023-07-06,2023,7,6,Thursday,84.02,81.13,83.51,2.89,103.07,0.9498,3.7499,89.11,405.0,EIA/FRED/Bloomberg reference + synthetic daily interpolation
2023-07-07,2023,7,7,Friday,84.16,81.22,82.67,2.94,102.3,0.9641,3.7501,95.9,422.0,EIA/FRED/Bloomberg reference + synthetic daily interpolation
2023-07-10,2023,7,10,Monday,84.08,83.13,83.01,0.95,103.88,0.9463,3.7497,84.73,349.0,EIA/FRED/Bloomberg reference + synthetic daily interpolation
2023-07-11,2023,7,11,Tuesday,85.37,83.8,86.83,1.57,101.21,0.9868,3.7497,89.62,388.0,EIA/FRED/Bloomberg reference + synthetic daily interpolation
2023-07-12,2023,7,12,Wednesday,85.3,84.0,85.86,1.3,103.51,0.9472,3.7501,81.78,383.0,EIA/FRED/Bloomberg reference + synthetic daily interpolation
2023-07-13,2023,7,13,Thursday,81.38,75.39,80.27,5.99,102.96,0.9575,3.7497,93.81,443.0,EIA/FRED/Bloomberg reference + synthetic daily interpolation
2023-07-14,2023,7,14,Friday,85.59,84.31,84.4,1.28,103.46,0.9461,3.7498,82.58,431.0,EIA/FRED/Bloomberg reference + synthetic daily interpolation
2023-07-17,2023,7,17,Monday,84.96,81.71,86.46,3.25,104.08,0.9387,3.7499,89.18,425.0,EIA/FRED/Bloomberg reference + synthetic daily interpolation
2023-07-18,2023,7,18,Tuesday,83.95,82.39,84.22,1.56,102.11,0.97,3.7499,90.6,393.0,EIA/FRED/Bloomberg reference + synthetic daily interpolation
2023-07-19,2023,7,19,Wednesday,83.67,78.17,84.37,5.5,100.96,0.9893,3.75,86.37,398.0,EIA/FRED/Bloomberg reference + synthetic daily interpolation
2023-07-20,2023,7,20,Thursday,83.62,82.43,83.68,1.19,104.96,0.9178,3.7497,86.99,417.0,EIA/FRED/Bloomberg reference + synthetic daily interpolation
2023-07-21,2023,7,21,Friday,85.41,83.82,84.3,1.59,101.79,0.9723,3.7497,89.9,428.0,EIA/FRED/Bloomberg reference + synthetic daily interpolation
2023-07-24,2023,7,24,Monday,83.28,78.51,84.43,4.77,103.77,0.9387,3.7498,88.5,402.0,EIA/FRED/Bloomberg reference + synthetic daily interpolation
2023-07-25,2023,7,25,Tuesday,83.99,78.39,84.56,5.6,102.39,0.9646,3.7497,94.71,394.0,EIA/FRED/Bloomberg reference + synthetic daily interpolation
2023-07-26,2023,7,26,Wednesday,82.16,81.44,82.09,0.72,104.58,0.9321,3.7499,86.31,358.0,EIA/FRED/Bloomberg reference + synthetic daily interpolation
2023-07-27,2023,7,27,Thursday,82.66,80.63,81.48,2.03,102.62,0.9514,3.7498,84.58,392.0,EIA/FRED/Bloomberg reference + synthetic daily interpolation
2023-07-28,2023,7,28,Friday,82.32,77.75,82.89,4.57,104.46,0.9332,3.75,87.95,432.0,EIA/FRED/Bloomberg reference + synthetic daily interpolation
2023-07-31,2023,7,31,Monday,83.39,81.22,83.38,2.17,103.22,0.9574,3.7498,84.77,405.0,EIA/FRED/Bloomberg reference + synthetic daily interpolation
2023-08-01,2023,8,1,Tuesday,84.58,79.08,84.81,5.5,104.54,0.9288,3.7497,90.71,393.0,EIA/FRED/Bloomberg reference + synthetic daily interpolation
2023-08-02,2023,8,2,Wednesday,86.9,82.42,85.76,4.48,104.51,0.9299,3.7499,90.28,393.0,EIA/FRED/Bloomberg reference + synthetic daily interpolation
2023-08-03,2023,8,3,Thursday,85.87,83.08,84.86,2.79,101.84,0.9736,3.7496,87.25,411.0,EIA/FRED/Bloomberg reference + synthetic daily interpolation
2023-08-04,2023,8,4,Friday,84.72,79.78,84.34,4.94,104.8,0.9218,3.7496,82.7,374.0,EIA/FRED/Bloomberg reference + synthetic daily interpolation
2023-08-07,2023,8,7,Monday,82.06,80.26,83.55,1.8,103.42,0.9472,3.7501,84.74,397.0,EIA/FRED/Bloomberg reference + synthetic daily interpolation
2023-08-08,2023,8,8,Tuesday,83.35,81.72,84.44,1.63,103.31,0.9568,3.75,86.51,396.0,EIA/FRED/Bloomberg reference + synthetic daily interpolation
2023-08-09,2023,8,9,Wednesday,84.98,82.39,83.86,2.59,101.27,0.9805,3.75,88.2,376.0,EIA/FRED/Bloomberg reference + synthetic daily interpolation
2023-08-10,2023,8,10,Thursday,82.81,80.97,82.95,1.84,105.26,0.9222,3.75,81.18,363.0,EIA/FRED/Bloomberg reference + synthetic daily interpolation
2023-08-11,2023,8,11,Friday,82.45,76.51,81.93,5.94,105.39,0.9244,3.7499,90.41,394.0,EIA/FRED/Bloomberg reference + synthetic daily interpolation
2023-08-14,2023,8,14,Monday,83.58,77.94,83.34,5.64,103.65,0.9424,3.7501,88.92,395.0,EIA/FRED/Bloomberg reference + synthetic daily interpolation
2023-08-15,2023,8,15,Tuesday,83.1,77.16,83.4,5.94,103.22,0.9494,3.7501,88.13,390.0,EIA/FRED/Bloomberg reference + synthetic daily interpolation
2023-08-16,2023,8,16,Wednesday,82.57,81.25,83.73,1.32,99.67,1.0089,3.7497,84.42,391.0,EIA/FRED/Bloomberg reference + synthetic daily interpolation
2023-08-17,2023,8,17,Thursday,82.58,80.08,81.72,2.5,104.96,0.9273,3.7498,83.32,411.0,EIA/FRED/Bloomberg reference + synthetic daily interpolation
2023-08-18,2023,8,18,Friday,82.29,76.36,80.98,5.93,102.9,0.9644,3.7499,86.66,394.0,EIA/FRED/Bloomberg reference + synthetic daily interpolation
2023-08-21,2023,8,21,Monday,81.8,76.96,81.69,4.84,103.24,0.9581,3.7497,88.04,429.0,EIA/FRED/Bloomberg reference + synthetic daily interpolation
2023-08-22,2023,8,22,Tuesday,84.33,80.81,84.48,3.52,104.49,0.9375,3.75,91.48,399.0,EIA/FRED/Bloomberg reference + synthetic daily interpolation
2023-08-23,2023,8,23,Wednesday,81.18,77.45,82.68,3.73,105.7,0.9056,3.7499,86.38,397.0,EIA/FRED/Bloomberg reference + synthetic daily interpolation
2023-08-24,2023,8,24,Thursday,82.46,79.54,83.04,2.92,102.72,0.9638,3.7499,88.62,392.0,EIA/FRED/Bloomberg reference + synthetic daily interpolation
2023-08-25,2023,8,25,Friday,82.14,81.09,83.04,1.05,104.89,0.9274,3.75,87.29,403.0,EIA/FRED/Bloomberg reference + synthetic daily interpolation
2023-08-28,2023,8,28,Monday,83.33,82.71,82.71,0.62,104.05,0.9439,3.7498,91.79,447.0,EIA/FRED/Bloomberg reference + synthetic daily interpolation
2023-08-29,2023,8,29,Tuesday,82.71,78.95,82.13,3.76,105.59,0.9248,3.7497,90.95,370.0,EIA/FRED/Bloomberg reference + synthetic daily interpolation
2023-08-30,2023,8,30,Wednesday,82.49,76.91,82.78,5.58,104.1,0.9464,3.7499,89.15,415.0,EIA/FRED/Bloomberg reference + synthetic daily interpolation
2023-08-31,2023,8,31,Thursday,80.99,79.64,82.12,1.35,102.5,0.9591,3.7498,87.21,392.0,EIA/FRED/Bloomberg reference + synthetic daily interpolation
2023-09-01,2023,9,1,Friday,81.89,77.3,81.34,4.59,103.6,0.9439,3.75,84.15,406.0,EIA/FRED/Bloomberg reference + synthetic daily interpolation
2023-09-04,2023,9,4,Monday,81.78,78.7,80.87,3.08,102.89,0.9572,3.7497,91.09,403.0,EIA/FRED/Bloomberg reference + synthetic daily interpolation
2023-09-05,2023,9,5,Tuesday,83.3,81.59,84.33,1.71,103.74,0.9451,3.7496,91.63,415.0,EIA/FRED/Bloomberg reference + synthetic daily interpolation
2023-09-06,2023,9,6,Wednesday,84.28,82.44,82.83,1.84,101.77,0.9749,3.75,91.57,393.0,EIA/FRED/Bloomberg reference + synthetic daily interpolation
2023-09-07,2023,9,7,Thursday,81.95,76.91,82.34,5.04,103.83,0.9449,3.7499,87.89,366.0,EIA/FRED/Bloomberg reference + synthetic daily interpolation
2023-09-08,2023,9,8,Friday,82.39,76.7,83.74,5.69,102.3,0.9672,3.7498,88.68,388.0,EIA/FRED/Bloomberg reference + synthetic daily interpolation
2023-09-11,2023,9,11,Monday,81.06,75.57,79.7,5.49,103.28,0.9521,3.7499,87.01,397.0,EIA/FRED/Bloomberg reference + synthetic daily interpolation
2023-09-12,2023,9,12,Tuesday,80.91,78.64,79.49,2.27,102.53,0.9644,3.7496,84.02,387.0,EIA/FRED/Bloomberg reference + synthetic daily interpolation
2023-09-13,2023,9,13,Wednesday,79.6,74.41,80.73,5.19,105.34,0.921,3.7497,90.22,371.0,EIA/FRED/Bloomberg reference + synthetic daily interpolation
2023-09-14,2023,9,14,Thursday,80.45,79.33,79.45,1.12,105.41,0.9102,3.7501,87.88,423.0,EIA/FRED/Bloomberg reference + synthetic daily interpolation
2023-09-15,2023,9,15,Friday,82.26,79.59,83.17,2.67,103.64,0.947,3.7498,84.98,392.0,EIA/FRED/Bloomberg reference + synthetic daily interpolation
2023-09-18,2023,9,18,Monday,80.7,74.95,80.68,5.75,102.98,0.9572,3.7496,87.11,398.0,EIA/FRED/Bloomberg reference + synthetic daily interpolation
2023-09-19,2023,9,19,Tuesday,82.1,80.93,81.74,1.17,101.43,0.9764,3.7497,82.99,401.0,EIA/FRED/Bloomberg reference + synthetic daily interpolation
2023-09-20,2023,9,20,Wednesday,82.93,79.37,83.81,3.56,104.11,0.9361,3.7498,92.61,370.0,EIA/FRED/Bloomberg reference + synthetic daily interpolation
2023-09-21,2023,9,21,Thursday,80.12,77.05,81.25,3.07,105.42,0.9167,3.7498,90.78,380.0,EIA/FRED/Bloomberg reference + synthetic daily interpolation
2023-09-22,2023,9,22,Friday,81.06,79.55,80.25,1.51,103.23,0.9544,3.75,92.56,397.0,EIA/FRED/Bloomberg reference + synthetic daily interpolation
2023-09-25,2023,9,25,Monday,81.26,76.51,82.2,4.75,105.0,0.9165,3.7499,86.06,416.0,EIA/FRED/Bloomberg reference + synthetic daily interpolation
2023-09-26,2023,9,26,Tuesday,82.23,77.1,83.26,5.13,102.93,0.9677,3.7499,87.36,382.0,EIA/FRED/Bloomberg reference + synthetic daily interpolation
2023-09-27,2023,9,27,Wednesday,80.94,77.4,79.74,3.54,102.59,0.9651,3.7496,91.22,398.0,EIA/FRED/Bloomberg reference + synthetic daily interpolation
2023-09-28,2023,9,28,Thursday,79.75,73.77,79.55,5.98,103.91,0.9488,3.7496,92.86,419.0,EIA/FRED/Bloomberg reference + synthetic daily interpolation
2023-09-29,2023,9,29,Friday,79.47,78.4,78.07,1.07,104.45,0.9407,3.7497,81.34,408.0,EIA/FRED/Bloomberg reference + synthetic daily interpolation
2023-10-02,2023,10,2,Monday,80.82,78.17,79.75,2.65,102.63,0.9561,3.75,87.99,396.0,EIA/FRED/Bloomberg reference + synthetic daily interpolation
2023-10-03,2023,10,3,Tuesday,80.92,76.45,82.21,4.47,102.61,0.9556,3.75,90.77,390.0,EIA/FRED/Bloomberg reference + synthetic daily interpolation
2023-10-04,2023,10,4,Wednesday,83.12,80.87,82.4,2.25,103.51,0.9431,3.75,88.55,393.0,EIA/FRED/Bloomberg reference + synthetic daily interpolation
2023-10-05,2023,10,5,Thursday,82.22,80.3,83.5,1.92,103.63,0.9522,3.7497,87.95,388.0,EIA/FRED/Bloomberg reference + synthetic daily interpolation
2023-10-06,2023,10,6,Friday,79.71,78.02,80.89,1.69,104.24,0.9471,3.7499,92.39,397.0,EIA/FRED/Bloomberg reference + synthetic daily interpolation
2023-10-09,2023,10,9,Monday,79.74,74.4,78.94,5.34,103.16,0.9602,3.7499,87.59,408.0,EIA/FRED/Bloomberg reference + synthetic daily interpolation
2023-10-10,2023,10,10,Tuesday,82.88,79.22,83.91,3.66,102.2,0.9629,3.7498,85.76,396.0,EIA/FRED/Bloomberg reference + synthetic daily interpolation
2023-10-11,2023,10,11,Wednesday,80.05,77.52,80.4,2.53,105.19,0.9205,3.7497,88.24,396.0,EIA/FRED/Bloomberg reference + synthetic daily interpolation
2023-10-12,2023,10,12,Thursday,81.0,79.17,82.4,1.83,103.77,0.9498,3.7498,85.64,366.0,EIA/FRED/Bloomberg reference + synthetic daily interpolation
2023-10-13,2023,10,13,Friday,81.21,77.73,81.69,3.48,103.89,0.9344,3.7499,89.04,390.0,EIA/FRED/Bloomberg reference + synthetic daily interpolation
2023-10-16,2023,10,16,Monday,80.61,79.79,81.45,0.82,103.17,0.9551,3.7498,87.51,389.0,EIA/FRED/Bloomberg reference + synthetic daily interpolation
2023-10-17,2023,10,17,Tuesday,82.48,81.7,82.9,0.78,105.28,0.9114,3.7499,98.12,411.0,EIA/FRED/Bloomberg reference + synthetic daily interpolation
2023-10-18,2023,10,18,Wednesday,80.01,75.84,78.52,4.17,105.36,0.9271,3.7498,83.99,357.0,EIA/FRED/Bloomberg reference + synthetic daily interpolation
2023-10-19,2023,10,19,Thursday,79.05,73.61,79.99,5.44,103.39,0.941,3.75,83.04,396.0,EIA/FRED/Bloomberg reference + synthetic daily interpolation
2023-10-20,2023,10,20,Friday,78.89,75.32,77.47,3.57,103.87,0.9398,3.7497,86.03,480.0,EIA/FRED/Bloomberg reference + synthetic daily interpolation
2023-10-23,2023,10,23,Monday,80.96,75.94,80.69,5.02,102.24,0.9554,3.7498,89.95,400.0,EIA/FRED/Bloomberg reference + synthetic daily interpolation
2023-10-24,2023,10,24,Tuesday,78.33,73.64,76.93,4.69,103.52,0.9497,3.7497,85.79,418.0,EIA/FRED/Bloomberg reference + synthetic daily interpolation
2023-10-25,2023,10,25,Wednesday,78.29,77.15,78.56,1.14,102.38,0.9728,3.7499,85.06,410.0,EIA/FRED/Bloomberg reference + synthetic daily interpolation
2023-10-26,2023,10,26,Thursday,79.96,75.19,78.6,4.77,104.66,0.9312,3.7498,90.17,430.0,EIA/FRED/Bloomberg reference + synthetic daily interpolation
2023-10-27,2023,10,27,Friday,78.91,76.79,78.22,2.12,101.15,0.9835,3.7501,86.68,411.0,EIA/FRED/Bloomberg reference + synthetic daily interpolation
2023-10-30,2023,10,30,Monday,78.83,74.28,80.05,4.55,103.68,0.9486,3.7499,88.15,409.0,EIA/FRED/Bloomberg reference + synthetic daily interpolation
2023-10-31,2023,10,31,Tuesday,79.44,75.98,80.42,3.46,103.78,0.944,3.75,88.34,391.0,EIA/FRED/Bloomberg reference + synthetic daily interpolation
2023-11-01,2023,11,1,Wednesday,79.57,73.92,78.59,5.65,104.11,0.9271,3.75,88.69,390.0,EIA/FRED/Bloomberg reference + synthetic daily interpolation
2023-11-02,2023,11,2,Thursday,78.35,73.93,78.33,4.42,103.26,0.949,3.75,84.29,411.0,EIA/FRED/Bloomberg reference + synthetic daily interpolation
2023-11-03,2023,11,3,Friday,80.49,79.9,79.07,0.59,103.45,0.9515,3.7498,85.27,422.0,EIA/FRED/Bloomberg reference + synthetic daily interpolation
2023-11-06,2023,11,6,Monday,79.18,74.27,79.61,4.91,102.11,0.965,3.7497,89.58,391.0,EIA/FRED/Bloomberg reference + synthetic daily interpolation
2023-11-07,2023,11,7,Tuesday,79.33,78.79,80.6,0.54,103.07,0.9526,3.7498,87.1,421.0,EIA/FRED/Bloomberg reference + synthetic daily interpolation
2023-11-08,2023,11,8,Wednesday,83.6,81.29,83.48,2.31,103.85,0.9413,3.7499,86.91,381.0,EIA/FRED/Bloomberg reference + synthetic daily interpolation
2023-11-09,2023,11,9,Thursday,79.42,76.67,79.44,2.75,102.15,0.9616,3.7499,87.83,404.0,EIA/FRED/Bloomberg reference + synthetic daily interpolation
2023-11-10,2023,11,10,Friday,78.79,75.73,78.42,3.06,103.95,0.941,3.75,94.54,423.0,EIA/FRED/Bloomberg reference + synthetic daily interpolation
2023-11-13,2023,11,13,Monday,79.4,76.42,79.52,2.98,103.84,0.9363,3.75,86.16,375.0,EIA/FRED/Bloomberg reference + synthetic daily interpolation
2023-11-14,2023,11,14,Tuesday,79.81,74.71,80.99,5.1,103.46,0.9498,3.7499,90.26,444.0,EIA/FRED/Bloomberg reference + synthetic daily interpolation
2023-11-15,2023,11,15,Wednesday,79.47,78.63,80.63,0.84,104.31,0.9278,3.75,87.37,358.0,EIA/FRED/Bloomberg reference + synthetic daily interpolation
2023-11-16,2023,11,16,Thursday,77.84,77.03,77.71,0.81,104.31,0.9381,3.7498,87.69,385.0,EIA/FRED/Bloomberg reference + synthetic daily interpolation
2023-11-17,2023,11,17,Friday,79.52,77.95,80.24,1.57,103.5,0.9523,3.7499,89.32,401.0,EIA/FRED/Bloomberg reference + synthetic daily interpolation
2023-11-20,2023,11,20,Monday,79.69,73.9,78.8,5.79,103.38,0.9443,3.75,88.03,402.0,EIA/FRED/Bloomberg reference + synthetic daily interpolation
2023-11-21,2023,11,21,Tuesday,81.83,76.86,82.09,4.97,105.66,0.9096,3.7497,87.48,397.0,EIA/FRED/Bloomberg reference + synthetic daily interpolation
2023-11-22,2023,11,22,Wednesday,82.3,79.56,83.66,2.74,103.66,0.9416,3.75,83.69,401.0,EIA/FRED/Bloomberg reference + synthetic daily interpolation
2023-11-23,2023,11,23,Thursday,79.11,78.05,79.75,1.06,103.87,0.9368,3.7497,87.34,415.0,EIA/FRED/Bloomberg reference + synthetic daily interpolation
2023-11-24,2023,11,24,Friday,82.13,76.6,82.89,5.53,105.77,0.9209,3.75,87.03,411.0,EIA/FRED/Bloomberg reference + synthetic daily interpolation
2023-11-27,2023,11,27,Monday,77.68,74.97,76.96,2.71,104.0,0.9311,3.7498,90.79,412.0,EIA/FRED/Bloomberg reference + synthetic daily interpolation
2023-11-28,2023,11,28,Tuesday,78.59,76.71,77.94,1.88,102.02,0.9626,3.7499,86.72,389.0,EIA/FRED/Bloomberg reference + synthetic daily interpolation
2023-11-29,2023,11,29,Wednesday,77.97,74.99,77.74,2.98,104.06,0.9353,3.7496,90.66,414.0,EIA/FRED/Bloomberg reference + synthetic daily interpolation
2023-11-30,2023,11,30,Thursday,77.77,75.62,77.93,2.15,104.25,0.932,3.75,90.49,408.0,EIA/FRED/Bloomberg reference + synthetic daily interpolation
2023-12-01,2023,12,1,Friday,80.74,75.74,79.65,5.0,101.28,0.9753,3.7501,81.2,391.0,EIA/FRED/Bloomberg reference + synthetic daily interpolation
2023-12-04,2023,12,4,Monday,77.88,76.02,79.33,1.86,102.62,0.9601,3.7499,87.72,394.0,EIA/FRED/Bloomberg reference + synthetic daily interpolation
2023-12-05,2023,12,5,Tuesday,79.85,76.18,79.65,3.67,102.12,0.9677,3.7496,86.14,403.0,EIA/FRED/Bloomberg reference + synthetic daily interpolation
2023-12-06,2023,12,6,Wednesday,79.03,73.46,77.76,5.57,103.77,0.9431,3.7499,88.43,420.0,EIA/FRED/Bloomberg reference + synthetic daily interpolation
2023-12-07,2023,12,7,Thursday,77.1,75.02,77.42,2.08,103.21,0.9472,3.7497,85.86,384.0,EIA/FRED/Bloomberg reference + synthetic daily interpolation
2023-12-08,2023,12,8,Friday,79.68,76.48,78.69,3.2,103.17,0.9578,3.7501,85.59,392.0,EIA/FRED/Bloomberg reference + synthetic daily interpolation
2023-12-11,2023,12,11,Monday,80.18,75.5,79.99,4.68,102.76,0.9585,3.7498,89.75,387.0,EIA/FRED/Bloomberg reference + synthetic daily interpolation
2023-12-12,2023,12,12,Tuesday,80.12,74.56,79.14,5.56,102.18,0.9658,3.7497,95.17,430.0,EIA/FRED/Bloomberg reference + synthetic daily interpolation
2023-12-13,2023,12,13,Wednesday,77.57,75.49,77.0,2.08,102.26,0.9622,3.7499,84.94,409.0,EIA/FRED/Bloomberg reference + synthetic daily interpolation
2023-12-14,2023,12,14,Thursday,81.86,79.86,80.48,2.0,104.22,0.9369,3.7499,95.53,384.0,EIA/FRED/Bloomberg reference + synthetic daily interpolation
2023-12-15,2023,12,15,Friday,81.45,79.46,82.88,1.99,102.79,0.961,3.7496,87.44,406.0,EIA/FRED/Bloomberg reference + synthetic daily interpolation
2023-12-18,2023,12,18,Monday,82.79,80.18,81.42,2.61,105.55,0.9192,3.7497,90.63,422.0,EIA/FRED/Bloomberg reference + synthetic daily interpolation
2023-12-19,2023,12,19,Tuesday,78.24,75.59,78.19,2.65,102.49,0.9615,3.7499,89.42,387.0,EIA/FRED/Bloomberg reference + synthetic daily interpolation
2023-12-20,2023,12,20,Wednesday,79.32,78.26,79.26,1.06,105.13,0.9222,3.7496,85.46,400.0,EIA/FRED/Bloomberg reference + synthetic daily interpolation
2023-12-21,2023,12,21,Thursday,81.25,76.58,80.68,4.67,104.86,0.9292,3.7497,90.85,429.0,EIA/FRED/Bloomberg reference + synthetic daily interpolation
2023-12-22,2023,12,22,Friday,78.63,77.76,78.72,0.87,104.37,0.9345,3.7497,83.54,409.0,EIA/FRED/Bloomberg reference + synthetic daily interpolation
2023-12-25,2023,12,25,Monday,77.95,74.14,78.07,3.81,104.43,0.9332,3.7496,90.2,401.0,EIA/FRED/Bloomberg reference + synthetic daily interpolation
2023-12-26,2023,12,26,Tuesday,78.56,75.32,77.07,3.24,103.21,0.9491,3.7499,89.53,402.0,EIA/FRED/Bloomberg reference + synthetic daily interpolation
2023-12-27,2023,12,27,Wednesday,78.84,76.65,78.37,2.19,104.25,0.931,3.7501,90.64,428.0,EIA/FRED/Bloomberg reference + synthetic daily interpolation
2023-12-28,2023,12,28,Thursday,79.74,75.09,79.67,4.65,105.7,0.913,3.7496,89.15,399.0,EIA/FRED/Bloomberg reference + synthetic daily interpolation
2023-12-29,2023,12,29,Friday,79.69,75.93,78.9,3.76,103.7,0.9421,3.7496,88.46,446.0,EIA/FRED/Bloomberg reference + synthetic daily interpolation
2024-01-01,2024,1,1,Monday,76.69,76.06,77.71,0.63,103.9,0.9378,3.7501,83.99,476.0,EIA/FRED/Bloomberg reference + synthetic daily interpolation
2024-01-02,2024,1,2,Tuesday,78.46,73.34,77.47,5.12,105.12,0.9253,3.7497,89.22,465.0,EIA/FRED/Bloomberg reference + synthetic daily interpolation
2024-01-03,2024,1,3,Wednesday,75.78,74.84,75.94,0.94,101.48,0.9784,3.75,91.3,488.0,EIA/FRED/Bloomberg reference + synthetic daily interpolation
2024-01-04,2024,1,4,Thursday,77.65,76.25,78.86,1.4,104.66,0.9277,3.7501,86.49,469.0,EIA/FRED/Bloomberg reference + synthetic daily interpolation
2024-01-05,2024,1,5,Friday,76.57,70.81,76.96,5.76,104.27,0.9407,3.7501,86.0,471.0,EIA/FRED/Bloomberg reference + synthetic daily interpolation
2024-01-08,2024,1,8,Monday,79.01,77.56,77.93,1.45,105.76,0.917,3.7498,86.59,465.0,EIA/FRED/Bloomberg reference + synthetic daily interpolation
2024-01-09,2024,1,9,Tuesday,77.68,75.83,77.09,1.85,104.15,0.9448,3.7496,91.44,460.0,EIA/FRED/Bloomberg reference + synthetic daily interpolation
2024-01-10,2024,1,10,Wednesday,77.86,73.74,77.35,4.12,104.64,0.9363,3.7501,90.56,502.0,EIA/FRED/Bloomberg reference + synthetic daily interpolation
2024-01-11,2024,1,11,Thursday,77.16,74.98,76.48,2.18,105.85,0.9071,3.7497,84.12,455.0,EIA/FRED/Bloomberg reference + synthetic daily interpolation
2024-01-12,2024,1,12,Friday,78.39,73.87,78.44,4.52,102.25,0.9734,3.75,90.48,495.0,EIA/FRED/Bloomberg reference + synthetic daily interpolation
2024-01-15,2024,1,15,Monday,77.52,72.01,78.0,5.51,103.59,0.9551,3.7497,86.01,485.0,EIA/FRED/Bloomberg reference + synthetic daily interpolation
2024-01-16,2024,1,16,Tuesday,78.46,77.07,78.5,1.39,102.7,0.9567,3.75,87.91,484.0,EIA/FRED/Bloomberg reference + synthetic daily interpolation
2024-01-17,2024,1,17,Wednesday,79.35,77.41,79.49,1.94,104.92,0.9177,3.7499,85.65,467.0,EIA/FRED/Bloomberg reference + synthetic daily interpolation
2024-01-18,2024,1,18,Thursday,76.95,75.99,78.27,0.96,104.43,0.9288,3.7499,92.28,473.0,EIA/FRED/Bloomberg reference + synthetic daily interpolation
2024-01-19,2024,1,19,Friday,79.96,78.69,81.45,1.27,105.1,0.9203,3.7497,90.33,500.0,EIA/FRED/Bloomberg reference + synthetic daily interpolation
2024-01-22,2024,1,22,Monday,78.62,72.76,77.88,5.86,104.74,0.9302,3.7498,91.37,502.0,EIA/FRED/Bloomberg reference + synthetic daily interpolation
2024-01-23,2024,1,23,Tuesday,78.13,74.15,79.1,3.98,104.29,0.9418,3.7496,89.94,477.0,EIA/FRED/Bloomberg reference + synthetic daily interpolation
2024-01-24,2024,1,24,Wednesday,78.72,73.22,78.39,5.5,103.67,0.9456,3.7501,89.64,479.0,EIA/FRED/Bloomberg reference + synthetic daily interpolation
2024-01-25,2024,1,25,Thursday,81.13,76.81,81.48,4.32,102.95,0.9573,3.7498,87.13,488.0,EIA/FRED/Bloomberg reference + synthetic daily interpolation
2024-01-26,2024,1,26,Friday,78.7,74.78,77.46,3.92,103.61,0.9353,3.75,86.37,483.0,EIA/FRED/Bloomberg reference + synthetic daily interpolation
2024-01-29,2024,1,29,Monday,79.61,78.19,80.01,1.42,104.32,0.9309,3.7497,86.06,502.0,EIA/FRED/Bloomberg reference + synthetic daily interpolation
2024-01-30,2024,1,30,Tuesday,80.09,75.7,79.32,4.39,105.35,0.9196,3.7497,89.21,490.0,EIA/FRED/Bloomberg reference + synthetic daily interpolation
2024-01-31,2024,1,31,Wednesday,80.22,79.59,80.71,0.63,103.64,0.9432,3.7496,90.02,475.0,EIA/FRED/Bloomberg reference + synthetic daily interpolation
2024-02-01,2024,2,1,Thursday,80.42,75.24,80.81,5.18,100.1,0.9987,3.75,87.16,453.0,EIA/FRED/Bloomberg reference + synthetic daily interpolation
2024-02-02,2024,2,2,Friday,78.25,72.96,78.42,5.29,103.97,0.9353,3.7497,88.0,476.0,EIA/FRED/Bloomberg reference + synthetic daily interpolation
2024-02-05,2024,2,5,Monday,77.91,75.85,79.3,2.06,103.14,0.9499,3.7499,89.19,450.0,EIA/FRED/Bloomberg reference + synthetic daily interpolation
2024-02-06,2024,2,6,Tuesday,77.33,75.11,77.12,2.22,105.49,0.9155,3.7499,88.28,454.0,EIA/FRED/Bloomberg reference + synthetic daily interpolation
2024-02-07,2024,2,7,Wednesday,79.39,78.79,79.74,0.6,103.88,0.9353,3.7497,87.37,491.0,EIA/FRED/Bloomberg reference + synthetic daily interpolation
2024-02-08,2024,2,8,Thursday,78.13,73.14,77.36,4.99,105.05,0.9223,3.7497,87.21,453.0,EIA/FRED/Bloomberg reference + synthetic daily interpolation
2024-02-09,2024,2,9,Friday,80.13,78.58,80.69,1.55,102.38,0.9697,3.7496,91.29,482.0,EIA/FRED/Bloomberg reference + synthetic daily interpolation
2024-02-12,2024,2,12,Monday,81.96,81.39,81.65,0.57,103.65,0.9482,3.7497,82.05,451.0,EIA/FRED/Bloomberg reference + synthetic daily interpolation
2024-02-13,2024,2,13,Tuesday,81.86,80.97,80.65,0.89,102.39,0.9596,3.75,86.95,485.0,EIA/FRED/Bloomberg reference + synthetic daily interpolation
2024-02-14,2024,2,14,Wednesday,75.87,73.51,77.35,2.36,102.31,0.9715,3.75,90.98,439.0,EIA/FRED/Bloomberg reference + synthetic daily interpolation
2024-02-15,2024,2,15,Thursday,79.76,78.45,80.13,1.31,102.44,0.9653,3.7499,81.23,460.0,EIA/FRED/Bloomberg reference + synthetic daily interpolation
2024-02-16,2024,2,16,Friday,78.85,78.25,78.93,0.6,105.32,0.9203,3.7497,88.46,485.0,EIA/FRED/Bloomberg reference + synthetic daily interpolation
2024-02-19,2024,2,19,Monday,80.95,76.2,81.04,4.75,104.12,0.9428,3.7501,84.58,507.0,EIA/FRED/Bloomberg reference + synthetic daily interpolation
2024-02-20,2024,2,20,Tuesday,80.44,78.47,80.32,1.97,105.85,0.9193,3.7496,85.45,499.0,EIA/FRED/Bloomberg reference + synthetic daily interpolation
2024-02-21,2024,2,21,Wednesday,77.86,76.14,78.65,1.72,103.68,0.9443,3.75,87.73,479.0,EIA/FRED/Bloomberg reference + synthetic daily interpolation
2024-02-22,2024,2,22,Thursday,78.93,73.61,79.89,5.32,104.09,0.9439,3.7498,88.05,476.0,EIA/FRED/Bloomberg reference + synthetic daily interpolation
2024-02-23,2024,2,23,Friday,82.26,80.94,83.72,1.32,103.5,0.9409,3.7497,86.47,473.0,EIA/FRED/Bloomberg reference + synthetic daily interpolation
2024-02-26,2024,2,26,Monday,79.76,74.61,80.71,5.15,104.45,0.9345,3.7498,93.4,506.0,EIA/FRED/Bloomberg reference + synthetic daily interpolation
2024-02-27,2024,2,27,Tuesday,82.21,78.41,83.13,3.8,103.6,0.9441,3.7496,91.26,506.0,EIA/FRED/Bloomberg reference + synthetic daily interpolation
2024-02-28,2024,2,28,Wednesday,79.3,74.95,79.54,4.35,102.63,0.9497,3.75,82.56,505.0,EIA/FRED/Bloomberg reference + synthetic daily interpolation
2024-02-29,2024,2,29,Thursday,79.57,73.73,78.22,5.84,103.22,0.956,3.7496,87.25,475.0,EIA/FRED/Bloomberg reference + synthetic daily interpolation
2024-03-01,2024,3,1,Friday,77.95,73.55,77.29,4.4,104.55,0.9343,3.7498,88.65,469.0,EIA/FRED/Bloomberg reference + synthetic daily interpolation
2024-03-04,2024,3,4,Monday,82.41,79.26,82.99,3.15,105.2,0.9191,3.7498,85.83,472.0,EIA/FRED/Bloomberg reference + synthetic daily interpolation
2024-03-05,2024,3,5,Tuesday,80.74,78.98,79.62,1.76,104.45,0.9224,3.7498,85.91,472.0,EIA/FRED/Bloomberg reference + synthetic daily interpolation
2024-03-06,2024,3,6,Wednesday,79.41,77.48,78.58,1.93,106.32,0.8939,3.75,88.19,472.0,EIA/FRED/Bloomberg reference + synthetic daily interpolation
2024-03-07,2024,3,7,Thursday,79.51,75.81,80.56,3.7,104.16,0.9376,3.7501,85.42,493.0,EIA/FRED/Bloomberg reference + synthetic daily interpolation
2024-03-08,2024,3,8,Friday,77.52,72.71,78.15,4.81,103.77,0.9437,3.7498,88.74,469.0,EIA/FRED/Bloomberg reference + synthetic daily interpolation
2024-03-11,2024,3,11,Monday,80.71,75.33,80.16,5.38,103.35,0.9526,3.7497,88.39,490.0,EIA/FRED/Bloomberg reference + synthetic daily interpolation
2024-03-12,2024,3,12,Tuesday,80.87,79.21,80.91,1.66,103.5,0.9453,3.7497,87.51,471.0,EIA/FRED/Bloomberg reference + synthetic daily interpolation
2024-03-13,2024,3,13,Wednesday,81.83,78.47,80.85,3.36,102.7,0.9492,3.7497,94.04,476.0,EIA/FRED/Bloomberg reference + synthetic daily interpolation
2024-03-14,2024,3,14,Thursday,81.67,78.81,80.81,2.86,103.48,0.9505,3.7497,87.81,500.0,EIA/FRED/Bloomberg reference + synthetic daily interpolation
2024-03-15,2024,3,15,Friday,78.42,77.2,78.17,1.22,104.54,0.9331,3.7499,89.58,477.0,EIA/FRED/Bloomberg reference + synthetic daily interpolation
2024-03-18,2024,3,18,Monday,81.81,76.79,82.66,5.02,103.3,0.9507,3.7496,84.71,481.0,EIA/FRED/Bloomberg reference + synthetic daily interpolation
2024-03-19,2024,3,19,Tuesday,80.39,76.38,79.96,4.01,104.66,0.9328,3.7498,90.65,498.0,EIA/FRED/Bloomberg reference + synthetic daily interpolation
2024-03-20,2024,3,20,Wednesday,81.17,76.09,82.47,5.08,105.66,0.9209,3.7499,84.9,480.0,EIA/FRED/Bloomberg reference + synthetic daily interpolation
2024-03-21,2024,3,21,Thursday,81.61,77.78,80.89,3.83,102.68,0.9623,3.75,91.32,510.0,EIA/FRED/Bloomberg reference + synthetic daily interpolation
2024-03-22,2024,3,22,Friday,80.12,77.0,80.85,3.12,102.33,0.9611,3.7497,91.49,490.0,EIA/FRED/Bloomberg reference + synthetic daily interpolation
2024-03-25,2024,3,25,Monday,80.14,74.4,80.78,5.74,103.39,0.9504,3.7498,89.45,451.0,EIA/FRED/Bloomberg reference + synthetic daily interpolation
2024-03-26,2024,3,26,Tuesday,84.36,82.07,84.93,2.29,102.35,0.9597,3.75,88.86,439.0,EIA/FRED/Bloomberg reference + synthetic daily interpolation
2024-03-27,2024,3,27,Wednesday,80.3,77.78,80.83,2.52,103.78,0.9422,3.7499,91.08,512.0,EIA/FRED/Bloomberg reference + synthetic daily interpolation
2024-03-28,2024,3,28,Thursday,80.42,76.54,81.18,3.88,104.28,0.9421,3.7498,87.84,476.0,EIA/FRED/Bloomberg reference + synthetic daily interpolation
2024-03-29,2024,3,29,Friday,82.44,79.86,81.82,2.58,104.67,0.9231,3.7501,89.39,482.0,EIA/FRED/Bloomberg reference + synthetic daily interpolation
2024-04-01,2024,4,1,Monday,80.39,78.53,81.67,1.86,104.07,0.9476,3.75,81.97,466.0,EIA/FRED/Bloomberg reference + synthetic daily interpolation
2024-04-02,2024,4,2,Tuesday,81.49,80.28,80.78,1.21,104.26,0.935,3.7497,87.97,466.0,EIA/FRED/Bloomberg reference + synthetic daily interpolation
2024-04-03,2024,4,3,Wednesday,82.16,78.06,82.57,4.1,103.5,0.9565,3.75,87.33,504.0,EIA/FRED/Bloomberg reference + synthetic daily interpolation
2024-04-04,2024,4,4,Thursday,83.3,80.3,83.45,3.0,105.65,0.9094,3.7496,87.83,474.0,EIA/FRED/Bloomberg reference + synthetic daily interpolation
2024-04-05,2024,4,5,Friday,82.5,81.73,83.37,0.77,104.19,0.9278,3.75,89.3,473.0,EIA/FRED/Bloomberg reference + synthetic daily interpolation
2024-04-08,2024,4,8,Monday,81.39,80.4,80.97,0.99,104.31,0.9389,3.7499,91.6,490.0,EIA/FRED/Bloomberg reference + synthetic daily interpolation
2024-04-09,2024,4,9,Tuesday,81.33,75.72,81.12,5.61,104.93,0.9274,3.7497,89.3,474.0,EIA/FRED/Bloomberg reference + synthetic daily interpolation
2024-04-10,2024,4,10,Wednesday,82.25,78.81,81.6,3.44,103.99,0.9385,3.7498,90.29,468.0,EIA/FRED/Bloomberg reference + synthetic daily interpolation
2024-04-11,2024,4,11,Thursday,81.64,77.64,82.53,4.0,102.77,0.9657,3.7501,86.99,476.0,EIA/FRED/Bloomberg reference + synthetic daily interpolation
2024-04-12,2024,4,12,Friday,80.99,78.3,79.75,2.69,105.05,0.9241,3.75,92.94,460.0,EIA/FRED/Bloomberg reference + synthetic daily interpolation
2024-04-15,2024,4,15,Monday,81.18,76.36,79.87,4.82,104.11,0.9368,3.7497,90.69,435.0,EIA/FRED/Bloomberg reference + synthetic daily interpolation
2024-04-16,2024,4,16,Tuesday,83.06,78.43,83.04,4.63,104.26,0.9365,3.7499,84.42,517.0,EIA/FRED/Bloomberg reference + synthetic daily interpolation
2024-04-17,2024,4,17,Wednesday,83.81,82.18,83.33,1.63,104.59,0.9275,3.7497,88.35,486.0,EIA/FRED/Bloomberg reference + synthetic daily interpolation
2024-04-18,2024,4,18,Thursday,81.79,80.22,81.26,1.57,103.5,0.9544,3.7497,89.94,475.0,EIA/FRED/Bloomberg reference + synthetic daily interpolation
2024-04-19,2024,4,19,Friday,83.42,82.89,83.4,0.53,104.35,0.9325,3.75,88.82,477.0,EIA/FRED/Bloomberg reference + synthetic daily interpolation
2024-04-22,2024,4,22,Monday,82.15,80.29,81.36,1.86,102.22,0.9724,3.7496,92.79,500.0,EIA/FRED/Bloomberg reference + synthetic daily interpolation
2024-04-23,2024,4,23,Tuesday,81.6,78.63,81.92,2.97,103.0,0.9544,3.7498,90.94,497.0,EIA/FRED/Bloomberg reference + synthetic daily interpolation
2024-04-24,2024,4,24,Wednesday,82.73,78.06,83.45,4.67,103.16,0.9506,3.7501,90.35,478.0,EIA/FRED/Bloomberg reference + synthetic daily interpolation
2024-04-25,2024,4,25,Thursday,82.35,78.27,81.11,4.08,103.57,0.9441,3.7499,86.7,460.0,EIA/FRED/Bloomberg reference + synthetic daily interpolation
2024-04-26,2024,4,26,Friday,81.52,80.18,81.99,1.34,104.68,0.9332,3.7501,85.59,486.0,EIA/FRED/Bloomberg reference + synthetic daily interpolation
2024-04-29,2024,4,29,Monday,82.87,80.94,82.4,1.93,102.36,0.9581,3.7499,83.67,485.0,EIA/FRED/Bloomberg reference + synthetic daily interpolation
2024-04-30,2024,4,30,Tuesday,82.5,79.89,81.7,2.61,104.02,0.9405,3.7499,87.26,461.0,EIA/FRED/Bloomberg reference + synthetic daily interpolation
2024-05-01,2024,5,1,Wednesday,85.24,81.63,84.11,3.61,103.61,0.9549,3.7497,85.4,485.0,EIA/FRED/Bloomberg reference + synthetic daily interpolation
2024-05-02,2024,5,2,Thursday,83.66,78.78,83.76,4.88,103.9,0.945,3.7497,88.14,465.0,EIA/FRED/Bloomberg reference + synthetic daily interpolation
2024-05-03,2024,5,3,Friday,82.55,79.24,82.27,3.31,105.16,0.9192,3.7501,86.78,490.0,EIA/FRED/Bloomberg reference + synthetic daily interpolation
2024-05-06,2024,5,6,Monday,80.37,76.37,80.1,4.0,106.49,0.9116,3.7499,85.83,497.0,EIA/FRED/Bloomberg reference + synthetic daily interpolation
2024-05-07,2024,5,7,Tuesday,82.63,79.45,83.61,3.18,103.81,0.9428,3.7499,89.34,522.0,EIA/FRED/Bloomberg reference + synthetic daily interpolation
2024-05-08,2024,5,8,Wednesday,80.59,79.93,79.14,0.66,103.85,0.936,3.7501,90.07,497.0,EIA/FRED/Bloomberg reference + synthetic daily interpolation
2024-05-09,2024,5,9,Thursday,83.08,78.75,83.17,4.33,104.11,0.9398,3.7501,89.46,453.0,EIA/FRED/Bloomberg reference + synthetic daily interpolation
2024-05-10,2024,5,10,Friday,81.88,81.01,81.81,0.87,105.39,0.9188,3.7499,88.31,475.0,EIA/FRED/Bloomberg reference + synthetic daily interpolation
2024-05-13,2024,5,13,Monday,82.92,78.71,81.48,4.21,103.77,0.9476,3.75,84.21,447.0,EIA/FRED/Bloomberg reference + synthetic daily interpolation
2024-05-14,2024,5,14,Tuesday,81.04,76.39,80.8,4.65,104.37,0.9293,3.7499,86.86,461.0,EIA/FRED/Bloomberg reference + synthetic daily interpolation
2024-05-15,2024,5,15,Wednesday,84.1,81.41,83.03,2.69,104.22,0.9342,3.7498,88.63,474.0,EIA/FRED/Bloomberg reference + synthetic daily interpolation
2024-05-16,2024,5,16,Thursday,82.69,77.54,81.39,5.15,104.63,0.9209,3.7499,86.72,471.0,EIA/FRED/Bloomberg reference + synthetic daily interpolation
2024-05-17,2024,5,17,Friday,84.68,79.7,84.0,4.98,102.84,0.9654,3.7501,85.3,468.0,EIA/FRED/Bloomberg reference + synthetic daily interpolation
2024-05-20,2024,5,20,Monday,81.75,79.14,81.71,2.61,103.66,0.9472,3.7498,83.96,475.0,EIA/FRED/Bloomberg reference + synthetic daily interpolation
2024-05-21,2024,5,21,Tuesday,84.17,80.14,83.47,4.03,103.12,0.9454,3.7499,92.6,516.0,EIA/FRED/Bloomberg reference + synthetic daily interpolation
2024-05-22,2024,5,22,Wednesday,82.43,77.83,82.88,4.6,105.2,0.9197,3.75,85.49,466.0,EIA/FRED/Bloomberg reference + synthetic daily interpolation
2024-05-23,2024,5,23,Thursday,82.92,81.82,81.96,1.1,104.56,0.9448,3.7499,90.07,502.0,EIA/FRED/Bloomberg reference + synthetic daily interpolation
2024-05-24,2024,5,24,Friday,82.43,81.56,83.92,0.87,105.64,0.9135,3.75,90.08,505.0,EIA/FRED/Bloomberg reference + synthetic daily interpolation
2024-05-27,2024,5,27,Monday,83.09,78.33,84.56,4.76,103.18,0.9511,3.7496,90.18,448.0,EIA/FRED/Bloomberg reference + synthetic daily interpolation
2024-05-28,2024,5,28,Tuesday,82.85,81.47,82.36,1.38,104.5,0.9309,3.7501,86.03,459.0,EIA/FRED/Bloomberg reference + synthetic daily interpolation
2024-05-29,2024,5,29,Wednesday,82.65,77.07,81.8,5.58,104.54,0.936,3.7497,87.22,481.0,EIA/FRED/Bloomberg reference + synthetic daily interpolation
2024-05-30,2024,5,30,Thursday,83.48,78.18,82.91,5.3,104.65,0.9242,3.7498,87.27,443.0,EIA/FRED/Bloomberg reference + synthetic daily interpolation
2024-05-31,2024,5,31,Friday,82.92,78.98,83.13,3.94,105.68,0.909,3.7499,87.25,485.0,EIA/FRED/Bloomberg reference + synthetic daily interpolation
2024-06-03,2024,6,3,Monday,85.09,80.68,84.11,4.41,103.77,0.9444,3.75,82.72,460.0,EIA/FRED/Bloomberg reference + synthetic daily interpolation
2024-06-04,2024,6,4,Tuesday,82.25,80.83,82.29,1.42,105.88,0.9077,3.7501,91.54,495.0,EIA/FRED/Bloomberg reference + synthetic daily interpolation
2024-06-05,2024,6,5,Wednesday,81.45,77.85,81.56,3.6,103.1,0.9429,3.7497,90.85,490.0,EIA/FRED/Bloomberg reference + synthetic daily interpolation
2024-06-06,2024,6,6,Thursday,82.54,76.74,82.62,5.8,103.79,0.9397,3.7498,89.25,482.0,EIA/FRED/Bloomberg reference + synthetic daily interpolation
2024-06-07,2024,6,7,Friday,82.98,81.56,83.98,1.42,105.24,0.9252,3.7498,90.31,466.0,EIA/FRED/Bloomberg reference + synthetic daily interpolation
2024-06-10,2024,6,10,Monday,83.96,80.47,82.9,3.49,102.29,0.9574,3.7496,85.63,489.0,EIA/FRED/Bloomberg reference + synthetic daily interpolation
2024-06-11,2024,6,11,Tuesday,83.43,80.13,81.99,3.3,104.25,0.9301,3.7496,89.64,470.0,EIA/FRED/Bloomberg reference + synthetic daily interpolation
2024-06-12,2024,6,12,Wednesday,83.61,78.63,83.5,4.98,105.28,0.916,3.75,91.21,469.0,EIA/FRED/Bloomberg reference + synthetic daily interpolation
2024-06-13,2024,6,13,Thursday,83.11,79.84,84.1,3.27,103.83,0.9419,3.7498,91.44,463.0,EIA/FRED/Bloomberg reference + synthetic daily interpolation
2024-06-14,2024,6,14,Friday,82.25,76.89,81.45,5.36,102.92,0.9675,3.7496,86.94,498.0,EIA/FRED/Bloomberg reference + synthetic daily interpolation
2024-06-17,2024,6,17,Monday,84.33,81.12,84.07,3.21,101.93,0.9736,3.7498,88.41,507.0,EIA/FRED/Bloomberg reference + synthetic daily interpolation
2024-06-18,2024,6,18,Tuesday,81.86,76.53,82.4,5.33,103.56,0.9444,3.7498,83.99,493.0,EIA/FRED/Bloomberg reference + synthetic daily interpolation
2024-06-19,2024,6,19,Wednesday,81.55,77.8,80.38,3.75,103.66,0.9529,3.7497,90.42,463.0,EIA/FRED/Bloomberg reference + synthetic daily interpolation
2024-06-20,2024,6,20,Thursday,81.43,79.6,82.73,1.83,103.28,0.9562,3.7497,84.89,507.0,EIA/FRED/Bloomberg reference + synthetic daily interpolation
2024-06-21,2024,6,21,Friday,84.85,82.88,85.74,1.97,102.72,0.9574,3.7499,85.42,491.0,EIA/FRED/Bloomberg reference + synthetic daily interpolation
2024-06-24,2024,6,24,Monday,83.78,80.73,84.52,3.05,105.05,0.9251,3.7499,88.34,516.0,EIA/FRED/Bloomberg reference + synthetic daily interpolation
2024-06-25,2024,6,25,Tuesday,83.56,80.45,83.39,3.11,105.1,0.9207,3.7498,85.35,449.0,EIA/FRED/Bloomberg reference + synthetic daily interpolation
2024-06-26,2024,6,26,Wednesday,83.96,78.04,83.45,5.92,102.96,0.9564,3.7497,88.76,466.0,EIA/FRED/Bloomberg reference + synthetic daily interpolation
2024-06-27,2024,6,27,Thursday,81.43,76.46,80.15,4.97,102.95,0.9596,3.7499,92.73,443.0,EIA/FRED/Bloomberg reference + synthetic daily interpolation
2024-06-28,2024,6,28,Friday,84.25,82.48,84.18,1.77,103.33,0.9509,3.75,86.25,481.0,EIA/FRED/Bloomberg reference + synthetic daily interpolation
2024-07-01,2024,7,1,Monday,82.29,76.61,81.82,5.68,103.79,0.9408,3.75,87.62,473.0,EIA/FRED/Bloomberg reference + synthetic daily interpolation
2024-07-02,2024,7,2,Tuesday,82.8,79.01,83.11,3.79,103.87,0.9465,3.7499,93.31,517.0,EIA/FRED/Bloomberg reference + synthetic daily interpolation
2024-07-03,2024,7,3,Wednesday,82.28,78.9,83.64,3.38,105.51,0.9216,3.7496,88.98,497.0,EIA/FRED/Bloomberg reference + synthetic daily interpolation
2024-07-04,2024,7,4,Thursday,81.17,75.9,79.93,5.27,103.84,0.9441,3.7496,87.18,467.0,EIA/FRED/Bloomberg reference + synthetic daily interpolation
2024-07-05,2024,7,5,Friday,80.69,75.56,80.93,5.13,102.36,0.9641,3.7499,89.87,473.0,EIA/FRED/Bloomberg reference + synthetic daily interpolation
2024-07-08,2024,7,8,Monday,81.78,79.49,81.11,2.29,103.12,0.9443,3.7499,92.36,452.0,EIA/FRED/Bloomberg reference + synthetic daily interpolation
2024-07-09,2024,7,9,Tuesday,83.82,78.42,84.49,5.4,104.75,0.9297,3.7498,85.4,494.0,EIA/FRED/Bloomberg reference + synthetic daily interpolation
2024-07-10,2024,7,10,Wednesday,84.51,82.12,85.81,2.39,101.65,0.9776,3.7498,84.66,467.0,EIA/FRED/Bloomberg reference + synthetic daily interpolation
2024-07-11,2024,7,11,Thursday,80.14,75.74,81.46,4.4,104.34,0.9292,3.75,88.76,514.0,EIA/FRED/Bloomberg reference + synthetic daily interpolation
2024-07-12,2024,7,12,Friday,81.01,78.91,82.02,2.1,103.8,0.9417,3.75,90.22,468.0,EIA/FRED/Bloomberg reference + synthetic daily interpolation
2024-07-15,2024,7,15,Monday,83.02,80.59,82.19,2.43,104.33,0.9356,3.7497,85.32,491.0,EIA/FRED/Bloomberg reference + synthetic daily interpolation
2024-07-16,2024,7,16,Tuesday,80.33,78.13,81.64,2.2,103.32,0.9448,3.7496,88.52,429.0,EIA/FRED/Bloomberg reference + synthetic daily interpolation
2024-07-17,2024,7,17,Wednesday,81.59,80.12,81.21,1.47,104.37,0.9361,3.7498,89.2,506.0,EIA/FRED/Bloomberg reference + synthetic daily interpolation
2024-07-18,2024,7,18,Thursday,81.09,78.11,79.62,2.98,104.03,0.9356,3.7498,83.85,458.0,EIA/FRED/Bloomberg reference + synthetic daily interpolation
2024-07-19,2024,7,19,Friday,80.2,77.41,81.29,2.79,103.68,0.9512,3.7497,88.91,462.0,EIA/FRED/Bloomberg reference + synthetic daily interpolation
2024-07-22,2024,7,22,Monday,80.83,75.53,79.9,5.3,105.82,0.9165,3.7497,82.47,519.0,EIA/FRED/Bloomberg reference + synthetic daily interpolation
2024-07-23,2024,7,23,Tuesday,82.23,80.69,83.66,1.54,103.75,0.933,3.75,92.06,511.0,EIA/FRED/Bloomberg reference + synthetic daily interpolation
2024-07-24,2024,7,24,Wednesday,81.74,77.86,80.56,3.88,103.02,0.9546,3.7496,85.4,516.0,EIA/FRED/Bloomberg reference + synthetic daily interpolation
2024-07-25,2024,7,25,Thursday,82.4,78.2,82.61,4.2,105.32,0.9251,3.7499,87.09,476.0,EIA/FRED/Bloomberg reference + synthetic daily interpolation
2024-07-26,2024,7,26,Friday,81.37,78.44,81.32,2.93,103.86,0.9411,3.7501,83.85,438.0,EIA/FRED/Bloomberg reference + synthetic daily interpolation
2024-07-29,2024,7,29,Monday,80.42,78.81,79.81,1.61,103.63,0.9472,3.7496,86.66,439.0,EIA/FRED/Bloomberg reference + synthetic daily interpolation
2024-07-30,2024,7,30,Tuesday,82.19,77.93,81.22,4.26,102.88,0.9563,3.75,89.04,456.0,EIA/FRED/Bloomberg reference + synthetic daily interpolation
2024-07-31,2024,7,31,Wednesday,80.69,75.82,81.35,4.87,102.73,0.9523,3.7498,92.66,519.0,EIA/FRED/Bloomberg reference + synthetic daily interpolation
2024-08-01,2024,8,1,Thursday,81.03,78.1,80.16,2.93,106.64,0.9109,3.7497,88.08,510.0,EIA/FRED/Bloomberg reference + synthetic daily interpolation
2024-08-02,2024,8,2,Friday,80.59,77.42,80.75,3.17,105.43,0.9215,3.7499,90.67,501.0,EIA/FRED/Bloomberg reference + synthetic daily interpolation
2024-08-05,2024,8,5,Monday,83.36,80.64,83.4,2.72,104.38,0.9341,3.7497,93.82,432.0,EIA/FRED/Bloomberg reference + synthetic daily interpolation
2024-08-06,2024,8,6,Tuesday,80.58,78.42,81.06,2.16,104.71,0.928,3.7501,83.17,477.0,EIA/FRED/Bloomberg reference + synthetic daily interpolation
2024-08-07,2024,8,7,Wednesday,81.31,76.02,80.91,5.29,104.48,0.9324,3.7499,86.13,463.0,EIA/FRED/Bloomberg reference + synthetic daily interpolation
2024-08-08,2024,8,8,Thursday,81.28,76.42,82.53,4.86,103.67,0.9482,3.7497,89.22,475.0,EIA/FRED/Bloomberg reference + synthetic daily interpolation
2024-08-09,2024,8,9,Friday,80.96,80.03,80.72,0.93,101.22,0.9857,3.7501,93.66,476.0,EIA/FRED/Bloomberg reference + synthetic daily interpolation
2024-08-12,2024,8,12,Monday,79.24,78.55,78.62,0.69,101.86,0.9763,3.7501,82.87,510.0,EIA/FRED/Bloomberg reference + synthetic daily interpolation
2024-08-13,2024,8,13,Tuesday,79.9,76.81,79.26,3.09,104.36,0.9365,3.75,81.18,480.0,EIA/FRED/Bloomberg reference + synthetic daily interpolation
2024-08-14,2024,8,14,Wednesday,80.22,77.09,80.58,3.13,101.92,0.9721,3.7498,87.5,477.0,EIA/FRED/Bloomberg reference + synthetic daily interpolation
2024-08-15,2024,8,15,Thursday,81.2,78.95,81.8,2.25,102.54,0.9648,3.7497,90.77,452.0,EIA/FRED/Bloomberg reference + synthetic daily interpolation
2024-08-16,2024,8,16,Friday,82.72,79.51,83.33,3.21,102.1,0.9702,3.7497,88.06,472.0,EIA/FRED/Bloomberg reference + synthetic daily interpolation
2024-08-19,2024,8,19,Monday,81.43,80.73,80.1,0.7,104.0,0.9435,3.7497,85.8,486.0,EIA/FRED/Bloomberg reference + synthetic daily interpolation
2024-08-20,2024,8,20,Tuesday,81.12,78.49,81.55,2.63,105.71,0.9135,3.75,93.04,466.0,EIA/FRED/Bloomberg reference + synthetic daily interpolation
2024-08-21,2024,8,21,Wednesday,78.82,73.55,79.72,5.27,104.45,0.9341,3.7498,85.99,500.0,EIA/FRED/Bloomberg reference + synthetic daily interpolation
2024-08-22,2024,8,22,Thursday,80.32,75.43,81.14,4.89,103.62,0.9404,3.7497,81.03,499.0,EIA/FRED/Bloomberg reference + synthetic daily interpolation
2024-08-23,2024,8,23,Friday,77.43,74.52,76.13,2.91,105.33,0.9223,3.7496,90.6,477.0,EIA/FRED/Bloomberg reference + synthetic daily interpolation
2024-08-26,2024,8,26,Monday,81.45,77.95,81.17,3.5,103.41,0.9427,3.7496,81.45,496.0,EIA/FRED/Bloomberg reference + synthetic daily interpolation
2024-08-27,2024,8,27,Tuesday,82.76,76.77,81.67,5.99,103.83,0.9498,3.7497,90.14,484.0,EIA/FRED/Bloomberg reference + synthetic daily interpolation
2024-08-28,2024,8,28,Wednesday,79.51,75.59,79.34,3.92,103.86,0.9413,3.75,88.1,458.0,EIA/FRED/Bloomberg reference + synthetic daily interpolation
2024-08-29,2024,8,29,Thursday,81.01,79.39,80.27,1.62,104.8,0.9254,3.75,87.3,494.0,EIA/FRED/Bloomberg reference + synthetic daily interpolation
2024-08-30,2024,8,30,Friday,81.07,78.29,79.85,2.78,101.81,0.976,3.7496,87.14,498.0,EIA/FRED/Bloomberg reference + synthetic daily interpolation
2024-09-02,2024,9,2,Monday,80.4,79.8,79.22,0.6,103.93,0.9405,3.7498,84.42,480.0,EIA/FRED/Bloomberg reference + synthetic daily interpolation
2024-09-03,2024,9,3,Tuesday,79.96,77.97,80.32,1.99,105.36,0.912,3.7498,91.75,498.0,EIA/FRED/Bloomberg reference + synthetic daily interpolation
2024-09-04,2024,9,4,Wednesday,78.55,72.77,79.29,5.78,105.29,0.9292,3.7501,93.14,444.0,EIA/FRED/Bloomberg reference + synthetic daily interpolation
2024-09-05,2024,9,5,Thursday,79.76,73.91,78.7,5.85,103.11,0.958,3.7497,92.54,477.0,EIA/FRED/Bloomberg reference + synthetic daily interpolation
2024-09-06,2024,9,6,Friday,80.85,76.37,81.08,4.48,104.65,0.9257,3.75,89.51,489.0,EIA/FRED/Bloomberg reference + synthetic daily interpolation
2024-09-09,2024,9,9,Monday,80.34,79.4,81.03,0.94,103.68,0.94,3.7501,87.05,476.0,EIA/FRED/Bloomberg reference + synthetic daily interpolation
2024-09-10,2024,9,10,Tuesday,80.66,77.52,80.11,3.14,105.42,0.9162,3.7499,85.66,489.0,EIA/FRED/Bloomberg reference + synthetic daily interpolation
2024-09-11,2024,9,11,Wednesday,77.57,71.7,77.35,5.87,103.06,0.9501,3.7501,90.78,508.0,EIA/FRED/Bloomberg reference + synthetic daily interpolation
2024-09-12,2024,9,12,Thursday,80.87,79.48,81.35,1.39,100.39,0.9949,3.7496,84.79,479.0,EIA/FRED/Bloomberg reference + synthetic daily interpolation
2024-09-13,2024,9,13,Friday,79.9,78.29,80.38,1.61,102.35,0.9654,3.7497,85.86,548.0,EIA/FRED/Bloomberg reference + synthetic daily interpolation
2024-09-16,2024,9,16,Monday,77.31,71.86,77.03,5.45,104.49,0.9333,3.7498,84.56,449.0,EIA/FRED/Bloomberg reference + synthetic daily interpolation
2024-09-17,2024,9,17,Tuesday,79.29,74.96,79.36,4.33,105.03,0.9253,3.7497,90.13,477.0,EIA/FRED/Bloomberg reference + synthetic daily interpolation
2024-09-18,2024,9,18,Wednesday,78.7,76.04,79.54,2.66,102.83,0.9564,3.75,83.92,491.0,EIA/FRED/Bloomberg reference + synthetic daily interpolation
2024-09-19,2024,9,19,Thursday,79.76,78.61,81.2,1.15,103.25,0.9553,3.7499,92.16,489.0,EIA/FRED/Bloomberg reference + synthetic daily interpolation
2024-09-20,2024,9,20,Friday,78.97,75.42,77.65,3.55,103.81,0.9387,3.7499,89.18,479.0,EIA/FRED/Bloomberg reference + synthetic daily interpolation
2024-09-23,2024,9,23,Monday,76.94,71.15,77.36,5.79,104.95,0.9193,3.7497,89.02,493.0,EIA/FRED/Bloomberg reference + synthetic daily interpolation
2024-09-24,2024,9,24,Tuesday,78.25,73.69,78.64,4.56,104.97,0.9286,3.75,95.23,492.0,EIA/FRED/Bloomberg reference + synthetic daily interpolation
2024-09-25,2024,9,25,Wednesday,78.72,75.14,79.91,3.58,106.54,0.898,3.7497,94.06,495.0,EIA/FRED/Bloomberg reference + synthetic daily interpolation
2024-09-26,2024,9,26,Thursday,75.7,70.72,75.99,4.98,103.69,0.9526,3.7499,87.53,484.0,EIA/FRED/Bloomberg reference + synthetic daily interpolation
2024-09-27,2024,9,27,Friday,78.26,76.97,79.02,1.29,101.91,0.973,3.7496,86.79,495.0,EIA/FRED/Bloomberg reference + synthetic daily interpolation
2024-09-30,2024,9,30,Monday,78.38,72.7,77.2,5.68,102.76,0.9528,3.7498,87.46,502.0,EIA/FRED/Bloomberg reference + synthetic daily interpolation
2024-10-01,2024,10,1,Tuesday,79.82,75.84,79.81,3.98,103.92,0.9435,3.75,84.82,448.0,EIA/FRED/Bloomberg reference + synthetic daily interpolation
2024-10-02,2024,10,2,Wednesday,76.62,73.62,76.6,3.0,105.86,0.9084,3.7498,89.31,481.0,EIA/FRED/Bloomberg reference + synthetic daily interpolation
2024-10-03,2024,10,3,Thursday,80.4,78.9,79.81,1.5,104.46,0.9269,3.7498,90.75,454.0,EIA/FRED/Bloomberg reference + synthetic daily interpolation
2024-10-04,2024,10,4,Friday,79.18,77.6,78.78,1.58,104.37,0.9344,3.7501,86.78,471.0,EIA/FRED/Bloomberg reference + synthetic daily interpolation
2024-10-07,2024,10,7,Monday,75.9,75.12,76.32,0.78,103.82,0.9399,3.7499,94.47,473.0,EIA/FRED/Bloomberg reference + synthetic daily interpolation
2024-10-08,2024,10,8,Tuesday,75.95,72.05,75.71,3.9,105.16,0.925,3.7497,89.62,473.0,EIA/FRED/Bloomberg reference + synthetic daily interpolation
2024-10-09,2024,10,9,Wednesday,76.13,70.73,76.99,5.4,104.44,0.9333,3.7498,87.61,475.0,EIA/FRED/Bloomberg reference + synthetic daily interpolation
2024-10-10,2024,10,10,Thursday,75.8,73.32,76.49,2.48,102.14,0.9723,3.7497,86.7,458.0,EIA/FRED/Bloomberg reference + synthetic daily interpolation
2024-10-11,2024,10,11,Friday,76.85,71.03,78.1,5.82,103.17,0.9434,3.7497,86.41,458.0,EIA/FRED/Bloomberg reference + synthetic daily interpolation
2024-10-14,2024,10,14,Monday,77.89,71.96,76.9,5.93,102.63,0.9633,3.7498,91.17,495.0,EIA/FRED/Bloomberg reference + synthetic daily interpolation
2024-10-15,2024,10,15,Tuesday,77.91,75.71,77.83,2.2,105.07,0.9261,3.7497,93.87,497.0,EIA/FRED/Bloomberg reference + synthetic daily interpolation
2024-10-16,2024,10,16,Wednesday,78.12,77.33,79.37,0.79,104.11,0.9435,3.75,91.76,476.0,EIA/FRED/Bloomberg reference + synthetic daily interpolation
2024-10-17,2024,10,17,Thursday,76.75,72.4,77.15,4.35,104.62,0.9326,3.7496,88.25,488.0,EIA/FRED/Bloomberg reference + synthetic daily interpolation
2024-10-18,2024,10,18,Friday,78.4,74.02,77.35,4.38,104.38,0.9358,3.7498,84.13,493.0,EIA/FRED/Bloomberg reference + synthetic daily interpolation
2024-10-21,2024,10,21,Monday,77.38,76.14,78.83,1.24,105.75,0.9205,3.7498,85.54,433.0,EIA/FRED/Bloomberg reference + synthetic daily interpolation
2024-10-22,2024,10,22,Tuesday,79.09,76.79,78.83,2.3,104.43,0.934,3.75,82.93,480.0,EIA/FRED/Bloomberg reference + synthetic daily interpolation
2024-10-23,2024,10,23,Wednesday,77.48,76.14,77.62,1.34,104.13,0.9362,3.75,87.07,452.0,EIA/FRED/Bloomberg reference + synthetic daily interpolation
2024-10-24,2024,10,24,Thursday,78.66,77.31,78.29,1.35,104.2,0.9453,3.7498,91.15,489.0,EIA/FRED/Bloomberg reference + synthetic daily interpolation
2024-10-25,2024,10,25,Friday,75.68,72.63,76.96,3.05,101.63,0.979,3.7499,88.9,483.0,EIA/FRED/Bloomberg reference + synthetic daily interpolation
2024-10-28,2024,10,28,Monday,78.0,74.63,77.92,3.37,103.68,0.9435,3.7501,91.09,528.0,EIA/FRED/Bloomberg reference + synthetic daily interpolation
2024-10-29,2024,10,29,Tuesday,77.8,73.9,78.42,3.9,103.98,0.9473,3.7498,86.02,492.0,EIA/FRED/Bloomberg reference + synthetic daily interpolation
2024-10-30,2024,10,30,Wednesday,79.65,75.07,81.03,4.58,101.78,0.9773,3.7498,83.74,520.0,EIA/FRED/Bloomberg reference + synthetic daily interpolation
2024-10-31,2024,10,31,Thursday,77.26,74.09,78.21,3.17,103.47,0.9471,3.7497,90.07,487.0,EIA/FRED/Bloomberg reference + synthetic daily interpolation
2024-11-01,2024,11,1,Friday,74.5,71.72,74.51,2.78,103.4,0.951,3.7497,90.34,448.0,EIA/FRED/Bloomberg reference + synthetic daily interpolation
2024-11-04,2024,11,4,Monday,76.71,70.92,77.32,5.79,103.91,0.9328,3.7501,82.73,492.0,EIA/FRED/Bloomberg reference + synthetic daily interpolation
2024-11-05,2024,11,5,Tuesday,79.42,77.01,80.34,2.41,103.06,0.9448,3.7498,88.38,500.0,EIA/FRED/Bloomberg reference + synthetic daily interpolation
2024-11-06,2024,11,6,Wednesday,78.66,76.6,80.04,2.06,105.56,0.9104,3.7499,94.8,489.0,EIA/FRED/Bloomberg reference + synthetic daily interpolation
2024-11-07,2024,11,7,Thursday,75.39,72.55,76.03,2.84,103.52,0.943,3.7499,86.26,481.0,EIA/FRED/Bloomberg reference + synthetic daily interpolation
2024-11-08,2024,11,8,Friday,79.11,74.61,80.26,4.5,103.66,0.9434,3.7498,87.37,488.0,EIA/FRED/Bloomberg reference + synthetic daily interpolation
2024-11-11,2024,11,11,Monday,77.26,74.03,77.64,3.23,103.92,0.9457,3.7497,84.32,482.0,EIA/FRED/Bloomberg reference + synthetic daily interpolation
2024-11-12,2024,11,12,Tuesday,77.25,74.44,77.59,2.81,102.82,0.9573,3.7496,87.29,458.0,EIA/FRED/Bloomberg reference + synthetic daily interpolation
2024-11-13,2024,11,13,Wednesday,76.59,75.58,76.18,1.01,102.8,0.9619,3.7501,86.15,491.0,EIA/FRED/Bloomberg reference + synthetic daily interpolation
2024-11-14,2024,11,14,Thursday,78.78,75.55,78.21,3.23,100.19,1.0074,3.7499,87.52,442.0,EIA/FRED/Bloomberg reference + synthetic daily interpolation
2024-11-15,2024,11,15,Friday,75.03,71.12,75.63,3.91,104.58,0.9394,3.7499,87.82,503.0,EIA/FRED/Bloomberg reference + synthetic daily interpolation
2024-11-18,2024,11,18,Monday,78.37,72.79,76.96,5.58,103.36,0.956,3.7501,87.64,483.0,EIA/FRED/Bloomberg reference + synthetic daily interpolation
2024-11-19,2024,11,19,Tuesday,77.18,72.06,78.2,5.12,104.61,0.9311,3.7499,86.4,479.0,EIA/FRED/Bloomberg reference + synthetic daily interpolation
2024-11-20,2024,11,20,Wednesday,76.63,75.6,77.69,1.03,105.33,0.9209,3.7496,88.84,518.0,EIA/FRED/Bloomberg reference + synthetic daily interpolation
2024-11-21,2024,11,21,Thursday,77.67,72.08,77.43,5.59,105.05,0.9205,3.7499,85.8,499.0,EIA/FRED/Bloomberg reference + synthetic daily interpolation
2024-11-22,2024,11,22,Friday,76.4,75.87,77.72,0.53,105.21,0.925,3.7501,82.77,446.0,EIA/FRED/Bloomberg reference + synthetic daily interpolation
2024-11-25,2024,11,25,Monday,78.76,73.33,79.1,5.43,104.08,0.936,3.7497,88.74,498.0,EIA/FRED/Bloomberg reference + synthetic daily interpolation
2024-11-26,2024,11,26,Tuesday,76.93,75.8,77.96,1.13,101.31,0.9841,3.7497,93.31,477.0,EIA/FRED/Bloomberg reference + synthetic daily interpolation
2024-11-27,2024,11,27,Wednesday,78.82,77.9,77.47,0.92,105.2,0.9227,3.7498,92.19,452.0,EIA/FRED/Bloomberg reference + synthetic daily interpolation
2024-11-28,2024,11,28,Thursday,77.08,74.74,77.18,2.34,102.22,0.9562,3.7499,86.57,505.0,EIA/FRED/Bloomberg reference + synthetic daily interpolation
2024-11-29,2024,11,29,Friday,76.68,74.62,76.3,2.06,105.65,0.9107,3.7499,89.3,467.0,EIA/FRED/Bloomberg reference + synthetic daily interpolation
2024-12-02,2024,12,2,Monday,78.32,73.09,78.89,5.23,104.49,0.9373,3.7497,92.0,468.0,EIA/FRED/Bloomberg reference + synthetic daily interpolation
2024-12-03,2024,12,3,Tuesday,77.76,71.86,76.5,5.9,103.56,0.951,3.7498,89.11,479.0,EIA/FRED/Bloomberg reference + synthetic daily interpolation
2024-12-04,2024,12,4,Wednesday,77.56,74.86,78.87,2.7,101.91,0.9754,3.7497,89.08,530.0,EIA/FRED/Bloomberg reference + synthetic daily interpolation
2024-12-05,2024,12,5,Thursday,76.78,72.3,76.99,4.48,104.35,0.932,3.7497,89.76,496.0,EIA/FRED/Bloomberg reference + synthetic daily interpolation
2024-12-06,2024,12,6,Friday,75.81,72.8,75.33,3.01,104.28,0.9211,3.7497,87.42,476.0,EIA/FRED/Bloomberg reference + synthetic daily interpolation
2024-12-09,2024,12,9,Monday,75.56,70.16,74.53,5.4,103.17,0.9537,3.7498,87.11,494.0,EIA/FRED/Bloomberg reference + synthetic daily interpolation
2024-12-10,2024,12,10,Tuesday,77.81,76.25,79.13,1.56,104.09,0.9465,3.75,92.96,468.0,EIA/FRED/Bloomberg reference + synthetic daily interpolation
2024-12-11,2024,12,11,Wednesday,77.57,72.86,78.45,4.71,104.39,0.928,3.75,85.97,479.0,EIA/FRED/Bloomberg reference + synthetic daily interpolation
2024-12-12,2024,12,12,Thursday,74.58,71.77,74.81,2.81,102.65,0.9604,3.75,85.92,467.0,EIA/FRED/Bloomberg reference + synthetic daily interpolation
2024-12-13,2024,12,13,Friday,77.12,75.3,78.17,1.82,104.26,0.9278,3.7499,86.77,482.0,EIA/FRED/Bloomberg reference + synthetic daily interpolation
2024-12-16,2024,12,16,Monday,76.35,72.58,75.15,3.77,104.28,0.9432,3.7498,84.88,507.0,EIA/FRED/Bloomberg reference + synthetic daily interpolation
2024-12-17,2024,12,17,Tuesday,76.86,71.14,76.83,5.72,104.86,0.9241,3.7497,86.57,471.0,EIA/FRED/Bloomberg reference + synthetic daily interpolation
2024-12-18,2024,12,18,Wednesday,77.77,73.0,76.47,4.77,104.79,0.9287,3.7497,89.77,408.0,EIA/FRED/Bloomberg reference + synthetic daily interpolation
2024-12-19,2024,12,19,Thursday,76.98,75.42,78.25,1.56,104.61,0.9272,3.7496,93.33,500.0,EIA/FRED/Bloomberg reference + synthetic daily interpolation
2024-12-20,2024,12,20,Friday,78.65,77.59,77.91,1.06,103.99,0.9431,3.7498,89.04,488.0,EIA/FRED/Bloomberg reference + synthetic daily interpolation
2024-12-23,2024,12,23,Monday,78.76,72.9,77.29,5.86,104.75,0.9281,3.7497,89.15,471.0,EIA/FRED/Bloomberg reference + synthetic daily interpolation
2024-12-24,2024,12,24,Tuesday,76.23,72.38,76.74,3.85,101.72,0.975,3.7501,83.94,448.0,EIA/FRED/Bloomberg reference + synthetic daily interpolation
2024-12-25,2024,12,25,Wednesday,76.66,71.99,77.45,4.67,105.3,0.9198,3.7498,81.49,494.0,EIA/FRED/Bloomberg reference + synthetic daily interpolation
2024-12-26,2024,12,26,Thursday,75.11,70.78,76.3,4.33,105.47,0.9113,3.7496,84.51,467.0,EIA/FRED/Bloomberg reference + synthetic daily interpolation
2024-12-27,2024,12,27,Friday,77.54,73.0,76.17,4.54,105.24,0.9194,3.7498,88.22,514.0,EIA/FRED/Bloomberg reference + synthetic daily interpolation
2024-12-30,2024,12,30,Monday,78.66,74.61,79.82,4.05,107.08,0.8935,3.7497,88.3,473.0,EIA/FRED/Bloomberg reference + synthetic daily interpolation
2024-12-31,2024,12,31,Tuesday,76.7,74.83,75.47,1.87,105.67,0.9178,3.7497,87.51,488.0,EIA/FRED/Bloomberg reference + synthetic daily interpolation
2025-01-01,2025,1,1,Wednesday,70.62,64.79,69.78,5.83,98.06,1.0306,3.7498,86.25,533.0,EIA/FRED/Bloomberg reference + synthetic daily interpolation
2025-01-02,2025,1,2,Thursday,73.08,71.36,73.31,1.72,97.24,1.0429,3.7499,91.32,586.0,EIA/FRED/Bloomberg reference + synthetic daily interpolation
2025-01-03,2025,1,3,Friday,71.13,69.62,72.33,1.51,99.61,1.0094,3.75,85.52,563.0,EIA/FRED/Bloomberg reference + synthetic daily interpolation
2025-01-06,2025,1,6,Monday,72.27,67.6,70.96,4.67,100.56,0.9907,3.75,90.24,574.0,EIA/FRED/Bloomberg reference + synthetic daily interpolation
2025-01-07,2025,1,7,Tuesday,72.35,70.27,72.87,2.08,99.23,1.0126,3.7498,85.15,560.0,EIA/FRED/Bloomberg reference + synthetic daily interpolation
2025-01-08,2025,1,8,Wednesday,70.81,68.45,71.02,2.36,100.18,1.0061,3.7499,91.74,520.0,EIA/FRED/Bloomberg reference + synthetic daily interpolation
2025-01-09,2025,1,9,Thursday,70.7,68.99,70.0,1.71,96.3,1.0584,3.7497,85.93,548.0,EIA/FRED/Bloomberg reference + synthetic daily interpolation
2025-01-10,2025,1,10,Friday,72.66,71.0,72.98,1.66,97.86,1.0324,3.75,86.6,562.0,EIA/FRED/Bloomberg reference + synthetic daily interpolation
2025-01-13,2025,1,13,Monday,71.42,66.1,72.34,5.32,99.29,1.0081,3.75,89.68,566.0,EIA/FRED/Bloomberg reference + synthetic daily interpolation
2025-01-14,2025,1,14,Tuesday,73.03,71.97,74.29,1.06,97.38,1.0402,3.75,80.38,544.0,EIA/FRED/Bloomberg reference + synthetic daily interpolation
2025-01-15,2025,1,15,Wednesday,72.41,71.41,73.28,1.0,96.79,1.0508,3.7496,93.23,567.0,EIA/FRED/Bloomberg reference + synthetic daily interpolation
2025-01-16,2025,1,16,Thursday,71.24,66.26,70.4,4.98,97.77,1.0379,3.7501,89.79,575.0,EIA/FRED/Bloomberg reference + synthetic daily interpolation
2025-01-17,2025,1,17,Friday,72.99,72.48,71.66,0.51,96.97,1.0485,3.75,85.1,544.0,EIA/FRED/Bloomberg reference + synthetic daily interpolation
2025-01-20,2025,1,20,Monday,71.37,65.92,70.94,5.45,97.87,1.0306,3.75,87.88,585.0,EIA/FRED/Bloomberg reference + synthetic daily interpolation
2025-01-21,2025,1,21,Tuesday,70.68,65.34,69.35,5.34,100.12,0.9961,3.7498,89.15,558.0,EIA/FRED/Bloomberg reference + synthetic daily interpolation
2025-01-22,2025,1,22,Wednesday,73.07,67.34,72.7,5.73,97.64,1.0416,3.75,92.87,610.0,EIA/FRED/Bloomberg reference + synthetic daily interpolation
2025-01-23,2025,1,23,Thursday,71.02,68.4,71.84,2.62,98.15,1.026,3.7499,85.43,568.0,EIA/FRED/Bloomberg reference + synthetic daily interpolation
2025-01-24,2025,1,24,Friday,73.56,68.34,72.11,5.22,98.36,1.0226,3.7498,91.64,546.0,EIA/FRED/Bloomberg reference + synthetic daily interpolation
2025-01-27,2025,1,27,Monday,72.54,70.01,72.84,2.53,97.52,1.0412,3.7499,91.22,568.0,EIA/FRED/Bloomberg reference + synthetic daily interpolation
2025-01-28,2025,1,28,Tuesday,71.29,70.08,70.35,1.21,99.18,1.0136,3.7499,87.6,551.0,EIA/FRED/Bloomberg reference + synthetic daily interpolation
2025-01-29,2025,1,29,Wednesday,72.83,66.92,73.99,5.91,98.83,1.0187,3.7496,88.55,564.0,EIA/FRED/Bloomberg reference + synthetic daily interpolation
2025-01-30,2025,1,30,Thursday,73.07,69.95,74.38,3.12,98.22,1.0238,3.7497,87.79,572.0,EIA/FRED/Bloomberg reference + synthetic daily interpolation
2025-01-31,2025,1,31,Friday,73.25,70.99,73.6,2.26,100.04,0.9955,3.75,84.44,559.0,EIA/FRED/Bloomberg reference + synthetic daily interpolation
2025-02-03,2025,2,3,Monday,72.03,70.03,73.52,2.0,97.83,1.0331,3.7498,90.99,553.0,EIA/FRED/Bloomberg reference + synthetic daily interpolation
2025-02-04,2025,2,4,Tuesday,71.63,66.13,72.16,5.5,100.78,0.9809,3.75,82.83,573.0,EIA/FRED/Bloomberg reference + synthetic daily interpolation
2025-02-05,2025,2,5,Wednesday,74.7,71.14,73.32,3.56,98.14,1.0192,3.75,91.36,537.0,EIA/FRED/Bloomberg reference + synthetic daily interpolation
2025-02-06,2025,2,6,Thursday,72.18,70.3,71.89,1.88,98.79,1.0191,3.7497,91.44,559.0,EIA/FRED/Bloomberg reference + synthetic daily interpolation
2025-02-07,2025,2,7,Friday,73.31,69.29,72.63,4.02,99.59,1.0127,3.7501,85.02,573.0,EIA/FRED/Bloomberg reference + synthetic daily interpolation
2025-02-10,2025,2,10,Monday,72.68,71.91,71.64,0.77,99.73,1.0078,3.7497,87.55,567.0,EIA/FRED/Bloomberg reference + synthetic daily interpolation
2025-02-11,2025,2,11,Tuesday,71.86,68.66,73.16,3.2,98.67,1.0182,3.7499,91.75,578.0,EIA/FRED/Bloomberg reference + synthetic daily interpolation
2025-02-12,2025,2,12,Wednesday,74.09,71.51,74.86,2.58,100.58,0.9915,3.7499,94.6,554.0,EIA/FRED/Bloomberg reference + synthetic daily interpolation
2025-02-13,2025,2,13,Thursday,73.17,71.61,71.73,1.56,97.41,1.0355,3.75,86.58,561.0,EIA/FRED/Bloomberg reference + synthetic daily interpolation
2025-02-14,2025,2,14,Friday,72.83,67.76,74.18,5.07,98.61,1.0229,3.7498,86.98,534.0,EIA/FRED/Bloomberg reference + synthetic daily interpolation
2025-02-17,2025,2,17,Monday,74.03,68.23,73.58,5.8,99.31,1.0132,3.7501,90.02,561.0,EIA/FRED/Bloomberg reference + synthetic daily interpolation
2025-02-18,2025,2,18,Tuesday,72.71,69.22,73.28,3.49,98.22,1.0274,3.75,88.66,555.0,EIA/FRED/Bloomberg reference + synthetic daily interpolation
2025-02-19,2025,2,19,Wednesday,74.79,71.68,76.15,3.11,101.74,0.9776,3.75,87.45,582.0,EIA/FRED/Bloomberg reference + synthetic daily interpolation
2025-02-20,2025,2,20,Thursday,74.58,69.27,74.58,5.31,99.31,1.0153,3.7496,86.87,533.0,EIA/FRED/Bloomberg reference + synthetic daily interpolation
2025-02-21,2025,2,21,Friday,72.57,68.03,72.36,4.54,98.92,1.0197,3.7499,87.7,583.0,EIA/FRED/Bloomberg reference + synthetic daily interpolation
2025-02-24,2025,2,24,Monday,73.93,70.02,73.99,3.91,99.04,1.0171,3.7499,83.86,523.0,EIA/FRED/Bloomberg reference + synthetic daily interpolation
2025-02-25,2025,2,25,Tuesday,71.53,70.99,72.84,0.54,99.99,1.0066,3.75,88.99,512.0,EIA/FRED/Bloomberg reference + synthetic daily interpolation
2025-02-26,2025,2,26,Wednesday,74.44,71.0,74.47,3.44,100.78,0.9889,3.7499,86.26,546.0,EIA/FRED/Bloomberg reference + synthetic daily interpolation
2025-02-27,2025,2,27,Thursday,74.36,70.64,75.52,3.72,98.28,1.0248,3.7498,91.82,561.0,EIA/FRED/Bloomberg reference + synthetic daily interpolation
2025-02-28,2025,2,28,Friday,74.14,72.25,75.04,1.89,97.86,1.0306,3.7497,90.48,557.0,EIA/FRED/Bloomberg reference + synthetic daily interpolation
2025-03-03,2025,3,3,Monday,74.31,68.47,74.18,5.84,98.64,1.0196,3.7498,86.73,569.0,EIA/FRED/Bloomberg reference + synthetic daily interpolation
2025-03-04,2025,3,4,Tuesday,73.46,72.29,73.23,1.17,99.63,1.002,3.7499,85.25,545.0,EIA/FRED/Bloomberg reference + synthetic daily interpolation
2025-03-05,2025,3,5,Wednesday,74.49,71.74,73.42,2.75,100.59,0.998,3.7497,88.9,545.0,EIA/FRED/Bloomberg reference + synthetic daily interpolation
2025-03-06,2025,3,6,Thursday,73.21,68.52,72.8,4.69,99.5,1.0045,3.7501,81.7,551.0,EIA/FRED/Bloomberg reference + synthetic daily interpolation
2025-03-07,2025,3,7,Friday,74.4,72.91,73.04,1.49,100.21,0.9971,3.75,89.64,552.0,EIA/FRED/Bloomberg reference + synthetic daily interpolation
2025-03-10,2025,3,10,Monday,75.67,74.85,76.16,0.82,98.69,1.0175,3.7499,87.2,567.0,EIA/FRED/Bloomberg reference + synthetic daily interpolation
2025-03-11,2025,3,11,Tuesday,75.4,72.88,76.71,2.52,99.33,1.0107,3.7498,88.08,579.0,EIA/FRED/Bloomberg reference + synthetic daily interpolation
2025-03-12,2025,3,12,Wednesday,73.39,67.63,74.62,5.76,97.53,1.029,3.75,89.5,589.0,EIA/FRED/Bloomberg reference + synthetic daily interpolation
2025-03-13,2025,3,13,Thursday,74.91,73.08,75.59,1.83,98.38,1.0275,3.7498,87.25,569.0,EIA/FRED/Bloomberg reference + synthetic daily interpolation
2025-03-14,2025,3,14,Friday,74.03,70.8,75.05,3.23,98.22,1.0288,3.75,87.23,592.0,EIA/FRED/Bloomberg reference + synthetic daily interpolation
2025-03-17,2025,3,17,Monday,76.08,73.64,77.0,2.44,100.0,0.9952,3.7499,85.63,567.0,EIA/FRED/Bloomberg reference + synthetic daily interpolation
2025-03-18,2025,3,18,Tuesday,74.31,72.77,75.29,1.54,97.67,1.0222,3.75,92.49,570.0,EIA/FRED/Bloomberg reference + synthetic daily interpolation
2025-03-19,2025,3,19,Wednesday,73.56,69.35,73.27,4.21,97.93,1.0326,3.7496,87.24,593.0,EIA/FRED/Bloomberg reference + synthetic daily interpolation
2025-03-20,2025,3,20,Thursday,73.73,69.23,73.28,4.5,102.79,0.9575,3.75,88.36,554.0,EIA/FRED/Bloomberg reference + synthetic daily interpolation
2025-03-21,2025,3,21,Friday,73.91,70.84,73.88,3.07,99.32,1.013,3.7499,87.36,545.0,EIA/FRED/Bloomberg reference + synthetic daily interpolation
2025-03-24,2025,3,24,Monday,75.09,73.86,74.42,1.23,98.54,1.0238,3.7497,87.53,530.0,EIA/FRED/Bloomberg reference + synthetic daily interpolation
2025-03-25,2025,3,25,Tuesday,76.29,73.04,75.12,3.25,99.7,0.9977,3.75,91.47,582.0,EIA/FRED/Bloomberg reference + synthetic daily interpolation
2025-03-26,2025,3,26,Wednesday,74.89,72.39,74.69,2.5,98.77,1.0188,3.7498,90.1,566.0,EIA/FRED/Bloomberg reference + synthetic daily interpolation
2025-03-27,2025,3,27,Thursday,75.86,73.64,76.4,2.22,99.58,1.0093,3.7501,88.76,553.0,EIA/FRED/Bloomberg reference + synthetic daily interpolation
2025-03-28,2025,3,28,Friday,75.74,70.55,76.87,5.19,100.98,0.9843,3.7498,87.44,578.0,EIA/FRED/Bloomberg reference + synthetic daily interpolation
2025-03-31,2025,3,31,Monday,75.35,71.09,74.61,4.26,99.0,1.0174,3.7497,88.62,548.0,EIA/FRED/Bloomberg reference + synthetic daily interpolation
2025-04-01,2025,4,1,Tuesday,76.36,70.43,75.78,5.93,98.24,1.0285,3.7498,86.51,550.0,EIA/FRED/Bloomberg reference + synthetic daily interpolation
2025-04-02,2025,4,2,Wednesday,74.32,69.37,75.29,4.95,98.9,1.0176,3.7497,86.2,561.0,EIA/FRED/Bloomberg reference + synthetic daily interpolation
2025-04-03,2025,4,3,Thursday,73.49,69.08,74.91,4.41,98.75,1.0192,3.7499,88.86,548.0,EIA/FRED/Bloomberg reference + synthetic daily interpolation
2025-04-04,2025,4,4,Friday,75.47,71.16,74.17,4.31,99.64,1.0084,3.75,88.72,521.0,EIA/FRED/Bloomberg reference + synthetic daily interpolation
2025-04-07,2025,4,7,Monday,75.78,71.55,74.64,4.23,97.57,1.0425,3.7498,90.54,579.0,EIA/FRED/Bloomberg reference + synthetic daily interpolation
2025-04-08,2025,4,8,Tuesday,74.21,68.9,74.23,5.31,97.38,1.0399,3.7497,88.34,581.0,EIA/FRED/Bloomberg reference + synthetic daily interpolation
2025-04-09,2025,4,9,Wednesday,76.64,70.87,76.07,5.77,101.11,0.98,3.7497,94.27,560.0,EIA/FRED/Bloomberg reference + synthetic daily interpolation
2025-04-10,2025,4,10,Thursday,76.44,75.27,76.71,1.17,99.25,1.0111,3.7499,87.73,594.0,EIA/FRED/Bloomberg reference + synthetic daily interpolation
2025-04-11,2025,4,11,Friday,76.53,72.04,77.36,4.49,98.27,1.0285,3.7498,87.05,538.0,EIA/FRED/Bloomberg reference + synthetic daily interpolation
2025-04-14,2025,4,14,Monday,75.33,71.69,74.41,3.64,98.94,1.0126,3.7499,88.86,568.0,EIA/FRED/Bloomberg reference + synthetic daily interpolation
2025-04-15,2025,4,15,Tuesday,78.17,74.68,77.77,3.49,97.53,1.0394,3.7499,79.82,582.0,EIA/FRED/Bloomberg reference + synthetic daily interpolation
2025-04-16,2025,4,16,Wednesday,74.85,73.76,74.35,1.09,99.11,1.0117,3.7498,91.79,561.0,EIA/FRED/Bloomberg reference + synthetic daily interpolation
2025-04-17,2025,4,17,Thursday,76.8,74.86,76.48,1.94,98.57,1.023,3.7499,86.23,547.0,EIA/FRED/Bloomberg reference + synthetic daily interpolation
2025-04-18,2025,4,18,Friday,74.71,74.2,75.06,0.51,98.66,1.018,3.7497,83.87,564.0,EIA/FRED/Bloomberg reference + synthetic daily interpolation
2025-04-21,2025,4,21,Monday,77.01,73.21,76.8,3.8,99.97,1.0009,3.7497,93.39,565.0,EIA/FRED/Bloomberg reference + synthetic daily interpolation
2025-04-22,2025,4,22,Tuesday,76.1,71.38,76.22,4.72,99.38,1.0163,3.75,89.38,575.0,EIA/FRED/Bloomberg reference + synthetic daily interpolation
2025-04-23,2025,4,23,Wednesday,76.25,74.62,76.63,1.63,98.7,1.0251,3.7498,90.0,582.0,EIA/FRED/Bloomberg reference + synthetic daily interpolation
2025-04-24,2025,4,24,Thursday,78.5,74.61,79.75,3.89,98.19,1.0256,3.7498,85.12,573.0,EIA/FRED/Bloomberg reference + synthetic daily interpolation
2025-04-25,2025,4,25,Friday,75.08,73.54,75.85,1.54,97.11,1.0397,3.75,90.99,575.0,EIA/FRED/Bloomberg reference + synthetic daily interpolation
2025-04-28,2025,4,28,Monday,76.69,71.43,75.94,5.26,97.86,1.0235,3.7497,89.42,564.0,EIA/FRED/Bloomberg reference + synthetic daily interpolation
2025-04-29,2025,4,29,Tuesday,76.66,71.04,77.2,5.62,98.2,1.0313,3.7497,81.77,592.0,EIA/FRED/Bloomberg reference + synthetic daily interpolation
2025-04-30,2025,4,30,Wednesday,76.68,71.35,76.49,5.33,96.55,1.0444,3.75,89.1,551.0,EIA/FRED/Bloomberg reference + synthetic daily interpolation
2025-05-01,2025,5,1,Thursday,76.68,74.37,77.26,2.31,98.84,1.0202,3.7499,91.97,551.0,EIA/FRED/Bloomberg reference + synthetic daily interpolation
2025-05-02,2025,5,2,Friday,79.36,74.89,78.96,4.47,99.75,0.9936,3.75,88.94,583.0,EIA/FRED/Bloomberg reference + synthetic daily interpolation
2025-05-05,2025,5,5,Monday,78.63,73.29,79.29,5.34,98.58,1.0164,3.7499,82.86,555.0,EIA/FRED/Bloomberg reference + synthetic daily interpolation
2025-05-06,2025,5,6,Tuesday,78.1,76.1,77.54,2.0,99.51,1.0047,3.75,80.92,564.0,EIA/FRED/Bloomberg reference + synthetic daily interpolation
2025-05-07,2025,5,7,Wednesday,77.2,74.12,76.94,3.08,98.76,1.0158,3.75,87.48,589.0,EIA/FRED/Bloomberg reference + synthetic daily interpolation
2025-05-08,2025,5,8,Thursday,76.76,75.88,75.92,0.88,99.48,1.0147,3.7497,88.05,553.0,EIA/FRED/Bloomberg reference + synthetic daily interpolation
2025-05-09,2025,5,9,Friday,76.8,73.85,77.99,2.95,98.68,1.0208,3.7501,84.87,533.0,EIA/FRED/Bloomberg reference + synthetic daily interpolation
2025-05-12,2025,5,12,Monday,77.17,71.4,76.51,5.77,99.5,1.016,3.7499,85.65,562.0,EIA/FRED/Bloomberg reference + synthetic daily interpolation
2025-05-13,2025,5,13,Tuesday,75.68,73.75,74.22,1.93,99.62,1.0068,3.7499,90.22,548.0,EIA/FRED/Bloomberg reference + synthetic daily interpolation
2025-05-14,2025,5,14,Wednesday,75.93,70.99,75.43,4.94,99.44,1.0003,3.7501,82.65,535.0,EIA/FRED/Bloomberg reference + synthetic daily interpolation
2025-05-15,2025,5,15,Thursday,77.78,76.61,76.77,1.17,99.09,1.0132,3.75,85.69,569.0,EIA/FRED/Bloomberg reference + synthetic daily interpolation
2025-05-16,2025,5,16,Friday,75.84,75.07,76.33,0.77,101.57,0.9853,3.7497,88.69,541.0,EIA/FRED/Bloomberg reference + synthetic daily interpolation
2025-05-19,2025,5,19,Monday,75.86,72.44,74.83,3.42,97.75,1.0254,3.7498,91.37,545.0,EIA/FRED/Bloomberg reference + synthetic daily interpolation
2025-05-20,2025,5,20,Tuesday,77.17,73.08,76.2,4.09,100.09,1.0018,3.7497,91.33,569.0,EIA/FRED/Bloomberg reference + synthetic daily interpolation
2025-05-21,2025,5,21,Wednesday,76.62,72.33,76.75,4.29,100.97,0.9861,3.7496,85.24,574.0,EIA/FRED/Bloomberg reference + synthetic daily interpolation
2025-05-22,2025,5,22,Thursday,78.54,72.8,78.68,5.74,98.33,1.0185,3.7497,87.45,567.0,EIA/FRED/Bloomberg reference + synthetic daily interpolation
2025-05-23,2025,5,23,Friday,78.61,73.47,79.29,5.14,99.09,1.0104,3.7499,91.29,552.0,EIA/FRED/Bloomberg reference + synthetic daily interpolation
2025-05-26,2025,5,26,Monday,76.77,73.2,75.44,3.57,98.4,1.0252,3.75,91.5,577.0,EIA/FRED/Bloomberg reference + synthetic daily interpolation
2025-05-27,2025,5,27,Tuesday,75.96,72.55,76.81,3.41,98.98,1.0222,3.7501,89.67,567.0,EIA/FRED/Bloomberg reference + synthetic daily interpolation
2025-05-28,2025,5,28,Wednesday,78.21,76.5,77.41,1.71,100.14,0.9987,3.7501,89.3,580.0,EIA/FRED/Bloomberg reference + synthetic daily interpolation
2025-05-29,2025,5,29,Thursday,77.37,76.1,78.39,1.27,98.91,1.0174,3.7498,91.06,535.0,EIA/FRED/Bloomberg reference + synthetic daily interpolation
2025-05-30,2025,5,30,Friday,77.12,72.94,78.45,4.18,97.01,1.0383,3.7497,86.65,573.0,EIA/FRED/Bloomberg reference + synthetic daily interpolation
2025-06-02,2025,6,2,Monday,76.84,72.6,76.8,4.24,98.58,1.0181,3.75,93.29,574.0,EIA/FRED/Bloomberg reference + synthetic daily interpolation
2025-06-03,2025,6,3,Tuesday,75.54,70.47,75.8,5.07,98.49,1.0151,3.7499,87.11,544.0,EIA/FRED/Bloomberg reference + synthetic daily interpolation
2025-06-04,2025,6,4,Wednesday,76.97,73.62,75.51,3.35,100.02,0.9982,3.7498,85.97,569.0,EIA/FRED/Bloomberg reference + synthetic daily interpolation
2025-06-05,2025,6,5,Thursday,76.31,70.98,76.2,5.33,101.2,0.9869,3.7498,89.0,544.0,EIA/FRED/Bloomberg reference + synthetic daily interpolation
2025-06-06,2025,6,6,Friday,77.19,73.81,75.87,3.38,99.75,0.9985,3.7499,94.73,551.0,EIA/FRED/Bloomberg reference + synthetic daily interpolation
2025-06-09,2025,6,9,Monday,74.1,73.0,73.02,1.1,98.19,1.0253,3.7498,92.08,566.0,EIA/FRED/Bloomberg reference + synthetic daily interpolation
2025-06-10,2025,6,10,Tuesday,78.5,75.5,79.32,3.0,98.2,1.0254,3.7496,87.91,582.0,EIA/FRED/Bloomberg reference + synthetic daily interpolation
2025-06-11,2025,6,11,Wednesday,77.75,77.2,79.22,0.55,99.23,1.0109,3.7497,88.19,593.0,EIA/FRED/Bloomberg reference + synthetic daily interpolation
2025-06-12,2025,6,12,Thursday,78.43,73.87,78.71,4.56,96.94,1.0477,3.7498,91.55,542.0,EIA/FRED/Bloomberg reference + synthetic daily interpolation
2025-06-13,2025,6,13,Friday,76.98,76.19,76.0,0.79,99.24,1.0108,3.7501,79.72,580.0,EIA/FRED/Bloomberg reference + synthetic daily interpolation
2025-06-16,2025,6,16,Monday,78.81,73.32,78.41,5.49,98.54,1.0217,3.7499,88.01,570.0,EIA/FRED/Bloomberg reference + synthetic daily interpolation
2025-06-17,2025,6,17,Tuesday,77.58,73.24,77.6,4.34,99.38,1.0011,3.7496,83.59,527.0,EIA/FRED/Bloomberg reference + synthetic daily interpolation
2025-06-18,2025,6,18,Wednesday,78.11,72.77,76.65,5.34,99.14,1.0109,3.75,84.17,613.0,EIA/FRED/Bloomberg reference + synthetic daily interpolation
2025-06-19,2025,6,19,Thursday,77.3,71.72,77.47,5.58,99.77,1.0028,3.7499,80.52,539.0,EIA/FRED/Bloomberg reference + synthetic daily interpolation
2025-06-20,2025,6,20,Friday,78.43,73.94,78.63,4.49,97.24,1.041,3.7499,90.74,557.0,EIA/FRED/Bloomberg reference + synthetic daily interpolation
2025-06-23,2025,6,23,Monday,76.65,74.15,76.03,2.5,97.98,1.0338,3.75,84.73,537.0,EIA/FRED/Bloomberg reference + synthetic daily interpolation
2025-06-24,2025,6,24,Tuesday,75.2,73.53,75.76,1.67,99.35,1.0104,3.75,83.41,542.0,EIA/FRED/Bloomberg reference + synthetic daily interpolation
2025-06-25,2025,6,25,Wednesday,76.85,74.38,77.96,2.47,100.12,0.9972,3.7498,87.63,550.0,EIA/FRED/Bloomberg reference + synthetic daily interpolation
2025-06-26,2025,6,26,Thursday,75.75,70.68,76.81,5.07,100.23,0.9884,3.75,86.8,553.0,EIA/FRED/Bloomberg reference + synthetic daily interpolation
2025-06-27,2025,6,27,Friday,76.48,75.55,77.59,0.93,97.41,1.0428,3.7501,84.35,543.0,EIA/FRED/Bloomberg reference + synthetic daily interpolation
2025-06-30,2025,6,30,Monday,76.73,71.43,76.59,5.3,96.64,1.0515,3.7497,89.99,576.0,EIA/FRED/Bloomberg reference + synthetic daily interpolation
2025-07-01,2025,7,1,Tuesday,78.75,73.02,77.58,5.73,97.34,1.0423,3.7499,87.99,580.0,EIA/FRED/Bloomberg reference + synthetic daily interpolation
2025-07-02,2025,7,2,Wednesday,79.55,74.46,79.07,5.09,100.11,1.0019,3.7496,88.31,549.0,EIA/FRED/Bloomberg reference + synthetic daily interpolation
2025-07-03,2025,7,3,Thursday,75.93,74.4,75.79,1.53,98.17,1.0253,3.7498,86.38,569.0,EIA/FRED/Bloomberg reference + synthetic daily interpolation
2025-07-04,2025,7,4,Friday,76.75,72.37,75.85,4.38,101.02,0.9826,3.7498,85.79,546.0,EIA/FRED/Bloomberg reference + synthetic daily interpolation
2025-07-07,2025,7,7,Monday,76.1,75.47,75.59,0.63,99.87,0.997,3.7499,86.25,568.0,EIA/FRED/Bloomberg reference + synthetic daily interpolation
2025-07-08,2025,7,8,Tuesday,78.64,77.2,78.6,1.44,99.49,1.0071,3.7496,84.87,564.0,EIA/FRED/Bloomberg reference + synthetic daily interpolation
2025-07-09,2025,7,9,Wednesday,76.18,73.65,77.16,2.53,99.29,1.0179,3.75,88.27,585.0,EIA/FRED/Bloomberg reference + synthetic daily interpolation
2025-07-10,2025,7,10,Thursday,76.54,73.81,76.08,2.73,99.37,1.0119,3.7498,90.15,535.0,EIA/FRED/Bloomberg reference + synthetic daily interpolation
2025-07-11,2025,7,11,Friday,77.53,74.47,78.5,3.06,101.11,0.9829,3.7501,91.64,544.0,EIA/FRED/Bloomberg reference + synthetic daily interpolation
2025-07-14,2025,7,14,Monday,79.2,78.43,77.93,0.77,98.46,1.0247,3.7498,85.95,555.0,EIA/FRED/Bloomberg reference + synthetic daily interpolation
2025-07-15,2025,7,15,Tuesday,75.78,72.38,76.96,3.4,96.71,1.0465,3.75,83.8,557.0,EIA/FRED/Bloomberg reference + synthetic daily interpolation
2025-07-16,2025,7,16,Wednesday,76.48,72.85,75.46,3.63,98.24,1.0239,3.7498,88.11,564.0,EIA/FRED/Bloomberg reference + synthetic daily interpolation
2025-07-17,2025,7,17,Thursday,74.54,68.94,73.12,5.6,97.96,1.0233,3.7501,88.29,564.0,EIA/FRED/Bloomberg reference + synthetic daily interpolation
2025-07-18,2025,7,18,Friday,77.06,75.93,77.67,1.13,100.32,0.9939,3.7499,87.57,561.0,EIA/FRED/Bloomberg reference + synthetic daily interpolation
2025-07-21,2025,7,21,Monday,75.89,72.21,75.87,3.68,98.26,1.0284,3.7497,91.57,560.0,EIA/FRED/Bloomberg reference + synthetic daily interpolation
2025-07-22,2025,7,22,Tuesday,76.09,74.13,75.8,1.96,98.57,1.0197,3.7498,90.82,573.0,EIA/FRED/Bloomberg reference + synthetic daily interpolation
2025-07-23,2025,7,23,Wednesday,75.47,74.79,75.9,0.68,101.29,0.991,3.75,87.84,573.0,EIA/FRED/Bloomberg reference + synthetic daily interpolation
2025-07-24,2025,7,24,Thursday,74.7,72.23,73.77,2.47,97.26,1.0446,3.7499,85.59,547.0,EIA/FRED/Bloomberg reference + synthetic daily interpolation
2025-07-25,2025,7,25,Friday,76.45,75.85,76.65,0.6,99.03,1.0205,3.7501,87.12,553.0,EIA/FRED/Bloomberg reference + synthetic daily interpolation
2025-07-28,2025,7,28,Monday,74.46,73.64,73.88,0.82,96.45,1.0604,3.7498,89.74,548.0,EIA/FRED/Bloomberg reference + synthetic daily interpolation
2025-07-29,2025,7,29,Tuesday,76.94,73.69,78.09,3.25,99.35,1.0116,3.7496,91.29,564.0,EIA/FRED/Bloomberg reference + synthetic daily interpolation
2025-07-30,2025,7,30,Wednesday,74.83,72.64,73.61,2.19,99.34,1.004,3.7497,91.46,585.0,EIA/FRED/Bloomberg reference + synthetic daily interpolation
2025-07-31,2025,7,31,Thursday,77.24,74.43,75.91,2.81,99.2,1.0132,3.75,84.54,556.0,EIA/FRED/Bloomberg reference + synthetic daily interpolation
2025-08-01,2025,8,1,Friday,76.03,74.98,76.82,1.05,99.4,1.0225,3.75,94.15,555.0,EIA/FRED/Bloomberg reference + synthetic daily interpolation
2025-08-04,2025,8,4,Monday,73.17,71.89,72.72,1.28,99.2,1.0146,3.7498,84.8,557.0,EIA/FRED/Bloomberg reference + synthetic daily interpolation
2025-08-05,2025,8,5,Tuesday,76.21,74.56,75.22,1.65,98.0,1.0247,3.7501,88.99,543.0,EIA/FRED/Bloomberg reference + synthetic daily interpolation
2025-08-06,2025,8,6,Wednesday,75.39,73.63,73.98,1.76,101.3,0.987,3.7497,85.53,570.0,EIA/FRED/Bloomberg reference + synthetic daily interpolation
2025-08-07,2025,8,7,Thursday,76.53,75.86,77.72,0.67,98.39,1.0211,3.7497,90.4,577.0,EIA/FRED/Bloomberg reference + synthetic daily interpolation
2025-08-08,2025,8,8,Friday,76.42,74.9,77.18,1.52,100.52,0.9943,3.75,89.46,563.0,EIA/FRED/Bloomberg reference + synthetic daily interpolation
2025-08-11,2025,8,11,Monday,76.81,71.4,75.33,5.41,99.22,1.0187,3.7499,90.29,578.0,EIA/FRED/Bloomberg reference + synthetic daily interpolation
2025-08-12,2025,8,12,Tuesday,73.2,68.33,73.73,4.87,98.59,1.0293,3.7496,87.86,553.0,EIA/FRED/Bloomberg reference + synthetic daily interpolation
2025-08-13,2025,8,13,Wednesday,74.43,71.6,75.21,2.83,101.24,0.9832,3.7497,91.96,535.0,EIA/FRED/Bloomberg reference + synthetic daily interpolation
2025-08-14,2025,8,14,Thursday,73.73,69.61,73.72,4.12,100.04,0.9973,3.7497,84.92,576.0,EIA/FRED/Bloomberg reference + synthetic daily interpolation
2025-08-15,2025,8,15,Friday,75.87,74.32,76.29,1.55,96.32,1.0573,3.75,89.98,577.0,EIA/FRED/Bloomberg reference + synthetic daily interpolation
2025-08-18,2025,8,18,Monday,72.95,67.75,72.86,5.2,102.11,0.9721,3.7499,85.2,592.0,EIA/FRED/Bloomberg reference + synthetic daily interpolation
2025-08-19,2025,8,19,Tuesday,74.81,70.44,73.98,4.37,97.97,1.0272,3.75,89.86,556.0,EIA/FRED/Bloomberg reference + synthetic daily interpolation
2025-08-20,2025,8,20,Wednesday,75.11,70.44,75.56,4.67,101.55,0.9672,3.7499,90.44,566.0,EIA/FRED/Bloomberg reference + synthetic daily interpolation
2025-08-21,2025,8,21,Thursday,74.67,69.33,73.48,5.34,97.96,1.0313,3.75,86.84,526.0,EIA/FRED/Bloomberg reference + synthetic daily interpolation
2025-08-22,2025,8,22,Friday,73.6,73.05,72.17,0.55,97.93,1.0411,3.7497,85.13,572.0,EIA/FRED/Bloomberg reference + synthetic daily interpolation
2025-08-25,2025,8,25,Monday,76.33,71.58,76.51,4.75,98.89,1.0186,3.7498,85.23,546.0,EIA/FRED/Bloomberg reference + synthetic daily interpolation
2025-08-26,2025,8,26,Tuesday,73.75,70.21,72.95,3.54,98.27,1.0246,3.7501,83.61,532.0,EIA/FRED/Bloomberg reference + synthetic daily interpolation
2025-08-27,2025,8,27,Wednesday,71.72,67.61,71.97,4.11,99.43,1.0036,3.7498,91.27,571.0,EIA/FRED/Bloomberg reference + synthetic daily interpolation
2025-08-28,2025,8,28,Thursday,73.62,69.54,72.34,4.08,98.61,1.0222,3.7496,88.16,549.0,EIA/FRED/Bloomberg reference + synthetic daily interpolation
2025-08-29,2025,8,29,Friday,74.92,74.36,75.69,0.56,99.02,1.0106,3.7498,90.1,562.0,EIA/FRED/Bloomberg reference + synthetic daily interpolation
2025-09-01,2025,9,1,Monday,72.31,69.08,72.26,3.23,98.37,1.024,3.75,90.47,598.0,EIA/FRED/Bloomberg reference + synthetic daily interpolation
2025-09-02,2025,9,2,Tuesday,74.17,71.06,73.22,3.11,99.72,1.008,3.7497,85.0,562.0,EIA/FRED/Bloomberg reference + synthetic daily interpolation
2025-09-03,2025,9,3,Wednesday,74.36,69.68,74.06,4.68,100.75,0.9968,3.7496,85.61,567.0,EIA/FRED/Bloomberg reference + synthetic daily interpolation
2025-09-04,2025,9,4,Thursday,73.22,67.69,74.18,5.53,98.51,1.0208,3.7499,85.65,578.0,EIA/FRED/Bloomberg reference + synthetic daily interpolation
2025-09-05,2025,9,5,Friday,72.26,68.18,73.58,4.08,101.49,0.9732,3.7499,89.14,572.0,EIA/FRED/Bloomberg reference + synthetic daily interpolation
2025-09-08,2025,9,8,Monday,73.23,71.28,73.77,1.95,98.23,1.0267,3.7497,87.47,534.0,EIA/FRED/Bloomberg reference + synthetic daily interpolation
2025-09-09,2025,9,9,Tuesday,71.22,69.62,70.48,1.6,97.43,1.0321,3.75,91.36,526.0,EIA/FRED/Bloomberg reference + synthetic daily interpolation
2025-09-10,2025,9,10,Wednesday,74.69,72.5,74.09,2.19,99.23,1.0152,3.7501,93.74,505.0,EIA/FRED/Bloomberg reference + synthetic daily interpolation
2025-09-11,2025,9,11,Thursday,72.25,66.74,72.58,5.51,101.05,0.991,3.7499,88.28,519.0,EIA/FRED/Bloomberg reference + synthetic daily interpolation
2025-09-12,2025,9,12,Friday,73.5,69.97,74.97,3.53,98.18,1.035,3.7498,87.36,559.0,EIA/FRED/Bloomberg reference + synthetic daily interpolation
2025-09-15,2025,9,15,Monday,72.25,67.92,72.98,4.33,99.06,1.0116,3.7498,88.39,556.0,EIA/FRED/Bloomberg reference + synthetic daily interpolation
2025-09-16,2025,9,16,Tuesday,73.22,67.24,72.69,5.98,100.23,0.9978,3.7498,88.8,566.0,EIA/FRED/Bloomberg reference + synthetic daily interpolation
2025-09-17,2025,9,17,Wednesday,74.38,69.53,73.02,4.85,97.81,1.0383,3.7498,88.26,539.0,EIA/FRED/Bloomberg reference + synthetic daily interpolation
2025-09-18,2025,9,18,Thursday,73.15,70.48,73.02,2.67,97.18,1.0412,3.7497,88.46,529.0,EIA/FRED/Bloomberg reference + synthetic daily interpolation
2025-09-19,2025,9,19,Friday,70.88,65.79,70.52,5.09,99.54,1.0094,3.7499,90.63,538.0,EIA/FRED/Bloomberg reference + synthetic daily interpolation
2025-09-22,2025,9,22,Monday,73.97,71.01,75.17,2.96,98.32,1.0266,3.7501,92.03,517.0,EIA/FRED/Bloomberg reference + synthetic daily interpolation
2025-09-23,2025,9,23,Tuesday,74.11,69.35,74.06,4.76,98.87,1.0146,3.7497,80.2,560.0,EIA/FRED/Bloomberg reference + synthetic daily interpolation
2025-09-24,2025,9,24,Wednesday,73.8,68.86,73.49,4.94,100.61,0.9884,3.7497,90.4,531.0,EIA/FRED/Bloomberg reference + synthetic daily interpolation
2025-09-25,2025,9,25,Thursday,71.42,70.24,70.96,1.18,97.92,1.028,3.75,89.97,587.0,EIA/FRED/Bloomberg reference + synthetic daily interpolation
2025-09-26,2025,9,26,Friday,72.31,71.04,72.82,1.27,99.55,1.009,3.7497,87.82,557.0,EIA/FRED/Bloomberg reference + synthetic daily interpolation
2025-09-29,2025,9,29,Monday,72.23,69.15,72.56,3.08,97.77,1.0386,3.7499,85.78,562.0,EIA/FRED/Bloomberg reference + synthetic daily interpolation
2025-09-30,2025,9,30,Tuesday,72.14,68.2,72.03,3.94,97.66,1.0399,3.7497,89.67,553.0,EIA/FRED/Bloomberg reference + synthetic daily interpolation
2025-10-01,2025,10,1,Wednesday,72.21,66.68,71.4,5.53,98.49,1.0226,3.7499,87.21,541.0,EIA/FRED/Bloomberg reference + synthetic daily interpolation
2025-10-02,2025,10,2,Thursday,71.57,66.41,70.31,5.16,99.31,1.0075,3.75,92.67,574.0,EIA/FRED/Bloomberg reference + synthetic daily interpolation
2025-10-03,2025,10,3,Friday,73.64,70.46,74.76,3.18,99.21,1.0089,3.7497,87.49,586.0,EIA/FRED/Bloomberg reference + synthetic daily interpolation
2025-10-06,2025,10,6,Monday,71.58,69.37,73.01,2.21,98.49,1.0239,3.7498,87.61,534.0,EIA/FRED/Bloomberg reference + synthetic daily interpolation
2025-10-07,2025,10,7,Tuesday,71.57,70.02,72.69,1.55,97.81,1.0389,3.7496,88.22,596.0,EIA/FRED/Bloomberg reference + synthetic daily interpolation
2025-10-08,2025,10,8,Wednesday,72.97,71.97,72.26,1.0,98.32,1.0203,3.75,85.09,562.0,EIA/FRED/Bloomberg reference + synthetic daily interpolation
2025-10-09,2025,10,9,Thursday,72.47,69.83,73.96,2.64,97.39,1.0383,3.7499,89.95,547.0,EIA/FRED/Bloomberg reference + synthetic daily interpolation
2025-10-10,2025,10,10,Friday,72.28,71.53,72.1,0.75,98.3,1.0224,3.7498,89.27,559.0,EIA/FRED/Bloomberg reference + synthetic daily interpolation
2025-10-13,2025,10,13,Monday,70.75,66.7,69.99,4.05,99.25,1.0078,3.7497,86.9,556.0,EIA/FRED/Bloomberg reference + synthetic daily interpolation
2025-10-14,2025,10,14,Tuesday,72.54,67.69,72.15,4.85,99.63,0.9996,3.7499,90.27,590.0,EIA/FRED/Bloomberg reference + synthetic daily interpolation
2025-10-15,2025,10,15,Wednesday,73.31,69.05,72.8,4.26,99.58,1.0079,3.7496,87.33,544.0,EIA/FRED/Bloomberg reference + synthetic daily interpolation
2025-10-16,2025,10,16,Thursday,71.02,65.95,70.54,5.07,100.11,0.9963,3.75,90.31,566.0,EIA/FRED/Bloomberg reference + synthetic daily interpolation
2025-10-17,2025,10,17,Friday,70.96,70.22,72.37,0.74,100.2,1.0058,3.7499,87.81,582.0,EIA/FRED/Bloomberg reference + synthetic daily interpolation
2025-10-20,2025,10,20,Monday,71.59,70.04,70.39,1.55,99.61,1.0058,3.7497,87.3,563.0,EIA/FRED/Bloomberg reference + synthetic daily interpolation
2025-10-21,2025,10,21,Tuesday,72.42,71.35,71.5,1.07,99.04,1.0145,3.7497,83.51,572.0,EIA/FRED/Bloomberg reference + synthetic daily interpolation
2025-10-22,2025,10,22,Wednesday,68.71,68.09,69.63,0.62,97.82,1.0421,3.7499,83.59,579.0,EIA/FRED/Bloomberg reference + synthetic daily interpolation
2025-10-23,2025,10,23,Thursday,73.52,72.55,74.9,0.97,98.37,1.0284,3.75,90.9,566.0,EIA/FRED/Bloomberg reference + synthetic daily interpolation
2025-10-24,2025,10,24,Friday,70.78,67.87,70.45,2.91,100.11,0.9992,3.7499,88.04,589.0,EIA/FRED/Bloomberg reference + synthetic daily interpolation
2025-10-27,2025,10,27,Monday,72.77,69.13,72.71,3.64,99.58,1.0033,3.7498,81.98,546.0,EIA/FRED/Bloomberg reference + synthetic daily interpolation
2025-10-28,2025,10,28,Tuesday,71.32,69.02,70.2,2.3,98.82,1.0245,3.7496,91.14,546.0,EIA/FRED/Bloomberg reference + synthetic daily interpolation
2025-10-29,2025,10,29,Wednesday,71.57,67.87,70.61,3.7,100.5,0.9856,3.7499,87.52,544.0,EIA/FRED/Bloomberg reference + synthetic daily interpolation
2025-10-30,2025,10,30,Thursday,72.4,67.93,72.61,4.47,100.0,0.9964,3.7497,86.17,530.0,EIA/FRED/Bloomberg reference + synthetic daily interpolation
2025-10-31,2025,10,31,Friday,70.56,67.2,69.16,3.36,98.23,1.0307,3.7499,87.07,549.0,EIA/FRED/Bloomberg reference + synthetic daily interpolation
2025-11-03,2025,11,3,Monday,70.36,67.94,69.22,2.42,97.13,1.0503,3.7501,86.37,547.0,EIA/FRED/Bloomberg reference + synthetic daily interpolation
2025-11-04,2025,11,4,Tuesday,67.94,65.36,67.25,2.58,99.55,1.0136,3.7496,83.45,603.0,EIA/FRED/Bloomberg reference + synthetic daily interpolation
2025-11-05,2025,11,5,Wednesday,72.08,68.01,72.1,4.07,99.2,1.0094,3.75,86.19,572.0,EIA/FRED/Bloomberg reference + synthetic daily interpolation
2025-11-06,2025,11,6,Thursday,71.21,66.25,69.86,4.96,98.3,1.0212,3.75,87.43,550.0,EIA/FRED/Bloomberg reference + synthetic daily interpolation
2025-11-07,2025,11,7,Friday,72.36,68.82,70.92,3.54,97.92,1.0303,3.7498,91.78,608.0,EIA/FRED/Bloomberg reference + synthetic daily interpolation
2025-11-10,2025,11,10,Monday,71.26,65.73,70.3,5.53,101.7,0.9671,3.7498,91.4,558.0,EIA/FRED/Bloomberg reference + synthetic daily interpolation
2025-11-11,2025,11,11,Tuesday,70.87,69.57,72.36,1.3,99.44,1.0075,3.7499,87.47,533.0,EIA/FRED/Bloomberg reference + synthetic daily interpolation
2025-11-12,2025,11,12,Wednesday,73.19,72.17,74.55,1.02,96.69,1.0379,3.7499,86.26,550.0,EIA/FRED/Bloomberg reference + synthetic daily interpolation
2025-11-13,2025,11,13,Thursday,72.18,71.35,71.81,0.83,98.21,1.0252,3.7497,89.27,570.0,EIA/FRED/Bloomberg reference + synthetic daily interpolation
2025-11-14,2025,11,14,Friday,68.6,65.9,68.12,2.7,99.17,1.012,3.7496,95.39,560.0,EIA/FRED/Bloomberg reference + synthetic daily interpolation
2025-11-17,2025,11,17,Monday,67.65,64.53,66.51,3.12,99.62,1.0073,3.75,90.11,577.0,EIA/FRED/Bloomberg reference + synthetic daily interpolation
2025-11-18,2025,11,18,Tuesday,71.55,65.8,71.52,5.75,100.08,0.9954,3.7499,84.32,602.0,EIA/FRED/Bloomberg reference + synthetic daily interpolation
2025-11-19,2025,11,19,Wednesday,67.89,64.26,68.37,3.63,99.16,1.0272,3.7501,92.71,563.0,EIA/FRED/Bloomberg reference + synthetic daily interpolation
2025-11-20,2025,11,20,Thursday,70.24,68.14,70.5,2.1,98.78,1.0183,3.75,89.64,568.0,EIA/FRED/Bloomberg reference + synthetic daily interpolation
2025-11-21,2025,11,21,Friday,70.6,69.26,71.28,1.34,100.97,0.985,3.7501,93.46,553.0,EIA/FRED/Bloomberg reference + synthetic daily interpolation
2025-11-24,2025,11,24,Monday,69.13,66.16,68.02,2.97,97.69,1.0321,3.7499,89.34,554.0,EIA/FRED/Bloomberg reference + synthetic daily interpolation
2025-11-25,2025,11,25,Tuesday,70.67,69.36,71.8,1.31,99.76,1.0041,3.7497,83.82,565.0,EIA/FRED/Bloomberg reference + synthetic daily interpolation
2025-11-26,2025,11,26,Wednesday,71.79,66.53,70.35,5.26,97.4,1.0439,3.75,79.87,566.0,EIA/FRED/Bloomberg reference + synthetic daily interpolation
2025-11-27,2025,11,27,Thursday,71.86,68.84,71.1,3.02,99.78,0.9995,3.7497,86.29,553.0,EIA/FRED/Bloomberg reference + synthetic daily interpolation
2025-11-28,2025,11,28,Friday,72.25,69.86,72.64,2.39,99.87,0.9967,3.7501,82.41,555.0,EIA/FRED/Bloomberg reference + synthetic daily interpolation
2025-12-01,2025,12,1,Monday,71.37,66.57,72.51,4.8,100.13,1.0053,3.7499,85.01,552.0,EIA/FRED/Bloomberg reference + synthetic daily interpolation
2025-12-02,2025,12,2,Tuesday,69.37,64.62,69.02,4.75,101.49,0.9768,3.7497,85.92,554.0,EIA/FRED/Bloomberg reference + synthetic daily interpolation
2025-12-03,2025,12,3,Wednesday,70.29,65.29,70.9,5.0,100.53,0.9905,3.75,90.04,571.0,EIA/FRED/Bloomberg reference + synthetic daily interpolation
2025-12-04,2025,12,4,Thursday,70.29,68.54,68.82,1.75,99.63,1.012,3.7497,90.26,544.0,EIA/FRED/Bloomberg reference + synthetic daily interpolation
2025-12-05,2025,12,5,Friday,70.54,68.81,71.96,1.73,99.24,1.0139,3.7499,84.42,589.0,EIA/FRED/Bloomberg reference + synthetic daily interpolation
2025-12-08,2025,12,8,Monday,71.72,68.32,71.74,3.4,99.06,1.0105,3.7497,84.97,546.0,EIA/FRED/Bloomberg reference + synthetic daily interpolation
2025-12-09,2025,12,9,Tuesday,71.69,66.41,70.38,5.28,100.26,0.9908,3.75,82.76,590.0,EIA/FRED/Bloomberg reference + synthetic daily interpolation
2025-12-10,2025,12,10,Wednesday,72.4,71.53,73.53,0.87,98.42,1.0252,3.75,90.94,534.0,EIA/FRED/Bloomberg reference + synthetic daily interpolation
2025-12-11,2025,12,11,Thursday,72.4,69.79,72.09,2.61,100.1,1.0044,3.7498,87.39,570.0,EIA/FRED/Bloomberg reference + synthetic daily interpolation
2025-12-12,2025,12,12,Friday,70.47,68.3,69.09,2.17,99.39,1.0034,3.75,89.52,537.0,EIA/FRED/Bloomberg reference + synthetic daily interpolation
2025-12-15,2025,12,15,Monday,71.13,65.81,72.39,5.32,98.04,1.0245,3.7498,85.14,547.0,EIA/FRED/Bloomberg reference + synthetic daily interpolation
2025-12-16,2025,12,16,Tuesday,72.25,67.21,71.65,5.04,99.44,1.0107,3.7501,87.97,593.0,EIA/FRED/Bloomberg reference + synthetic daily interpolation
2025-12-17,2025,12,17,Wednesday,71.32,67.45,72.47,3.87,101.1,0.9906,3.7499,92.07,591.0,EIA/FRED/Bloomberg reference + synthetic daily interpolation
2025-12-18,2025,12,18,Thursday,71.51,67.84,72.33,3.67,97.12,1.043,3.75,85.76,579.0,EIA/FRED/Bloomberg reference + synthetic daily interpolation
2025-12-19,2025,12,19,Friday,72.34,71.68,72.07,0.66,95.93,1.0608,3.7497,84.46,589.0,EIA/FRED/Bloomberg reference + synthetic daily interpolation
2025-12-22,2025,12,22,Monday,70.45,67.81,71.59,2.64,99.64,0.9968,3.75,83.07,547.0,EIA/FRED/Bloomberg reference + synthetic daily interpolation
2025-12-23,2025,12,23,Tuesday,68.78,66.22,69.23,2.56,100.94,0.982,3.7498,88.55,560.0,EIA/FRED/Bloomberg reference + synthetic daily interpolation
2025-12-24,2025,12,24,Wednesday,71.12,67.14,69.68,3.98,100.27,0.9957,3.7501,86.57,581.0,EIA/FRED/Bloomberg reference + synthetic daily interpolation
2025-12-25,2025,12,25,Thursday,72.1,68.18,70.61,3.92,97.48,1.0315,3.75,89.16,574.0,EIA/FRED/Bloomberg reference + synthetic daily interpolation
2025-12-26,2025,12,26,Friday,70.24,67.44,70.11,2.8,99.64,1.0084,3.7498,82.47,561.0,EIA/FRED/Bloomberg reference + synthetic daily interpolation
2025-12-29,2025,12,29,Monday,73.25,68.73,74.37,4.52,99.25,1.0095,3.75,87.74,545.0,EIA/FRED/Bloomberg reference + synthetic daily interpolation
2025-12-30,2025,12,30,Tuesday,70.69,65.82,72.17,4.87,99.02,1.0173,3.7499,90.15,541.0,EIA/FRED/Bloomberg reference + synthetic daily interpolation
2025-12-31,2025,12,31,Wednesday,70.39,68.15,71.56,2.24,97.97,1.0307,3.7501,91.13,573.0,EIA/FRED/Bloomberg reference + synthetic daily interpolation
