year,month,date,country,region,is_opec_member,production_mbd,exports_mbd,brent_price_usd,wti_price_usd,oman_dubai_price_usd,world_demand_mbd,oil_revenue_usd_bn,data_source
2000,1,2000-01-01,Saudi Arabia,Gulf,True,8.473,7.291,26.17,24.07,26.5,76.75,5.8,EIA/OPEC ASB 2025 + synthetic fill
2000,1,2000-01-01,Russia,CIS,False,6.738,4.486,26.17,24.07,26.5,76.75,3.57,EIA/OPEC ASB 2025 + synthetic fill
2000,1,2000-01-01,United States,NAm,False,5.769,0.189,26.17,24.07,26.5,76.75,0.15,EIA/OPEC ASB 2025 + synthetic fill
2000,1,2000-01-01,Iraq,Gulf,True,2.507,2.086,26.17,24.07,26.5,76.75,1.66,EIA/OPEC ASB 2025 + synthetic fill
2000,1,2000-01-01,United Arab Emirates,Gulf,True,2.439,2.26,26.17,24.07,26.5,76.75,1.8,EIA/OPEC ASB 2025 + synthetic fill
2000,1,2000-01-01,Iran,Gulf,True,3.61,2.198,26.17,24.07,26.5,76.75,1.75,EIA/OPEC ASB 2025 + synthetic fill
2000,1,2000-01-01,Kuwait,Gulf,True,2.113,1.871,26.17,24.07,26.5,76.75,1.49,EIA/OPEC ASB 2025 + synthetic fill
2000,1,2000-01-01,Venezuela,LAm,True,3.098,2.377,26.17,24.07,26.5,76.75,1.89,EIA/OPEC ASB 2025 + synthetic fill
2000,1,2000-01-01,Nigeria,AFR,True,2.128,1.765,26.17,24.07,26.5,76.75,1.4,EIA/OPEC ASB 2025 + synthetic fill
2000,1,2000-01-01,Canada,NAm,False,2.409,1.633,26.17,24.07,26.5,76.75,1.3,EIA/OPEC ASB 2025 + synthetic fill
2000,1,2000-01-01,Norway,EUR,False,3.27,2.574,26.17,24.07,26.5,76.75,2.05,EIA/OPEC ASB 2025 + synthetic fill
2000,1,2000-01-01,Kazakhstan,CIS,False,0.994,0.742,26.17,24.07,26.5,76.75,0.59,EIA/OPEC ASB 2025 + synthetic fill
2000,1,2000-01-01,Libya,AFR,True,1.529,1.369,26.17,24.07,26.5,76.75,1.09,EIA/OPEC ASB 2025 + synthetic fill
2000,1,2000-01-01,Qatar,Gulf,True,0.729,0.596,26.17,24.07,26.5,76.75,0.47,EIA/OPEC ASB 2025 + synthetic fill
2000,1,2000-01-01,Algeria,AFR,True,1.168,0.818,26.17,24.07,26.5,76.75,0.65,EIA/OPEC ASB 2025 + synthetic fill
2000,1,2000-01-01,Angola,AFR,True,0.739,0.639,26.17,24.07,26.5,76.75,0.51,EIA/OPEC ASB 2025 + synthetic fill
2000,1,2000-01-01,Mexico,LAm,False,3.456,1.904,26.17,24.07,26.5,76.75,1.52,EIA/OPEC ASB 2025 + synthetic fill
2000,1,2000-01-01,Brazil,LAm,False,1.26,0.485,26.17,24.07,26.5,76.75,0.39,EIA/OPEC ASB 2025 + synthetic fill
2000,2,2000-02-01,Saudi Arabia,Gulf,True,8.65,6.654,27.15,25.24,27.28,76.71,5.49,EIA/OPEC ASB 2025 + synthetic fill
2000,2,2000-02-01,Russia,CIS,False,7.079,4.849,27.15,25.24,27.28,76.71,4.0,EIA/OPEC ASB 2025 + synthetic fill
2000,2,2000-02-01,United States,NAm,False,5.701,0.191,27.15,25.24,27.28,76.71,0.16,EIA/OPEC ASB 2025 + synthetic fill
2000,2,2000-02-01,Iraq,Gulf,True,2.445,1.95,27.15,25.24,27.28,76.71,1.61,EIA/OPEC ASB 2025 + synthetic fill
2000,2,2000-02-01,United Arab Emirates,Gulf,True,2.385,2.21,27.15,25.24,27.28,76.71,1.83,EIA/OPEC ASB 2025 + synthetic fill
2000,2,2000-02-01,Iran,Gulf,True,3.817,2.345,27.15,25.24,27.28,76.71,1.94,EIA/OPEC ASB 2025 + synthetic fill
2000,2,2000-02-01,Kuwait,Gulf,True,2.14,1.73,27.15,25.24,27.28,76.71,1.43,EIA/OPEC ASB 2025 + synthetic fill
2000,2,2000-02-01,Venezuela,LAm,True,3.101,2.515,27.15,25.24,27.28,76.71,2.08,EIA/OPEC ASB 2025 + synthetic fill
2000,2,2000-02-01,Nigeria,AFR,True,2.175,1.861,27.15,25.24,27.28,76.71,1.54,EIA/OPEC ASB 2025 + synthetic fill
2000,2,2000-02-01,Canada,NAm,False,2.502,1.83,27.15,25.24,27.28,76.71,1.51,EIA/OPEC ASB 2025 + synthetic fill
2000,2,2000-02-01,Norway,EUR,False,3.267,2.624,27.15,25.24,27.28,76.71,2.17,EIA/OPEC ASB 2025 + synthetic fill
2000,2,2000-02-01,Kazakhstan,CIS,False,0.964,0.713,27.15,25.24,27.28,76.71,0.59,EIA/OPEC ASB 2025 + synthetic fill
2000,2,2000-02-01,Libya,AFR,True,1.489,1.225,27.15,25.24,27.28,76.71,1.01,EIA/OPEC ASB 2025 + synthetic fill
2000,2,2000-02-01,Qatar,Gulf,True,0.764,0.643,27.15,25.24,27.28,76.71,0.53,EIA/OPEC ASB 2025 + synthetic fill
2000,2,2000-02-01,Algeria,AFR,True,1.269,0.924,27.15,25.24,27.28,76.71,0.76,EIA/OPEC ASB 2025 + synthetic fill
2000,2,2000-02-01,Angola,AFR,True,0.739,0.625,27.15,25.24,27.28,76.71,0.52,EIA/OPEC ASB 2025 + synthetic fill
2000,2,2000-02-01,Mexico,LAm,False,3.481,1.764,27.15,25.24,27.28,76.71,1.46,EIA/OPEC ASB 2025 + synthetic fill
2000,2,2000-02-01,Brazil,LAm,False,1.288,0.473,27.15,25.24,27.28,76.71,0.39,EIA/OPEC ASB 2025 + synthetic fill
2000,3,2000-03-01,Saudi Arabia,Gulf,True,8.407,7.336,27.68,24.34,25.99,76.71,6.18,EIA/OPEC ASB 2025 + synthetic fill
2000,3,2000-03-01,Russia,CIS,False,7.108,5.033,27.68,24.34,25.99,76.71,4.24,EIA/OPEC ASB 2025 + synthetic fill
2000,3,2000-03-01,United States,NAm,False,5.822,0.188,27.68,24.34,25.99,76.71,0.16,EIA/OPEC ASB 2025 + synthetic fill
2000,3,2000-03-01,Iraq,Gulf,True,2.49,2.108,27.68,24.34,25.99,76.71,1.77,EIA/OPEC ASB 2025 + synthetic fill
2000,3,2000-03-01,United Arab Emirates,Gulf,True,2.416,2.057,27.68,24.34,25.99,76.71,1.73,EIA/OPEC ASB 2025 + synthetic fill
2000,3,2000-03-01,Iran,Gulf,True,3.521,2.095,27.68,24.34,25.99,76.71,1.76,EIA/OPEC ASB 2025 + synthetic fill
2000,3,2000-03-01,Kuwait,Gulf,True,2.164,1.959,27.68,24.34,25.99,76.71,1.65,EIA/OPEC ASB 2025 + synthetic fill
2000,3,2000-03-01,Venezuela,LAm,True,2.988,2.591,27.68,24.34,25.99,76.71,2.18,EIA/OPEC ASB 2025 + synthetic fill
2000,3,2000-03-01,Nigeria,AFR,True,2.184,1.901,27.68,24.34,25.99,76.71,1.6,EIA/OPEC ASB 2025 + synthetic fill
2000,3,2000-03-01,Canada,NAm,False,2.524,1.809,27.68,24.34,25.99,76.71,1.52,EIA/OPEC ASB 2025 + synthetic fill
2000,3,2000-03-01,Norway,EUR,False,3.17,2.502,27.68,24.34,25.99,76.71,2.11,EIA/OPEC ASB 2025 + synthetic fill
2000,3,2000-03-01,Kazakhstan,CIS,False,1.036,0.813,27.68,24.34,25.99,76.71,0.68,EIA/OPEC ASB 2025 + synthetic fill
2000,3,2000-03-01,Libya,AFR,True,1.412,1.276,27.68,24.34,25.99,76.71,1.07,EIA/OPEC ASB 2025 + synthetic fill
2000,3,2000-03-01,Qatar,Gulf,True,0.763,0.584,27.68,24.34,25.99,76.71,0.49,EIA/OPEC ASB 2025 + synthetic fill
2000,3,2000-03-01,Algeria,AFR,True,1.23,0.928,27.68,24.34,25.99,76.71,0.78,EIA/OPEC ASB 2025 + synthetic fill
2000,3,2000-03-01,Angola,AFR,True,0.75,0.677,27.68,24.34,25.99,76.71,0.57,EIA/OPEC ASB 2025 + synthetic fill
2000,3,2000-03-01,Mexico,LAm,False,3.364,1.79,27.68,24.34,25.99,76.71,1.51,EIA/OPEC ASB 2025 + synthetic fill
2000,3,2000-03-01,Brazil,LAm,False,1.358,0.492,27.68,24.34,25.99,76.71,0.41,EIA/OPEC ASB 2025 + synthetic fill
2000,4,2000-04-01,Saudi Arabia,Gulf,True,8.732,6.635,29.86,25.75,29.27,76.43,6.03,EIA/OPEC ASB 2025 + synthetic fill
2000,4,2000-04-01,Russia,CIS,False,7.053,5.29,29.86,25.75,29.27,76.43,4.8,EIA/OPEC ASB 2025 + synthetic fill
2000,4,2000-04-01,United States,NAm,False,5.974,0.198,29.86,25.75,29.27,76.43,0.18,EIA/OPEC ASB 2025 + synthetic fill
2000,4,2000-04-01,Iraq,Gulf,True,2.388,1.862,29.86,25.75,29.27,76.43,1.69,EIA/OPEC ASB 2025 + synthetic fill
2000,4,2000-04-01,United Arab Emirates,Gulf,True,2.505,2.14,29.86,25.75,29.27,76.43,1.94,EIA/OPEC ASB 2025 + synthetic fill
2000,4,2000-04-01,Iran,Gulf,True,3.466,2.093,29.86,25.75,29.27,76.43,1.9,EIA/OPEC ASB 2025 + synthetic fill
2000,4,2000-04-01,Kuwait,Gulf,True,2.181,1.92,29.86,25.75,29.27,76.43,1.74,EIA/OPEC ASB 2025 + synthetic fill
2000,4,2000-04-01,Venezuela,LAm,True,3.038,2.375,29.86,25.75,29.27,76.43,2.16,EIA/OPEC ASB 2025 + synthetic fill
2000,4,2000-04-01,Nigeria,AFR,True,2.034,1.669,29.86,25.75,29.27,76.43,1.52,EIA/OPEC ASB 2025 + synthetic fill
2000,4,2000-04-01,Canada,NAm,False,2.537,1.904,29.86,25.75,29.27,76.43,1.73,EIA/OPEC ASB 2025 + synthetic fill
2000,4,2000-04-01,Norway,EUR,False,3.125,2.625,29.86,25.75,29.27,76.43,2.38,EIA/OPEC ASB 2025 + synthetic fill
2000,4,2000-04-01,Kazakhstan,CIS,False,1.008,0.824,29.86,25.75,29.27,76.43,0.75,EIA/OPEC ASB 2025 + synthetic fill
2000,4,2000-04-01,Libya,AFR,True,1.512,1.388,29.86,25.75,29.27,76.43,1.26,EIA/OPEC ASB 2025 + synthetic fill
2000,4,2000-04-01,Qatar,Gulf,True,0.765,0.619,29.86,25.75,29.27,76.43,0.56,EIA/OPEC ASB 2025 + synthetic fill
2000,4,2000-04-01,Algeria,AFR,True,1.215,0.82,29.86,25.75,29.27,76.43,0.74,EIA/OPEC ASB 2025 + synthetic fill
2000,4,2000-04-01,Angola,AFR,True,0.759,0.626,29.86,25.75,29.27,76.43,0.57,EIA/OPEC ASB 2025 + synthetic fill
2000,4,2000-04-01,Mexico,LAm,False,3.34,1.684,29.86,25.75,29.27,76.43,1.53,EIA/OPEC ASB 2025 + synthetic fill
2000,4,2000-04-01,Brazil,LAm,False,1.357,0.496,29.86,25.75,29.27,76.43,0.45,EIA/OPEC ASB 2025 + synthetic fill
2000,5,2000-05-01,Saudi Arabia,Gulf,True,8.609,6.759,32.12,30.2,30.4,76.98,6.6,EIA/OPEC ASB 2025 + synthetic fill
2000,5,2000-05-01,Russia,CIS,False,7.018,5.081,32.12,30.2,30.4,76.98,4.96,EIA/OPEC ASB 2025 + synthetic fill
2000,5,2000-05-01,United States,NAm,False,5.786,0.21,32.12,30.2,30.4,76.98,0.21,EIA/OPEC ASB 2025 + synthetic fill
2000,5,2000-05-01,Iraq,Gulf,True,2.49,2.091,32.12,30.2,30.4,76.98,2.04,EIA/OPEC ASB 2025 + synthetic fill
2000,5,2000-05-01,United Arab Emirates,Gulf,True,2.296,2.174,32.12,30.2,30.4,76.98,2.12,EIA/OPEC ASB 2025 + synthetic fill
2000,5,2000-05-01,Iran,Gulf,True,3.651,2.112,32.12,30.2,30.4,76.98,2.06,EIA/OPEC ASB 2025 + synthetic fill
2000,5,2000-05-01,Kuwait,Gulf,True,2.146,1.801,32.12,30.2,30.4,76.98,1.76,EIA/OPEC ASB 2025 + synthetic fill
2000,5,2000-05-01,Venezuela,LAm,True,3.025,2.484,32.12,30.2,30.4,76.98,2.43,EIA/OPEC ASB 2025 + synthetic fill
2000,5,2000-05-01,Nigeria,AFR,True,2.09,1.895,32.12,30.2,30.4,76.98,1.85,EIA/OPEC ASB 2025 + synthetic fill
2000,5,2000-05-01,Canada,NAm,False,2.439,1.64,32.12,30.2,30.4,76.98,1.6,EIA/OPEC ASB 2025 + synthetic fill
2000,5,2000-05-01,Norway,EUR,False,3.105,2.726,32.12,30.2,30.4,76.98,2.66,EIA/OPEC ASB 2025 + synthetic fill
2000,5,2000-05-01,Kazakhstan,CIS,False,1.013,0.774,32.12,30.2,30.4,76.98,0.76,EIA/OPEC ASB 2025 + synthetic fill
2000,5,2000-05-01,Libya,AFR,True,1.518,1.288,32.12,30.2,30.4,76.98,1.26,EIA/OPEC ASB 2025 + synthetic fill
2000,5,2000-05-01,Qatar,Gulf,True,0.769,0.59,32.12,30.2,30.4,76.98,0.58,EIA/OPEC ASB 2025 + synthetic fill
2000,5,2000-05-01,Algeria,AFR,True,1.25,0.884,32.12,30.2,30.4,76.98,0.86,EIA/OPEC ASB 2025 + synthetic fill
2000,5,2000-05-01,Angola,AFR,True,0.792,0.714,32.12,30.2,30.4,76.98,0.7,EIA/OPEC ASB 2025 + synthetic fill
2000,5,2000-05-01,Mexico,LAm,False,3.374,1.893,32.12,30.2,30.4,76.98,1.85,EIA/OPEC ASB 2025 + synthetic fill
2000,5,2000-05-01,Brazil,LAm,False,1.323,0.528,32.12,30.2,30.4,76.98,0.52,EIA/OPEC ASB 2025 + synthetic fill
2000,6,2000-06-01,Saudi Arabia,Gulf,True,8.423,6.771,33.55,29.16,34.05,76.67,6.91,EIA/OPEC ASB 2025 + synthetic fill
2000,6,2000-06-01,Russia,CIS,False,7.099,4.707,33.55,29.16,34.05,76.67,4.8,EIA/OPEC ASB 2025 + synthetic fill
2000,6,2000-06-01,United States,NAm,False,5.458,0.18,33.55,29.16,34.05,76.67,0.18,EIA/OPEC ASB 2025 + synthetic fill
2000,6,2000-06-01,Iraq,Gulf,True,2.57,2.223,33.55,29.16,34.05,76.67,2.27,EIA/OPEC ASB 2025 + synthetic fill
2000,6,2000-06-01,United Arab Emirates,Gulf,True,2.34,2.261,33.55,29.16,34.05,76.67,2.31,EIA/OPEC ASB 2025 + synthetic fill
2000,6,2000-06-01,Iran,Gulf,True,3.657,2.367,33.55,29.16,34.05,76.67,2.42,EIA/OPEC ASB 2025 + synthetic fill
2000,6,2000-06-01,Kuwait,Gulf,True,2.021,1.631,33.55,29.16,34.05,76.67,1.66,EIA/OPEC ASB 2025 + synthetic fill
2000,6,2000-06-01,Venezuela,LAm,True,2.934,2.351,33.55,29.16,34.05,76.67,2.4,EIA/OPEC ASB 2025 + synthetic fill
2000,6,2000-06-01,Nigeria,AFR,True,2.168,1.851,33.55,29.16,34.05,76.67,1.89,EIA/OPEC ASB 2025 + synthetic fill
2000,6,2000-06-01,Canada,NAm,False,2.525,1.863,33.55,29.16,34.05,76.67,1.9,EIA/OPEC ASB 2025 + synthetic fill
2000,6,2000-06-01,Norway,EUR,False,3.253,2.718,33.55,29.16,34.05,76.67,2.77,EIA/OPEC ASB 2025 + synthetic fill
2000,6,2000-06-01,Kazakhstan,CIS,False,1.012,0.841,33.55,29.16,34.05,76.67,0.86,EIA/OPEC ASB 2025 + synthetic fill
2000,6,2000-06-01,Libya,AFR,True,1.556,1.256,33.55,29.16,34.05,76.67,1.28,EIA/OPEC ASB 2025 + synthetic fill
2000,6,2000-06-01,Qatar,Gulf,True,0.79,0.598,33.55,29.16,34.05,76.67,0.61,EIA/OPEC ASB 2025 + synthetic fill
2000,6,2000-06-01,Algeria,AFR,True,1.211,0.831,33.55,29.16,34.05,76.67,0.85,EIA/OPEC ASB 2025 + synthetic fill
2000,6,2000-06-01,Angola,AFR,True,0.734,0.596,33.55,29.16,34.05,76.67,0.61,EIA/OPEC ASB 2025 + synthetic fill
2000,6,2000-06-01,Mexico,LAm,False,3.449,1.832,33.55,29.16,34.05,76.67,1.87,EIA/OPEC ASB 2025 + synthetic fill
2000,6,2000-06-01,Brazil,LAm,False,1.317,0.51,33.55,29.16,34.05,76.67,0.52,EIA/OPEC ASB 2025 + synthetic fill
2000,7,2000-07-01,Saudi Arabia,Gulf,True,8.682,6.817,29.35,26.26,27.55,76.99,6.09,EIA/OPEC ASB 2025 + synthetic fill
2000,7,2000-07-01,Russia,CIS,False,7.375,5.138,29.35,26.26,27.55,76.99,4.59,EIA/OPEC ASB 2025 + synthetic fill
2000,7,2000-07-01,United States,NAm,False,5.696,0.189,29.35,26.26,27.55,76.99,0.17,EIA/OPEC ASB 2025 + synthetic fill
2000,7,2000-07-01,Iraq,Gulf,True,2.392,2.06,29.35,26.26,27.55,76.99,1.84,EIA/OPEC ASB 2025 + synthetic fill
2000,7,2000-07-01,United Arab Emirates,Gulf,True,2.46,2.39,29.35,26.26,27.55,76.99,2.13,EIA/OPEC ASB 2025 + synthetic fill
2000,7,2000-07-01,Iran,Gulf,True,3.68,2.383,29.35,26.26,27.55,76.99,2.13,EIA/OPEC ASB 2025 + synthetic fill
2000,7,2000-07-01,Kuwait,Gulf,True,2.133,1.75,29.35,26.26,27.55,76.99,1.56,EIA/OPEC ASB 2025 + synthetic fill
2000,7,2000-07-01,Venezuela,LAm,True,2.993,2.621,29.35,26.26,27.55,76.99,2.34,EIA/OPEC ASB 2025 + synthetic fill
2000,7,2000-07-01,Nigeria,AFR,True,2.179,1.815,29.35,26.26,27.55,76.99,1.62,EIA/OPEC ASB 2025 + synthetic fill
2000,7,2000-07-01,Canada,NAm,False,2.461,1.669,29.35,26.26,27.55,76.99,1.49,EIA/OPEC ASB 2025 + synthetic fill
2000,7,2000-07-01,Norway,EUR,False,3.208,2.722,29.35,26.26,27.55,76.99,2.43,EIA/OPEC ASB 2025 + synthetic fill
2000,7,2000-07-01,Kazakhstan,CIS,False,0.966,0.818,29.35,26.26,27.55,76.99,0.73,EIA/OPEC ASB 2025 + synthetic fill
2000,7,2000-07-01,Libya,AFR,True,1.501,1.346,29.35,26.26,27.55,76.99,1.2,EIA/OPEC ASB 2025 + synthetic fill
2000,7,2000-07-01,Qatar,Gulf,True,0.748,0.576,29.35,26.26,27.55,76.99,0.51,EIA/OPEC ASB 2025 + synthetic fill
2000,7,2000-07-01,Algeria,AFR,True,1.212,0.819,29.35,26.26,27.55,76.99,0.73,EIA/OPEC ASB 2025 + synthetic fill
2000,7,2000-07-01,Angola,AFR,True,0.712,0.578,29.35,26.26,27.55,76.99,0.52,EIA/OPEC ASB 2025 + synthetic fill
2000,7,2000-07-01,Mexico,LAm,False,3.484,1.767,29.35,26.26,27.55,76.99,1.58,EIA/OPEC ASB 2025 + synthetic fill
2000,7,2000-07-01,Brazil,LAm,False,1.365,0.527,29.35,26.26,27.55,76.99,0.47,EIA/OPEC ASB 2025 + synthetic fill
2000,8,2000-08-01,Saudi Arabia,Gulf,True,8.134,6.956,29.59,26.05,29.8,76.6,6.26,EIA/OPEC ASB 2025 + synthetic fill
2000,8,2000-08-01,Russia,CIS,False,7.15,4.765,29.59,26.05,29.8,76.6,4.29,EIA/OPEC ASB 2025 + synthetic fill
2000,8,2000-08-01,United States,NAm,False,5.643,0.179,29.59,26.05,29.8,76.6,0.16,EIA/OPEC ASB 2025 + synthetic fill
2000,8,2000-08-01,Iraq,Gulf,True,2.45,2.116,29.59,26.05,29.8,76.6,1.9,EIA/OPEC ASB 2025 + synthetic fill
2000,8,2000-08-01,United Arab Emirates,Gulf,True,2.37,2.224,29.59,26.05,29.8,76.6,2.0,EIA/OPEC ASB 2025 + synthetic fill
2000,8,2000-08-01,Iran,Gulf,True,3.588,2.187,29.59,26.05,29.8,76.6,1.97,EIA/OPEC ASB 2025 + synthetic fill
2000,8,2000-08-01,Kuwait,Gulf,True,2.093,1.669,29.59,26.05,29.8,76.6,1.5,EIA/OPEC ASB 2025 + synthetic fill
2000,8,2000-08-01,Venezuela,LAm,True,2.97,2.583,29.59,26.05,29.8,76.6,2.32,EIA/OPEC ASB 2025 + synthetic fill
2000,8,2000-08-01,Nigeria,AFR,True,2.154,1.914,29.59,26.05,29.8,76.6,1.72,EIA/OPEC ASB 2025 + synthetic fill
2000,8,2000-08-01,Canada,NAm,False,2.513,1.812,29.59,26.05,29.8,76.6,1.63,EIA/OPEC ASB 2025 + synthetic fill
2000,8,2000-08-01,Norway,EUR,False,3.162,2.57,29.59,26.05,29.8,76.6,2.31,EIA/OPEC ASB 2025 + synthetic fill
2000,8,2000-08-01,Kazakhstan,CIS,False,1.01,0.845,29.59,26.05,29.8,76.6,0.76,EIA/OPEC ASB 2025 + synthetic fill
2000,8,2000-08-01,Libya,AFR,True,1.526,1.383,29.59,26.05,29.8,76.6,1.24,EIA/OPEC ASB 2025 + synthetic fill
2000,8,2000-08-01,Qatar,Gulf,True,0.714,0.542,29.59,26.05,29.8,76.6,0.49,EIA/OPEC ASB 2025 + synthetic fill
2000,8,2000-08-01,Algeria,AFR,True,1.25,0.926,29.59,26.05,29.8,76.6,0.83,EIA/OPEC ASB 2025 + synthetic fill
2000,8,2000-08-01,Angola,AFR,True,0.759,0.687,29.59,26.05,29.8,76.6,0.62,EIA/OPEC ASB 2025 + synthetic fill
2000,8,2000-08-01,Mexico,LAm,False,3.302,1.646,29.59,26.05,29.8,76.6,1.48,EIA/OPEC ASB 2025 + synthetic fill
2000,8,2000-08-01,Brazil,LAm,False,1.371,0.554,29.59,26.05,29.8,76.6,0.5,EIA/OPEC ASB 2025 + synthetic fill
2000,9,2000-09-01,Saudi Arabia,Gulf,True,8.961,7.132,30.56,26.32,28.92,76.18,6.63,EIA/OPEC ASB 2025 + synthetic fill
2000,9,2000-09-01,Russia,CIS,False,7.185,5.39,30.56,26.32,28.92,76.18,5.01,EIA/OPEC ASB 2025 + synthetic fill
2000,9,2000-09-01,United States,NAm,False,5.831,0.208,30.56,26.32,28.92,76.18,0.19,EIA/OPEC ASB 2025 + synthetic fill
2000,9,2000-09-01,Iraq,Gulf,True,2.302,1.851,30.56,26.32,28.92,76.18,1.72,EIA/OPEC ASB 2025 + synthetic fill
2000,9,2000-09-01,United Arab Emirates,Gulf,True,2.407,2.299,30.56,26.32,28.92,76.18,2.14,EIA/OPEC ASB 2025 + synthetic fill
2000,9,2000-09-01,Iran,Gulf,True,3.606,2.292,30.56,26.32,28.92,76.18,2.13,EIA/OPEC ASB 2025 + synthetic fill
2000,9,2000-09-01,Kuwait,Gulf,True,2.117,1.786,30.56,26.32,28.92,76.18,1.66,EIA/OPEC ASB 2025 + synthetic fill
2000,9,2000-09-01,Venezuela,LAm,True,3.094,2.482,30.56,26.32,28.92,76.18,2.31,EIA/OPEC ASB 2025 + synthetic fill
2000,9,2000-09-01,Nigeria,AFR,True,2.111,1.671,30.56,26.32,28.92,76.18,1.55,EIA/OPEC ASB 2025 + synthetic fill
2000,9,2000-09-01,Canada,NAm,False,2.522,1.72,30.56,26.32,28.92,76.18,1.6,EIA/OPEC ASB 2025 + synthetic fill
2000,9,2000-09-01,Norway,EUR,False,3.055,2.72,30.56,26.32,28.92,76.18,2.53,EIA/OPEC ASB 2025 + synthetic fill
2000,9,2000-09-01,Kazakhstan,CIS,False,1.044,0.801,30.56,26.32,28.92,76.18,0.74,EIA/OPEC ASB 2025 + synthetic fill
2000,9,2000-09-01,Libya,AFR,True,1.481,1.357,30.56,26.32,28.92,76.18,1.26,EIA/OPEC ASB 2025 + synthetic fill
2000,9,2000-09-01,Qatar,Gulf,True,0.735,0.585,30.56,26.32,28.92,76.18,0.54,EIA/OPEC ASB 2025 + synthetic fill
2000,9,2000-09-01,Algeria,AFR,True,1.264,0.961,30.56,26.32,28.92,76.18,0.89,EIA/OPEC ASB 2025 + synthetic fill
2000,9,2000-09-01,Angola,AFR,True,0.747,0.612,30.56,26.32,28.92,76.18,0.57,EIA/OPEC ASB 2025 + synthetic fill
2000,9,2000-09-01,Mexico,LAm,False,3.465,1.715,30.56,26.32,28.92,76.18,1.59,EIA/OPEC ASB 2025 + synthetic fill
2000,9,2000-09-01,Brazil,LAm,False,1.346,0.508,30.56,26.32,28.92,76.18,0.47,EIA/OPEC ASB 2025 + synthetic fill
2000,10,2000-10-01,Saudi Arabia,Gulf,True,8.415,6.623,27.12,23.7,26.59,76.54,5.46,EIA/OPEC ASB 2025 + synthetic fill
2000,10,2000-10-01,Russia,CIS,False,7.312,5.323,27.12,23.7,26.59,76.54,4.39,EIA/OPEC ASB 2025 + synthetic fill
2000,10,2000-10-01,United States,NAm,False,6.057,0.208,27.12,23.7,26.59,76.54,0.17,EIA/OPEC ASB 2025 + synthetic fill
2000,10,2000-10-01,Iraq,Gulf,True,2.408,2.065,27.12,23.7,26.59,76.54,1.7,EIA/OPEC ASB 2025 + synthetic fill
2000,10,2000-10-01,United Arab Emirates,Gulf,True,2.395,2.132,27.12,23.7,26.59,76.54,1.76,EIA/OPEC ASB 2025 + synthetic fill
2000,10,2000-10-01,Iran,Gulf,True,3.518,1.999,27.12,23.7,26.59,76.54,1.65,EIA/OPEC ASB 2025 + synthetic fill
2000,10,2000-10-01,Kuwait,Gulf,True,2.076,1.715,27.12,23.7,26.59,76.54,1.41,EIA/OPEC ASB 2025 + synthetic fill
2000,10,2000-10-01,Venezuela,LAm,True,2.898,2.509,27.12,23.7,26.59,76.54,2.07,EIA/OPEC ASB 2025 + synthetic fill
2000,10,2000-10-01,Nigeria,AFR,True,2.092,1.727,27.12,23.7,26.59,76.54,1.42,EIA/OPEC ASB 2025 + synthetic fill
2000,10,2000-10-01,Canada,NAm,False,2.522,1.774,27.12,23.7,26.59,76.54,1.46,EIA/OPEC ASB 2025 + synthetic fill
2000,10,2000-10-01,Norway,EUR,False,3.067,2.427,27.12,23.7,26.59,76.54,2.0,EIA/OPEC ASB 2025 + synthetic fill
2000,10,2000-10-01,Kazakhstan,CIS,False,1.012,0.792,27.12,23.7,26.59,76.54,0.65,EIA/OPEC ASB 2025 + synthetic fill
2000,10,2000-10-01,Libya,AFR,True,1.558,1.413,27.12,23.7,26.59,76.54,1.17,EIA/OPEC ASB 2025 + synthetic fill
2000,10,2000-10-01,Qatar,Gulf,True,0.74,0.596,27.12,23.7,26.59,76.54,0.49,EIA/OPEC ASB 2025 + synthetic fill
2000,10,2000-10-01,Algeria,AFR,True,1.238,0.82,27.12,23.7,26.59,76.54,0.68,EIA/OPEC ASB 2025 + synthetic fill
2000,10,2000-10-01,Angola,AFR,True,0.772,0.642,27.12,23.7,26.59,76.54,0.53,EIA/OPEC ASB 2025 + synthetic fill
2000,10,2000-10-01,Mexico,LAm,False,3.299,1.767,27.12,23.7,26.59,76.54,1.46,EIA/OPEC ASB 2025 + synthetic fill
2000,10,2000-10-01,Brazil,LAm,False,1.378,0.522,27.12,23.7,26.59,76.54,0.43,EIA/OPEC ASB 2025 + synthetic fill
2000,11,2000-11-01,Saudi Arabia,Gulf,True,8.679,6.66,25.6,22.71,23.9,76.87,5.19,EIA/OPEC ASB 2025 + synthetic fill
2000,11,2000-11-01,Russia,CIS,False,7.07,5.01,25.6,22.71,23.9,76.87,3.9,EIA/OPEC ASB 2025 + synthetic fill
2000,11,2000-11-01,United States,NAm,False,5.636,0.201,25.6,22.71,23.9,76.87,0.16,EIA/OPEC ASB 2025 + synthetic fill
2000,11,2000-11-01,Iraq,Gulf,True,2.356,2.029,25.6,22.71,23.9,76.87,1.58,EIA/OPEC ASB 2025 + synthetic fill
2000,11,2000-11-01,United Arab Emirates,Gulf,True,2.38,2.068,25.6,22.71,23.9,76.87,1.61,EIA/OPEC ASB 2025 + synthetic fill
2000,11,2000-11-01,Iran,Gulf,True,3.602,2.033,25.6,22.71,23.9,76.87,1.58,EIA/OPEC ASB 2025 + synthetic fill
2000,11,2000-11-01,Kuwait,Gulf,True,2.102,1.872,25.6,22.71,23.9,76.87,1.46,EIA/OPEC ASB 2025 + synthetic fill
2000,11,2000-11-01,Venezuela,LAm,True,3.034,2.352,25.6,22.71,23.9,76.87,1.83,EIA/OPEC ASB 2025 + synthetic fill
2000,11,2000-11-01,Nigeria,AFR,True,2.036,1.653,25.6,22.71,23.9,76.87,1.29,EIA/OPEC ASB 2025 + synthetic fill
2000,11,2000-11-01,Canada,NAm,False,2.63,1.927,25.6,22.71,23.9,76.87,1.5,EIA/OPEC ASB 2025 + synthetic fill
2000,11,2000-11-01,Norway,EUR,False,3.053,2.606,25.6,22.71,23.9,76.87,2.03,EIA/OPEC ASB 2025 + synthetic fill
2000,11,2000-11-01,Kazakhstan,CIS,False,1.001,0.737,25.6,22.71,23.9,76.87,0.57,EIA/OPEC ASB 2025 + synthetic fill
2000,11,2000-11-01,Libya,AFR,True,1.507,1.221,25.6,22.71,23.9,76.87,0.95,EIA/OPEC ASB 2025 + synthetic fill
2000,11,2000-11-01,Qatar,Gulf,True,0.718,0.563,25.6,22.71,23.9,76.87,0.44,EIA/OPEC ASB 2025 + synthetic fill
2000,11,2000-11-01,Algeria,AFR,True,1.285,0.918,25.6,22.71,23.9,76.87,0.71,EIA/OPEC ASB 2025 + synthetic fill
2000,11,2000-11-01,Angola,AFR,True,0.792,0.636,25.6,22.71,23.9,76.87,0.5,EIA/OPEC ASB 2025 + synthetic fill
2000,11,2000-11-01,Mexico,LAm,False,3.401,1.772,25.6,22.71,23.9,76.87,1.38,EIA/OPEC ASB 2025 + synthetic fill
2000,11,2000-11-01,Brazil,LAm,False,1.431,0.568,25.6,22.71,23.9,76.87,0.44,EIA/OPEC ASB 2025 + synthetic fill
2000,12,2000-12-01,Saudi Arabia,Gulf,True,8.887,7.47,24.32,20.94,22.47,76.03,5.53,EIA/OPEC ASB 2025 + synthetic fill
2000,12,2000-12-01,Russia,CIS,False,7.036,4.979,24.32,20.94,22.47,76.03,3.68,EIA/OPEC ASB 2025 + synthetic fill
2000,12,2000-12-01,United States,NAm,False,5.802,0.209,24.32,20.94,22.47,76.03,0.15,EIA/OPEC ASB 2025 + synthetic fill
2000,12,2000-12-01,Iraq,Gulf,True,2.32,1.996,24.32,20.94,22.47,76.03,1.48,EIA/OPEC ASB 2025 + synthetic fill
2000,12,2000-12-01,United Arab Emirates,Gulf,True,2.354,2.06,24.32,20.94,22.47,76.03,1.52,EIA/OPEC ASB 2025 + synthetic fill
2000,12,2000-12-01,Iran,Gulf,True,3.677,2.268,24.32,20.94,22.47,76.03,1.68,EIA/OPEC ASB 2025 + synthetic fill
2000,12,2000-12-01,Kuwait,Gulf,True,2.106,1.819,24.32,20.94,22.47,76.03,1.35,EIA/OPEC ASB 2025 + synthetic fill
2000,12,2000-12-01,Venezuela,LAm,True,2.856,2.281,24.32,20.94,22.47,76.03,1.69,EIA/OPEC ASB 2025 + synthetic fill
2000,12,2000-12-01,Nigeria,AFR,True,2.138,1.756,24.32,20.94,22.47,76.03,1.3,EIA/OPEC ASB 2025 + synthetic fill
2000,12,2000-12-01,Canada,NAm,False,2.617,1.818,24.32,20.94,22.47,76.03,1.34,EIA/OPEC ASB 2025 + synthetic fill
2000,12,2000-12-01,Norway,EUR,False,3.061,2.46,24.32,20.94,22.47,76.03,1.82,EIA/OPEC ASB 2025 + synthetic fill
2000,12,2000-12-01,Kazakhstan,CIS,False,0.997,0.811,24.32,20.94,22.47,76.03,0.6,EIA/OPEC ASB 2025 + synthetic fill
2000,12,2000-12-01,Libya,AFR,True,1.503,1.273,24.32,20.94,22.47,76.03,0.94,EIA/OPEC ASB 2025 + synthetic fill
2000,12,2000-12-01,Qatar,Gulf,True,0.743,0.592,24.32,20.94,22.47,76.03,0.44,EIA/OPEC ASB 2025 + synthetic fill
2000,12,2000-12-01,Algeria,AFR,True,1.232,0.868,24.32,20.94,22.47,76.03,0.64,EIA/OPEC ASB 2025 + synthetic fill
2000,12,2000-12-01,Angola,AFR,True,0.756,0.686,24.32,20.94,22.47,76.03,0.51,EIA/OPEC ASB 2025 + synthetic fill
2000,12,2000-12-01,Mexico,LAm,False,3.287,1.81,24.32,20.94,22.47,76.03,1.34,EIA/OPEC ASB 2025 + synthetic fill
2000,12,2000-12-01,Brazil,LAm,False,1.345,0.531,24.32,20.94,22.47,76.03,0.39,EIA/OPEC ASB 2025 + synthetic fill
2001,1,2001-01-01,Saudi Arabia,Gulf,True,8.995,7.25,22.16,19.75,20.9,77.02,4.89,EIA/OPEC ASB 2025 + synthetic fill
2001,1,2001-01-01,Russia,CIS,False,6.855,5.017,22.16,19.75,20.9,77.02,3.38,EIA/OPEC ASB 2025 + synthetic fill
2001,1,2001-01-01,United States,NAm,False,5.521,0.181,22.16,19.75,20.9,77.02,0.12,EIA/OPEC ASB 2025 + synthetic fill
2001,1,2001-01-01,Iraq,Gulf,True,2.352,1.878,22.16,19.75,20.9,77.02,1.27,EIA/OPEC ASB 2025 + synthetic fill
2001,1,2001-01-01,United Arab Emirates,Gulf,True,2.387,2.116,22.16,19.75,20.9,77.02,1.43,EIA/OPEC ASB 2025 + synthetic fill
2001,1,2001-01-01,Iran,Gulf,True,3.681,2.283,22.16,19.75,20.9,77.02,1.54,EIA/OPEC ASB 2025 + synthetic fill
2001,1,2001-01-01,Kuwait,Gulf,True,2.074,1.752,22.16,19.75,20.9,77.02,1.18,EIA/OPEC ASB 2025 + synthetic fill
2001,1,2001-01-01,Venezuela,LAm,True,2.965,2.317,22.16,19.75,20.9,77.02,1.56,EIA/OPEC ASB 2025 + synthetic fill
2001,1,2001-01-01,Nigeria,AFR,True,2.091,1.748,22.16,19.75,20.9,77.02,1.18,EIA/OPEC ASB 2025 + synthetic fill
2001,1,2001-01-01,Canada,NAm,False,2.589,1.862,22.16,19.75,20.9,77.02,1.26,EIA/OPEC ASB 2025 + synthetic fill
2001,1,2001-01-01,Norway,EUR,False,3.203,2.538,22.16,19.75,20.9,77.02,1.71,EIA/OPEC ASB 2025 + synthetic fill
2001,1,2001-01-01,Kazakhstan,CIS,False,1.006,0.792,22.16,19.75,20.9,77.02,0.53,EIA/OPEC ASB 2025 + synthetic fill
2001,1,2001-01-01,Libya,AFR,True,1.542,1.269,22.16,19.75,20.9,77.02,0.86,EIA/OPEC ASB 2025 + synthetic fill
2001,1,2001-01-01,Qatar,Gulf,True,0.756,0.584,22.16,19.75,20.9,77.02,0.39,EIA/OPEC ASB 2025 + synthetic fill
2001,1,2001-01-01,Algeria,AFR,True,1.252,0.924,22.16,19.75,20.9,77.02,0.62,EIA/OPEC ASB 2025 + synthetic fill
2001,1,2001-01-01,Angola,AFR,True,0.732,0.658,22.16,19.75,20.9,77.02,0.44,EIA/OPEC ASB 2025 + synthetic fill
2001,1,2001-01-01,Mexico,LAm,False,3.399,1.66,22.16,19.75,20.9,77.02,1.12,EIA/OPEC ASB 2025 + synthetic fill
2001,1,2001-01-01,Brazil,LAm,False,1.392,0.533,22.16,19.75,20.9,77.02,0.36,EIA/OPEC ASB 2025 + synthetic fill
2001,2,2001-02-01,Saudi Arabia,Gulf,True,8.474,7.348,24.06,20.46,22.72,77.0,5.38,EIA/OPEC ASB 2025 + synthetic fill
2001,2,2001-02-01,Russia,CIS,False,6.981,4.727,24.06,20.46,22.72,77.0,3.46,EIA/OPEC ASB 2025 + synthetic fill
2001,2,2001-02-01,United States,NAm,False,5.781,0.187,24.06,20.46,22.72,77.0,0.14,EIA/OPEC ASB 2025 + synthetic fill
2001,2,2001-02-01,Iraq,Gulf,True,2.369,2.017,24.06,20.46,22.72,77.0,1.48,EIA/OPEC ASB 2025 + synthetic fill
2001,2,2001-02-01,United Arab Emirates,Gulf,True,2.361,2.203,24.06,20.46,22.72,77.0,1.61,EIA/OPEC ASB 2025 + synthetic fill
2001,2,2001-02-01,Iran,Gulf,True,3.653,2.293,24.06,20.46,22.72,77.0,1.68,EIA/OPEC ASB 2025 + synthetic fill
2001,2,2001-02-01,Kuwait,Gulf,True,2.135,1.875,24.06,20.46,22.72,77.0,1.37,EIA/OPEC ASB 2025 + synthetic fill
2001,2,2001-02-01,Venezuela,LAm,True,3.022,2.357,24.06,20.46,22.72,77.0,1.72,EIA/OPEC ASB 2025 + synthetic fill
2001,2,2001-02-01,Nigeria,AFR,True,2.157,1.729,24.06,20.46,22.72,77.0,1.27,EIA/OPEC ASB 2025 + synthetic fill
2001,2,2001-02-01,Canada,NAm,False,2.455,1.633,24.06,20.46,22.72,77.0,1.2,EIA/OPEC ASB 2025 + synthetic fill
2001,2,2001-02-01,Norway,EUR,False,3.04,2.704,24.06,20.46,22.72,77.0,1.98,EIA/OPEC ASB 2025 + synthetic fill
2001,2,2001-02-01,Kazakhstan,CIS,False,1.035,0.808,24.06,20.46,22.72,77.0,0.59,EIA/OPEC ASB 2025 + synthetic fill
2001,2,2001-02-01,Libya,AFR,True,1.505,1.326,24.06,20.46,22.72,77.0,0.97,EIA/OPEC ASB 2025 + synthetic fill
2001,2,2001-02-01,Qatar,Gulf,True,0.743,0.599,24.06,20.46,22.72,77.0,0.44,EIA/OPEC ASB 2025 + synthetic fill
2001,2,2001-02-01,Algeria,AFR,True,1.293,0.967,24.06,20.46,22.72,77.0,0.71,EIA/OPEC ASB 2025 + synthetic fill
2001,2,2001-02-01,Angola,AFR,True,0.769,0.669,24.06,20.46,22.72,77.0,0.49,EIA/OPEC ASB 2025 + synthetic fill
2001,2,2001-02-01,Mexico,LAm,False,3.577,1.95,24.06,20.46,22.72,77.0,1.43,EIA/OPEC ASB 2025 + synthetic fill
2001,2,2001-02-01,Brazil,LAm,False,1.453,0.541,24.06,20.46,22.72,77.0,0.4,EIA/OPEC ASB 2025 + synthetic fill
2001,3,2001-03-01,Saudi Arabia,Gulf,True,8.935,6.878,23.55,20.53,23.53,77.13,4.93,EIA/OPEC ASB 2025 + synthetic fill
2001,3,2001-03-01,Russia,CIS,False,6.972,5.251,23.55,20.53,23.53,77.13,3.76,EIA/OPEC ASB 2025 + synthetic fill
2001,3,2001-03-01,United States,NAm,False,5.516,0.194,23.55,20.53,23.53,77.13,0.14,EIA/OPEC ASB 2025 + synthetic fill
2001,3,2001-03-01,Iraq,Gulf,True,2.271,1.871,23.55,20.53,23.53,77.13,1.34,EIA/OPEC ASB 2025 + synthetic fill
2001,3,2001-03-01,United Arab Emirates,Gulf,True,2.384,2.093,23.55,20.53,23.53,77.13,1.5,EIA/OPEC ASB 2025 + synthetic fill
2001,3,2001-03-01,Iran,Gulf,True,3.446,2.176,23.55,20.53,23.53,77.13,1.56,EIA/OPEC ASB 2025 + synthetic fill
2001,3,2001-03-01,Kuwait,Gulf,True,2.041,1.716,23.55,20.53,23.53,77.13,1.23,EIA/OPEC ASB 2025 + synthetic fill
2001,3,2001-03-01,Venezuela,LAm,True,2.91,2.479,23.55,20.53,23.53,77.13,1.78,EIA/OPEC ASB 2025 + synthetic fill
2001,3,2001-03-01,Nigeria,AFR,True,2.088,1.855,23.55,20.53,23.53,77.13,1.33,EIA/OPEC ASB 2025 + synthetic fill
2001,3,2001-03-01,Canada,NAm,False,2.744,1.842,23.55,20.53,23.53,77.13,1.32,EIA/OPEC ASB 2025 + synthetic fill
2001,3,2001-03-01,Norway,EUR,False,3.118,2.592,23.55,20.53,23.53,77.13,1.86,EIA/OPEC ASB 2025 + synthetic fill
2001,3,2001-03-01,Kazakhstan,CIS,False,0.987,0.794,23.55,20.53,23.53,77.13,0.57,EIA/OPEC ASB 2025 + synthetic fill
2001,3,2001-03-01,Libya,AFR,True,1.502,1.353,23.55,20.53,23.53,77.13,0.97,EIA/OPEC ASB 2025 + synthetic fill
2001,3,2001-03-01,Qatar,Gulf,True,0.753,0.57,23.55,20.53,23.53,77.13,0.41,EIA/OPEC ASB 2025 + synthetic fill
2001,3,2001-03-01,Algeria,AFR,True,1.263,0.88,23.55,20.53,23.53,77.13,0.63,EIA/OPEC ASB 2025 + synthetic fill
2001,3,2001-03-01,Angola,AFR,True,0.783,0.708,23.55,20.53,23.53,77.13,0.51,EIA/OPEC ASB 2025 + synthetic fill
2001,3,2001-03-01,Mexico,LAm,False,3.379,1.648,23.55,20.53,23.53,77.13,1.18,EIA/OPEC ASB 2025 + synthetic fill
2001,3,2001-03-01,Brazil,LAm,False,1.364,0.552,23.55,20.53,23.53,77.13,0.4,EIA/OPEC ASB 2025 + synthetic fill
2001,4,2001-04-01,Saudi Arabia,Gulf,True,8.598,7.001,26.99,24.04,25.72,77.25,5.75,EIA/OPEC ASB 2025 + synthetic fill
2001,4,2001-04-01,Russia,CIS,False,7.019,5.169,26.99,24.04,25.72,77.25,4.24,EIA/OPEC ASB 2025 + synthetic fill
2001,4,2001-04-01,United States,NAm,False,5.768,0.202,26.99,24.04,25.72,77.25,0.17,EIA/OPEC ASB 2025 + synthetic fill
2001,4,2001-04-01,Iraq,Gulf,True,2.367,1.914,26.99,24.04,25.72,77.25,1.57,EIA/OPEC ASB 2025 + synthetic fill
2001,4,2001-04-01,United Arab Emirates,Gulf,True,2.341,2.134,26.99,24.04,25.72,77.25,1.75,EIA/OPEC ASB 2025 + synthetic fill
2001,4,2001-04-01,Iran,Gulf,True,3.639,2.178,26.99,24.04,25.72,77.25,1.79,EIA/OPEC ASB 2025 + synthetic fill
2001,4,2001-04-01,Kuwait,Gulf,True,2.099,1.832,26.99,24.04,25.72,77.25,1.5,EIA/OPEC ASB 2025 + synthetic fill
2001,4,2001-04-01,Venezuela,LAm,True,2.859,2.282,26.99,24.04,25.72,77.25,1.87,EIA/OPEC ASB 2025 + synthetic fill
2001,4,2001-04-01,Nigeria,AFR,True,2.1,1.705,26.99,24.04,25.72,77.25,1.4,EIA/OPEC ASB 2025 + synthetic fill
2001,4,2001-04-01,Canada,NAm,False,2.658,1.793,26.99,24.04,25.72,77.25,1.47,EIA/OPEC ASB 2025 + synthetic fill
2001,4,2001-04-01,Norway,EUR,False,2.94,2.346,26.99,24.04,25.72,77.25,1.93,EIA/OPEC ASB 2025 + synthetic fill
2001,4,2001-04-01,Kazakhstan,CIS,False,0.991,0.753,26.99,24.04,25.72,77.25,0.62,EIA/OPEC ASB 2025 + synthetic fill
2001,4,2001-04-01,Libya,AFR,True,1.449,1.327,26.99,24.04,25.72,77.25,1.09,EIA/OPEC ASB 2025 + synthetic fill
2001,4,2001-04-01,Qatar,Gulf,True,0.753,0.598,26.99,24.04,25.72,77.25,0.49,EIA/OPEC ASB 2025 + synthetic fill
2001,4,2001-04-01,Algeria,AFR,True,1.247,0.85,26.99,24.04,25.72,77.25,0.7,EIA/OPEC ASB 2025 + synthetic fill
2001,4,2001-04-01,Angola,AFR,True,0.758,0.625,26.99,24.04,25.72,77.25,0.51,EIA/OPEC ASB 2025 + synthetic fill
2001,4,2001-04-01,Mexico,LAm,False,3.406,1.794,26.99,24.04,25.72,77.25,1.47,EIA/OPEC ASB 2025 + synthetic fill
2001,4,2001-04-01,Brazil,LAm,False,1.403,0.517,26.99,24.04,25.72,77.25,0.42,EIA/OPEC ASB 2025 + synthetic fill
2001,5,2001-05-01,Saudi Arabia,Gulf,True,8.898,7.637,27.79,24.0,28.41,76.94,6.46,EIA/OPEC ASB 2025 + synthetic fill
2001,5,2001-05-01,Russia,CIS,False,7.124,5.09,27.79,24.0,28.41,76.94,4.3,EIA/OPEC ASB 2025 + synthetic fill
2001,5,2001-05-01,United States,NAm,False,5.526,0.18,27.79,24.0,28.41,76.94,0.15,EIA/OPEC ASB 2025 + synthetic fill
2001,5,2001-05-01,Iraq,Gulf,True,2.345,1.826,27.79,24.0,28.41,76.94,1.54,EIA/OPEC ASB 2025 + synthetic fill
2001,5,2001-05-01,United Arab Emirates,Gulf,True,2.464,2.338,27.79,24.0,28.41,76.94,1.98,EIA/OPEC ASB 2025 + synthetic fill
2001,5,2001-05-01,Iran,Gulf,True,3.658,2.182,27.79,24.0,28.41,76.94,1.84,EIA/OPEC ASB 2025 + synthetic fill
2001,5,2001-05-01,Kuwait,Gulf,True,2.166,1.722,27.79,24.0,28.41,76.94,1.46,EIA/OPEC ASB 2025 + synthetic fill
2001,5,2001-05-01,Venezuela,LAm,True,2.966,2.326,27.79,24.0,28.41,76.94,1.97,EIA/OPEC ASB 2025 + synthetic fill
2001,5,2001-05-01,Nigeria,AFR,True,2.059,1.869,27.79,24.0,28.41,76.94,1.58,EIA/OPEC ASB 2025 + synthetic fill
2001,5,2001-05-01,Canada,NAm,False,2.612,1.761,27.79,24.0,28.41,76.94,1.49,EIA/OPEC ASB 2025 + synthetic fill
2001,5,2001-05-01,Norway,EUR,False,3.067,2.667,27.79,24.0,28.41,76.94,2.25,EIA/OPEC ASB 2025 + synthetic fill
2001,5,2001-05-01,Kazakhstan,CIS,False,0.966,0.735,27.79,24.0,28.41,76.94,0.62,EIA/OPEC ASB 2025 + synthetic fill
2001,5,2001-05-01,Libya,AFR,True,1.469,1.25,27.79,24.0,28.41,76.94,1.06,EIA/OPEC ASB 2025 + synthetic fill
2001,5,2001-05-01,Qatar,Gulf,True,0.747,0.622,27.79,24.0,28.41,76.94,0.53,EIA/OPEC ASB 2025 + synthetic fill
2001,5,2001-05-01,Algeria,AFR,True,1.277,0.926,27.79,24.0,28.41,76.94,0.78,EIA/OPEC ASB 2025 + synthetic fill
2001,5,2001-05-01,Angola,AFR,True,0.749,0.653,27.79,24.0,28.41,76.94,0.55,EIA/OPEC ASB 2025 + synthetic fill
2001,5,2001-05-01,Mexico,LAm,False,3.387,1.702,27.79,24.0,28.41,76.94,1.44,EIA/OPEC ASB 2025 + synthetic fill
2001,5,2001-05-01,Brazil,LAm,False,1.319,0.482,27.79,24.0,28.41,76.94,0.41,EIA/OPEC ASB 2025 + synthetic fill
2001,6,2001-06-01,Saudi Arabia,Gulf,True,8.98,7.418,26.6,24.9,27.37,76.85,6.0,EIA/OPEC ASB 2025 + synthetic fill
2001,6,2001-06-01,Russia,CIS,False,7.301,5.01,26.6,24.9,27.37,76.85,4.05,EIA/OPEC ASB 2025 + synthetic fill
2001,6,2001-06-01,United States,NAm,False,5.694,0.2,26.6,24.9,27.37,76.85,0.16,EIA/OPEC ASB 2025 + synthetic fill
2001,6,2001-06-01,Iraq,Gulf,True,2.413,1.994,26.6,24.9,27.37,76.85,1.61,EIA/OPEC ASB 2025 + synthetic fill
2001,6,2001-06-01,United Arab Emirates,Gulf,True,2.348,2.218,26.6,24.9,27.37,76.85,1.79,EIA/OPEC ASB 2025 + synthetic fill
2001,6,2001-06-01,Iran,Gulf,True,3.508,2.16,26.6,24.9,27.37,76.85,1.75,EIA/OPEC ASB 2025 + synthetic fill
2001,6,2001-06-01,Kuwait,Gulf,True,2.035,1.709,26.6,24.9,27.37,76.85,1.38,EIA/OPEC ASB 2025 + synthetic fill
2001,6,2001-06-01,Venezuela,LAm,True,2.771,2.3,26.6,24.9,27.37,76.85,1.86,EIA/OPEC ASB 2025 + synthetic fill
2001,6,2001-06-01,Nigeria,AFR,True,2.031,1.803,26.6,24.9,27.37,76.85,1.46,EIA/OPEC ASB 2025 + synthetic fill
2001,6,2001-06-01,Canada,NAm,False,2.526,1.691,26.6,24.9,27.37,76.85,1.37,EIA/OPEC ASB 2025 + synthetic fill
2001,6,2001-06-01,Norway,EUR,False,3.082,2.665,26.6,24.9,27.37,76.85,2.16,EIA/OPEC ASB 2025 + synthetic fill
2001,6,2001-06-01,Kazakhstan,CIS,False,1.019,0.815,26.6,24.9,27.37,76.85,0.66,EIA/OPEC ASB 2025 + synthetic fill
2001,6,2001-06-01,Libya,AFR,True,1.506,1.327,26.6,24.9,27.37,76.85,1.07,EIA/OPEC ASB 2025 + synthetic fill
2001,6,2001-06-01,Qatar,Gulf,True,0.759,0.618,26.6,24.9,27.37,76.85,0.5,EIA/OPEC ASB 2025 + synthetic fill
2001,6,2001-06-01,Algeria,AFR,True,1.284,0.914,26.6,24.9,27.37,76.85,0.74,EIA/OPEC ASB 2025 + synthetic fill
2001,6,2001-06-01,Angola,AFR,True,0.742,0.599,26.6,24.9,27.37,76.85,0.48,EIA/OPEC ASB 2025 + synthetic fill
2001,6,2001-06-01,Mexico,LAm,False,3.488,1.782,26.6,24.9,27.37,76.85,1.44,EIA/OPEC ASB 2025 + synthetic fill
2001,6,2001-06-01,Brazil,LAm,False,1.42,0.522,26.6,24.9,27.37,76.85,0.42,EIA/OPEC ASB 2025 + synthetic fill
2001,7,2001-07-01,Saudi Arabia,Gulf,True,9.576,7.997,28.66,24.32,27.93,77.42,6.97,EIA/OPEC ASB 2025 + synthetic fill
2001,7,2001-07-01,Russia,CIS,False,7.096,4.854,28.66,24.32,27.93,77.42,4.23,EIA/OPEC ASB 2025 + synthetic fill
2001,7,2001-07-01,United States,NAm,False,5.891,0.2,28.66,24.32,27.93,77.42,0.17,EIA/OPEC ASB 2025 + synthetic fill
2001,7,2001-07-01,Iraq,Gulf,True,2.337,1.985,28.66,24.32,27.93,77.42,1.73,EIA/OPEC ASB 2025 + synthetic fill
2001,7,2001-07-01,United Arab Emirates,Gulf,True,2.433,2.235,28.66,24.32,27.93,77.42,1.95,EIA/OPEC ASB 2025 + synthetic fill
2001,7,2001-07-01,Iran,Gulf,True,3.678,2.268,28.66,24.32,27.93,77.42,1.98,EIA/OPEC ASB 2025 + synthetic fill
2001,7,2001-07-01,Kuwait,Gulf,True,2.077,1.725,28.66,24.32,27.93,77.42,1.5,EIA/OPEC ASB 2025 + synthetic fill
2001,7,2001-07-01,Venezuela,LAm,True,2.912,2.346,28.66,24.32,27.93,77.42,2.05,EIA/OPEC ASB 2025 + synthetic fill
2001,7,2001-07-01,Nigeria,AFR,True,2.05,1.698,28.66,24.32,27.93,77.42,1.48,EIA/OPEC ASB 2025 + synthetic fill
2001,7,2001-07-01,Canada,NAm,False,2.535,1.856,28.66,24.32,27.93,77.42,1.62,EIA/OPEC ASB 2025 + synthetic fill
2001,7,2001-07-01,Norway,EUR,False,2.996,2.614,28.66,24.32,27.93,77.42,2.28,EIA/OPEC ASB 2025 + synthetic fill
2001,7,2001-07-01,Kazakhstan,CIS,False,1.059,0.845,28.66,24.32,27.93,77.42,0.74,EIA/OPEC ASB 2025 + synthetic fill
2001,7,2001-07-01,Libya,AFR,True,1.48,1.238,28.66,24.32,27.93,77.42,1.08,EIA/OPEC ASB 2025 + synthetic fill
2001,7,2001-07-01,Qatar,Gulf,True,0.755,0.638,28.66,24.32,27.93,77.42,0.56,EIA/OPEC ASB 2025 + synthetic fill
2001,7,2001-07-01,Algeria,AFR,True,1.219,0.929,28.66,24.32,27.93,77.42,0.81,EIA/OPEC ASB 2025 + synthetic fill
2001,7,2001-07-01,Angola,AFR,True,0.763,0.669,28.66,24.32,27.93,77.42,0.58,EIA/OPEC ASB 2025 + synthetic fill
2001,7,2001-07-01,Mexico,LAm,False,3.315,1.661,28.66,24.32,27.93,77.42,1.45,EIA/OPEC ASB 2025 + synthetic fill
2001,7,2001-07-01,Brazil,LAm,False,1.407,0.525,28.66,24.32,27.93,77.42,0.46,EIA/OPEC ASB 2025 + synthetic fill
2001,8,2001-08-01,Saudi Arabia,Gulf,True,8.291,6.7,25.71,21.67,26.1,76.58,5.24,EIA/OPEC ASB 2025 + synthetic fill
2001,8,2001-08-01,Russia,CIS,False,7.205,5.238,25.71,21.67,26.1,76.58,4.1,EIA/OPEC ASB 2025 + synthetic fill
2001,8,2001-08-01,United States,NAm,False,5.928,0.205,25.71,21.67,26.1,76.58,0.16,EIA/OPEC ASB 2025 + synthetic fill
2001,8,2001-08-01,Iraq,Gulf,True,2.409,1.929,25.71,21.67,26.1,76.58,1.51,EIA/OPEC ASB 2025 + synthetic fill
2001,8,2001-08-01,United Arab Emirates,Gulf,True,2.441,2.232,25.71,21.67,26.1,76.58,1.75,EIA/OPEC ASB 2025 + synthetic fill
2001,8,2001-08-01,Iran,Gulf,True,3.813,2.174,25.71,21.67,26.1,76.58,1.7,EIA/OPEC ASB 2025 + synthetic fill
2001,8,2001-08-01,Kuwait,Gulf,True,2.216,1.87,25.71,21.67,26.1,76.58,1.46,EIA/OPEC ASB 2025 + synthetic fill
2001,8,2001-08-01,Venezuela,LAm,True,2.897,2.261,25.71,21.67,26.1,76.58,1.77,EIA/OPEC ASB 2025 + synthetic fill
2001,8,2001-08-01,Nigeria,AFR,True,2.13,1.863,25.71,21.67,26.1,76.58,1.46,EIA/OPEC ASB 2025 + synthetic fill
2001,8,2001-08-01,Canada,NAm,False,2.59,1.848,25.71,21.67,26.1,76.58,1.45,EIA/OPEC ASB 2025 + synthetic fill
2001,8,2001-08-01,Norway,EUR,False,3.01,2.685,25.71,21.67,26.1,76.58,2.1,EIA/OPEC ASB 2025 + synthetic fill
2001,8,2001-08-01,Kazakhstan,CIS,False,1.047,0.799,25.71,21.67,26.1,76.58,0.62,EIA/OPEC ASB 2025 + synthetic fill
2001,8,2001-08-01,Libya,AFR,True,1.477,1.343,25.71,21.67,26.1,76.58,1.05,EIA/OPEC ASB 2025 + synthetic fill
2001,8,2001-08-01,Qatar,Gulf,True,0.744,0.59,25.71,21.67,26.1,76.58,0.46,EIA/OPEC ASB 2025 + synthetic fill
2001,8,2001-08-01,Algeria,AFR,True,1.295,0.894,25.71,21.67,26.1,76.58,0.7,EIA/OPEC ASB 2025 + synthetic fill
2001,8,2001-08-01,Angola,AFR,True,0.724,0.647,25.71,21.67,26.1,76.58,0.51,EIA/OPEC ASB 2025 + synthetic fill
2001,8,2001-08-01,Mexico,LAm,False,3.229,1.694,25.71,21.67,26.1,76.58,1.32,EIA/OPEC ASB 2025 + synthetic fill
2001,8,2001-08-01,Brazil,LAm,False,1.466,0.584,25.71,21.67,26.1,76.58,0.46,EIA/OPEC ASB 2025 + synthetic fill
2001,9,2001-09-01,Saudi Arabia,Gulf,True,8.659,7.098,24.23,20.88,22.23,77.25,5.23,EIA/OPEC ASB 2025 + synthetic fill
2001,9,2001-09-01,Russia,CIS,False,7.357,5.089,24.23,20.88,22.23,77.25,3.75,EIA/OPEC ASB 2025 + synthetic fill
2001,9,2001-09-01,United States,NAm,False,5.478,0.186,24.23,20.88,22.23,77.25,0.14,EIA/OPEC ASB 2025 + synthetic fill
2001,9,2001-09-01,Iraq,Gulf,True,2.269,1.839,24.23,20.88,22.23,77.25,1.36,EIA/OPEC ASB 2025 + synthetic fill
2001,9,2001-09-01,United Arab Emirates,Gulf,True,2.435,2.232,24.23,20.88,22.23,77.25,1.64,EIA/OPEC ASB 2025 + synthetic fill
2001,9,2001-09-01,Iran,Gulf,True,3.853,2.243,24.23,20.88,22.23,77.25,1.65,EIA/OPEC ASB 2025 + synthetic fill
2001,9,2001-09-01,Kuwait,Gulf,True,2.103,1.846,24.23,20.88,22.23,77.25,1.36,EIA/OPEC ASB 2025 + synthetic fill
2001,9,2001-09-01,Venezuela,LAm,True,2.879,2.444,24.23,20.88,22.23,77.25,1.8,EIA/OPEC ASB 2025 + synthetic fill
2001,9,2001-09-01,Nigeria,AFR,True,2.12,1.841,24.23,20.88,22.23,77.25,1.36,EIA/OPEC ASB 2025 + synthetic fill
2001,9,2001-09-01,Canada,NAm,False,2.606,1.942,24.23,20.88,22.23,77.25,1.43,EIA/OPEC ASB 2025 + synthetic fill
2001,9,2001-09-01,Norway,EUR,False,3.11,2.428,24.23,20.88,22.23,77.25,1.79,EIA/OPEC ASB 2025 + synthetic fill
2001,9,2001-09-01,Kazakhstan,CIS,False,0.996,0.789,24.23,20.88,22.23,77.25,0.58,EIA/OPEC ASB 2025 + synthetic fill
2001,9,2001-09-01,Libya,AFR,True,1.448,1.308,24.23,20.88,22.23,77.25,0.96,EIA/OPEC ASB 2025 + synthetic fill
2001,9,2001-09-01,Qatar,Gulf,True,0.73,0.573,24.23,20.88,22.23,77.25,0.42,EIA/OPEC ASB 2025 + synthetic fill
2001,9,2001-09-01,Algeria,AFR,True,1.216,0.894,24.23,20.88,22.23,77.25,0.66,EIA/OPEC ASB 2025 + synthetic fill
2001,9,2001-09-01,Angola,AFR,True,0.747,0.633,24.23,20.88,22.23,77.25,0.47,EIA/OPEC ASB 2025 + synthetic fill
2001,9,2001-09-01,Mexico,LAm,False,3.372,1.76,24.23,20.88,22.23,77.25,1.3,EIA/OPEC ASB 2025 + synthetic fill
2001,9,2001-09-01,Brazil,LAm,False,1.413,0.574,24.23,20.88,22.23,77.25,0.42,EIA/OPEC ASB 2025 + synthetic fill
2001,10,2001-10-01,Saudi Arabia,Gulf,True,9.059,7.26,22.36,18.76,20.8,77.39,4.94,EIA/OPEC ASB 2025 + synthetic fill
2001,10,2001-10-01,Russia,CIS,False,7.076,4.874,22.36,18.76,20.8,77.39,3.31,EIA/OPEC ASB 2025 + synthetic fill
2001,10,2001-10-01,United States,NAm,False,5.591,0.201,22.36,18.76,20.8,77.39,0.14,EIA/OPEC ASB 2025 + synthetic fill
2001,10,2001-10-01,Iraq,Gulf,True,2.187,1.699,22.36,18.76,20.8,77.39,1.16,EIA/OPEC ASB 2025 + synthetic fill
2001,10,2001-10-01,United Arab Emirates,Gulf,True,2.477,2.382,22.36,18.76,20.8,77.39,1.62,EIA/OPEC ASB 2025 + synthetic fill
2001,10,2001-10-01,Iran,Gulf,True,3.781,2.448,22.36,18.76,20.8,77.39,1.66,EIA/OPEC ASB 2025 + synthetic fill
2001,10,2001-10-01,Kuwait,Gulf,True,2.099,1.68,22.36,18.76,20.8,77.39,1.14,EIA/OPEC ASB 2025 + synthetic fill
2001,10,2001-10-01,Venezuela,LAm,True,2.818,2.369,22.36,18.76,20.8,77.39,1.61,EIA/OPEC ASB 2025 + synthetic fill
2001,10,2001-10-01,Nigeria,AFR,True,2.14,1.866,22.36,18.76,20.8,77.39,1.27,EIA/OPEC ASB 2025 + synthetic fill
2001,10,2001-10-01,Canada,NAm,False,2.623,1.976,22.36,18.76,20.8,77.39,1.34,EIA/OPEC ASB 2025 + synthetic fill
2001,10,2001-10-01,Norway,EUR,False,3.142,2.548,22.36,18.76,20.8,77.39,1.73,EIA/OPEC ASB 2025 + synthetic fill
2001,10,2001-10-01,Kazakhstan,CIS,False,1.013,0.788,22.36,18.76,20.8,77.39,0.54,EIA/OPEC ASB 2025 + synthetic fill
2001,10,2001-10-01,Libya,AFR,True,1.542,1.335,22.36,18.76,20.8,77.39,0.91,EIA/OPEC ASB 2025 + synthetic fill
2001,10,2001-10-01,Qatar,Gulf,True,0.768,0.633,22.36,18.76,20.8,77.39,0.43,EIA/OPEC ASB 2025 + synthetic fill
2001,10,2001-10-01,Algeria,AFR,True,1.256,0.942,22.36,18.76,20.8,77.39,0.64,EIA/OPEC ASB 2025 + synthetic fill
2001,10,2001-10-01,Angola,AFR,True,0.757,0.661,22.36,18.76,20.8,77.39,0.45,EIA/OPEC ASB 2025 + synthetic fill
2001,10,2001-10-01,Mexico,LAm,False,3.411,1.698,22.36,18.76,20.8,77.39,1.15,EIA/OPEC ASB 2025 + synthetic fill
2001,10,2001-10-01,Brazil,LAm,False,1.516,0.574,22.36,18.76,20.8,77.39,0.39,EIA/OPEC ASB 2025 + synthetic fill
2001,11,2001-11-01,Saudi Arabia,Gulf,True,9.081,7.046,22.22,21.18,20.81,77.23,4.76,EIA/OPEC ASB 2025 + synthetic fill
2001,11,2001-11-01,Russia,CIS,False,7.223,5.066,22.22,21.18,20.81,77.23,3.42,EIA/OPEC ASB 2025 + synthetic fill
2001,11,2001-11-01,United States,NAm,False,5.524,0.192,22.22,21.18,20.81,77.23,0.13,EIA/OPEC ASB 2025 + synthetic fill
2001,11,2001-11-01,Iraq,Gulf,True,2.333,1.919,22.22,21.18,20.81,77.23,1.3,EIA/OPEC ASB 2025 + synthetic fill
2001,11,2001-11-01,United Arab Emirates,Gulf,True,2.4,2.085,22.22,21.18,20.81,77.23,1.41,EIA/OPEC ASB 2025 + synthetic fill
2001,11,2001-11-01,Iran,Gulf,True,3.912,2.328,22.22,21.18,20.81,77.23,1.57,EIA/OPEC ASB 2025 + synthetic fill
2001,11,2001-11-01,Kuwait,Gulf,True,2.062,1.768,22.22,21.18,20.81,77.23,1.19,EIA/OPEC ASB 2025 + synthetic fill
2001,11,2001-11-01,Venezuela,LAm,True,2.896,2.414,22.22,21.18,20.81,77.23,1.63,EIA/OPEC ASB 2025 + synthetic fill
2001,11,2001-11-01,Nigeria,AFR,True,2.144,1.942,22.22,21.18,20.81,77.23,1.31,EIA/OPEC ASB 2025 + synthetic fill
2001,11,2001-11-01,Canada,NAm,False,2.681,1.954,22.22,21.18,20.81,77.23,1.32,EIA/OPEC ASB 2025 + synthetic fill
2001,11,2001-11-01,Norway,EUR,False,2.99,2.563,22.22,21.18,20.81,77.23,1.73,EIA/OPEC ASB 2025 + synthetic fill
2001,11,2001-11-01,Kazakhstan,CIS,False,1.032,0.846,22.22,21.18,20.81,77.23,0.57,EIA/OPEC ASB 2025 + synthetic fill
2001,11,2001-11-01,Libya,AFR,True,1.563,1.34,22.22,21.18,20.81,77.23,0.91,EIA/OPEC ASB 2025 + synthetic fill
2001,11,2001-11-01,Qatar,Gulf,True,0.758,0.635,22.22,21.18,20.81,77.23,0.43,EIA/OPEC ASB 2025 + synthetic fill
2001,11,2001-11-01,Algeria,AFR,True,1.237,0.895,22.22,21.18,20.81,77.23,0.6,EIA/OPEC ASB 2025 + synthetic fill
2001,11,2001-11-01,Angola,AFR,True,0.783,0.658,22.22,21.18,20.81,77.23,0.44,EIA/OPEC ASB 2025 + synthetic fill
2001,11,2001-11-01,Mexico,LAm,False,3.323,1.785,22.22,21.18,20.81,77.23,1.21,EIA/OPEC ASB 2025 + synthetic fill
2001,11,2001-11-01,Brazil,LAm,False,1.405,0.552,22.22,21.18,20.81,77.23,0.37,EIA/OPEC ASB 2025 + synthetic fill
2001,12,2001-12-01,Saudi Arabia,Gulf,True,8.711,7.043,20.89,17.38,19.18,76.52,4.48,EIA/OPEC ASB 2025 + synthetic fill
2001,12,2001-12-01,Russia,CIS,False,7.276,5.203,20.89,17.38,19.18,76.52,3.31,EIA/OPEC ASB 2025 + synthetic fill
2001,12,2001-12-01,United States,NAm,False,5.615,0.186,20.89,17.38,19.18,76.52,0.12,EIA/OPEC ASB 2025 + synthetic fill
2001,12,2001-12-01,Iraq,Gulf,True,2.236,1.925,20.89,17.38,19.18,76.52,1.22,EIA/OPEC ASB 2025 + synthetic fill
2001,12,2001-12-01,United Arab Emirates,Gulf,True,2.414,2.203,20.89,17.38,19.18,76.52,1.4,EIA/OPEC ASB 2025 + synthetic fill
2001,12,2001-12-01,Iran,Gulf,True,3.782,2.441,20.89,17.38,19.18,76.52,1.55,EIA/OPEC ASB 2025 + synthetic fill
2001,12,2001-12-01,Kuwait,Gulf,True,1.986,1.764,20.89,17.38,19.18,76.52,1.12,EIA/OPEC ASB 2025 + synthetic fill
2001,12,2001-12-01,Venezuela,LAm,True,2.854,2.274,20.89,17.38,19.18,76.52,1.44,EIA/OPEC ASB 2025 + synthetic fill
2001,12,2001-12-01,Nigeria,AFR,True,2.127,1.883,20.89,17.38,19.18,76.52,1.2,EIA/OPEC ASB 2025 + synthetic fill
2001,12,2001-12-01,Canada,NAm,False,2.623,1.935,20.89,17.38,19.18,76.52,1.23,EIA/OPEC ASB 2025 + synthetic fill
2001,12,2001-12-01,Norway,EUR,False,2.976,2.649,20.89,17.38,19.18,76.52,1.68,EIA/OPEC ASB 2025 + synthetic fill
2001,12,2001-12-01,Kazakhstan,CIS,False,1.01,0.759,20.89,17.38,19.18,76.52,0.48,EIA/OPEC ASB 2025 + synthetic fill
2001,12,2001-12-01,Libya,AFR,True,1.588,1.406,20.89,17.38,19.18,76.52,0.89,EIA/OPEC ASB 2025 + synthetic fill
2001,12,2001-12-01,Qatar,Gulf,True,0.742,0.628,20.89,17.38,19.18,76.52,0.4,EIA/OPEC ASB 2025 + synthetic fill
2001,12,2001-12-01,Algeria,AFR,True,1.305,0.913,20.89,17.38,19.18,76.52,0.58,EIA/OPEC ASB 2025 + synthetic fill
2001,12,2001-12-01,Angola,AFR,True,0.743,0.664,20.89,17.38,19.18,76.52,0.42,EIA/OPEC ASB 2025 + synthetic fill
2001,12,2001-12-01,Mexico,LAm,False,3.505,1.825,20.89,17.38,19.18,76.52,1.16,EIA/OPEC ASB 2025 + synthetic fill
2001,12,2001-12-01,Brazil,LAm,False,1.453,0.567,20.89,17.38,19.18,76.52,0.36,EIA/OPEC ASB 2025 + synthetic fill
2002,1,2002-01-01,Saudi Arabia,Gulf,True,8.965,6.818,22.21,17.92,20.39,77.35,4.61,EIA/OPEC ASB 2025 + synthetic fill
2002,1,2002-01-01,Russia,CIS,False,7.505,5.595,22.21,17.92,20.39,77.35,3.78,EIA/OPEC ASB 2025 + synthetic fill
2002,1,2002-01-01,United States,NAm,False,5.325,0.175,22.21,17.92,20.39,77.35,0.12,EIA/OPEC ASB 2025 + synthetic fill
2002,1,2002-01-01,Iraq,Gulf,True,2.203,1.719,22.21,17.92,20.39,77.35,1.16,EIA/OPEC ASB 2025 + synthetic fill
2002,1,2002-01-01,United Arab Emirates,Gulf,True,2.459,2.169,22.21,17.92,20.39,77.35,1.47,EIA/OPEC ASB 2025 + synthetic fill
2002,1,2002-01-01,Iran,Gulf,True,3.561,2.126,22.21,17.92,20.39,77.35,1.44,EIA/OPEC ASB 2025 + synthetic fill
2002,1,2002-01-01,Kuwait,Gulf,True,2.181,1.8,22.21,17.92,20.39,77.35,1.22,EIA/OPEC ASB 2025 + synthetic fill
2002,1,2002-01-01,Venezuela,LAm,True,3.014,2.484,22.21,17.92,20.39,77.35,1.68,EIA/OPEC ASB 2025 + synthetic fill
2002,1,2002-01-01,Nigeria,AFR,True,2.19,1.763,22.21,17.92,20.39,77.35,1.19,EIA/OPEC ASB 2025 + synthetic fill
2002,1,2002-01-01,Canada,NAm,False,2.781,1.969,22.21,17.92,20.39,77.35,1.33,EIA/OPEC ASB 2025 + synthetic fill
2002,1,2002-01-01,Norway,EUR,False,2.928,2.6,22.21,17.92,20.39,77.35,1.76,EIA/OPEC ASB 2025 + synthetic fill
2002,1,2002-01-01,Kazakhstan,CIS,False,0.964,0.755,22.21,17.92,20.39,77.35,0.51,EIA/OPEC ASB 2025 + synthetic fill
2002,1,2002-01-01,Libya,AFR,True,1.514,1.283,22.21,17.92,20.39,77.35,0.87,EIA/OPEC ASB 2025 + synthetic fill
2002,1,2002-01-01,Qatar,Gulf,True,0.739,0.552,22.21,17.92,20.39,77.35,0.37,EIA/OPEC ASB 2025 + synthetic fill
2002,1,2002-01-01,Algeria,AFR,True,1.218,0.924,22.21,17.92,20.39,77.35,0.62,EIA/OPEC ASB 2025 + synthetic fill
2002,1,2002-01-01,Angola,AFR,True,0.751,0.602,22.21,17.92,20.39,77.35,0.41,EIA/OPEC ASB 2025 + synthetic fill
2002,1,2002-01-01,Mexico,LAm,False,3.337,1.86,22.21,17.92,20.39,77.35,1.26,EIA/OPEC ASB 2025 + synthetic fill
2002,1,2002-01-01,Brazil,LAm,False,1.485,0.594,22.21,17.92,20.39,77.35,0.4,EIA/OPEC ASB 2025 + synthetic fill
2002,2,2002-02-01,Saudi Arabia,Gulf,True,8.713,6.792,24.98,21.8,23.05,77.97,5.16,EIA/OPEC ASB 2025 + synthetic fill
2002,2,2002-02-01,Russia,CIS,False,7.583,5.076,24.98,21.8,23.05,77.97,3.86,EIA/OPEC ASB 2025 + synthetic fill
2002,2,2002-02-01,United States,NAm,False,5.696,0.199,24.98,21.8,23.05,77.97,0.15,EIA/OPEC ASB 2025 + synthetic fill
2002,2,2002-02-01,Iraq,Gulf,True,2.189,1.857,24.98,21.8,23.05,77.97,1.41,EIA/OPEC ASB 2025 + synthetic fill
2002,2,2002-02-01,United Arab Emirates,Gulf,True,2.39,2.257,24.98,21.8,23.05,77.97,1.71,EIA/OPEC ASB 2025 + synthetic fill
2002,2,2002-02-01,Iran,Gulf,True,3.739,2.18,24.98,21.8,23.05,77.97,1.66,EIA/OPEC ASB 2025 + synthetic fill
2002,2,2002-02-01,Kuwait,Gulf,True,2.148,1.712,24.98,21.8,23.05,77.97,1.3,EIA/OPEC ASB 2025 + synthetic fill
2002,2,2002-02-01,Venezuela,LAm,True,2.941,2.517,24.98,21.8,23.05,77.97,1.91,EIA/OPEC ASB 2025 + synthetic fill
2002,2,2002-02-01,Nigeria,AFR,True,2.11,1.884,24.98,21.8,23.05,77.97,1.43,EIA/OPEC ASB 2025 + synthetic fill
2002,2,2002-02-01,Canada,NAm,False,2.754,1.915,24.98,21.8,23.05,77.97,1.46,EIA/OPEC ASB 2025 + synthetic fill
2002,2,2002-02-01,Norway,EUR,False,3.074,2.387,24.98,21.8,23.05,77.97,1.81,EIA/OPEC ASB 2025 + synthetic fill
2002,2,2002-02-01,Kazakhstan,CIS,False,1.043,0.868,24.98,21.8,23.05,77.97,0.66,EIA/OPEC ASB 2025 + synthetic fill
2002,2,2002-02-01,Libya,AFR,True,1.528,1.265,24.98,21.8,23.05,77.97,0.96,EIA/OPEC ASB 2025 + synthetic fill
2002,2,2002-02-01,Qatar,Gulf,True,0.758,0.573,24.98,21.8,23.05,77.97,0.44,EIA/OPEC ASB 2025 + synthetic fill
2002,2,2002-02-01,Algeria,AFR,True,1.246,0.827,24.98,21.8,23.05,77.97,0.63,EIA/OPEC ASB 2025 + synthetic fill
2002,2,2002-02-01,Angola,AFR,True,0.746,0.666,24.98,21.8,23.05,77.97,0.51,EIA/OPEC ASB 2025 + synthetic fill
2002,2,2002-02-01,Mexico,LAm,False,3.406,1.703,24.98,21.8,23.05,77.97,1.29,EIA/OPEC ASB 2025 + synthetic fill
2002,2,2002-02-01,Brazil,LAm,False,1.495,0.533,24.98,21.8,23.05,77.97,0.4,EIA/OPEC ASB 2025 + synthetic fill
2002,3,2002-03-01,Saudi Arabia,Gulf,True,8.915,6.867,24.94,20.96,24.51,77.33,5.21,EIA/OPEC ASB 2025 + synthetic fill
2002,3,2002-03-01,Russia,CIS,False,7.235,5.119,24.94,20.96,24.51,77.33,3.88,EIA/OPEC ASB 2025 + synthetic fill
2002,3,2002-03-01,United States,NAm,False,5.638,0.2,24.94,20.96,24.51,77.33,0.15,EIA/OPEC ASB 2025 + synthetic fill
2002,3,2002-03-01,Iraq,Gulf,True,2.224,1.945,24.94,20.96,24.51,77.33,1.48,EIA/OPEC ASB 2025 + synthetic fill
2002,3,2002-03-01,United Arab Emirates,Gulf,True,2.334,2.257,24.94,20.96,24.51,77.33,1.71,EIA/OPEC ASB 2025 + synthetic fill
2002,3,2002-03-01,Iran,Gulf,True,3.742,2.123,24.94,20.96,24.51,77.33,1.61,EIA/OPEC ASB 2025 + synthetic fill
2002,3,2002-03-01,Kuwait,Gulf,True,2.047,1.783,24.94,20.96,24.51,77.33,1.35,EIA/OPEC ASB 2025 + synthetic fill
2002,3,2002-03-01,Venezuela,LAm,True,2.88,2.373,24.94,20.96,24.51,77.33,1.8,EIA/OPEC ASB 2025 + synthetic fill
2002,3,2002-03-01,Nigeria,AFR,True,2.117,1.69,24.94,20.96,24.51,77.33,1.28,EIA/OPEC ASB 2025 + synthetic fill
2002,3,2002-03-01,Canada,NAm,False,2.702,1.955,24.94,20.96,24.51,77.33,1.48,EIA/OPEC ASB 2025 + synthetic fill
2002,3,2002-03-01,Norway,EUR,False,3.023,2.573,24.94,20.96,24.51,77.33,1.95,EIA/OPEC ASB 2025 + synthetic fill
2002,3,2002-03-01,Kazakhstan,CIS,False,1.008,0.804,24.94,20.96,24.51,77.33,0.61,EIA/OPEC ASB 2025 + synthetic fill
2002,3,2002-03-01,Libya,AFR,True,1.46,1.258,24.94,20.96,24.51,77.33,0.95,EIA/OPEC ASB 2025 + synthetic fill
2002,3,2002-03-01,Qatar,Gulf,True,0.804,0.633,24.94,20.96,24.51,77.33,0.48,EIA/OPEC ASB 2025 + synthetic fill
2002,3,2002-03-01,Algeria,AFR,True,1.239,0.908,24.94,20.96,24.51,77.33,0.69,EIA/OPEC ASB 2025 + synthetic fill
2002,3,2002-03-01,Angola,AFR,True,0.745,0.671,24.94,20.96,24.51,77.33,0.51,EIA/OPEC ASB 2025 + synthetic fill
2002,3,2002-03-01,Mexico,LAm,False,3.315,1.792,24.94,20.96,24.51,77.33,1.36,EIA/OPEC ASB 2025 + synthetic fill
2002,3,2002-03-01,Brazil,LAm,False,1.418,0.518,24.94,20.96,24.51,77.33,0.39,EIA/OPEC ASB 2025 + synthetic fill
2002,4,2002-04-01,Saudi Arabia,Gulf,True,8.797,7.098,25.56,23.2,25.2,77.76,5.52,EIA/OPEC ASB 2025 + synthetic fill
2002,4,2002-04-01,Russia,CIS,False,7.515,5.438,25.56,23.2,25.2,77.76,4.23,EIA/OPEC ASB 2025 + synthetic fill
2002,4,2002-04-01,United States,NAm,False,5.535,0.2,25.56,23.2,25.2,77.76,0.16,EIA/OPEC ASB 2025 + synthetic fill
2002,4,2002-04-01,Iraq,Gulf,True,2.241,1.75,25.56,23.2,25.2,77.76,1.36,EIA/OPEC ASB 2025 + synthetic fill
2002,4,2002-04-01,United Arab Emirates,Gulf,True,2.413,2.065,25.56,23.2,25.2,77.76,1.61,EIA/OPEC ASB 2025 + synthetic fill
2002,4,2002-04-01,Iran,Gulf,True,3.726,2.33,25.56,23.2,25.2,77.76,1.81,EIA/OPEC ASB 2025 + synthetic fill
2002,4,2002-04-01,Kuwait,Gulf,True,2.125,1.825,25.56,23.2,25.2,77.76,1.42,EIA/OPEC ASB 2025 + synthetic fill
2002,4,2002-04-01,Venezuela,LAm,True,2.78,2.313,25.56,23.2,25.2,77.76,1.8,EIA/OPEC ASB 2025 + synthetic fill
2002,4,2002-04-01,Nigeria,AFR,True,2.087,1.734,25.56,23.2,25.2,77.76,1.35,EIA/OPEC ASB 2025 + synthetic fill
2002,4,2002-04-01,Canada,NAm,False,2.756,2.01,25.56,23.2,25.2,77.76,1.56,EIA/OPEC ASB 2025 + synthetic fill
2002,4,2002-04-01,Norway,EUR,False,2.96,2.55,25.56,23.2,25.2,77.76,1.98,EIA/OPEC ASB 2025 + synthetic fill
2002,4,2002-04-01,Kazakhstan,CIS,False,0.95,0.802,25.56,23.2,25.2,77.76,0.62,EIA/OPEC ASB 2025 + synthetic fill
2002,4,2002-04-01,Libya,AFR,True,1.488,1.291,25.56,23.2,25.2,77.76,1.0,EIA/OPEC ASB 2025 + synthetic fill
2002,4,2002-04-01,Qatar,Gulf,True,0.74,0.562,25.56,23.2,25.2,77.76,0.44,EIA/OPEC ASB 2025 + synthetic fill
2002,4,2002-04-01,Algeria,AFR,True,1.238,0.834,25.56,23.2,25.2,77.76,0.65,EIA/OPEC ASB 2025 + synthetic fill
2002,4,2002-04-01,Angola,AFR,True,0.739,0.665,25.56,23.2,25.2,77.76,0.52,EIA/OPEC ASB 2025 + synthetic fill
2002,4,2002-04-01,Mexico,LAm,False,3.303,1.749,25.56,23.2,25.2,77.76,1.36,EIA/OPEC ASB 2025 + synthetic fill
2002,4,2002-04-01,Brazil,LAm,False,1.522,0.605,25.56,23.2,25.2,77.76,0.47,EIA/OPEC ASB 2025 + synthetic fill
2002,5,2002-05-01,Saudi Arabia,Gulf,True,8.865,7.666,28.69,24.42,27.85,77.03,6.69,EIA/OPEC ASB 2025 + synthetic fill
2002,5,2002-05-01,Russia,CIS,False,7.456,5.518,28.69,24.42,27.85,77.03,4.82,EIA/OPEC ASB 2025 + synthetic fill
2002,5,2002-05-01,United States,NAm,False,5.574,0.196,28.69,24.42,27.85,77.03,0.17,EIA/OPEC ASB 2025 + synthetic fill
2002,5,2002-05-01,Iraq,Gulf,True,2.243,1.815,28.69,24.42,27.85,77.03,1.58,EIA/OPEC ASB 2025 + synthetic fill
2002,5,2002-05-01,United Arab Emirates,Gulf,True,2.396,2.288,28.69,24.42,27.85,77.03,2.0,EIA/OPEC ASB 2025 + synthetic fill
2002,5,2002-05-01,Iran,Gulf,True,3.777,2.307,28.69,24.42,27.85,77.03,2.01,EIA/OPEC ASB 2025 + synthetic fill
2002,5,2002-05-01,Kuwait,Gulf,True,2.076,1.795,28.69,24.42,27.85,77.03,1.57,EIA/OPEC ASB 2025 + synthetic fill
2002,5,2002-05-01,Venezuela,LAm,True,2.883,2.221,28.69,24.42,27.85,77.03,1.94,EIA/OPEC ASB 2025 + synthetic fill
2002,5,2002-05-01,Nigeria,AFR,True,2.099,1.761,28.69,24.42,27.85,77.03,1.54,EIA/OPEC ASB 2025 + synthetic fill
2002,5,2002-05-01,Canada,NAm,False,2.686,1.872,28.69,24.42,27.85,77.03,1.63,EIA/OPEC ASB 2025 + synthetic fill
2002,5,2002-05-01,Norway,EUR,False,2.87,2.491,28.69,24.42,27.85,77.03,2.17,EIA/OPEC ASB 2025 + synthetic fill
2002,5,2002-05-01,Kazakhstan,CIS,False,1.029,0.823,28.69,24.42,27.85,77.03,0.72,EIA/OPEC ASB 2025 + synthetic fill
2002,5,2002-05-01,Libya,AFR,True,1.528,1.248,28.69,24.42,27.85,77.03,1.09,EIA/OPEC ASB 2025 + synthetic fill
2002,5,2002-05-01,Qatar,Gulf,True,0.753,0.606,28.69,24.42,27.85,77.03,0.53,EIA/OPEC ASB 2025 + synthetic fill
2002,5,2002-05-01,Algeria,AFR,True,1.239,0.903,28.69,24.42,27.85,77.03,0.79,EIA/OPEC ASB 2025 + synthetic fill
2002,5,2002-05-01,Angola,AFR,True,0.737,0.631,28.69,24.42,27.85,77.03,0.55,EIA/OPEC ASB 2025 + synthetic fill
2002,5,2002-05-01,Mexico,LAm,False,3.337,1.812,28.69,24.42,27.85,77.03,1.58,EIA/OPEC ASB 2025 + synthetic fill
2002,5,2002-05-01,Brazil,LAm,False,1.493,0.537,28.69,24.42,27.85,77.03,0.47,EIA/OPEC ASB 2025 + synthetic fill
2002,6,2002-06-01,Saudi Arabia,Gulf,True,8.877,7.13,26.76,23.05,26.3,77.8,5.8,EIA/OPEC ASB 2025 + synthetic fill
2002,6,2002-06-01,Russia,CIS,False,7.458,5.348,26.76,23.05,26.3,77.8,4.35,EIA/OPEC ASB 2025 + synthetic fill
2002,6,2002-06-01,United States,NAm,False,5.694,0.186,26.76,23.05,26.3,77.8,0.15,EIA/OPEC ASB 2025 + synthetic fill
2002,6,2002-06-01,Iraq,Gulf,True,2.2,1.736,26.76,23.05,26.3,77.8,1.41,EIA/OPEC ASB 2025 + synthetic fill
2002,6,2002-06-01,United Arab Emirates,Gulf,True,2.398,2.025,26.76,23.05,26.3,77.8,1.65,EIA/OPEC ASB 2025 + synthetic fill
2002,6,2002-06-01,Iran,Gulf,True,3.858,2.416,26.76,23.05,26.3,77.8,1.97,EIA/OPEC ASB 2025 + synthetic fill
2002,6,2002-06-01,Kuwait,Gulf,True,2.123,1.853,26.76,23.05,26.3,77.8,1.51,EIA/OPEC ASB 2025 + synthetic fill
2002,6,2002-06-01,Venezuela,LAm,True,2.917,2.407,26.76,23.05,26.3,77.8,1.96,EIA/OPEC ASB 2025 + synthetic fill
2002,6,2002-06-01,Nigeria,AFR,True,2.148,1.712,26.76,23.05,26.3,77.8,1.39,EIA/OPEC ASB 2025 + synthetic fill
2002,6,2002-06-01,Canada,NAm,False,2.634,1.974,26.76,23.05,26.3,77.8,1.61,EIA/OPEC ASB 2025 + synthetic fill
2002,6,2002-06-01,Norway,EUR,False,2.956,2.616,26.76,23.05,26.3,77.8,2.13,EIA/OPEC ASB 2025 + synthetic fill
2002,6,2002-06-01,Kazakhstan,CIS,False,1.001,0.833,26.76,23.05,26.3,77.8,0.68,EIA/OPEC ASB 2025 + synthetic fill
2002,6,2002-06-01,Libya,AFR,True,1.474,1.302,26.76,23.05,26.3,77.8,1.06,EIA/OPEC ASB 2025 + synthetic fill
2002,6,2002-06-01,Qatar,Gulf,True,0.739,0.578,26.76,23.05,26.3,77.8,0.47,EIA/OPEC ASB 2025 + synthetic fill
2002,6,2002-06-01,Algeria,AFR,True,1.255,0.872,26.76,23.05,26.3,77.8,0.71,EIA/OPEC ASB 2025 + synthetic fill
2002,6,2002-06-01,Angola,AFR,True,0.753,0.674,26.76,23.05,26.3,77.8,0.55,EIA/OPEC ASB 2025 + synthetic fill
2002,6,2002-06-01,Mexico,LAm,False,3.282,1.822,26.76,23.05,26.3,77.8,1.48,EIA/OPEC ASB 2025 + synthetic fill
2002,6,2002-06-01,Brazil,LAm,False,1.441,0.517,26.76,23.05,26.3,77.8,0.42,EIA/OPEC ASB 2025 + synthetic fill
2002,7,2002-07-01,Saudi Arabia,Gulf,True,8.772,6.989,27.58,24.22,27.01,77.51,5.86,EIA/OPEC ASB 2025 + synthetic fill
2002,7,2002-07-01,Russia,CIS,False,7.624,5.264,27.58,24.22,27.01,77.51,4.42,EIA/OPEC ASB 2025 + synthetic fill
2002,7,2002-07-01,United States,NAm,False,5.65,0.182,27.58,24.22,27.01,77.51,0.15,EIA/OPEC ASB 2025 + synthetic fill
2002,7,2002-07-01,Iraq,Gulf,True,2.244,1.869,27.58,24.22,27.01,77.51,1.57,EIA/OPEC ASB 2025 + synthetic fill
2002,7,2002-07-01,United Arab Emirates,Gulf,True,2.446,2.291,27.58,24.22,27.01,77.51,1.92,EIA/OPEC ASB 2025 + synthetic fill
2002,7,2002-07-01,Iran,Gulf,True,3.731,2.359,27.58,24.22,27.01,77.51,1.98,EIA/OPEC ASB 2025 + synthetic fill
2002,7,2002-07-01,Kuwait,Gulf,True,2.115,1.705,27.58,24.22,27.01,77.51,1.43,EIA/OPEC ASB 2025 + synthetic fill
2002,7,2002-07-01,Venezuela,LAm,True,2.802,2.213,27.58,24.22,27.01,77.51,1.86,EIA/OPEC ASB 2025 + synthetic fill
2002,7,2002-07-01,Nigeria,AFR,True,2.029,1.76,27.58,24.22,27.01,77.51,1.48,EIA/OPEC ASB 2025 + synthetic fill
2002,7,2002-07-01,Canada,NAm,False,2.68,1.823,27.58,24.22,27.01,77.51,1.53,EIA/OPEC ASB 2025 + synthetic fill
2002,7,2002-07-01,Norway,EUR,False,2.946,2.549,27.58,24.22,27.01,77.51,2.14,EIA/OPEC ASB 2025 + synthetic fill
2002,7,2002-07-01,Kazakhstan,CIS,False,0.971,0.797,27.58,24.22,27.01,77.51,0.67,EIA/OPEC ASB 2025 + synthetic fill
2002,7,2002-07-01,Libya,AFR,True,1.437,1.244,27.58,24.22,27.01,77.51,1.04,EIA/OPEC ASB 2025 + synthetic fill
2002,7,2002-07-01,Qatar,Gulf,True,0.763,0.616,27.58,24.22,27.01,77.51,0.52,EIA/OPEC ASB 2025 + synthetic fill
2002,7,2002-07-01,Algeria,AFR,True,1.206,0.875,27.58,24.22,27.01,77.51,0.73,EIA/OPEC ASB 2025 + synthetic fill
2002,7,2002-07-01,Angola,AFR,True,0.724,0.591,27.58,24.22,27.01,77.51,0.5,EIA/OPEC ASB 2025 + synthetic fill
2002,7,2002-07-01,Mexico,LAm,False,3.484,1.775,27.58,24.22,27.01,77.51,1.49,EIA/OPEC ASB 2025 + synthetic fill
2002,7,2002-07-01,Brazil,LAm,False,1.512,0.557,27.58,24.22,27.01,77.51,0.47,EIA/OPEC ASB 2025 + synthetic fill
2002,8,2002-08-01,Saudi Arabia,Gulf,True,9.334,7.154,27.37,25.13,27.01,77.82,5.96,EIA/OPEC ASB 2025 + synthetic fill
2002,8,2002-08-01,Russia,CIS,False,7.667,5.701,27.37,25.13,27.01,77.82,4.75,EIA/OPEC ASB 2025 + synthetic fill
2002,8,2002-08-01,United States,NAm,False,5.678,0.194,27.37,25.13,27.01,77.82,0.16,EIA/OPEC ASB 2025 + synthetic fill
2002,8,2002-08-01,Iraq,Gulf,True,2.118,1.752,27.37,25.13,27.01,77.82,1.46,EIA/OPEC ASB 2025 + synthetic fill
2002,8,2002-08-01,United Arab Emirates,Gulf,True,2.3,2.204,27.37,25.13,27.01,77.82,1.83,EIA/OPEC ASB 2025 + synthetic fill
2002,8,2002-08-01,Iran,Gulf,True,3.73,2.241,27.37,25.13,27.01,77.82,1.87,EIA/OPEC ASB 2025 + synthetic fill
2002,8,2002-08-01,Kuwait,Gulf,True,2.128,1.76,27.37,25.13,27.01,77.82,1.47,EIA/OPEC ASB 2025 + synthetic fill
2002,8,2002-08-01,Venezuela,LAm,True,2.749,2.26,27.37,25.13,27.01,77.82,1.88,EIA/OPEC ASB 2025 + synthetic fill
2002,8,2002-08-01,Nigeria,AFR,True,2.111,1.691,27.37,25.13,27.01,77.82,1.41,EIA/OPEC ASB 2025 + synthetic fill
2002,8,2002-08-01,Canada,NAm,False,2.778,2.092,27.37,25.13,27.01,77.82,1.74,EIA/OPEC ASB 2025 + synthetic fill
2002,8,2002-08-01,Norway,EUR,False,2.86,2.391,27.37,25.13,27.01,77.82,1.99,EIA/OPEC ASB 2025 + synthetic fill
2002,8,2002-08-01,Kazakhstan,CIS,False,1.033,0.78,27.37,25.13,27.01,77.82,0.65,EIA/OPEC ASB 2025 + synthetic fill
2002,8,2002-08-01,Libya,AFR,True,1.52,1.293,27.37,25.13,27.01,77.82,1.08,EIA/OPEC ASB 2025 + synthetic fill
2002,8,2002-08-01,Qatar,Gulf,True,0.77,0.612,27.37,25.13,27.01,77.82,0.51,EIA/OPEC ASB 2025 + synthetic fill
2002,8,2002-08-01,Algeria,AFR,True,1.266,0.875,27.37,25.13,27.01,77.82,0.73,EIA/OPEC ASB 2025 + synthetic fill
2002,8,2002-08-01,Angola,AFR,True,0.765,0.648,27.37,25.13,27.01,77.82,0.54,EIA/OPEC ASB 2025 + synthetic fill
2002,8,2002-08-01,Mexico,LAm,False,3.34,1.822,27.37,25.13,27.01,77.82,1.52,EIA/OPEC ASB 2025 + synthetic fill
2002,8,2002-08-01,Brazil,LAm,False,1.545,0.601,27.37,25.13,27.01,77.82,0.5,EIA/OPEC ASB 2025 + synthetic fill
2002,9,2002-09-01,Saudi Arabia,Gulf,True,8.9,7.673,25.41,21.7,25.56,77.75,5.93,EIA/OPEC ASB 2025 + synthetic fill
2002,9,2002-09-01,Russia,CIS,False,7.287,5.425,25.41,21.7,25.56,77.75,4.19,EIA/OPEC ASB 2025 + synthetic fill
2002,9,2002-09-01,United States,NAm,False,5.461,0.177,25.41,21.7,25.56,77.75,0.14,EIA/OPEC ASB 2025 + synthetic fill
2002,9,2002-09-01,Iraq,Gulf,True,2.229,1.814,25.41,21.7,25.56,77.75,1.4,EIA/OPEC ASB 2025 + synthetic fill
2002,9,2002-09-01,United Arab Emirates,Gulf,True,2.491,2.226,25.41,21.7,25.56,77.75,1.72,EIA/OPEC ASB 2025 + synthetic fill
2002,9,2002-09-01,Iran,Gulf,True,3.762,2.307,25.41,21.7,25.56,77.75,1.78,EIA/OPEC ASB 2025 + synthetic fill
2002,9,2002-09-01,Kuwait,Gulf,True,2.142,1.786,25.41,21.7,25.56,77.75,1.38,EIA/OPEC ASB 2025 + synthetic fill
2002,9,2002-09-01,Venezuela,LAm,True,2.817,2.42,25.41,21.7,25.56,77.75,1.87,EIA/OPEC ASB 2025 + synthetic fill
2002,9,2002-09-01,Nigeria,AFR,True,2.13,1.892,25.41,21.7,25.56,77.75,1.46,EIA/OPEC ASB 2025 + synthetic fill
2002,9,2002-09-01,Canada,NAm,False,2.672,1.969,25.41,21.7,25.56,77.75,1.52,EIA/OPEC ASB 2025 + synthetic fill
2002,9,2002-09-01,Norway,EUR,False,2.88,2.455,25.41,21.7,25.56,77.75,1.9,EIA/OPEC ASB 2025 + synthetic fill
2002,9,2002-09-01,Kazakhstan,CIS,False,0.972,0.761,25.41,21.7,25.56,77.75,0.59,EIA/OPEC ASB 2025 + synthetic fill
2002,9,2002-09-01,Libya,AFR,True,1.497,1.226,25.41,21.7,25.56,77.75,0.95,EIA/OPEC ASB 2025 + synthetic fill
2002,9,2002-09-01,Qatar,Gulf,True,0.764,0.581,25.41,21.7,25.56,77.75,0.45,EIA/OPEC ASB 2025 + synthetic fill
2002,9,2002-09-01,Algeria,AFR,True,1.284,0.88,25.41,21.7,25.56,77.75,0.68,EIA/OPEC ASB 2025 + synthetic fill
2002,9,2002-09-01,Angola,AFR,True,0.743,0.605,25.41,21.7,25.56,77.75,0.47,EIA/OPEC ASB 2025 + synthetic fill
2002,9,2002-09-01,Mexico,LAm,False,3.545,1.753,25.41,21.7,25.56,77.75,1.35,EIA/OPEC ASB 2025 + synthetic fill
2002,9,2002-09-01,Brazil,LAm,False,1.542,0.61,25.41,21.7,25.56,77.75,0.47,EIA/OPEC ASB 2025 + synthetic fill
2002,10,2002-10-01,Saudi Arabia,Gulf,True,8.98,7.194,24.81,23.66,24.8,77.16,5.43,EIA/OPEC ASB 2025 + synthetic fill
2002,10,2002-10-01,Russia,CIS,False,7.478,5.035,24.81,23.66,24.8,77.16,3.8,EIA/OPEC ASB 2025 + synthetic fill
2002,10,2002-10-01,United States,NAm,False,5.661,0.202,24.81,23.66,24.8,77.16,0.15,EIA/OPEC ASB 2025 + synthetic fill
2002,10,2002-10-01,Iraq,Gulf,True,2.076,1.645,24.81,23.66,24.8,77.16,1.24,EIA/OPEC ASB 2025 + synthetic fill
2002,10,2002-10-01,United Arab Emirates,Gulf,True,2.343,2.179,24.81,23.66,24.8,77.16,1.64,EIA/OPEC ASB 2025 + synthetic fill
2002,10,2002-10-01,Iran,Gulf,True,3.835,2.234,24.81,23.66,24.8,77.16,1.69,EIA/OPEC ASB 2025 + synthetic fill
2002,10,2002-10-01,Kuwait,Gulf,True,2.06,1.809,24.81,23.66,24.8,77.16,1.37,EIA/OPEC ASB 2025 + synthetic fill
2002,10,2002-10-01,Venezuela,LAm,True,2.855,2.338,24.81,23.66,24.8,77.16,1.76,EIA/OPEC ASB 2025 + synthetic fill
2002,10,2002-10-01,Nigeria,AFR,True,2.056,1.821,24.81,23.66,24.8,77.16,1.37,EIA/OPEC ASB 2025 + synthetic fill
2002,10,2002-10-01,Canada,NAm,False,2.762,1.96,24.81,23.66,24.8,77.16,1.48,EIA/OPEC ASB 2025 + synthetic fill
2002,10,2002-10-01,Norway,EUR,False,2.942,2.613,24.81,23.66,24.8,77.16,1.97,EIA/OPEC ASB 2025 + synthetic fill
2002,10,2002-10-01,Kazakhstan,CIS,False,0.979,0.828,24.81,23.66,24.8,77.16,0.62,EIA/OPEC ASB 2025 + synthetic fill
2002,10,2002-10-01,Libya,AFR,True,1.491,1.258,24.81,23.66,24.8,77.16,0.95,EIA/OPEC ASB 2025 + synthetic fill
2002,10,2002-10-01,Qatar,Gulf,True,0.754,0.599,24.81,23.66,24.8,77.16,0.45,EIA/OPEC ASB 2025 + synthetic fill
2002,10,2002-10-01,Algeria,AFR,True,1.306,0.971,24.81,23.66,24.8,77.16,0.73,EIA/OPEC ASB 2025 + synthetic fill
2002,10,2002-10-01,Angola,AFR,True,0.743,0.605,24.81,23.66,24.8,77.16,0.46,EIA/OPEC ASB 2025 + synthetic fill
2002,10,2002-10-01,Mexico,LAm,False,3.4,1.876,24.81,23.66,24.8,77.16,1.42,EIA/OPEC ASB 2025 + synthetic fill
2002,10,2002-10-01,Brazil,LAm,False,1.569,0.602,24.81,23.66,24.8,77.16,0.45,EIA/OPEC ASB 2025 + synthetic fill
2002,11,2002-11-01,Saudi Arabia,Gulf,True,8.996,7.755,24.38,19.98,24.52,78.05,5.75,EIA/OPEC ASB 2025 + synthetic fill
2002,11,2002-11-01,Russia,CIS,False,7.444,5.001,24.38,19.98,24.52,78.05,3.71,EIA/OPEC ASB 2025 + synthetic fill
2002,11,2002-11-01,United States,NAm,False,5.228,0.171,24.38,19.98,24.52,78.05,0.13,EIA/OPEC ASB 2025 + synthetic fill
2002,11,2002-11-01,Iraq,Gulf,True,2.196,1.814,24.38,19.98,24.52,78.05,1.35,EIA/OPEC ASB 2025 + synthetic fill
2002,11,2002-11-01,United Arab Emirates,Gulf,True,2.392,2.034,24.38,19.98,24.52,78.05,1.51,EIA/OPEC ASB 2025 + synthetic fill
2002,11,2002-11-01,Iran,Gulf,True,3.822,2.313,24.38,19.98,24.52,78.05,1.72,EIA/OPEC ASB 2025 + synthetic fill
2002,11,2002-11-01,Kuwait,Gulf,True,2.115,1.763,24.38,19.98,24.52,78.05,1.31,EIA/OPEC ASB 2025 + synthetic fill
2002,11,2002-11-01,Venezuela,LAm,True,3.057,2.354,24.38,19.98,24.52,78.05,1.75,EIA/OPEC ASB 2025 + synthetic fill
2002,11,2002-11-01,Nigeria,AFR,True,2.191,1.899,24.38,19.98,24.52,78.05,1.41,EIA/OPEC ASB 2025 + synthetic fill
2002,11,2002-11-01,Canada,NAm,False,2.727,2.024,24.38,19.98,24.52,78.05,1.5,EIA/OPEC ASB 2025 + synthetic fill
2002,11,2002-11-01,Norway,EUR,False,2.936,2.567,24.38,19.98,24.52,78.05,1.9,EIA/OPEC ASB 2025 + synthetic fill
2002,11,2002-11-01,Kazakhstan,CIS,False,1.016,0.827,24.38,19.98,24.52,78.05,0.61,EIA/OPEC ASB 2025 + synthetic fill
2002,11,2002-11-01,Libya,AFR,True,1.56,1.329,24.38,19.98,24.52,78.05,0.99,EIA/OPEC ASB 2025 + synthetic fill
2002,11,2002-11-01,Qatar,Gulf,True,0.772,0.569,24.38,19.98,24.52,78.05,0.42,EIA/OPEC ASB 2025 + synthetic fill
2002,11,2002-11-01,Algeria,AFR,True,1.271,0.949,24.38,19.98,24.52,78.05,0.7,EIA/OPEC ASB 2025 + synthetic fill
2002,11,2002-11-01,Angola,AFR,True,0.757,0.654,24.38,19.98,24.52,78.05,0.48,EIA/OPEC ASB 2025 + synthetic fill
2002,11,2002-11-01,Mexico,LAm,False,3.385,1.677,24.38,19.98,24.52,78.05,1.24,EIA/OPEC ASB 2025 + synthetic fill
2002,11,2002-11-01,Brazil,LAm,False,1.475,0.545,24.38,19.98,24.52,78.05,0.4,EIA/OPEC ASB 2025 + synthetic fill
2002,12,2002-12-01,Saudi Arabia,Gulf,True,8.891,7.664,22.4,19.72,21.02,77.79,5.22,EIA/OPEC ASB 2025 + synthetic fill
2002,12,2002-12-01,Russia,CIS,False,7.637,5.474,22.4,19.72,21.02,77.79,3.73,EIA/OPEC ASB 2025 + synthetic fill
2002,12,2002-12-01,United States,NAm,False,5.695,0.187,22.4,19.72,21.02,77.79,0.13,EIA/OPEC ASB 2025 + synthetic fill
2002,12,2002-12-01,Iraq,Gulf,True,2.142,1.692,22.4,19.72,21.02,77.79,1.15,EIA/OPEC ASB 2025 + synthetic fill
2002,12,2002-12-01,United Arab Emirates,Gulf,True,2.325,2.033,22.4,19.72,21.02,77.79,1.39,EIA/OPEC ASB 2025 + synthetic fill
2002,12,2002-12-01,Iran,Gulf,True,3.867,2.312,22.4,19.72,21.02,77.79,1.58,EIA/OPEC ASB 2025 + synthetic fill
2002,12,2002-12-01,Kuwait,Gulf,True,2.089,1.892,22.4,19.72,21.02,77.79,1.29,EIA/OPEC ASB 2025 + synthetic fill
2002,12,2002-12-01,Venezuela,LAm,True,2.799,2.168,22.4,19.72,21.02,77.79,1.48,EIA/OPEC ASB 2025 + synthetic fill
2002,12,2002-12-01,Nigeria,AFR,True,2.038,1.849,22.4,19.72,21.02,77.79,1.26,EIA/OPEC ASB 2025 + synthetic fill
2002,12,2002-12-01,Canada,NAm,False,2.778,1.995,22.4,19.72,21.02,77.79,1.36,EIA/OPEC ASB 2025 + synthetic fill
2002,12,2002-12-01,Norway,EUR,False,2.826,2.406,22.4,19.72,21.02,77.79,1.64,EIA/OPEC ASB 2025 + synthetic fill
2002,12,2002-12-01,Kazakhstan,CIS,False,1.018,0.861,22.4,19.72,21.02,77.79,0.59,EIA/OPEC ASB 2025 + synthetic fill
2002,12,2002-12-01,Libya,AFR,True,1.522,1.359,22.4,19.72,21.02,77.79,0.93,EIA/OPEC ASB 2025 + synthetic fill
2002,12,2002-12-01,Qatar,Gulf,True,0.753,0.583,22.4,19.72,21.02,77.79,0.4,EIA/OPEC ASB 2025 + synthetic fill
2002,12,2002-12-01,Algeria,AFR,True,1.245,0.922,22.4,19.72,21.02,77.79,0.63,EIA/OPEC ASB 2025 + synthetic fill
2002,12,2002-12-01,Angola,AFR,True,0.724,0.642,22.4,19.72,21.02,77.79,0.44,EIA/OPEC ASB 2025 + synthetic fill
2002,12,2002-12-01,Mexico,LAm,False,3.387,1.787,22.4,19.72,21.02,77.79,1.22,EIA/OPEC ASB 2025 + synthetic fill
2002,12,2002-12-01,Brazil,LAm,False,1.537,0.611,22.4,19.72,21.02,77.79,0.42,EIA/OPEC ASB 2025 + synthetic fill
2003,1,2003-01-01,Saudi Arabia,Gulf,True,8.732,6.679,27.54,24.68,26.45,79.76,5.59,EIA/OPEC ASB 2025 + synthetic fill
2003,1,2003-01-01,Russia,CIS,False,7.373,5.417,27.54,24.68,26.45,79.76,4.54,EIA/OPEC ASB 2025 + synthetic fill
2003,1,2003-01-01,United States,NAm,False,5.411,0.173,27.54,24.68,26.45,79.76,0.14,EIA/OPEC ASB 2025 + synthetic fill
2003,1,2003-01-01,Iraq,Gulf,True,2.137,1.702,27.54,24.68,26.45,79.76,1.43,EIA/OPEC ASB 2025 + synthetic fill
2003,1,2003-01-01,United Arab Emirates,Gulf,True,2.535,2.306,27.54,24.68,26.45,79.76,1.93,EIA/OPEC ASB 2025 + synthetic fill
2003,1,2003-01-01,Iran,Gulf,True,3.874,2.506,27.54,24.68,26.45,79.76,2.1,EIA/OPEC ASB 2025 + synthetic fill
2003,1,2003-01-01,Kuwait,Gulf,True,2.061,1.812,27.54,24.68,26.45,79.76,1.52,EIA/OPEC ASB 2025 + synthetic fill
2003,1,2003-01-01,Venezuela,LAm,True,2.806,2.214,27.54,24.68,26.45,79.76,1.85,EIA/OPEC ASB 2025 + synthetic fill
2003,1,2003-01-01,Nigeria,AFR,True,2.043,1.823,27.54,24.68,26.45,79.76,1.53,EIA/OPEC ASB 2025 + synthetic fill
2003,1,2003-01-01,Canada,NAm,False,2.895,2.015,27.54,24.68,26.45,79.76,1.69,EIA/OPEC ASB 2025 + synthetic fill
2003,1,2003-01-01,Norway,EUR,False,2.929,2.581,27.54,24.68,26.45,79.76,2.16,EIA/OPEC ASB 2025 + synthetic fill
2003,1,2003-01-01,Kazakhstan,CIS,False,1.017,0.833,27.54,24.68,26.45,79.76,0.7,EIA/OPEC ASB 2025 + synthetic fill
2003,1,2003-01-01,Libya,AFR,True,1.552,1.421,27.54,24.68,26.45,79.76,1.19,EIA/OPEC ASB 2025 + synthetic fill
2003,1,2003-01-01,Qatar,Gulf,True,0.739,0.585,27.54,24.68,26.45,79.76,0.49,EIA/OPEC ASB 2025 + synthetic fill
2003,1,2003-01-01,Algeria,AFR,True,1.179,0.843,27.54,24.68,26.45,79.76,0.71,EIA/OPEC ASB 2025 + synthetic fill
2003,1,2003-01-01,Angola,AFR,True,0.751,0.672,27.54,24.68,26.45,79.76,0.56,EIA/OPEC ASB 2025 + synthetic fill
2003,1,2003-01-01,Mexico,LAm,False,3.395,1.805,27.54,24.68,26.45,79.76,1.51,EIA/OPEC ASB 2025 + synthetic fill
2003,1,2003-01-01,Brazil,LAm,False,1.519,0.605,27.54,24.68,26.45,79.76,0.51,EIA/OPEC ASB 2025 + synthetic fill
2003,2,2003-02-01,Saudi Arabia,Gulf,True,8.918,7.195,26.58,25.26,25.6,79.23,5.82,EIA/OPEC ASB 2025 + synthetic fill
2003,2,2003-02-01,Russia,CIS,False,7.891,5.73,26.58,25.26,25.6,79.23,4.63,EIA/OPEC ASB 2025 + synthetic fill
2003,2,2003-02-01,United States,NAm,False,5.49,0.197,26.58,25.26,25.6,79.23,0.16,EIA/OPEC ASB 2025 + synthetic fill
2003,2,2003-02-01,Iraq,Gulf,True,2.127,1.732,26.58,25.26,25.6,79.23,1.4,EIA/OPEC ASB 2025 + synthetic fill
2003,2,2003-02-01,United Arab Emirates,Gulf,True,2.448,2.372,26.58,25.26,25.6,79.23,1.92,EIA/OPEC ASB 2025 + synthetic fill
2003,2,2003-02-01,Iran,Gulf,True,3.821,2.458,26.58,25.26,25.6,79.23,1.99,EIA/OPEC ASB 2025 + synthetic fill
2003,2,2003-02-01,Kuwait,Gulf,True,2.167,1.803,26.58,25.26,25.6,79.23,1.46,EIA/OPEC ASB 2025 + synthetic fill
2003,2,2003-02-01,Venezuela,LAm,True,2.861,2.461,26.58,25.26,25.6,79.23,1.99,EIA/OPEC ASB 2025 + synthetic fill
2003,2,2003-02-01,Nigeria,AFR,True,2.044,1.647,26.58,25.26,25.6,79.23,1.33,EIA/OPEC ASB 2025 + synthetic fill
2003,2,2003-02-01,Canada,NAm,False,2.652,1.919,26.58,25.26,25.6,79.23,1.55,EIA/OPEC ASB 2025 + synthetic fill
2003,2,2003-02-01,Norway,EUR,False,2.88,2.258,26.58,25.26,25.6,79.23,1.83,EIA/OPEC ASB 2025 + synthetic fill
2003,2,2003-02-01,Kazakhstan,CIS,False,0.993,0.817,26.58,25.26,25.6,79.23,0.66,EIA/OPEC ASB 2025 + synthetic fill
2003,2,2003-02-01,Libya,AFR,True,1.498,1.298,26.58,25.26,25.6,79.23,1.05,EIA/OPEC ASB 2025 + synthetic fill
2003,2,2003-02-01,Qatar,Gulf,True,0.764,0.614,26.58,25.26,25.6,79.23,0.5,EIA/OPEC ASB 2025 + synthetic fill
2003,2,2003-02-01,Algeria,AFR,True,1.217,0.852,26.58,25.26,25.6,79.23,0.69,EIA/OPEC ASB 2025 + synthetic fill
2003,2,2003-02-01,Angola,AFR,True,0.709,0.631,26.58,25.26,25.6,79.23,0.51,EIA/OPEC ASB 2025 + synthetic fill
2003,2,2003-02-01,Mexico,LAm,False,3.307,1.708,26.58,25.26,25.6,79.23,1.38,EIA/OPEC ASB 2025 + synthetic fill
2003,2,2003-02-01,Brazil,LAm,False,1.519,0.591,26.58,25.26,25.6,79.23,0.48,EIA/OPEC ASB 2025 + synthetic fill
2003,3,2003-03-01,Saudi Arabia,Gulf,True,8.818,6.947,28.8,24.86,28.3,79.45,6.09,EIA/OPEC ASB 2025 + synthetic fill
2003,3,2003-03-01,Russia,CIS,False,7.825,5.346,28.8,24.86,28.3,79.45,4.68,EIA/OPEC ASB 2025 + synthetic fill
2003,3,2003-03-01,United States,NAm,False,5.071,0.168,28.8,24.86,28.3,79.45,0.15,EIA/OPEC ASB 2025 + synthetic fill
2003,3,2003-03-01,Iraq,Gulf,True,2.163,1.905,28.8,24.86,28.3,79.45,1.67,EIA/OPEC ASB 2025 + synthetic fill
2003,3,2003-03-01,United Arab Emirates,Gulf,True,2.369,2.257,28.8,24.86,28.3,79.45,1.98,EIA/OPEC ASB 2025 + synthetic fill
2003,3,2003-03-01,Iran,Gulf,True,3.831,2.302,28.8,24.86,28.3,79.45,2.02,EIA/OPEC ASB 2025 + synthetic fill
2003,3,2003-03-01,Kuwait,Gulf,True,2.146,1.715,28.8,24.86,28.3,79.45,1.5,EIA/OPEC ASB 2025 + synthetic fill
2003,3,2003-03-01,Venezuela,LAm,True,2.765,2.34,28.8,24.86,28.3,79.45,2.05,EIA/OPEC ASB 2025 + synthetic fill
2003,3,2003-03-01,Nigeria,AFR,True,2.126,1.765,28.8,24.86,28.3,79.45,1.55,EIA/OPEC ASB 2025 + synthetic fill
2003,3,2003-03-01,Canada,NAm,False,2.766,1.85,28.8,24.86,28.3,79.45,1.62,EIA/OPEC ASB 2025 + synthetic fill
2003,3,2003-03-01,Norway,EUR,False,2.727,2.391,28.8,24.86,28.3,79.45,2.09,EIA/OPEC ASB 2025 + synthetic fill
2003,3,2003-03-01,Kazakhstan,CIS,False,0.986,0.804,28.8,24.86,28.3,79.45,0.7,EIA/OPEC ASB 2025 + synthetic fill
2003,3,2003-03-01,Libya,AFR,True,1.572,1.405,28.8,24.86,28.3,79.45,1.23,EIA/OPEC ASB 2025 + synthetic fill
2003,3,2003-03-01,Qatar,Gulf,True,0.738,0.585,28.8,24.86,28.3,79.45,0.51,EIA/OPEC ASB 2025 + synthetic fill
2003,3,2003-03-01,Algeria,AFR,True,1.265,0.856,28.8,24.86,28.3,79.45,0.75,EIA/OPEC ASB 2025 + synthetic fill
2003,3,2003-03-01,Angola,AFR,True,0.759,0.678,28.8,24.86,28.3,79.45,0.59,EIA/OPEC ASB 2025 + synthetic fill
2003,3,2003-03-01,Mexico,LAm,False,3.507,1.804,28.8,24.86,28.3,79.45,1.58,EIA/OPEC ASB 2025 + synthetic fill
2003,3,2003-03-01,Brazil,LAm,False,1.555,0.618,28.8,24.86,28.3,79.45,0.54,EIA/OPEC ASB 2025 + synthetic fill
2003,4,2003-04-01,Saudi Arabia,Gulf,True,9.413,7.702,28.55,27.21,28.62,79.17,6.69,EIA/OPEC ASB 2025 + synthetic fill
2003,4,2003-04-01,Russia,CIS,False,7.682,5.639,28.55,27.21,28.62,79.17,4.9,EIA/OPEC ASB 2025 + synthetic fill
2003,4,2003-04-01,United States,NAm,False,5.522,0.201,28.55,27.21,28.62,79.17,0.17,EIA/OPEC ASB 2025 + synthetic fill
2003,4,2003-04-01,Iraq,Gulf,True,2.075,1.76,28.55,27.21,28.62,79.17,1.53,EIA/OPEC ASB 2025 + synthetic fill
2003,4,2003-04-01,United Arab Emirates,Gulf,True,2.314,2.054,28.55,27.21,28.62,79.17,1.78,EIA/OPEC ASB 2025 + synthetic fill
2003,4,2003-04-01,Iran,Gulf,True,3.879,2.472,28.55,27.21,28.62,79.17,2.15,EIA/OPEC ASB 2025 + synthetic fill
2003,4,2003-04-01,Kuwait,Gulf,True,2.114,1.713,28.55,27.21,28.62,79.17,1.49,EIA/OPEC ASB 2025 + synthetic fill
2003,4,2003-04-01,Venezuela,LAm,True,2.707,2.381,28.55,27.21,28.62,79.17,2.07,EIA/OPEC ASB 2025 + synthetic fill
2003,4,2003-04-01,Nigeria,AFR,True,1.995,1.586,28.55,27.21,28.62,79.17,1.38,EIA/OPEC ASB 2025 + synthetic fill
2003,4,2003-04-01,Canada,NAm,False,2.889,1.95,28.55,27.21,28.62,79.17,1.69,EIA/OPEC ASB 2025 + synthetic fill
2003,4,2003-04-01,Norway,EUR,False,2.895,2.358,28.55,27.21,28.62,79.17,2.05,EIA/OPEC ASB 2025 + synthetic fill
2003,4,2003-04-01,Kazakhstan,CIS,False,1.012,0.825,28.55,27.21,28.62,79.17,0.72,EIA/OPEC ASB 2025 + synthetic fill
2003,4,2003-04-01,Libya,AFR,True,1.473,1.334,28.55,27.21,28.62,79.17,1.16,EIA/OPEC ASB 2025 + synthetic fill
2003,4,2003-04-01,Qatar,Gulf,True,0.787,0.654,28.55,27.21,28.62,79.17,0.57,EIA/OPEC ASB 2025 + synthetic fill
2003,4,2003-04-01,Algeria,AFR,True,1.25,0.897,28.55,27.21,28.62,79.17,0.78,EIA/OPEC ASB 2025 + synthetic fill
2003,4,2003-04-01,Angola,AFR,True,0.777,0.631,28.55,27.21,28.62,79.17,0.55,EIA/OPEC ASB 2025 + synthetic fill
2003,4,2003-04-01,Mexico,LAm,False,3.366,1.765,28.55,27.21,28.62,79.17,1.53,EIA/OPEC ASB 2025 + synthetic fill
2003,4,2003-04-01,Brazil,LAm,False,1.599,0.58,28.55,27.21,28.62,79.17,0.5,EIA/OPEC ASB 2025 + synthetic fill
2003,5,2003-05-01,Saudi Arabia,Gulf,True,8.723,7.176,31.59,27.96,30.43,79.24,6.9,EIA/OPEC ASB 2025 + synthetic fill
2003,5,2003-05-01,Russia,CIS,False,7.473,5.528,31.59,27.96,30.43,79.24,5.31,EIA/OPEC ASB 2025 + synthetic fill
2003,5,2003-05-01,United States,NAm,False,5.532,0.193,31.59,27.96,30.43,79.24,0.19,EIA/OPEC ASB 2025 + synthetic fill
2003,5,2003-05-01,Iraq,Gulf,True,2.086,1.754,31.59,27.96,30.43,79.24,1.69,EIA/OPEC ASB 2025 + synthetic fill
2003,5,2003-05-01,United Arab Emirates,Gulf,True,2.34,2.099,31.59,27.96,30.43,79.24,2.02,EIA/OPEC ASB 2025 + synthetic fill
2003,5,2003-05-01,Iran,Gulf,True,3.707,2.287,31.59,27.96,30.43,79.24,2.2,EIA/OPEC ASB 2025 + synthetic fill
2003,5,2003-05-01,Kuwait,Gulf,True,2.026,1.668,31.59,27.96,30.43,79.24,1.6,EIA/OPEC ASB 2025 + synthetic fill
2003,5,2003-05-01,Venezuela,LAm,True,2.801,2.46,31.59,27.96,30.43,79.24,2.36,EIA/OPEC ASB 2025 + synthetic fill
2003,5,2003-05-01,Nigeria,AFR,True,2.006,1.747,31.59,27.96,30.43,79.24,1.68,EIA/OPEC ASB 2025 + synthetic fill
2003,5,2003-05-01,Canada,NAm,False,2.847,1.971,31.59,27.96,30.43,79.24,1.89,EIA/OPEC ASB 2025 + synthetic fill
2003,5,2003-05-01,Norway,EUR,False,2.889,2.393,31.59,27.96,30.43,79.24,2.3,EIA/OPEC ASB 2025 + synthetic fill
2003,5,2003-05-01,Kazakhstan,CIS,False,1.004,0.793,31.59,27.96,30.43,79.24,0.76,EIA/OPEC ASB 2025 + synthetic fill
2003,5,2003-05-01,Libya,AFR,True,1.54,1.286,31.59,27.96,30.43,79.24,1.24,EIA/OPEC ASB 2025 + synthetic fill
2003,5,2003-05-01,Qatar,Gulf,True,0.775,0.633,31.59,27.96,30.43,79.24,0.61,EIA/OPEC ASB 2025 + synthetic fill
2003,5,2003-05-01,Algeria,AFR,True,1.244,0.946,31.59,27.96,30.43,79.24,0.91,EIA/OPEC ASB 2025 + synthetic fill
2003,5,2003-05-01,Angola,AFR,True,0.713,0.58,31.59,27.96,30.43,79.24,0.56,EIA/OPEC ASB 2025 + synthetic fill
2003,5,2003-05-01,Mexico,LAm,False,3.325,1.698,31.59,27.96,30.43,79.24,1.63,EIA/OPEC ASB 2025 + synthetic fill
2003,5,2003-05-01,Brazil,LAm,False,1.596,0.605,31.59,27.96,30.43,79.24,0.58,EIA/OPEC ASB 2025 + synthetic fill
2003,6,2003-06-01,Saudi Arabia,Gulf,True,8.847,6.956,31.2,29.81,31.33,79.53,6.6,EIA/OPEC ASB 2025 + synthetic fill
2003,6,2003-06-01,Russia,CIS,False,7.895,5.871,31.2,29.81,31.33,79.53,5.57,EIA/OPEC ASB 2025 + synthetic fill
2003,6,2003-06-01,United States,NAm,False,5.549,0.192,31.2,29.81,31.33,79.53,0.18,EIA/OPEC ASB 2025 + synthetic fill
2003,6,2003-06-01,Iraq,Gulf,True,2.112,1.71,31.2,29.81,31.33,79.53,1.62,EIA/OPEC ASB 2025 + synthetic fill
2003,6,2003-06-01,United Arab Emirates,Gulf,True,2.406,2.188,31.2,29.81,31.33,79.53,2.08,EIA/OPEC ASB 2025 + synthetic fill
2003,6,2003-06-01,Iran,Gulf,True,3.733,2.258,31.2,29.81,31.33,79.53,2.14,EIA/OPEC ASB 2025 + synthetic fill
2003,6,2003-06-01,Kuwait,Gulf,True,2.096,1.891,31.2,29.81,31.33,79.53,1.79,EIA/OPEC ASB 2025 + synthetic fill
2003,6,2003-06-01,Venezuela,LAm,True,2.809,2.319,31.2,29.81,31.33,79.53,2.2,EIA/OPEC ASB 2025 + synthetic fill
2003,6,2003-06-01,Nigeria,AFR,True,2.136,1.775,31.2,29.81,31.33,79.53,1.68,EIA/OPEC ASB 2025 + synthetic fill
2003,6,2003-06-01,Canada,NAm,False,2.831,1.89,31.2,29.81,31.33,79.53,1.79,EIA/OPEC ASB 2025 + synthetic fill
2003,6,2003-06-01,Norway,EUR,False,2.715,2.317,31.2,29.81,31.33,79.53,2.2,EIA/OPEC ASB 2025 + synthetic fill
2003,6,2003-06-01,Kazakhstan,CIS,False,1.002,0.79,31.2,29.81,31.33,79.53,0.75,EIA/OPEC ASB 2025 + synthetic fill
2003,6,2003-06-01,Libya,AFR,True,1.454,1.235,31.2,29.81,31.33,79.53,1.17,EIA/OPEC ASB 2025 + synthetic fill
2003,6,2003-06-01,Qatar,Gulf,True,0.742,0.619,31.2,29.81,31.33,79.53,0.59,EIA/OPEC ASB 2025 + synthetic fill
2003,6,2003-06-01,Algeria,AFR,True,1.243,0.869,31.2,29.81,31.33,79.53,0.82,EIA/OPEC ASB 2025 + synthetic fill
2003,6,2003-06-01,Angola,AFR,True,0.718,0.607,31.2,29.81,31.33,79.53,0.58,EIA/OPEC ASB 2025 + synthetic fill
2003,6,2003-06-01,Mexico,LAm,False,3.349,1.768,31.2,29.81,31.33,79.53,1.68,EIA/OPEC ASB 2025 + synthetic fill
2003,6,2003-06-01,Brazil,LAm,False,1.555,0.556,31.2,29.81,31.33,79.53,0.53,EIA/OPEC ASB 2025 + synthetic fill
2003,7,2003-07-01,Saudi Arabia,Gulf,True,9.047,7.872,29.01,26.89,27.04,79.29,6.95,EIA/OPEC ASB 2025 + synthetic fill
2003,7,2003-07-01,Russia,CIS,False,7.647,5.326,29.01,26.89,27.04,79.29,4.7,EIA/OPEC ASB 2025 + synthetic fill
2003,7,2003-07-01,United States,NAm,False,5.51,0.2,29.01,26.89,27.04,79.29,0.18,EIA/OPEC ASB 2025 + synthetic fill
2003,7,2003-07-01,Iraq,Gulf,True,2.017,1.738,29.01,26.89,27.04,79.29,1.53,EIA/OPEC ASB 2025 + synthetic fill
2003,7,2003-07-01,United Arab Emirates,Gulf,True,2.423,2.199,29.01,26.89,27.04,79.29,1.94,EIA/OPEC ASB 2025 + synthetic fill
2003,7,2003-07-01,Iran,Gulf,True,3.961,2.242,29.01,26.89,27.04,79.29,1.98,EIA/OPEC ASB 2025 + synthetic fill
2003,7,2003-07-01,Kuwait,Gulf,True,2.131,1.802,29.01,26.89,27.04,79.29,1.59,EIA/OPEC ASB 2025 + synthetic fill
2003,7,2003-07-01,Venezuela,LAm,True,2.838,2.327,29.01,26.89,27.04,79.29,2.05,EIA/OPEC ASB 2025 + synthetic fill
2003,7,2003-07-01,Nigeria,AFR,True,2.05,1.697,29.01,26.89,27.04,79.29,1.5,EIA/OPEC ASB 2025 + synthetic fill
2003,7,2003-07-01,Canada,NAm,False,2.797,2.026,29.01,26.89,27.04,79.29,1.79,EIA/OPEC ASB 2025 + synthetic fill
2003,7,2003-07-01,Norway,EUR,False,2.974,2.568,29.01,26.89,27.04,79.29,2.27,EIA/OPEC ASB 2025 + synthetic fill
2003,7,2003-07-01,Kazakhstan,CIS,False,1.065,0.82,29.01,26.89,27.04,79.29,0.72,EIA/OPEC ASB 2025 + synthetic fill
2003,7,2003-07-01,Libya,AFR,True,1.489,1.283,29.01,26.89,27.04,79.29,1.13,EIA/OPEC ASB 2025 + synthetic fill
2003,7,2003-07-01,Qatar,Gulf,True,0.78,0.636,29.01,26.89,27.04,79.29,0.56,EIA/OPEC ASB 2025 + synthetic fill
2003,7,2003-07-01,Algeria,AFR,True,1.232,0.862,29.01,26.89,27.04,79.29,0.76,EIA/OPEC ASB 2025 + synthetic fill
2003,7,2003-07-01,Angola,AFR,True,0.783,0.688,29.01,26.89,27.04,79.29,0.61,EIA/OPEC ASB 2025 + synthetic fill
2003,7,2003-07-01,Mexico,LAm,False,3.512,1.918,29.01,26.89,27.04,79.29,1.69,EIA/OPEC ASB 2025 + synthetic fill
2003,7,2003-07-01,Brazil,LAm,False,1.566,0.615,29.01,26.89,27.04,79.29,0.54,EIA/OPEC ASB 2025 + synthetic fill
2003,8,2003-08-01,Saudi Arabia,Gulf,True,9.19,7.575,29.95,27.05,28.05,79.24,6.9,EIA/OPEC ASB 2025 + synthetic fill
2003,8,2003-08-01,Russia,CIS,False,7.424,5.414,29.95,27.05,28.05,79.24,4.93,EIA/OPEC ASB 2025 + synthetic fill
2003,8,2003-08-01,United States,NAm,False,5.395,0.188,29.95,27.05,28.05,79.24,0.17,EIA/OPEC ASB 2025 + synthetic fill
2003,8,2003-08-01,Iraq,Gulf,True,2.036,1.722,29.95,27.05,28.05,79.24,1.57,EIA/OPEC ASB 2025 + synthetic fill
2003,8,2003-08-01,United Arab Emirates,Gulf,True,2.418,2.25,29.95,27.05,28.05,79.24,2.05,EIA/OPEC ASB 2025 + synthetic fill
2003,8,2003-08-01,Iran,Gulf,True,3.812,2.153,29.95,27.05,28.05,79.24,1.96,EIA/OPEC ASB 2025 + synthetic fill
2003,8,2003-08-01,Kuwait,Gulf,True,2.124,1.68,29.95,27.05,28.05,79.24,1.53,EIA/OPEC ASB 2025 + synthetic fill
2003,8,2003-08-01,Venezuela,LAm,True,2.774,2.228,29.95,27.05,28.05,79.24,2.03,EIA/OPEC ASB 2025 + synthetic fill
2003,8,2003-08-01,Nigeria,AFR,True,2.147,1.799,29.95,27.05,28.05,79.24,1.64,EIA/OPEC ASB 2025 + synthetic fill
2003,8,2003-08-01,Canada,NAm,False,2.947,2.182,29.95,27.05,28.05,79.24,1.99,EIA/OPEC ASB 2025 + synthetic fill
2003,8,2003-08-01,Norway,EUR,False,2.984,2.576,29.95,27.05,28.05,79.24,2.35,EIA/OPEC ASB 2025 + synthetic fill
2003,8,2003-08-01,Kazakhstan,CIS,False,0.976,0.725,29.95,27.05,28.05,79.24,0.66,EIA/OPEC ASB 2025 + synthetic fill
2003,8,2003-08-01,Libya,AFR,True,1.544,1.292,29.95,27.05,28.05,79.24,1.18,EIA/OPEC ASB 2025 + synthetic fill
2003,8,2003-08-01,Qatar,Gulf,True,0.76,0.616,29.95,27.05,28.05,79.24,0.56,EIA/OPEC ASB 2025 + synthetic fill
2003,8,2003-08-01,Algeria,AFR,True,1.223,0.831,29.95,27.05,28.05,79.24,0.76,EIA/OPEC ASB 2025 + synthetic fill
2003,8,2003-08-01,Angola,AFR,True,0.747,0.678,29.95,27.05,28.05,79.24,0.62,EIA/OPEC ASB 2025 + synthetic fill
2003,8,2003-08-01,Mexico,LAm,False,3.356,1.827,29.95,27.05,28.05,79.24,1.66,EIA/OPEC ASB 2025 + synthetic fill
2003,8,2003-08-01,Brazil,LAm,False,1.61,0.632,29.95,27.05,28.05,79.24,0.58,EIA/OPEC ASB 2025 + synthetic fill
2003,9,2003-09-01,Saudi Arabia,Gulf,True,9.13,7.154,27.7,24.26,28.12,78.94,6.03,EIA/OPEC ASB 2025 + synthetic fill
2003,9,2003-09-01,Russia,CIS,False,8.018,6.049,27.7,24.26,28.12,78.94,5.1,EIA/OPEC ASB 2025 + synthetic fill
2003,9,2003-09-01,United States,NAm,False,5.427,0.178,27.7,24.26,28.12,78.94,0.15,EIA/OPEC ASB 2025 + synthetic fill
2003,9,2003-09-01,Iraq,Gulf,True,2.082,1.782,27.7,24.26,28.12,78.94,1.5,EIA/OPEC ASB 2025 + synthetic fill
2003,9,2003-09-01,United Arab Emirates,Gulf,True,2.377,2.289,27.7,24.26,28.12,78.94,1.93,EIA/OPEC ASB 2025 + synthetic fill
2003,9,2003-09-01,Iran,Gulf,True,3.946,2.487,27.7,24.26,28.12,78.94,2.1,EIA/OPEC ASB 2025 + synthetic fill
2003,9,2003-09-01,Kuwait,Gulf,True,2.096,1.823,27.7,24.26,28.12,78.94,1.54,EIA/OPEC ASB 2025 + synthetic fill
2003,9,2003-09-01,Venezuela,LAm,True,2.815,2.283,27.7,24.26,28.12,78.94,1.92,EIA/OPEC ASB 2025 + synthetic fill
2003,9,2003-09-01,Nigeria,AFR,True,2.196,1.983,27.7,24.26,28.12,78.94,1.67,EIA/OPEC ASB 2025 + synthetic fill
2003,9,2003-09-01,Canada,NAm,False,2.85,2.119,27.7,24.26,28.12,78.94,1.79,EIA/OPEC ASB 2025 + synthetic fill
2003,9,2003-09-01,Norway,EUR,False,2.839,2.443,27.7,24.26,28.12,78.94,2.06,EIA/OPEC ASB 2025 + synthetic fill
2003,9,2003-09-01,Kazakhstan,CIS,False,1.02,0.79,27.7,24.26,28.12,78.94,0.67,EIA/OPEC ASB 2025 + synthetic fill
2003,9,2003-09-01,Libya,AFR,True,1.5,1.283,27.7,24.26,28.12,78.94,1.08,EIA/OPEC ASB 2025 + synthetic fill
2003,9,2003-09-01,Qatar,Gulf,True,0.755,0.573,27.7,24.26,28.12,78.94,0.48,EIA/OPEC ASB 2025 + synthetic fill
2003,9,2003-09-01,Algeria,AFR,True,1.179,0.864,27.7,24.26,28.12,78.94,0.73,EIA/OPEC ASB 2025 + synthetic fill
2003,9,2003-09-01,Angola,AFR,True,0.74,0.602,27.7,24.26,28.12,78.94,0.51,EIA/OPEC ASB 2025 + synthetic fill
2003,9,2003-09-01,Mexico,LAm,False,3.316,1.675,27.7,24.26,28.12,78.94,1.41,EIA/OPEC ASB 2025 + synthetic fill
2003,9,2003-09-01,Brazil,LAm,False,1.551,0.605,27.7,24.26,28.12,78.94,0.51,EIA/OPEC ASB 2025 + synthetic fill
2003,10,2003-10-01,Saudi Arabia,Gulf,True,9.116,7.717,25.94,24.73,25.7,79.22,6.09,EIA/OPEC ASB 2025 + synthetic fill
2003,10,2003-10-01,Russia,CIS,False,7.7,5.064,25.94,24.73,25.7,79.22,4.0,EIA/OPEC ASB 2025 + synthetic fill
2003,10,2003-10-01,United States,NAm,False,5.154,0.174,25.94,24.73,25.7,79.22,0.14,EIA/OPEC ASB 2025 + synthetic fill
2003,10,2003-10-01,Iraq,Gulf,True,1.995,1.761,25.94,24.73,25.7,79.22,1.39,EIA/OPEC ASB 2025 + synthetic fill
2003,10,2003-10-01,United Arab Emirates,Gulf,True,2.449,2.128,25.94,24.73,25.7,79.22,1.68,EIA/OPEC ASB 2025 + synthetic fill
2003,10,2003-10-01,Iran,Gulf,True,3.794,2.446,25.94,24.73,25.7,79.22,1.93,EIA/OPEC ASB 2025 + synthetic fill
2003,10,2003-10-01,Kuwait,Gulf,True,2.067,1.855,25.94,24.73,25.7,79.22,1.46,EIA/OPEC ASB 2025 + synthetic fill
2003,10,2003-10-01,Venezuela,LAm,True,2.865,2.226,25.94,24.73,25.7,79.22,1.76,EIA/OPEC ASB 2025 + synthetic fill
2003,10,2003-10-01,Nigeria,AFR,True,2.042,1.787,25.94,24.73,25.7,79.22,1.41,EIA/OPEC ASB 2025 + synthetic fill
2003,10,2003-10-01,Canada,NAm,False,2.835,2.146,25.94,24.73,25.7,79.22,1.69,EIA/OPEC ASB 2025 + synthetic fill
2003,10,2003-10-01,Norway,EUR,False,2.888,2.543,25.94,24.73,25.7,79.22,2.01,EIA/OPEC ASB 2025 + synthetic fill
2003,10,2003-10-01,Kazakhstan,CIS,False,0.992,0.75,25.94,24.73,25.7,79.22,0.59,EIA/OPEC ASB 2025 + synthetic fill
2003,10,2003-10-01,Libya,AFR,True,1.643,1.389,25.94,24.73,25.7,79.22,1.1,EIA/OPEC ASB 2025 + synthetic fill
2003,10,2003-10-01,Qatar,Gulf,True,0.719,0.569,25.94,24.73,25.7,79.22,0.45,EIA/OPEC ASB 2025 + synthetic fill
2003,10,2003-10-01,Algeria,AFR,True,1.324,1.001,25.94,24.73,25.7,79.22,0.79,EIA/OPEC ASB 2025 + synthetic fill
2003,10,2003-10-01,Angola,AFR,True,0.731,0.661,25.94,24.73,25.7,79.22,0.52,EIA/OPEC ASB 2025 + synthetic fill
2003,10,2003-10-01,Mexico,LAm,False,3.51,1.737,25.94,24.73,25.7,79.22,1.37,EIA/OPEC ASB 2025 + synthetic fill
2003,10,2003-10-01,Brazil,LAm,False,1.596,0.649,25.94,24.73,25.7,79.22,0.51,EIA/OPEC ASB 2025 + synthetic fill
2003,11,2003-11-01,Saudi Arabia,Gulf,True,9.565,7.763,25.89,22.72,25.41,80.18,6.11,EIA/OPEC ASB 2025 + synthetic fill
2003,11,2003-11-01,Russia,CIS,False,7.662,5.183,25.89,22.72,25.41,80.18,4.08,EIA/OPEC ASB 2025 + synthetic fill
2003,11,2003-11-01,United States,NAm,False,5.506,0.187,25.89,22.72,25.41,80.18,0.15,EIA/OPEC ASB 2025 + synthetic fill
2003,11,2003-11-01,Iraq,Gulf,True,2.04,1.638,25.89,22.72,25.41,80.18,1.29,EIA/OPEC ASB 2025 + synthetic fill
2003,11,2003-11-01,United Arab Emirates,Gulf,True,2.438,2.303,25.89,22.72,25.41,80.18,1.81,EIA/OPEC ASB 2025 + synthetic fill
2003,11,2003-11-01,Iran,Gulf,True,4.022,2.457,25.89,22.72,25.41,80.18,1.93,EIA/OPEC ASB 2025 + synthetic fill
2003,11,2003-11-01,Kuwait,Gulf,True,2.101,1.873,25.89,22.72,25.41,80.18,1.47,EIA/OPEC ASB 2025 + synthetic fill
2003,11,2003-11-01,Venezuela,LAm,True,2.727,2.376,25.89,22.72,25.41,80.18,1.87,EIA/OPEC ASB 2025 + synthetic fill
2003,11,2003-11-01,Nigeria,AFR,True,2.129,1.701,25.89,22.72,25.41,80.18,1.34,EIA/OPEC ASB 2025 + synthetic fill
2003,11,2003-11-01,Canada,NAm,False,2.807,2.049,25.89,22.72,25.41,80.18,1.61,EIA/OPEC ASB 2025 + synthetic fill
2003,11,2003-11-01,Norway,EUR,False,2.862,2.331,25.89,22.72,25.41,80.18,1.84,EIA/OPEC ASB 2025 + synthetic fill
2003,11,2003-11-01,Kazakhstan,CIS,False,1.013,0.774,25.89,22.72,25.41,80.18,0.61,EIA/OPEC ASB 2025 + synthetic fill
2003,11,2003-11-01,Libya,AFR,True,1.527,1.357,25.89,22.72,25.41,80.18,1.07,EIA/OPEC ASB 2025 + synthetic fill
2003,11,2003-11-01,Qatar,Gulf,True,0.764,0.644,25.89,22.72,25.41,80.18,0.51,EIA/OPEC ASB 2025 + synthetic fill
2003,11,2003-11-01,Algeria,AFR,True,1.234,0.819,25.89,22.72,25.41,80.18,0.64,EIA/OPEC ASB 2025 + synthetic fill
2003,11,2003-11-01,Angola,AFR,True,0.778,0.682,25.89,22.72,25.41,80.18,0.54,EIA/OPEC ASB 2025 + synthetic fill
2003,11,2003-11-01,Mexico,LAm,False,3.389,1.68,25.89,22.72,25.41,80.18,1.32,EIA/OPEC ASB 2025 + synthetic fill
2003,11,2003-11-01,Brazil,LAm,False,1.586,0.587,25.89,22.72,25.41,80.18,0.46,EIA/OPEC ASB 2025 + synthetic fill
2003,12,2003-12-01,Saudi Arabia,Gulf,True,9.123,7.876,25.17,20.59,24.06,79.5,6.03,EIA/OPEC ASB 2025 + synthetic fill
2003,12,2003-12-01,Russia,CIS,False,7.913,5.433,25.17,20.59,24.06,79.5,4.16,EIA/OPEC ASB 2025 + synthetic fill
2003,12,2003-12-01,United States,NAm,False,5.365,0.174,25.17,20.59,24.06,79.5,0.13,EIA/OPEC ASB 2025 + synthetic fill
2003,12,2003-12-01,Iraq,Gulf,True,1.987,1.571,25.17,20.59,24.06,79.5,1.2,EIA/OPEC ASB 2025 + synthetic fill
2003,12,2003-12-01,United Arab Emirates,Gulf,True,2.399,2.151,25.17,20.59,24.06,79.5,1.65,EIA/OPEC ASB 2025 + synthetic fill
2003,12,2003-12-01,Iran,Gulf,True,3.75,2.285,25.17,20.59,24.06,79.5,1.75,EIA/OPEC ASB 2025 + synthetic fill
2003,12,2003-12-01,Kuwait,Gulf,True,2.036,1.768,25.17,20.59,24.06,79.5,1.35,EIA/OPEC ASB 2025 + synthetic fill
2003,12,2003-12-01,Venezuela,LAm,True,2.781,2.203,25.17,20.59,24.06,79.5,1.69,EIA/OPEC ASB 2025 + synthetic fill
2003,12,2003-12-01,Nigeria,AFR,True,2.101,1.877,25.17,20.59,24.06,79.5,1.44,EIA/OPEC ASB 2025 + synthetic fill
2003,12,2003-12-01,Canada,NAm,False,3.013,2.021,25.17,20.59,24.06,79.5,1.55,EIA/OPEC ASB 2025 + synthetic fill
2003,12,2003-12-01,Norway,EUR,False,2.739,2.151,25.17,20.59,24.06,79.5,1.65,EIA/OPEC ASB 2025 + synthetic fill
2003,12,2003-12-01,Kazakhstan,CIS,False,1.013,0.81,25.17,20.59,24.06,79.5,0.62,EIA/OPEC ASB 2025 + synthetic fill
2003,12,2003-12-01,Libya,AFR,True,1.574,1.352,25.17,20.59,24.06,79.5,1.04,EIA/OPEC ASB 2025 + synthetic fill
2003,12,2003-12-01,Qatar,Gulf,True,0.759,0.607,25.17,20.59,24.06,79.5,0.46,EIA/OPEC ASB 2025 + synthetic fill
2003,12,2003-12-01,Algeria,AFR,True,1.266,0.905,25.17,20.59,24.06,79.5,0.69,EIA/OPEC ASB 2025 + synthetic fill
2003,12,2003-12-01,Angola,AFR,True,0.764,0.62,25.17,20.59,24.06,79.5,0.47,EIA/OPEC ASB 2025 + synthetic fill
2003,12,2003-12-01,Mexico,LAm,False,3.431,1.694,25.17,20.59,24.06,79.5,1.3,EIA/OPEC ASB 2025 + synthetic fill
2003,12,2003-12-01,Brazil,LAm,False,1.657,0.632,25.17,20.59,24.06,79.5,0.48,EIA/OPEC ASB 2025 + synthetic fill
2004,1,2004-01-01,Saudi Arabia,Gulf,True,9.419,8.013,36.74,33.69,36.37,82.19,8.95,EIA/OPEC ASB 2025 + synthetic fill
2004,1,2004-01-01,Russia,CIS,False,7.917,5.775,36.74,33.69,36.37,82.19,6.45,EIA/OPEC ASB 2025 + synthetic fill
2004,1,2004-01-01,United States,NAm,False,5.23,0.185,36.74,33.69,36.37,82.19,0.21,EIA/OPEC ASB 2025 + synthetic fill
2004,1,2004-01-01,Iraq,Gulf,True,2.056,1.729,36.74,33.69,36.37,82.19,1.93,EIA/OPEC ASB 2025 + synthetic fill
2004,1,2004-01-01,United Arab Emirates,Gulf,True,2.453,2.089,36.74,33.69,36.37,82.19,2.33,EIA/OPEC ASB 2025 + synthetic fill
2004,1,2004-01-01,Iran,Gulf,True,3.913,2.533,36.74,33.69,36.37,82.19,2.83,EIA/OPEC ASB 2025 + synthetic fill
2004,1,2004-01-01,Kuwait,Gulf,True,2.118,1.908,36.74,33.69,36.37,82.19,2.13,EIA/OPEC ASB 2025 + synthetic fill
2004,1,2004-01-01,Venezuela,LAm,True,2.75,2.119,36.74,33.69,36.37,82.19,2.37,EIA/OPEC ASB 2025 + synthetic fill
2004,1,2004-01-01,Nigeria,AFR,True,2.024,1.782,36.74,33.69,36.37,82.19,1.99,EIA/OPEC ASB 2025 + synthetic fill
2004,1,2004-01-01,Canada,NAm,False,2.967,2.258,36.74,33.69,36.37,82.19,2.52,EIA/OPEC ASB 2025 + synthetic fill
2004,1,2004-01-01,Norway,EUR,False,2.795,2.497,36.74,33.69,36.37,82.19,2.79,EIA/OPEC ASB 2025 + synthetic fill
2004,1,2004-01-01,Kazakhstan,CIS,False,0.979,0.762,36.74,33.69,36.37,82.19,0.85,EIA/OPEC ASB 2025 + synthetic fill
2004,1,2004-01-01,Libya,AFR,True,1.587,1.338,36.74,33.69,36.37,82.19,1.5,EIA/OPEC ASB 2025 + synthetic fill
2004,1,2004-01-01,Qatar,Gulf,True,0.72,0.585,36.74,33.69,36.37,82.19,0.65,EIA/OPEC ASB 2025 + synthetic fill
2004,1,2004-01-01,Algeria,AFR,True,1.23,0.896,36.74,33.69,36.37,82.19,1.0,EIA/OPEC ASB 2025 + synthetic fill
2004,1,2004-01-01,Angola,AFR,True,0.73,0.613,36.74,33.69,36.37,82.19,0.69,EIA/OPEC ASB 2025 + synthetic fill
2004,1,2004-01-01,Mexico,LAm,False,3.446,1.813,36.74,33.69,36.37,82.19,2.03,EIA/OPEC ASB 2025 + synthetic fill
2004,1,2004-01-01,Brazil,LAm,False,1.657,0.651,36.74,33.69,36.37,82.19,0.73,EIA/OPEC ASB 2025 + synthetic fill
2004,2,2004-02-01,Saudi Arabia,Gulf,True,9.061,7.421,37.07,35.98,37.17,82.52,8.37,EIA/OPEC ASB 2025 + synthetic fill
2004,2,2004-02-01,Russia,CIS,False,7.639,5.649,37.07,35.98,37.17,82.52,6.37,EIA/OPEC ASB 2025 + synthetic fill
2004,2,2004-02-01,United States,NAm,False,5.423,0.179,37.07,35.98,37.17,82.52,0.2,EIA/OPEC ASB 2025 + synthetic fill
2004,2,2004-02-01,Iraq,Gulf,True,2.062,1.821,37.07,35.98,37.17,82.52,2.05,EIA/OPEC ASB 2025 + synthetic fill
2004,2,2004-02-01,United Arab Emirates,Gulf,True,2.395,2.269,37.07,35.98,37.17,82.52,2.56,EIA/OPEC ASB 2025 + synthetic fill
2004,2,2004-02-01,Iran,Gulf,True,3.847,2.301,37.07,35.98,37.17,82.52,2.59,EIA/OPEC ASB 2025 + synthetic fill
2004,2,2004-02-01,Kuwait,Gulf,True,2.111,1.669,37.07,35.98,37.17,82.52,1.88,EIA/OPEC ASB 2025 + synthetic fill
2004,2,2004-02-01,Venezuela,LAm,True,2.613,2.066,37.07,35.98,37.17,82.52,2.33,EIA/OPEC ASB 2025 + synthetic fill
2004,2,2004-02-01,Nigeria,AFR,True,2.111,1.816,37.07,35.98,37.17,82.52,2.05,EIA/OPEC ASB 2025 + synthetic fill
2004,2,2004-02-01,Canada,NAm,False,2.92,2.141,37.07,35.98,37.17,82.52,2.41,EIA/OPEC ASB 2025 + synthetic fill
2004,2,2004-02-01,Norway,EUR,False,2.948,2.428,37.07,35.98,37.17,82.52,2.74,EIA/OPEC ASB 2025 + synthetic fill
2004,2,2004-02-01,Kazakhstan,CIS,False,1.012,0.771,37.07,35.98,37.17,82.52,0.87,EIA/OPEC ASB 2025 + synthetic fill
2004,2,2004-02-01,Libya,AFR,True,1.546,1.243,37.07,35.98,37.17,82.52,1.4,EIA/OPEC ASB 2025 + synthetic fill
2004,2,2004-02-01,Qatar,Gulf,True,0.787,0.624,37.07,35.98,37.17,82.52,0.7,EIA/OPEC ASB 2025 + synthetic fill
2004,2,2004-02-01,Algeria,AFR,True,1.236,0.91,37.07,35.98,37.17,82.52,1.03,EIA/OPEC ASB 2025 + synthetic fill
2004,2,2004-02-01,Angola,AFR,True,0.783,0.655,37.07,35.98,37.17,82.52,0.74,EIA/OPEC ASB 2025 + synthetic fill
2004,2,2004-02-01,Mexico,LAm,False,3.296,1.684,37.07,35.98,37.17,82.52,1.9,EIA/OPEC ASB 2025 + synthetic fill
2004,2,2004-02-01,Brazil,LAm,False,1.584,0.586,37.07,35.98,37.17,82.52,0.66,EIA/OPEC ASB 2025 + synthetic fill
2004,3,2004-03-01,Saudi Arabia,Gulf,True,9.728,8.357,39.7,37.82,39.8,82.85,10.09,EIA/OPEC ASB 2025 + synthetic fill
2004,3,2004-03-01,Russia,CIS,False,8.054,6.027,39.7,37.82,39.8,82.85,7.28,EIA/OPEC ASB 2025 + synthetic fill
2004,3,2004-03-01,United States,NAm,False,5.313,0.181,39.7,37.82,39.8,82.85,0.22,EIA/OPEC ASB 2025 + synthetic fill
2004,3,2004-03-01,Iraq,Gulf,True,1.993,1.768,39.7,37.82,39.8,82.85,2.13,EIA/OPEC ASB 2025 + synthetic fill
2004,3,2004-03-01,United Arab Emirates,Gulf,True,2.484,2.345,39.7,37.82,39.8,82.85,2.83,EIA/OPEC ASB 2025 + synthetic fill
2004,3,2004-03-01,Iran,Gulf,True,3.848,2.268,39.7,37.82,39.8,82.85,2.74,EIA/OPEC ASB 2025 + synthetic fill
2004,3,2004-03-01,Kuwait,Gulf,True,2.074,1.729,39.7,37.82,39.8,82.85,2.09,EIA/OPEC ASB 2025 + synthetic fill
2004,3,2004-03-01,Venezuela,LAm,True,2.77,2.367,39.7,37.82,39.8,82.85,2.86,EIA/OPEC ASB 2025 + synthetic fill
2004,3,2004-03-01,Nigeria,AFR,True,1.999,1.648,39.7,37.82,39.8,82.85,1.99,EIA/OPEC ASB 2025 + synthetic fill
2004,3,2004-03-01,Canada,NAm,False,2.94,2.157,39.7,37.82,39.8,82.85,2.6,EIA/OPEC ASB 2025 + synthetic fill
2004,3,2004-03-01,Norway,EUR,False,2.887,2.433,39.7,37.82,39.8,82.85,2.94,EIA/OPEC ASB 2025 + synthetic fill
2004,3,2004-03-01,Kazakhstan,CIS,False,0.948,0.8,39.7,37.82,39.8,82.85,0.97,EIA/OPEC ASB 2025 + synthetic fill
2004,3,2004-03-01,Libya,AFR,True,1.512,1.25,39.7,37.82,39.8,82.85,1.51,EIA/OPEC ASB 2025 + synthetic fill
2004,3,2004-03-01,Qatar,Gulf,True,0.746,0.566,39.7,37.82,39.8,82.85,0.68,EIA/OPEC ASB 2025 + synthetic fill
2004,3,2004-03-01,Algeria,AFR,True,1.207,0.903,39.7,37.82,39.8,82.85,1.09,EIA/OPEC ASB 2025 + synthetic fill
2004,3,2004-03-01,Angola,AFR,True,0.716,0.579,39.7,37.82,39.8,82.85,0.7,EIA/OPEC ASB 2025 + synthetic fill
2004,3,2004-03-01,Mexico,LAm,False,3.391,1.719,39.7,37.82,39.8,82.85,2.08,EIA/OPEC ASB 2025 + synthetic fill
2004,3,2004-03-01,Brazil,LAm,False,1.599,0.624,39.7,37.82,39.8,82.85,0.75,EIA/OPEC ASB 2025 + synthetic fill
2004,4,2004-04-01,Saudi Arabia,Gulf,True,9.175,7.459,37.06,35.31,35.77,82.13,8.41,EIA/OPEC ASB 2025 + synthetic fill
2004,4,2004-04-01,Russia,CIS,False,7.643,5.687,37.06,35.31,35.77,82.13,6.41,EIA/OPEC ASB 2025 + synthetic fill
2004,4,2004-04-01,United States,NAm,False,5.237,0.167,37.06,35.31,35.77,82.13,0.19,EIA/OPEC ASB 2025 + synthetic fill
2004,4,2004-04-01,Iraq,Gulf,True,2.158,1.906,37.06,35.31,35.77,82.13,2.15,EIA/OPEC ASB 2025 + synthetic fill
2004,4,2004-04-01,United Arab Emirates,Gulf,True,2.429,2.36,37.06,35.31,35.77,82.13,2.66,EIA/OPEC ASB 2025 + synthetic fill
2004,4,2004-04-01,Iran,Gulf,True,3.894,2.349,37.06,35.31,35.77,82.13,2.65,EIA/OPEC ASB 2025 + synthetic fill
2004,4,2004-04-01,Kuwait,Gulf,True,2.103,1.71,37.06,35.31,35.77,82.13,1.93,EIA/OPEC ASB 2025 + synthetic fill
2004,4,2004-04-01,Venezuela,LAm,True,2.838,2.479,37.06,35.31,35.77,82.13,2.79,EIA/OPEC ASB 2025 + synthetic fill
2004,4,2004-04-01,Nigeria,AFR,True,2.014,1.68,37.06,35.31,35.77,82.13,1.89,EIA/OPEC ASB 2025 + synthetic fill
2004,4,2004-04-01,Canada,NAm,False,2.884,2.065,37.06,35.31,35.77,82.13,2.33,EIA/OPEC ASB 2025 + synthetic fill
2004,4,2004-04-01,Norway,EUR,False,2.795,2.339,37.06,35.31,35.77,82.13,2.64,EIA/OPEC ASB 2025 + synthetic fill
2004,4,2004-04-01,Kazakhstan,CIS,False,1.015,0.804,37.06,35.31,35.77,82.13,0.91,EIA/OPEC ASB 2025 + synthetic fill
2004,4,2004-04-01,Libya,AFR,True,1.62,1.384,37.06,35.31,35.77,82.13,1.56,EIA/OPEC ASB 2025 + synthetic fill
2004,4,2004-04-01,Qatar,Gulf,True,0.781,0.648,37.06,35.31,35.77,82.13,0.73,EIA/OPEC ASB 2025 + synthetic fill
2004,4,2004-04-01,Algeria,AFR,True,1.276,0.898,37.06,35.31,35.77,82.13,1.01,EIA/OPEC ASB 2025 + synthetic fill
2004,4,2004-04-01,Angola,AFR,True,0.741,0.641,37.06,35.31,35.77,82.13,0.72,EIA/OPEC ASB 2025 + synthetic fill
2004,4,2004-04-01,Mexico,LAm,False,3.409,1.726,37.06,35.31,35.77,82.13,1.95,EIA/OPEC ASB 2025 + synthetic fill
2004,4,2004-04-01,Brazil,LAm,False,1.654,0.669,37.06,35.31,35.77,82.13,0.75,EIA/OPEC ASB 2025 + synthetic fill
2004,5,2004-05-01,Saudi Arabia,Gulf,True,8.918,7.27,39.07,37.46,39.08,82.35,8.64,EIA/OPEC ASB 2025 + synthetic fill
2004,5,2004-05-01,Russia,CIS,False,8.167,5.902,39.07,37.46,39.08,82.35,7.01,EIA/OPEC ASB 2025 + synthetic fill
2004,5,2004-05-01,United States,NAm,False,5.356,0.191,39.07,37.46,39.08,82.35,0.23,EIA/OPEC ASB 2025 + synthetic fill
2004,5,2004-05-01,Iraq,Gulf,True,2.026,1.796,39.07,37.46,39.08,82.35,2.13,EIA/OPEC ASB 2025 + synthetic fill
2004,5,2004-05-01,United Arab Emirates,Gulf,True,2.356,2.038,39.07,37.46,39.08,82.35,2.42,EIA/OPEC ASB 2025 + synthetic fill
2004,5,2004-05-01,Iran,Gulf,True,3.824,2.41,39.07,37.46,39.08,82.35,2.86,EIA/OPEC ASB 2025 + synthetic fill
2004,5,2004-05-01,Kuwait,Gulf,True,2.141,1.814,39.07,37.46,39.08,82.35,2.16,EIA/OPEC ASB 2025 + synthetic fill
2004,5,2004-05-01,Venezuela,LAm,True,2.836,2.478,39.07,37.46,39.08,82.35,2.94,EIA/OPEC ASB 2025 + synthetic fill
2004,5,2004-05-01,Nigeria,AFR,True,2.027,1.613,39.07,37.46,39.08,82.35,1.92,EIA/OPEC ASB 2025 + synthetic fill
2004,5,2004-05-01,Canada,NAm,False,2.906,1.935,39.07,37.46,39.08,82.35,2.3,EIA/OPEC ASB 2025 + synthetic fill
2004,5,2004-05-01,Norway,EUR,False,2.924,2.501,39.07,37.46,39.08,82.35,2.97,EIA/OPEC ASB 2025 + synthetic fill
2004,5,2004-05-01,Kazakhstan,CIS,False,0.951,0.781,39.07,37.46,39.08,82.35,0.93,EIA/OPEC ASB 2025 + synthetic fill
2004,5,2004-05-01,Libya,AFR,True,1.47,1.213,39.07,37.46,39.08,82.35,1.44,EIA/OPEC ASB 2025 + synthetic fill
2004,5,2004-05-01,Qatar,Gulf,True,0.769,0.627,39.07,37.46,39.08,82.35,0.75,EIA/OPEC ASB 2025 + synthetic fill
2004,5,2004-05-01,Algeria,AFR,True,1.287,0.901,39.07,37.46,39.08,82.35,1.07,EIA/OPEC ASB 2025 + synthetic fill
2004,5,2004-05-01,Angola,AFR,True,0.751,0.655,39.07,37.46,39.08,82.35,0.78,EIA/OPEC ASB 2025 + synthetic fill
2004,5,2004-05-01,Mexico,LAm,False,3.341,1.747,39.07,37.46,39.08,82.35,2.08,EIA/OPEC ASB 2025 + synthetic fill
2004,5,2004-05-01,Brazil,LAm,False,1.589,0.604,39.07,37.46,39.08,82.35,0.72,EIA/OPEC ASB 2025 + synthetic fill
2004,6,2004-06-01,Saudi Arabia,Gulf,True,9.152,6.952,42.74,41.69,42.15,82.52,9.04,EIA/OPEC ASB 2025 + synthetic fill
2004,6,2004-06-01,Russia,CIS,False,8.467,6.253,42.74,41.69,42.15,82.52,8.13,EIA/OPEC ASB 2025 + synthetic fill
2004,6,2004-06-01,United States,NAm,False,5.278,0.191,42.74,41.69,42.15,82.52,0.25,EIA/OPEC ASB 2025 + synthetic fill
2004,6,2004-06-01,Iraq,Gulf,True,1.995,1.567,42.74,41.69,42.15,82.52,2.04,EIA/OPEC ASB 2025 + synthetic fill
2004,6,2004-06-01,United Arab Emirates,Gulf,True,2.428,2.107,42.74,41.69,42.15,82.52,2.74,EIA/OPEC ASB 2025 + synthetic fill
2004,6,2004-06-01,Iran,Gulf,True,3.95,2.399,42.74,41.69,42.15,82.52,3.12,EIA/OPEC ASB 2025 + synthetic fill
2004,6,2004-06-01,Kuwait,Gulf,True,2.116,1.769,42.74,41.69,42.15,82.52,2.3,EIA/OPEC ASB 2025 + synthetic fill
2004,6,2004-06-01,Venezuela,LAm,True,2.686,2.176,42.74,41.69,42.15,82.52,2.83,EIA/OPEC ASB 2025 + synthetic fill
2004,6,2004-06-01,Nigeria,AFR,True,2.044,1.855,42.74,41.69,42.15,82.52,2.41,EIA/OPEC ASB 2025 + synthetic fill
2004,6,2004-06-01,Canada,NAm,False,2.994,2.051,42.74,41.69,42.15,82.52,2.67,EIA/OPEC ASB 2025 + synthetic fill
2004,6,2004-06-01,Norway,EUR,False,2.768,2.362,42.74,41.69,42.15,82.52,3.07,EIA/OPEC ASB 2025 + synthetic fill
2004,6,2004-06-01,Kazakhstan,CIS,False,0.956,0.796,42.74,41.69,42.15,82.52,1.03,EIA/OPEC ASB 2025 + synthetic fill
2004,6,2004-06-01,Libya,AFR,True,1.534,1.294,42.74,41.69,42.15,82.52,1.68,EIA/OPEC ASB 2025 + synthetic fill
2004,6,2004-06-01,Qatar,Gulf,True,0.742,0.592,42.74,41.69,42.15,82.52,0.77,EIA/OPEC ASB 2025 + synthetic fill
2004,6,2004-06-01,Algeria,AFR,True,1.254,0.852,42.74,41.69,42.15,82.52,1.11,EIA/OPEC ASB 2025 + synthetic fill
2004,6,2004-06-01,Angola,AFR,True,0.751,0.644,42.74,41.69,42.15,82.52,0.84,EIA/OPEC ASB 2025 + synthetic fill
2004,6,2004-06-01,Mexico,LAm,False,3.264,1.727,42.74,41.69,42.15,82.52,2.25,EIA/OPEC ASB 2025 + synthetic fill
2004,6,2004-06-01,Brazil,LAm,False,1.674,0.67,42.74,41.69,42.15,82.52,0.87,EIA/OPEC ASB 2025 + synthetic fill
2004,7,2004-07-01,Saudi Arabia,Gulf,True,9.592,7.793,42.02,40.85,42.39,82.71,9.96,EIA/OPEC ASB 2025 + synthetic fill
2004,7,2004-07-01,Russia,CIS,False,7.639,5.055,42.02,40.85,42.39,82.71,6.46,EIA/OPEC ASB 2025 + synthetic fill
2004,7,2004-07-01,United States,NAm,False,5.656,0.204,42.02,40.85,42.39,82.71,0.26,EIA/OPEC ASB 2025 + synthetic fill
2004,7,2004-07-01,Iraq,Gulf,True,2.147,1.801,42.02,40.85,42.39,82.71,2.3,EIA/OPEC ASB 2025 + synthetic fill
2004,7,2004-07-01,United Arab Emirates,Gulf,True,2.535,2.24,42.02,40.85,42.39,82.71,2.86,EIA/OPEC ASB 2025 + synthetic fill
2004,7,2004-07-01,Iran,Gulf,True,3.97,2.559,42.02,40.85,42.39,82.71,3.27,EIA/OPEC ASB 2025 + synthetic fill
2004,7,2004-07-01,Kuwait,Gulf,True,2.025,1.77,42.02,40.85,42.39,82.71,2.26,EIA/OPEC ASB 2025 + synthetic fill
2004,7,2004-07-01,Venezuela,LAm,True,2.671,2.172,42.02,40.85,42.39,82.71,2.78,EIA/OPEC ASB 2025 + synthetic fill
2004,7,2004-07-01,Nigeria,AFR,True,2.128,1.739,42.02,40.85,42.39,82.71,2.22,EIA/OPEC ASB 2025 + synthetic fill
2004,7,2004-07-01,Canada,NAm,False,2.97,2.217,42.02,40.85,42.39,82.71,2.83,EIA/OPEC ASB 2025 + synthetic fill
2004,7,2004-07-01,Norway,EUR,False,2.705,2.206,42.02,40.85,42.39,82.71,2.82,EIA/OPEC ASB 2025 + synthetic fill
2004,7,2004-07-01,Kazakhstan,CIS,False,1.034,0.849,42.02,40.85,42.39,82.71,1.09,EIA/OPEC ASB 2025 + synthetic fill
2004,7,2004-07-01,Libya,AFR,True,1.607,1.423,42.02,40.85,42.39,82.71,1.82,EIA/OPEC ASB 2025 + synthetic fill
2004,7,2004-07-01,Qatar,Gulf,True,0.793,0.628,42.02,40.85,42.39,82.71,0.8,EIA/OPEC ASB 2025 + synthetic fill
2004,7,2004-07-01,Algeria,AFR,True,1.26,0.89,42.02,40.85,42.39,82.71,1.14,EIA/OPEC ASB 2025 + synthetic fill
2004,7,2004-07-01,Angola,AFR,True,0.749,0.673,42.02,40.85,42.39,82.71,0.86,EIA/OPEC ASB 2025 + synthetic fill
2004,7,2004-07-01,Mexico,LAm,False,3.322,1.853,42.02,40.85,42.39,82.71,2.37,EIA/OPEC ASB 2025 + synthetic fill
2004,7,2004-07-01,Brazil,LAm,False,1.711,0.642,42.02,40.85,42.39,82.71,0.82,EIA/OPEC ASB 2025 + synthetic fill
2004,8,2004-08-01,Saudi Arabia,Gulf,True,9.062,7.849,39.61,37.52,37.63,82.43,9.46,EIA/OPEC ASB 2025 + synthetic fill
2004,8,2004-08-01,Russia,CIS,False,7.974,5.584,39.61,37.52,37.63,82.43,6.73,EIA/OPEC ASB 2025 + synthetic fill
2004,8,2004-08-01,United States,NAm,False,5.29,0.17,39.61,37.52,37.63,82.43,0.2,EIA/OPEC ASB 2025 + synthetic fill
2004,8,2004-08-01,Iraq,Gulf,True,2.039,1.724,39.61,37.52,37.63,82.43,2.08,EIA/OPEC ASB 2025 + synthetic fill
2004,8,2004-08-01,United Arab Emirates,Gulf,True,2.428,2.073,39.61,37.52,37.63,82.43,2.5,EIA/OPEC ASB 2025 + synthetic fill
2004,8,2004-08-01,Iran,Gulf,True,3.782,2.176,39.61,37.52,37.63,82.43,2.62,EIA/OPEC ASB 2025 + synthetic fill
2004,8,2004-08-01,Kuwait,Gulf,True,2.082,1.827,39.61,37.52,37.63,82.43,2.2,EIA/OPEC ASB 2025 + synthetic fill
2004,8,2004-08-01,Venezuela,LAm,True,2.631,2.114,39.61,37.52,37.63,82.43,2.55,EIA/OPEC ASB 2025 + synthetic fill
2004,8,2004-08-01,Nigeria,AFR,True,2.104,1.737,39.61,37.52,37.63,82.43,2.09,EIA/OPEC ASB 2025 + synthetic fill
2004,8,2004-08-01,Canada,NAm,False,2.963,2.07,39.61,37.52,37.63,82.43,2.49,EIA/OPEC ASB 2025 + synthetic fill
2004,8,2004-08-01,Norway,EUR,False,2.812,2.245,39.61,37.52,37.63,82.43,2.7,EIA/OPEC ASB 2025 + synthetic fill
2004,8,2004-08-01,Kazakhstan,CIS,False,1.013,0.796,39.61,37.52,37.63,82.43,0.96,EIA/OPEC ASB 2025 + synthetic fill
2004,8,2004-08-01,Libya,AFR,True,1.497,1.198,39.61,37.52,37.63,82.43,1.44,EIA/OPEC ASB 2025 + synthetic fill
2004,8,2004-08-01,Qatar,Gulf,True,0.744,0.577,39.61,37.52,37.63,82.43,0.7,EIA/OPEC ASB 2025 + synthetic fill
2004,8,2004-08-01,Algeria,AFR,True,1.285,0.893,39.61,37.52,37.63,82.43,1.08,EIA/OPEC ASB 2025 + synthetic fill
2004,8,2004-08-01,Angola,AFR,True,0.764,0.645,39.61,37.52,37.63,82.43,0.78,EIA/OPEC ASB 2025 + synthetic fill
2004,8,2004-08-01,Mexico,LAm,False,3.378,1.666,39.61,37.52,37.63,82.43,2.01,EIA/OPEC ASB 2025 + synthetic fill
2004,8,2004-08-01,Brazil,LAm,False,1.697,0.683,39.61,37.52,37.63,82.43,0.82,EIA/OPEC ASB 2025 + synthetic fill
2004,9,2004-09-01,Saudi Arabia,Gulf,True,9.2,7.29,41.81,38.52,42.3,82.03,9.27,EIA/OPEC ASB 2025 + synthetic fill
2004,9,2004-09-01,Russia,CIS,False,8.054,5.69,41.81,38.52,42.3,82.03,7.24,EIA/OPEC ASB 2025 + synthetic fill
2004,9,2004-09-01,United States,NAm,False,5.499,0.186,41.81,38.52,42.3,82.03,0.24,EIA/OPEC ASB 2025 + synthetic fill
2004,9,2004-09-01,Iraq,Gulf,True,2.147,1.781,41.81,38.52,42.3,82.03,2.26,EIA/OPEC ASB 2025 + synthetic fill
2004,9,2004-09-01,United Arab Emirates,Gulf,True,2.44,2.135,41.81,38.52,42.3,82.03,2.72,EIA/OPEC ASB 2025 + synthetic fill
2004,9,2004-09-01,Iran,Gulf,True,3.971,2.445,41.81,38.52,42.3,82.03,3.11,EIA/OPEC ASB 2025 + synthetic fill
2004,9,2004-09-01,Kuwait,Gulf,True,2.071,1.66,41.81,38.52,42.3,82.03,2.11,EIA/OPEC ASB 2025 + synthetic fill
2004,9,2004-09-01,Venezuela,LAm,True,2.695,2.162,41.81,38.52,42.3,82.03,2.75,EIA/OPEC ASB 2025 + synthetic fill
2004,9,2004-09-01,Nigeria,AFR,True,2.145,1.851,41.81,38.52,42.3,82.03,2.35,EIA/OPEC ASB 2025 + synthetic fill
2004,9,2004-09-01,Canada,NAm,False,2.946,2.19,41.81,38.52,42.3,82.03,2.79,EIA/OPEC ASB 2025 + synthetic fill
2004,9,2004-09-01,Norway,EUR,False,2.783,2.428,41.81,38.52,42.3,82.03,3.09,EIA/OPEC ASB 2025 + synthetic fill
2004,9,2004-09-01,Kazakhstan,CIS,False,1.02,0.849,41.81,38.52,42.3,82.03,1.08,EIA/OPEC ASB 2025 + synthetic fill
2004,9,2004-09-01,Libya,AFR,True,1.555,1.3,41.81,38.52,42.3,82.03,1.65,EIA/OPEC ASB 2025 + synthetic fill
2004,9,2004-09-01,Qatar,Gulf,True,0.748,0.63,41.81,38.52,42.3,82.03,0.8,EIA/OPEC ASB 2025 + synthetic fill
2004,9,2004-09-01,Algeria,AFR,True,1.258,0.956,41.81,38.52,42.3,82.03,1.22,EIA/OPEC ASB 2025 + synthetic fill
2004,9,2004-09-01,Angola,AFR,True,0.766,0.701,41.81,38.52,42.3,82.03,0.89,EIA/OPEC ASB 2025 + synthetic fill
2004,9,2004-09-01,Mexico,LAm,False,3.366,1.762,41.81,38.52,42.3,82.03,2.24,EIA/OPEC ASB 2025 + synthetic fill
2004,9,2004-09-01,Brazil,LAm,False,1.726,0.664,41.81,38.52,42.3,82.03,0.84,EIA/OPEC ASB 2025 + synthetic fill
2004,10,2004-10-01,Saudi Arabia,Gulf,True,9.534,7.874,37.12,32.85,36.94,82.79,8.89,EIA/OPEC ASB 2025 + synthetic fill
2004,10,2004-10-01,Russia,CIS,False,8.166,5.812,37.12,32.85,36.94,82.79,6.56,EIA/OPEC ASB 2025 + synthetic fill
2004,10,2004-10-01,United States,NAm,False,5.289,0.192,37.12,32.85,36.94,82.79,0.22,EIA/OPEC ASB 2025 + synthetic fill
2004,10,2004-10-01,Iraq,Gulf,True,2.079,1.72,37.12,32.85,36.94,82.79,1.94,EIA/OPEC ASB 2025 + synthetic fill
2004,10,2004-10-01,United Arab Emirates,Gulf,True,2.383,2.099,37.12,32.85,36.94,82.79,2.37,EIA/OPEC ASB 2025 + synthetic fill
2004,10,2004-10-01,Iran,Gulf,True,3.84,2.387,37.12,32.85,36.94,82.79,2.7,EIA/OPEC ASB 2025 + synthetic fill
2004,10,2004-10-01,Kuwait,Gulf,True,2.139,1.792,37.12,32.85,36.94,82.79,2.02,EIA/OPEC ASB 2025 + synthetic fill
2004,10,2004-10-01,Venezuela,LAm,True,2.605,2.149,37.12,32.85,36.94,82.79,2.43,EIA/OPEC ASB 2025 + synthetic fill
2004,10,2004-10-01,Nigeria,AFR,True,2.074,1.799,37.12,32.85,36.94,82.79,2.03,EIA/OPEC ASB 2025 + synthetic fill
2004,10,2004-10-01,Canada,NAm,False,2.934,2.155,37.12,32.85,36.94,82.79,2.43,EIA/OPEC ASB 2025 + synthetic fill
2004,10,2004-10-01,Norway,EUR,False,2.817,2.516,37.12,32.85,36.94,82.79,2.84,EIA/OPEC ASB 2025 + synthetic fill
2004,10,2004-10-01,Kazakhstan,CIS,False,0.99,0.782,37.12,32.85,36.94,82.79,0.88,EIA/OPEC ASB 2025 + synthetic fill
2004,10,2004-10-01,Libya,AFR,True,1.499,1.363,37.12,32.85,36.94,82.79,1.54,EIA/OPEC ASB 2025 + synthetic fill
2004,10,2004-10-01,Qatar,Gulf,True,0.763,0.621,37.12,32.85,36.94,82.79,0.7,EIA/OPEC ASB 2025 + synthetic fill
2004,10,2004-10-01,Algeria,AFR,True,1.197,0.836,37.12,32.85,36.94,82.79,0.94,EIA/OPEC ASB 2025 + synthetic fill
2004,10,2004-10-01,Angola,AFR,True,0.741,0.671,37.12,32.85,36.94,82.79,0.76,EIA/OPEC ASB 2025 + synthetic fill
2004,10,2004-10-01,Mexico,LAm,False,3.282,1.619,37.12,32.85,36.94,82.79,1.83,EIA/OPEC ASB 2025 + synthetic fill
2004,10,2004-10-01,Brazil,LAm,False,1.657,0.655,37.12,32.85,36.94,82.79,0.74,EIA/OPEC ASB 2025 + synthetic fill
2004,11,2004-11-01,Saudi Arabia,Gulf,True,9.67,7.772,35.35,31.76,36.22,82.27,8.36,EIA/OPEC ASB 2025 + synthetic fill
2004,11,2004-11-01,Russia,CIS,False,7.984,5.848,35.35,31.76,36.22,82.27,6.29,EIA/OPEC ASB 2025 + synthetic fill
2004,11,2004-11-01,United States,NAm,False,5.49,0.174,35.35,31.76,36.22,82.27,0.19,EIA/OPEC ASB 2025 + synthetic fill
2004,11,2004-11-01,Iraq,Gulf,True,2.144,1.722,35.35,31.76,36.22,82.27,1.85,EIA/OPEC ASB 2025 + synthetic fill
2004,11,2004-11-01,United Arab Emirates,Gulf,True,2.328,2.137,35.35,31.76,36.22,82.27,2.3,EIA/OPEC ASB 2025 + synthetic fill
2004,11,2004-11-01,Iran,Gulf,True,3.94,2.409,35.35,31.76,36.22,82.27,2.59,EIA/OPEC ASB 2025 + synthetic fill
2004,11,2004-11-01,Kuwait,Gulf,True,2.051,1.807,35.35,31.76,36.22,82.27,1.94,EIA/OPEC ASB 2025 + synthetic fill
2004,11,2004-11-01,Venezuela,LAm,True,2.733,2.283,35.35,31.76,36.22,82.27,2.45,EIA/OPEC ASB 2025 + synthetic fill
2004,11,2004-11-01,Nigeria,AFR,True,2.052,1.624,35.35,31.76,36.22,82.27,1.75,EIA/OPEC ASB 2025 + synthetic fill
2004,11,2004-11-01,Canada,NAm,False,2.983,2.007,35.35,31.76,36.22,82.27,2.16,EIA/OPEC ASB 2025 + synthetic fill
2004,11,2004-11-01,Norway,EUR,False,2.652,2.095,35.35,31.76,36.22,82.27,2.25,EIA/OPEC ASB 2025 + synthetic fill
2004,11,2004-11-01,Kazakhstan,CIS,False,1.032,0.868,35.35,31.76,36.22,82.27,0.93,EIA/OPEC ASB 2025 + synthetic fill
2004,11,2004-11-01,Libya,AFR,True,1.557,1.327,35.35,31.76,36.22,82.27,1.43,EIA/OPEC ASB 2025 + synthetic fill
2004,11,2004-11-01,Qatar,Gulf,True,0.763,0.579,35.35,31.76,36.22,82.27,0.62,EIA/OPEC ASB 2025 + synthetic fill
2004,11,2004-11-01,Algeria,AFR,True,1.215,0.858,35.35,31.76,36.22,82.27,0.92,EIA/OPEC ASB 2025 + synthetic fill
2004,11,2004-11-01,Angola,AFR,True,0.752,0.663,35.35,31.76,36.22,82.27,0.71,EIA/OPEC ASB 2025 + synthetic fill
2004,11,2004-11-01,Mexico,LAm,False,3.37,1.844,35.35,31.76,36.22,82.27,1.98,EIA/OPEC ASB 2025 + synthetic fill
2004,11,2004-11-01,Brazil,LAm,False,1.709,0.615,35.35,31.76,36.22,82.27,0.66,EIA/OPEC ASB 2025 + synthetic fill
2004,12,2004-12-01,Saudi Arabia,Gulf,True,9.509,7.396,37.09,33.38,37.6,82.15,8.34,EIA/OPEC ASB 2025 + synthetic fill
2004,12,2004-12-01,Russia,CIS,False,8.017,5.397,37.09,33.38,37.6,82.15,6.09,EIA/OPEC ASB 2025 + synthetic fill
2004,12,2004-12-01,United States,NAm,False,5.03,0.165,37.09,33.38,37.6,82.15,0.19,EIA/OPEC ASB 2025 + synthetic fill
2004,12,2004-12-01,Iraq,Gulf,True,2.122,1.741,37.09,33.38,37.6,82.15,1.96,EIA/OPEC ASB 2025 + synthetic fill
2004,12,2004-12-01,United Arab Emirates,Gulf,True,2.434,2.188,37.09,33.38,37.6,82.15,2.47,EIA/OPEC ASB 2025 + synthetic fill
2004,12,2004-12-01,Iran,Gulf,True,4.084,2.306,37.09,33.38,37.6,82.15,2.6,EIA/OPEC ASB 2025 + synthetic fill
2004,12,2004-12-01,Kuwait,Gulf,True,2.074,1.783,37.09,33.38,37.6,82.15,2.01,EIA/OPEC ASB 2025 + synthetic fill
2004,12,2004-12-01,Venezuela,LAm,True,2.676,2.173,37.09,33.38,37.6,82.15,2.45,EIA/OPEC ASB 2025 + synthetic fill
2004,12,2004-12-01,Nigeria,AFR,True,2.09,1.837,37.09,33.38,37.6,82.15,2.07,EIA/OPEC ASB 2025 + synthetic fill
2004,12,2004-12-01,Canada,NAm,False,2.943,2.189,37.09,33.38,37.6,82.15,2.47,EIA/OPEC ASB 2025 + synthetic fill
2004,12,2004-12-01,Norway,EUR,False,2.833,2.491,37.09,33.38,37.6,82.15,2.81,EIA/OPEC ASB 2025 + synthetic fill
2004,12,2004-12-01,Kazakhstan,CIS,False,1.004,0.76,37.09,33.38,37.6,82.15,0.86,EIA/OPEC ASB 2025 + synthetic fill
2004,12,2004-12-01,Libya,AFR,True,1.517,1.258,37.09,33.38,37.6,82.15,1.42,EIA/OPEC ASB 2025 + synthetic fill
2004,12,2004-12-01,Qatar,Gulf,True,0.768,0.639,37.09,33.38,37.6,82.15,0.72,EIA/OPEC ASB 2025 + synthetic fill
2004,12,2004-12-01,Algeria,AFR,True,1.206,0.871,37.09,33.38,37.6,82.15,0.98,EIA/OPEC ASB 2025 + synthetic fill
2004,12,2004-12-01,Angola,AFR,True,0.745,0.649,37.09,33.38,37.6,82.15,0.73,EIA/OPEC ASB 2025 + synthetic fill
2004,12,2004-12-01,Mexico,LAm,False,3.333,1.832,37.09,33.38,37.6,82.15,2.07,EIA/OPEC ASB 2025 + synthetic fill
2004,12,2004-12-01,Brazil,LAm,False,1.663,0.644,37.09,33.38,37.6,82.15,0.73,EIA/OPEC ASB 2025 + synthetic fill
2005,1,2005-01-01,Saudi Arabia,Gulf,True,9.458,7.294,53.66,51.47,52.82,83.17,11.9,EIA/OPEC ASB 2025 + synthetic fill
2005,1,2005-01-01,Russia,CIS,False,8.105,5.574,53.66,51.47,52.82,83.17,9.1,EIA/OPEC ASB 2025 + synthetic fill
2005,1,2005-01-01,United States,NAm,False,5.42,0.185,53.66,51.47,52.82,83.17,0.3,EIA/OPEC ASB 2025 + synthetic fill
2005,1,2005-01-01,Iraq,Gulf,True,2.264,1.861,53.66,51.47,52.82,83.17,3.04,EIA/OPEC ASB 2025 + synthetic fill
2005,1,2005-01-01,United Arab Emirates,Gulf,True,2.438,2.114,53.66,51.47,52.82,83.17,3.45,EIA/OPEC ASB 2025 + synthetic fill
2005,1,2005-01-01,Iran,Gulf,True,4.034,2.487,53.66,51.47,52.82,83.17,4.06,EIA/OPEC ASB 2025 + synthetic fill
2005,1,2005-01-01,Kuwait,Gulf,True,2.074,1.884,53.66,51.47,52.82,83.17,3.07,EIA/OPEC ASB 2025 + synthetic fill
2005,1,2005-01-01,Venezuela,LAm,True,2.609,2.169,53.66,51.47,52.82,83.17,3.54,EIA/OPEC ASB 2025 + synthetic fill
2005,1,2005-01-01,Nigeria,AFR,True,2.071,1.711,53.66,51.47,52.82,83.17,2.79,EIA/OPEC ASB 2025 + synthetic fill
2005,1,2005-01-01,Canada,NAm,False,3.003,2.126,53.66,51.47,52.82,83.17,3.47,EIA/OPEC ASB 2025 + synthetic fill
2005,1,2005-01-01,Norway,EUR,False,2.862,2.225,53.66,51.47,52.82,83.17,3.63,EIA/OPEC ASB 2025 + synthetic fill
2005,1,2005-01-01,Kazakhstan,CIS,False,1.008,0.757,53.66,51.47,52.82,83.17,1.24,EIA/OPEC ASB 2025 + synthetic fill
2005,1,2005-01-01,Libya,AFR,True,1.577,1.354,53.66,51.47,52.82,83.17,2.21,EIA/OPEC ASB 2025 + synthetic fill
2005,1,2005-01-01,Qatar,Gulf,True,0.706,0.559,53.66,51.47,52.82,83.17,0.91,EIA/OPEC ASB 2025 + synthetic fill
2005,1,2005-01-01,Algeria,AFR,True,1.237,0.924,53.66,51.47,52.82,83.17,1.51,EIA/OPEC ASB 2025 + synthetic fill
2005,1,2005-01-01,Angola,AFR,True,0.732,0.627,53.66,51.47,52.82,83.17,1.02,EIA/OPEC ASB 2025 + synthetic fill
2005,1,2005-01-01,Mexico,LAm,False,3.418,1.858,53.66,51.47,52.82,83.17,3.03,EIA/OPEC ASB 2025 + synthetic fill
2005,1,2005-01-01,Brazil,LAm,False,1.695,0.626,53.66,51.47,52.82,83.17,1.02,EIA/OPEC ASB 2025 + synthetic fill
2005,2,2005-02-01,Saudi Arabia,Gulf,True,9.343,7.671,52.83,51.16,52.46,83.97,12.33,EIA/OPEC ASB 2025 + synthetic fill
2005,2,2005-02-01,Russia,CIS,False,7.72,5.161,52.83,51.16,52.46,83.97,8.29,EIA/OPEC ASB 2025 + synthetic fill
2005,2,2005-02-01,United States,NAm,False,5.506,0.197,52.83,51.16,52.46,83.97,0.32,EIA/OPEC ASB 2025 + synthetic fill
2005,2,2005-02-01,Iraq,Gulf,True,2.266,1.849,52.83,51.16,52.46,83.97,2.97,EIA/OPEC ASB 2025 + synthetic fill
2005,2,2005-02-01,United Arab Emirates,Gulf,True,2.408,2.253,52.83,51.16,52.46,83.97,3.62,EIA/OPEC ASB 2025 + synthetic fill
2005,2,2005-02-01,Iran,Gulf,True,3.934,2.396,52.83,51.16,52.46,83.97,3.85,EIA/OPEC ASB 2025 + synthetic fill
2005,2,2005-02-01,Kuwait,Gulf,True,2.124,1.886,52.83,51.16,52.46,83.97,3.03,EIA/OPEC ASB 2025 + synthetic fill
2005,2,2005-02-01,Venezuela,LAm,True,2.695,2.302,52.83,51.16,52.46,83.97,3.7,EIA/OPEC ASB 2025 + synthetic fill
2005,2,2005-02-01,Nigeria,AFR,True,2.041,1.72,52.83,51.16,52.46,83.97,2.76,EIA/OPEC ASB 2025 + synthetic fill
2005,2,2005-02-01,Canada,NAm,False,3.287,2.293,52.83,51.16,52.46,83.97,3.68,EIA/OPEC ASB 2025 + synthetic fill
2005,2,2005-02-01,Norway,EUR,False,2.827,2.526,52.83,51.16,52.46,83.97,4.06,EIA/OPEC ASB 2025 + synthetic fill
2005,2,2005-02-01,Kazakhstan,CIS,False,0.975,0.802,52.83,51.16,52.46,83.97,1.29,EIA/OPEC ASB 2025 + synthetic fill
2005,2,2005-02-01,Libya,AFR,True,1.544,1.341,52.83,51.16,52.46,83.97,2.15,EIA/OPEC ASB 2025 + synthetic fill
2005,2,2005-02-01,Qatar,Gulf,True,0.784,0.608,52.83,51.16,52.46,83.97,0.98,EIA/OPEC ASB 2025 + synthetic fill
2005,2,2005-02-01,Algeria,AFR,True,1.239,0.841,52.83,51.16,52.46,83.97,1.35,EIA/OPEC ASB 2025 + synthetic fill
2005,2,2005-02-01,Angola,AFR,True,0.724,0.59,52.83,51.16,52.46,83.97,0.95,EIA/OPEC ASB 2025 + synthetic fill
2005,2,2005-02-01,Mexico,LAm,False,3.416,1.679,52.83,51.16,52.46,83.97,2.7,EIA/OPEC ASB 2025 + synthetic fill
2005,2,2005-02-01,Brazil,LAm,False,1.733,0.646,52.83,51.16,52.46,83.97,1.04,EIA/OPEC ASB 2025 + synthetic fill
2005,3,2005-03-01,Saudi Arabia,Gulf,True,9.328,7.99,53.97,51.68,52.86,83.97,13.12,EIA/OPEC ASB 2025 + synthetic fill
2005,3,2005-03-01,Russia,CIS,False,8.232,6.221,53.97,51.68,52.86,83.97,10.21,EIA/OPEC ASB 2025 + synthetic fill
2005,3,2005-03-01,United States,NAm,False,5.304,0.193,53.97,51.68,52.86,83.97,0.32,EIA/OPEC ASB 2025 + synthetic fill
2005,3,2005-03-01,Iraq,Gulf,True,2.196,1.9,53.97,51.68,52.86,83.97,3.12,EIA/OPEC ASB 2025 + synthetic fill
2005,3,2005-03-01,United Arab Emirates,Gulf,True,2.564,2.448,53.97,51.68,52.86,83.97,4.02,EIA/OPEC ASB 2025 + synthetic fill
2005,3,2005-03-01,Iran,Gulf,True,3.809,2.183,53.97,51.68,52.86,83.97,3.58,EIA/OPEC ASB 2025 + synthetic fill
2005,3,2005-03-01,Kuwait,Gulf,True,2.127,1.859,53.97,51.68,52.86,83.97,3.05,EIA/OPEC ASB 2025 + synthetic fill
2005,3,2005-03-01,Venezuela,LAm,True,2.657,2.294,53.97,51.68,52.86,83.97,3.77,EIA/OPEC ASB 2025 + synthetic fill
2005,3,2005-03-01,Nigeria,AFR,True,2.106,1.784,53.97,51.68,52.86,83.97,2.93,EIA/OPEC ASB 2025 + synthetic fill
2005,3,2005-03-01,Canada,NAm,False,2.912,2.098,53.97,51.68,52.86,83.97,3.44,EIA/OPEC ASB 2025 + synthetic fill
2005,3,2005-03-01,Norway,EUR,False,2.785,2.311,53.97,51.68,52.86,83.97,3.79,EIA/OPEC ASB 2025 + synthetic fill
2005,3,2005-03-01,Kazakhstan,CIS,False,1.026,0.828,53.97,51.68,52.86,83.97,1.36,EIA/OPEC ASB 2025 + synthetic fill
2005,3,2005-03-01,Libya,AFR,True,1.551,1.334,53.97,51.68,52.86,83.97,2.19,EIA/OPEC ASB 2025 + synthetic fill
2005,3,2005-03-01,Qatar,Gulf,True,0.744,0.571,53.97,51.68,52.86,83.97,0.94,EIA/OPEC ASB 2025 + synthetic fill
2005,3,2005-03-01,Algeria,AFR,True,1.278,0.969,53.97,51.68,52.86,83.97,1.59,EIA/OPEC ASB 2025 + synthetic fill
2005,3,2005-03-01,Angola,AFR,True,0.743,0.622,53.97,51.68,52.86,83.97,1.02,EIA/OPEC ASB 2025 + synthetic fill
2005,3,2005-03-01,Mexico,LAm,False,3.547,1.92,53.97,51.68,52.86,83.97,3.15,EIA/OPEC ASB 2025 + synthetic fill
2005,3,2005-03-01,Brazil,LAm,False,1.721,0.677,53.97,51.68,52.86,83.97,1.11,EIA/OPEC ASB 2025 + synthetic fill
2005,4,2005-04-01,Saudi Arabia,Gulf,True,9.225,7.446,52.64,50.21,53.45,83.71,11.92,EIA/OPEC ASB 2025 + synthetic fill
2005,4,2005-04-01,Russia,CIS,False,8.06,5.467,52.64,50.21,53.45,83.71,8.75,EIA/OPEC ASB 2025 + synthetic fill
2005,4,2005-04-01,United States,NAm,False,5.297,0.177,52.64,50.21,53.45,83.71,0.28,EIA/OPEC ASB 2025 + synthetic fill
2005,4,2005-04-01,Iraq,Gulf,True,2.339,1.967,52.64,50.21,53.45,83.71,3.15,EIA/OPEC ASB 2025 + synthetic fill
2005,4,2005-04-01,United Arab Emirates,Gulf,True,2.337,2.074,52.64,50.21,53.45,83.71,3.32,EIA/OPEC ASB 2025 + synthetic fill
2005,4,2005-04-01,Iran,Gulf,True,3.914,2.429,52.64,50.21,53.45,83.71,3.89,EIA/OPEC ASB 2025 + synthetic fill
2005,4,2005-04-01,Kuwait,Gulf,True,2.123,1.874,52.64,50.21,53.45,83.71,3.0,EIA/OPEC ASB 2025 + synthetic fill
2005,4,2005-04-01,Venezuela,LAm,True,2.702,2.216,52.64,50.21,53.45,83.71,3.55,EIA/OPEC ASB 2025 + synthetic fill
2005,4,2005-04-01,Nigeria,AFR,True,2.174,1.829,52.64,50.21,53.45,83.71,2.93,EIA/OPEC ASB 2025 + synthetic fill
2005,4,2005-04-01,Canada,NAm,False,3.143,2.082,52.64,50.21,53.45,83.71,3.33,EIA/OPEC ASB 2025 + synthetic fill
2005,4,2005-04-01,Norway,EUR,False,2.835,2.431,52.64,50.21,53.45,83.71,3.89,EIA/OPEC ASB 2025 + synthetic fill
2005,4,2005-04-01,Kazakhstan,CIS,False,0.996,0.748,52.64,50.21,53.45,83.71,1.2,EIA/OPEC ASB 2025 + synthetic fill
2005,4,2005-04-01,Libya,AFR,True,1.526,1.389,52.64,50.21,53.45,83.71,2.22,EIA/OPEC ASB 2025 + synthetic fill
2005,4,2005-04-01,Qatar,Gulf,True,0.741,0.568,52.64,50.21,53.45,83.71,0.91,EIA/OPEC ASB 2025 + synthetic fill
2005,4,2005-04-01,Algeria,AFR,True,1.237,0.866,52.64,50.21,53.45,83.71,1.39,EIA/OPEC ASB 2025 + synthetic fill
2005,4,2005-04-01,Angola,AFR,True,0.738,0.669,52.64,50.21,53.45,83.71,1.07,EIA/OPEC ASB 2025 + synthetic fill
2005,4,2005-04-01,Mexico,LAm,False,3.443,1.755,52.64,50.21,53.45,83.71,2.81,EIA/OPEC ASB 2025 + synthetic fill
2005,4,2005-04-01,Brazil,LAm,False,1.773,0.694,52.64,50.21,53.45,83.71,1.11,EIA/OPEC ASB 2025 + synthetic fill
2005,5,2005-05-01,Saudi Arabia,Gulf,True,9.273,7.267,56.98,53.17,57.98,84.04,12.59,EIA/OPEC ASB 2025 + synthetic fill
2005,5,2005-05-01,Russia,CIS,False,8.12,5.888,56.98,53.17,57.98,84.04,10.2,EIA/OPEC ASB 2025 + synthetic fill
2005,5,2005-05-01,United States,NAm,False,5.528,0.197,56.98,53.17,57.98,84.04,0.34,EIA/OPEC ASB 2025 + synthetic fill
2005,5,2005-05-01,Iraq,Gulf,True,2.255,2.005,56.98,53.17,57.98,84.04,3.47,EIA/OPEC ASB 2025 + synthetic fill
2005,5,2005-05-01,United Arab Emirates,Gulf,True,2.372,2.022,56.98,53.17,57.98,84.04,3.5,EIA/OPEC ASB 2025 + synthetic fill
2005,5,2005-05-01,Iran,Gulf,True,3.985,2.371,56.98,53.17,57.98,84.04,4.11,EIA/OPEC ASB 2025 + synthetic fill
2005,5,2005-05-01,Kuwait,Gulf,True,2.097,1.732,56.98,53.17,57.98,84.04,3.0,EIA/OPEC ASB 2025 + synthetic fill
2005,5,2005-05-01,Venezuela,LAm,True,2.659,2.312,56.98,53.17,57.98,84.04,4.01,EIA/OPEC ASB 2025 + synthetic fill
2005,5,2005-05-01,Nigeria,AFR,True,2.159,1.898,56.98,53.17,57.98,84.04,3.29,EIA/OPEC ASB 2025 + synthetic fill
2005,5,2005-05-01,Canada,NAm,False,3.15,2.129,56.98,53.17,57.98,84.04,3.69,EIA/OPEC ASB 2025 + synthetic fill
2005,5,2005-05-01,Norway,EUR,False,2.825,2.37,56.98,53.17,57.98,84.04,4.11,EIA/OPEC ASB 2025 + synthetic fill
2005,5,2005-05-01,Kazakhstan,CIS,False,0.999,0.736,56.98,53.17,57.98,84.04,1.28,EIA/OPEC ASB 2025 + synthetic fill
2005,5,2005-05-01,Libya,AFR,True,1.516,1.342,56.98,53.17,57.98,84.04,2.33,EIA/OPEC ASB 2025 + synthetic fill
2005,5,2005-05-01,Qatar,Gulf,True,0.734,0.592,56.98,53.17,57.98,84.04,1.03,EIA/OPEC ASB 2025 + synthetic fill
2005,5,2005-05-01,Algeria,AFR,True,1.269,0.928,56.98,53.17,57.98,84.04,1.61,EIA/OPEC ASB 2025 + synthetic fill
2005,5,2005-05-01,Angola,AFR,True,0.766,0.691,56.98,53.17,57.98,84.04,1.2,EIA/OPEC ASB 2025 + synthetic fill
2005,5,2005-05-01,Mexico,LAm,False,3.433,1.864,56.98,53.17,57.98,84.04,3.23,EIA/OPEC ASB 2025 + synthetic fill
2005,5,2005-05-01,Brazil,LAm,False,1.761,0.679,56.98,53.17,57.98,84.04,1.18,EIA/OPEC ASB 2025 + synthetic fill
2005,6,2005-06-01,Saudi Arabia,Gulf,True,9.392,7.715,52.82,50.56,53.4,84.11,12.39,EIA/OPEC ASB 2025 + synthetic fill
2005,6,2005-06-01,Russia,CIS,False,8.202,5.882,52.82,50.56,53.4,84.11,9.45,EIA/OPEC ASB 2025 + synthetic fill
2005,6,2005-06-01,United States,NAm,False,5.14,0.18,52.82,50.56,53.4,84.11,0.29,EIA/OPEC ASB 2025 + synthetic fill
2005,6,2005-06-01,Iraq,Gulf,True,2.204,1.923,52.82,50.56,53.4,84.11,3.09,EIA/OPEC ASB 2025 + synthetic fill
2005,6,2005-06-01,United Arab Emirates,Gulf,True,2.372,2.158,52.82,50.56,53.4,84.11,3.47,EIA/OPEC ASB 2025 + synthetic fill
2005,6,2005-06-01,Iran,Gulf,True,3.89,2.357,52.82,50.56,53.4,84.11,3.79,EIA/OPEC ASB 2025 + synthetic fill
2005,6,2005-06-01,Kuwait,Gulf,True,2.099,1.669,52.82,50.56,53.4,84.11,2.68,EIA/OPEC ASB 2025 + synthetic fill
2005,6,2005-06-01,Venezuela,LAm,True,2.631,2.293,52.82,50.56,53.4,84.11,3.68,EIA/OPEC ASB 2025 + synthetic fill
2005,6,2005-06-01,Nigeria,AFR,True,2.159,1.732,52.82,50.56,53.4,84.11,2.78,EIA/OPEC ASB 2025 + synthetic fill
2005,6,2005-06-01,Canada,NAm,False,3.037,2.165,52.82,50.56,53.4,84.11,3.48,EIA/OPEC ASB 2025 + synthetic fill
2005,6,2005-06-01,Norway,EUR,False,2.712,2.418,52.82,50.56,53.4,84.11,3.88,EIA/OPEC ASB 2025 + synthetic fill
2005,6,2005-06-01,Kazakhstan,CIS,False,0.983,0.832,52.82,50.56,53.4,84.11,1.34,EIA/OPEC ASB 2025 + synthetic fill
2005,6,2005-06-01,Libya,AFR,True,1.559,1.406,52.82,50.56,53.4,84.11,2.26,EIA/OPEC ASB 2025 + synthetic fill
2005,6,2005-06-01,Qatar,Gulf,True,0.746,0.597,52.82,50.56,53.4,84.11,0.96,EIA/OPEC ASB 2025 + synthetic fill
2005,6,2005-06-01,Algeria,AFR,True,1.219,0.901,52.82,50.56,53.4,84.11,1.45,EIA/OPEC ASB 2025 + synthetic fill
2005,6,2005-06-01,Angola,AFR,True,0.771,0.704,52.82,50.56,53.4,84.11,1.13,EIA/OPEC ASB 2025 + synthetic fill
2005,6,2005-06-01,Mexico,LAm,False,3.402,1.674,52.82,50.56,53.4,84.11,2.69,EIA/OPEC ASB 2025 + synthetic fill
2005,6,2005-06-01,Brazil,LAm,False,1.758,0.647,52.82,50.56,53.4,84.11,1.04,EIA/OPEC ASB 2025 + synthetic fill
2005,7,2005-07-01,Saudi Arabia,Gulf,True,9.229,7.434,57.41,53.25,56.89,83.63,12.98,EIA/OPEC ASB 2025 + synthetic fill
2005,7,2005-07-01,Russia,CIS,False,7.958,5.788,57.41,53.25,56.89,83.63,10.11,EIA/OPEC ASB 2025 + synthetic fill
2005,7,2005-07-01,United States,NAm,False,5.46,0.189,57.41,53.25,56.89,83.63,0.33,EIA/OPEC ASB 2025 + synthetic fill
2005,7,2005-07-01,Iraq,Gulf,True,2.316,1.865,57.41,53.25,56.89,83.63,3.26,EIA/OPEC ASB 2025 + synthetic fill
2005,7,2005-07-01,United Arab Emirates,Gulf,True,2.374,2.064,57.41,53.25,56.89,83.63,3.6,EIA/OPEC ASB 2025 + synthetic fill
2005,7,2005-07-01,Iran,Gulf,True,4.07,2.57,57.41,53.25,56.89,83.63,4.49,EIA/OPEC ASB 2025 + synthetic fill
2005,7,2005-07-01,Kuwait,Gulf,True,2.049,1.772,57.41,53.25,56.89,83.63,3.09,EIA/OPEC ASB 2025 + synthetic fill
2005,7,2005-07-01,Venezuela,LAm,True,2.67,2.307,57.41,53.25,56.89,83.63,4.03,EIA/OPEC ASB 2025 + synthetic fill
2005,7,2005-07-01,Nigeria,AFR,True,2.092,1.825,57.41,53.25,56.89,83.63,3.19,EIA/OPEC ASB 2025 + synthetic fill
2005,7,2005-07-01,Canada,NAm,False,3.049,2.244,57.41,53.25,56.89,83.63,3.92,EIA/OPEC ASB 2025 + synthetic fill
2005,7,2005-07-01,Norway,EUR,False,2.794,2.197,57.41,53.25,56.89,83.63,3.84,EIA/OPEC ASB 2025 + synthetic fill
2005,7,2005-07-01,Kazakhstan,CIS,False,0.993,0.779,57.41,53.25,56.89,83.63,1.36,EIA/OPEC ASB 2025 + synthetic fill
2005,7,2005-07-01,Libya,AFR,True,1.491,1.245,57.41,53.25,56.89,83.63,2.17,EIA/OPEC ASB 2025 + synthetic fill
2005,7,2005-07-01,Qatar,Gulf,True,0.757,0.62,57.41,53.25,56.89,83.63,1.08,EIA/OPEC ASB 2025 + synthetic fill
2005,7,2005-07-01,Algeria,AFR,True,1.249,0.916,57.41,53.25,56.89,83.63,1.6,EIA/OPEC ASB 2025 + synthetic fill
2005,7,2005-07-01,Angola,AFR,True,0.741,0.654,57.41,53.25,56.89,83.63,1.14,EIA/OPEC ASB 2025 + synthetic fill
2005,7,2005-07-01,Mexico,LAm,False,3.508,1.845,57.41,53.25,56.89,83.63,3.22,EIA/OPEC ASB 2025 + synthetic fill
2005,7,2005-07-01,Brazil,LAm,False,1.875,0.743,57.41,53.25,56.89,83.63,1.3,EIA/OPEC ASB 2025 + synthetic fill
2005,8,2005-08-01,Saudi Arabia,Gulf,True,9.375,7.937,55.51,54.0,54.17,83.42,13.4,EIA/OPEC ASB 2025 + synthetic fill
2005,8,2005-08-01,Russia,CIS,False,8.567,5.655,55.51,54.0,54.17,83.42,9.55,EIA/OPEC ASB 2025 + synthetic fill
2005,8,2005-08-01,United States,NAm,False,5.351,0.171,55.51,54.0,54.17,83.42,0.29,EIA/OPEC ASB 2025 + synthetic fill
2005,8,2005-08-01,Iraq,Gulf,True,2.254,1.931,55.51,54.0,54.17,83.42,3.26,EIA/OPEC ASB 2025 + synthetic fill
2005,8,2005-08-01,United Arab Emirates,Gulf,True,2.379,2.145,55.51,54.0,54.17,83.42,3.62,EIA/OPEC ASB 2025 + synthetic fill
2005,8,2005-08-01,Iran,Gulf,True,3.942,2.338,55.51,54.0,54.17,83.42,3.95,EIA/OPEC ASB 2025 + synthetic fill
2005,8,2005-08-01,Kuwait,Gulf,True,2.032,1.692,55.51,54.0,54.17,83.42,2.86,EIA/OPEC ASB 2025 + synthetic fill
2005,8,2005-08-01,Venezuela,LAm,True,2.683,2.137,55.51,54.0,54.17,83.42,3.61,EIA/OPEC ASB 2025 + synthetic fill
2005,8,2005-08-01,Nigeria,AFR,True,2.155,1.886,55.51,54.0,54.17,83.42,3.18,EIA/OPEC ASB 2025 + synthetic fill
2005,8,2005-08-01,Canada,NAm,False,3.148,2.158,55.51,54.0,54.17,83.42,3.64,EIA/OPEC ASB 2025 + synthetic fill
2005,8,2005-08-01,Norway,EUR,False,2.756,2.42,55.51,54.0,54.17,83.42,4.09,EIA/OPEC ASB 2025 + synthetic fill
2005,8,2005-08-01,Kazakhstan,CIS,False,1.0,0.763,55.51,54.0,54.17,83.42,1.29,EIA/OPEC ASB 2025 + synthetic fill
2005,8,2005-08-01,Libya,AFR,True,1.505,1.227,55.51,54.0,54.17,83.42,2.07,EIA/OPEC ASB 2025 + synthetic fill
2005,8,2005-08-01,Qatar,Gulf,True,0.753,0.633,55.51,54.0,54.17,83.42,1.07,EIA/OPEC ASB 2025 + synthetic fill
2005,8,2005-08-01,Algeria,AFR,True,1.275,0.962,55.51,54.0,54.17,83.42,1.62,EIA/OPEC ASB 2025 + synthetic fill
2005,8,2005-08-01,Angola,AFR,True,0.731,0.649,55.51,54.0,54.17,83.42,1.1,EIA/OPEC ASB 2025 + synthetic fill
2005,8,2005-08-01,Mexico,LAm,False,3.335,1.727,55.51,54.0,54.17,83.42,2.92,EIA/OPEC ASB 2025 + synthetic fill
2005,8,2005-08-01,Brazil,LAm,False,1.815,0.713,55.51,54.0,54.17,83.42,1.2,EIA/OPEC ASB 2025 + synthetic fill
2005,9,2005-09-01,Saudi Arabia,Gulf,True,9.566,8.135,54.38,51.89,53.87,83.72,13.46,EIA/OPEC ASB 2025 + synthetic fill
2005,9,2005-09-01,Russia,CIS,False,8.085,6.106,54.38,51.89,53.87,83.72,10.1,EIA/OPEC ASB 2025 + synthetic fill
2005,9,2005-09-01,United States,NAm,False,5.358,0.182,54.38,51.89,53.87,83.72,0.3,EIA/OPEC ASB 2025 + synthetic fill
2005,9,2005-09-01,Iraq,Gulf,True,2.306,1.859,54.38,51.89,53.87,83.72,3.07,EIA/OPEC ASB 2025 + synthetic fill
2005,9,2005-09-01,United Arab Emirates,Gulf,True,2.43,2.222,54.38,51.89,53.87,83.72,3.68,EIA/OPEC ASB 2025 + synthetic fill
2005,9,2005-09-01,Iran,Gulf,True,3.887,2.188,54.38,51.89,53.87,83.72,3.62,EIA/OPEC ASB 2025 + synthetic fill
2005,9,2005-09-01,Kuwait,Gulf,True,2.121,1.75,54.38,51.89,53.87,83.72,2.89,EIA/OPEC ASB 2025 + synthetic fill
2005,9,2005-09-01,Venezuela,LAm,True,2.762,2.318,54.38,51.89,53.87,83.72,3.83,EIA/OPEC ASB 2025 + synthetic fill
2005,9,2005-09-01,Nigeria,AFR,True,2.032,1.723,54.38,51.89,53.87,83.72,2.85,EIA/OPEC ASB 2025 + synthetic fill
2005,9,2005-09-01,Canada,NAm,False,3.123,2.312,54.38,51.89,53.87,83.72,3.82,EIA/OPEC ASB 2025 + synthetic fill
2005,9,2005-09-01,Norway,EUR,False,2.823,2.445,54.38,51.89,53.87,83.72,4.04,EIA/OPEC ASB 2025 + synthetic fill
2005,9,2005-09-01,Kazakhstan,CIS,False,1.051,0.802,54.38,51.89,53.87,83.72,1.33,EIA/OPEC ASB 2025 + synthetic fill
2005,9,2005-09-01,Libya,AFR,True,1.582,1.306,54.38,51.89,53.87,83.72,2.16,EIA/OPEC ASB 2025 + synthetic fill
2005,9,2005-09-01,Qatar,Gulf,True,0.751,0.582,54.38,51.89,53.87,83.72,0.96,EIA/OPEC ASB 2025 + synthetic fill
2005,9,2005-09-01,Algeria,AFR,True,1.284,0.974,54.38,51.89,53.87,83.72,1.61,EIA/OPEC ASB 2025 + synthetic fill
2005,9,2005-09-01,Angola,AFR,True,0.718,0.573,54.38,51.89,53.87,83.72,0.95,EIA/OPEC ASB 2025 + synthetic fill
2005,9,2005-09-01,Mexico,LAm,False,3.309,1.79,54.38,51.89,53.87,83.72,2.96,EIA/OPEC ASB 2025 + synthetic fill
2005,9,2005-09-01,Brazil,LAm,False,1.738,0.625,54.38,51.89,53.87,83.72,1.03,EIA/OPEC ASB 2025 + synthetic fill
2005,10,2005-10-01,Saudi Arabia,Gulf,True,9.829,7.552,51.67,48.7,52.49,83.56,11.87,EIA/OPEC ASB 2025 + synthetic fill
2005,10,2005-10-01,Russia,CIS,False,8.166,6.119,51.67,48.7,52.49,83.56,9.62,EIA/OPEC ASB 2025 + synthetic fill
2005,10,2005-10-01,United States,NAm,False,5.435,0.191,51.67,48.7,52.49,83.56,0.3,EIA/OPEC ASB 2025 + synthetic fill
2005,10,2005-10-01,Iraq,Gulf,True,2.286,1.867,51.67,48.7,52.49,83.56,2.93,EIA/OPEC ASB 2025 + synthetic fill
2005,10,2005-10-01,United Arab Emirates,Gulf,True,2.425,2.075,51.67,48.7,52.49,83.56,3.26,EIA/OPEC ASB 2025 + synthetic fill
2005,10,2005-10-01,Iran,Gulf,True,3.953,2.268,51.67,48.7,52.49,83.56,3.56,EIA/OPEC ASB 2025 + synthetic fill
2005,10,2005-10-01,Kuwait,Gulf,True,2.109,1.807,51.67,48.7,52.49,83.56,2.84,EIA/OPEC ASB 2025 + synthetic fill
2005,10,2005-10-01,Venezuela,LAm,True,2.654,2.169,51.67,48.7,52.49,83.56,3.41,EIA/OPEC ASB 2025 + synthetic fill
2005,10,2005-10-01,Nigeria,AFR,True,2.138,1.753,51.67,48.7,52.49,83.56,2.76,EIA/OPEC ASB 2025 + synthetic fill
2005,10,2005-10-01,Canada,NAm,False,3.1,2.152,51.67,48.7,52.49,83.56,3.38,EIA/OPEC ASB 2025 + synthetic fill
2005,10,2005-10-01,Norway,EUR,False,2.804,2.42,51.67,48.7,52.49,83.56,3.8,EIA/OPEC ASB 2025 + synthetic fill
2005,10,2005-10-01,Kazakhstan,CIS,False,0.963,0.743,51.67,48.7,52.49,83.56,1.17,EIA/OPEC ASB 2025 + synthetic fill
2005,10,2005-10-01,Libya,AFR,True,1.541,1.267,51.67,48.7,52.49,83.56,1.99,EIA/OPEC ASB 2025 + synthetic fill
2005,10,2005-10-01,Qatar,Gulf,True,0.757,0.623,51.67,48.7,52.49,83.56,0.98,EIA/OPEC ASB 2025 + synthetic fill
2005,10,2005-10-01,Algeria,AFR,True,1.234,0.838,51.67,48.7,52.49,83.56,1.32,EIA/OPEC ASB 2025 + synthetic fill
2005,10,2005-10-01,Angola,AFR,True,0.744,0.635,51.67,48.7,52.49,83.56,1.0,EIA/OPEC ASB 2025 + synthetic fill
2005,10,2005-10-01,Mexico,LAm,False,3.312,1.85,51.67,48.7,52.49,83.56,2.91,EIA/OPEC ASB 2025 + synthetic fill
2005,10,2005-10-01,Brazil,LAm,False,1.858,0.678,51.67,48.7,52.49,83.56,1.07,EIA/OPEC ASB 2025 + synthetic fill
2005,11,2005-11-01,Saudi Arabia,Gulf,True,9.295,7.789,51.72,50.24,52.25,83.82,12.25,EIA/OPEC ASB 2025 + synthetic fill
2005,11,2005-11-01,Russia,CIS,False,7.834,5.18,51.72,50.24,52.25,83.82,8.15,EIA/OPEC ASB 2025 + synthetic fill
2005,11,2005-11-01,United States,NAm,False,5.365,0.173,51.72,50.24,52.25,83.82,0.27,EIA/OPEC ASB 2025 + synthetic fill
2005,11,2005-11-01,Iraq,Gulf,True,2.299,1.844,51.72,50.24,52.25,83.82,2.9,EIA/OPEC ASB 2025 + synthetic fill
2005,11,2005-11-01,United Arab Emirates,Gulf,True,2.356,2.192,51.72,50.24,52.25,83.82,3.45,EIA/OPEC ASB 2025 + synthetic fill
2005,11,2005-11-01,Iran,Gulf,True,4.054,2.369,51.72,50.24,52.25,83.82,3.73,EIA/OPEC ASB 2025 + synthetic fill
2005,11,2005-11-01,Kuwait,Gulf,True,2.113,1.769,51.72,50.24,52.25,83.82,2.78,EIA/OPEC ASB 2025 + synthetic fill
2005,11,2005-11-01,Venezuela,LAm,True,2.674,2.191,51.72,50.24,52.25,83.82,3.45,EIA/OPEC ASB 2025 + synthetic fill
2005,11,2005-11-01,Nigeria,AFR,True,2.1,1.772,51.72,50.24,52.25,83.82,2.79,EIA/OPEC ASB 2025 + synthetic fill
2005,11,2005-11-01,Canada,NAm,False,3.066,2.279,51.72,50.24,52.25,83.82,3.59,EIA/OPEC ASB 2025 + synthetic fill
2005,11,2005-11-01,Norway,EUR,False,2.774,2.425,51.72,50.24,52.25,83.82,3.81,EIA/OPEC ASB 2025 + synthetic fill
2005,11,2005-11-01,Kazakhstan,CIS,False,1.003,0.849,51.72,50.24,52.25,83.82,1.34,EIA/OPEC ASB 2025 + synthetic fill
2005,11,2005-11-01,Libya,AFR,True,1.593,1.342,51.72,50.24,52.25,83.82,2.11,EIA/OPEC ASB 2025 + synthetic fill
2005,11,2005-11-01,Qatar,Gulf,True,0.776,0.626,51.72,50.24,52.25,83.82,0.98,EIA/OPEC ASB 2025 + synthetic fill
2005,11,2005-11-01,Algeria,AFR,True,1.225,0.843,51.72,50.24,52.25,83.82,1.33,EIA/OPEC ASB 2025 + synthetic fill
2005,11,2005-11-01,Angola,AFR,True,0.73,0.654,51.72,50.24,52.25,83.82,1.03,EIA/OPEC ASB 2025 + synthetic fill
2005,11,2005-11-01,Mexico,LAm,False,3.431,1.901,51.72,50.24,52.25,83.82,2.99,EIA/OPEC ASB 2025 + synthetic fill
2005,11,2005-11-01,Brazil,LAm,False,1.844,0.697,51.72,50.24,52.25,83.82,1.1,EIA/OPEC ASB 2025 + synthetic fill
2005,12,2005-12-01,Saudi Arabia,Gulf,True,9.734,7.563,55.26,50.94,55.27,84.07,12.71,EIA/OPEC ASB 2025 + synthetic fill
2005,12,2005-12-01,Russia,CIS,False,8.26,5.902,55.26,50.94,55.27,84.07,9.92,EIA/OPEC ASB 2025 + synthetic fill
2005,12,2005-12-01,United States,NAm,False,5.358,0.171,55.26,50.94,55.27,84.07,0.29,EIA/OPEC ASB 2025 + synthetic fill
2005,12,2005-12-01,Iraq,Gulf,True,2.306,1.967,55.26,50.94,55.27,84.07,3.31,EIA/OPEC ASB 2025 + synthetic fill
2005,12,2005-12-01,United Arab Emirates,Gulf,True,2.419,2.098,55.26,50.94,55.27,84.07,3.53,EIA/OPEC ASB 2025 + synthetic fill
2005,12,2005-12-01,Iran,Gulf,True,4.021,2.357,55.26,50.94,55.27,84.07,3.96,EIA/OPEC ASB 2025 + synthetic fill
2005,12,2005-12-01,Kuwait,Gulf,True,2.11,1.821,55.26,50.94,55.27,84.07,3.06,EIA/OPEC ASB 2025 + synthetic fill
2005,12,2005-12-01,Venezuela,LAm,True,2.661,2.116,55.26,50.94,55.27,84.07,3.56,EIA/OPEC ASB 2025 + synthetic fill
2005,12,2005-12-01,Nigeria,AFR,True,2.085,1.782,55.26,50.94,55.27,84.07,3.0,EIA/OPEC ASB 2025 + synthetic fill
2005,12,2005-12-01,Canada,NAm,False,3.215,2.149,55.26,50.94,55.27,84.07,3.61,EIA/OPEC ASB 2025 + synthetic fill
2005,12,2005-12-01,Norway,EUR,False,2.756,2.204,55.26,50.94,55.27,84.07,3.7,EIA/OPEC ASB 2025 + synthetic fill
2005,12,2005-12-01,Kazakhstan,CIS,False,1.013,0.846,55.26,50.94,55.27,84.07,1.42,EIA/OPEC ASB 2025 + synthetic fill
2005,12,2005-12-01,Libya,AFR,True,1.491,1.334,55.26,50.94,55.27,84.07,2.24,EIA/OPEC ASB 2025 + synthetic fill
2005,12,2005-12-01,Qatar,Gulf,True,0.746,0.615,55.26,50.94,55.27,84.07,1.03,EIA/OPEC ASB 2025 + synthetic fill
2005,12,2005-12-01,Algeria,AFR,True,1.304,0.911,55.26,50.94,55.27,84.07,1.53,EIA/OPEC ASB 2025 + synthetic fill
2005,12,2005-12-01,Angola,AFR,True,0.748,0.646,55.26,50.94,55.27,84.07,1.09,EIA/OPEC ASB 2025 + synthetic fill
2005,12,2005-12-01,Mexico,LAm,False,3.213,1.685,55.26,50.94,55.27,84.07,2.83,EIA/OPEC ASB 2025 + synthetic fill
2005,12,2005-12-01,Brazil,LAm,False,1.867,0.7,55.26,50.94,55.27,84.07,1.18,EIA/OPEC ASB 2025 + synthetic fill
2006,1,2006-01-01,Saudi Arabia,Gulf,True,9.506,8.289,63.91,62.03,62.22,84.74,16.11,EIA/OPEC ASB 2025 + synthetic fill
2006,1,2006-01-01,Russia,CIS,False,8.143,5.782,63.91,62.03,62.22,84.74,11.24,EIA/OPEC ASB 2025 + synthetic fill
2006,1,2006-01-01,United States,NAm,False,5.353,0.195,63.91,62.03,62.22,84.74,0.38,EIA/OPEC ASB 2025 + synthetic fill
2006,1,2006-01-01,Iraq,Gulf,True,2.141,1.68,63.91,62.03,62.22,84.74,3.27,EIA/OPEC ASB 2025 + synthetic fill
2006,1,2006-01-01,United Arab Emirates,Gulf,True,2.374,2.251,63.91,62.03,62.22,84.74,4.38,EIA/OPEC ASB 2025 + synthetic fill
2006,1,2006-01-01,Iran,Gulf,True,3.895,2.496,63.91,62.03,62.22,84.74,4.85,EIA/OPEC ASB 2025 + synthetic fill
2006,1,2006-01-01,Kuwait,Gulf,True,2.265,1.846,63.91,62.03,62.22,84.74,3.59,EIA/OPEC ASB 2025 + synthetic fill
2006,1,2006-01-01,Venezuela,LAm,True,2.747,2.377,63.91,62.03,62.22,84.74,4.62,EIA/OPEC ASB 2025 + synthetic fill
2006,1,2006-01-01,Nigeria,AFR,True,2.114,1.88,63.91,62.03,62.22,84.74,3.65,EIA/OPEC ASB 2025 + synthetic fill
2006,1,2006-01-01,Canada,NAm,False,3.08,2.303,63.91,62.03,62.22,84.74,4.48,EIA/OPEC ASB 2025 + synthetic fill
2006,1,2006-01-01,Norway,EUR,False,2.801,2.441,63.91,62.03,62.22,84.74,4.75,EIA/OPEC ASB 2025 + synthetic fill
2006,1,2006-01-01,Kazakhstan,CIS,False,1.03,0.839,63.91,62.03,62.22,84.74,1.63,EIA/OPEC ASB 2025 + synthetic fill
2006,1,2006-01-01,Libya,AFR,True,1.553,1.37,63.91,62.03,62.22,84.74,2.66,EIA/OPEC ASB 2025 + synthetic fill
2006,1,2006-01-01,Qatar,Gulf,True,0.748,0.63,63.91,62.03,62.22,84.74,1.22,EIA/OPEC ASB 2025 + synthetic fill
2006,1,2006-01-01,Algeria,AFR,True,1.213,0.827,63.91,62.03,62.22,84.74,1.61,EIA/OPEC ASB 2025 + synthetic fill
2006,1,2006-01-01,Angola,AFR,True,0.741,0.68,63.91,62.03,62.22,84.74,1.32,EIA/OPEC ASB 2025 + synthetic fill
2006,1,2006-01-01,Mexico,LAm,False,3.473,1.771,63.91,62.03,62.22,84.74,3.44,EIA/OPEC ASB 2025 + synthetic fill
2006,1,2006-01-01,Brazil,LAm,False,1.835,0.698,63.91,62.03,62.22,84.74,1.36,EIA/OPEC ASB 2025 + synthetic fill
2006,2,2006-02-01,Saudi Arabia,Gulf,True,10.035,7.836,65.45,63.57,64.87,84.62,15.6,EIA/OPEC ASB 2025 + synthetic fill
2006,2,2006-02-01,Russia,CIS,False,8.229,5.515,65.45,63.57,64.87,84.62,10.98,EIA/OPEC ASB 2025 + synthetic fill
2006,2,2006-02-01,United States,NAm,False,5.233,0.187,65.45,63.57,64.87,84.62,0.37,EIA/OPEC ASB 2025 + synthetic fill
2006,2,2006-02-01,Iraq,Gulf,True,2.26,1.833,65.45,63.57,64.87,84.62,3.65,EIA/OPEC ASB 2025 + synthetic fill
2006,2,2006-02-01,United Arab Emirates,Gulf,True,2.479,2.382,65.45,63.57,64.87,84.62,4.74,EIA/OPEC ASB 2025 + synthetic fill
2006,2,2006-02-01,Iran,Gulf,True,3.978,2.5,65.45,63.57,64.87,84.62,4.98,EIA/OPEC ASB 2025 + synthetic fill
2006,2,2006-02-01,Kuwait,Gulf,True,2.159,1.951,65.45,63.57,64.87,84.62,3.88,EIA/OPEC ASB 2025 + synthetic fill
2006,2,2006-02-01,Venezuela,LAm,True,2.559,2.073,65.45,63.57,64.87,84.62,4.13,EIA/OPEC ASB 2025 + synthetic fill
2006,2,2006-02-01,Nigeria,AFR,True,2.149,1.721,65.45,63.57,64.87,84.62,3.43,EIA/OPEC ASB 2025 + synthetic fill
2006,2,2006-02-01,Canada,NAm,False,3.134,2.171,65.45,63.57,64.87,84.62,4.32,EIA/OPEC ASB 2025 + synthetic fill
2006,2,2006-02-01,Norway,EUR,False,2.783,2.472,65.45,63.57,64.87,84.62,4.92,EIA/OPEC ASB 2025 + synthetic fill
2006,2,2006-02-01,Kazakhstan,CIS,False,1.011,0.834,65.45,63.57,64.87,84.62,1.66,EIA/OPEC ASB 2025 + synthetic fill
2006,2,2006-02-01,Libya,AFR,True,1.6,1.31,65.45,63.57,64.87,84.62,2.61,EIA/OPEC ASB 2025 + synthetic fill
2006,2,2006-02-01,Qatar,Gulf,True,0.743,0.627,65.45,63.57,64.87,84.62,1.25,EIA/OPEC ASB 2025 + synthetic fill
2006,2,2006-02-01,Algeria,AFR,True,1.225,0.909,65.45,63.57,64.87,84.62,1.81,EIA/OPEC ASB 2025 + synthetic fill
2006,2,2006-02-01,Angola,AFR,True,0.71,0.585,65.45,63.57,64.87,84.62,1.16,EIA/OPEC ASB 2025 + synthetic fill
2006,2,2006-02-01,Mexico,LAm,False,3.355,1.71,65.45,63.57,64.87,84.62,3.4,EIA/OPEC ASB 2025 + synthetic fill
2006,2,2006-02-01,Brazil,LAm,False,1.872,0.732,65.45,63.57,64.87,84.62,1.46,EIA/OPEC ASB 2025 + synthetic fill
2006,3,2006-03-01,Saudi Arabia,Gulf,True,8.921,7.752,68.03,63.23,66.18,84.85,16.04,EIA/OPEC ASB 2025 + synthetic fill
2006,3,2006-03-01,Russia,CIS,False,8.657,5.717,68.03,63.23,66.18,84.85,11.83,EIA/OPEC ASB 2025 + synthetic fill
2006,3,2006-03-01,United States,NAm,False,5.052,0.184,68.03,63.23,66.18,84.85,0.38,EIA/OPEC ASB 2025 + synthetic fill
2006,3,2006-03-01,Iraq,Gulf,True,2.325,1.857,68.03,63.23,66.18,84.85,3.84,EIA/OPEC ASB 2025 + synthetic fill
2006,3,2006-03-01,United Arab Emirates,Gulf,True,2.271,1.956,68.03,63.23,66.18,84.85,4.05,EIA/OPEC ASB 2025 + synthetic fill
2006,3,2006-03-01,Iran,Gulf,True,3.867,2.421,68.03,63.23,66.18,84.85,5.01,EIA/OPEC ASB 2025 + synthetic fill
2006,3,2006-03-01,Kuwait,Gulf,True,2.111,1.707,68.03,63.23,66.18,84.85,3.53,EIA/OPEC ASB 2025 + synthetic fill
2006,3,2006-03-01,Venezuela,LAm,True,2.854,2.483,68.03,63.23,66.18,84.85,5.14,EIA/OPEC ASB 2025 + synthetic fill
2006,3,2006-03-01,Nigeria,AFR,True,2.17,1.878,68.03,63.23,66.18,84.85,3.89,EIA/OPEC ASB 2025 + synthetic fill
2006,3,2006-03-01,Canada,NAm,False,3.241,2.437,68.03,63.23,66.18,84.85,5.04,EIA/OPEC ASB 2025 + synthetic fill
2006,3,2006-03-01,Norway,EUR,False,2.702,2.177,68.03,63.23,66.18,84.85,4.5,EIA/OPEC ASB 2025 + synthetic fill
2006,3,2006-03-01,Kazakhstan,CIS,False,1.006,0.748,68.03,63.23,66.18,84.85,1.55,EIA/OPEC ASB 2025 + synthetic fill
2006,3,2006-03-01,Libya,AFR,True,1.545,1.232,68.03,63.23,66.18,84.85,2.55,EIA/OPEC ASB 2025 + synthetic fill
2006,3,2006-03-01,Qatar,Gulf,True,0.759,0.591,68.03,63.23,66.18,84.85,1.22,EIA/OPEC ASB 2025 + synthetic fill
2006,3,2006-03-01,Algeria,AFR,True,1.241,0.933,68.03,63.23,66.18,84.85,1.93,EIA/OPEC ASB 2025 + synthetic fill
2006,3,2006-03-01,Angola,AFR,True,0.701,0.601,68.03,63.23,66.18,84.85,1.24,EIA/OPEC ASB 2025 + synthetic fill
2006,3,2006-03-01,Mexico,LAm,False,3.323,1.643,68.03,63.23,66.18,84.85,3.4,EIA/OPEC ASB 2025 + synthetic fill
2006,3,2006-03-01,Brazil,LAm,False,1.944,0.738,68.03,63.23,66.18,84.85,1.53,EIA/OPEC ASB 2025 + synthetic fill
2006,4,2006-04-01,Saudi Arabia,Gulf,True,9.939,7.868,68.83,65.08,69.34,84.17,16.47,EIA/OPEC ASB 2025 + synthetic fill
2006,4,2006-04-01,Russia,CIS,False,8.432,5.81,68.83,65.08,69.34,84.17,12.16,EIA/OPEC ASB 2025 + synthetic fill
2006,4,2006-04-01,United States,NAm,False,5.337,0.174,68.83,65.08,69.34,84.17,0.36,EIA/OPEC ASB 2025 + synthetic fill
2006,4,2006-04-01,Iraq,Gulf,True,2.415,1.973,68.83,65.08,69.34,84.17,4.13,EIA/OPEC ASB 2025 + synthetic fill
2006,4,2006-04-01,United Arab Emirates,Gulf,True,2.391,2.292,68.83,65.08,69.34,84.17,4.8,EIA/OPEC ASB 2025 + synthetic fill
2006,4,2006-04-01,Iran,Gulf,True,3.836,2.187,68.83,65.08,69.34,84.17,4.58,EIA/OPEC ASB 2025 + synthetic fill
2006,4,2006-04-01,Kuwait,Gulf,True,2.04,1.727,68.83,65.08,69.34,84.17,3.62,EIA/OPEC ASB 2025 + synthetic fill
2006,4,2006-04-01,Venezuela,LAm,True,2.611,2.011,68.83,65.08,69.34,84.17,4.21,EIA/OPEC ASB 2025 + synthetic fill
2006,4,2006-04-01,Nigeria,AFR,True,2.129,1.906,68.83,65.08,69.34,84.17,3.99,EIA/OPEC ASB 2025 + synthetic fill
2006,4,2006-04-01,Canada,NAm,False,3.171,2.151,68.83,65.08,69.34,84.17,4.5,EIA/OPEC ASB 2025 + synthetic fill
2006,4,2006-04-01,Norway,EUR,False,2.788,2.227,68.83,65.08,69.34,84.17,4.66,EIA/OPEC ASB 2025 + synthetic fill
2006,4,2006-04-01,Kazakhstan,CIS,False,1.01,0.822,68.83,65.08,69.34,84.17,1.72,EIA/OPEC ASB 2025 + synthetic fill
2006,4,2006-04-01,Libya,AFR,True,1.536,1.274,68.83,65.08,69.34,84.17,2.67,EIA/OPEC ASB 2025 + synthetic fill
2006,4,2006-04-01,Qatar,Gulf,True,0.72,0.553,68.83,65.08,69.34,84.17,1.16,EIA/OPEC ASB 2025 + synthetic fill
2006,4,2006-04-01,Algeria,AFR,True,1.251,0.901,68.83,65.08,69.34,84.17,1.89,EIA/OPEC ASB 2025 + synthetic fill
2006,4,2006-04-01,Angola,AFR,True,0.756,0.68,68.83,65.08,69.34,84.17,1.42,EIA/OPEC ASB 2025 + synthetic fill
2006,4,2006-04-01,Mexico,LAm,False,3.446,1.788,68.83,65.08,69.34,84.17,3.74,EIA/OPEC ASB 2025 + synthetic fill
2006,4,2006-04-01,Brazil,LAm,False,1.955,0.723,68.83,65.08,69.34,84.17,1.51,EIA/OPEC ASB 2025 + synthetic fill
2006,5,2006-05-01,Saudi Arabia,Gulf,True,9.633,7.389,65.41,63.61,66.33,84.15,14.7,EIA/OPEC ASB 2025 + synthetic fill
2006,5,2006-05-01,Russia,CIS,False,8.419,6.243,65.41,63.61,66.33,84.15,12.42,EIA/OPEC ASB 2025 + synthetic fill
2006,5,2006-05-01,United States,NAm,False,5.237,0.179,65.41,63.61,66.33,84.15,0.36,EIA/OPEC ASB 2025 + synthetic fill
2006,5,2006-05-01,Iraq,Gulf,True,2.495,2.122,65.41,63.61,66.33,84.15,4.22,EIA/OPEC ASB 2025 + synthetic fill
2006,5,2006-05-01,United Arab Emirates,Gulf,True,2.463,2.136,65.41,63.61,66.33,84.15,4.25,EIA/OPEC ASB 2025 + synthetic fill
2006,5,2006-05-01,Iran,Gulf,True,4.027,2.569,65.41,63.61,66.33,84.15,5.11,EIA/OPEC ASB 2025 + synthetic fill
2006,5,2006-05-01,Kuwait,Gulf,True,2.061,1.69,65.41,63.61,66.33,84.15,3.36,EIA/OPEC ASB 2025 + synthetic fill
2006,5,2006-05-01,Venezuela,LAm,True,2.713,2.227,65.41,63.61,66.33,84.15,4.43,EIA/OPEC ASB 2025 + synthetic fill
2006,5,2006-05-01,Nigeria,AFR,True,2.106,1.676,65.41,63.61,66.33,84.15,3.33,EIA/OPEC ASB 2025 + synthetic fill
2006,5,2006-05-01,Canada,NAm,False,3.263,2.409,65.41,63.61,66.33,84.15,4.79,EIA/OPEC ASB 2025 + synthetic fill
2006,5,2006-05-01,Norway,EUR,False,2.732,2.232,65.41,63.61,66.33,84.15,4.44,EIA/OPEC ASB 2025 + synthetic fill
2006,5,2006-05-01,Kazakhstan,CIS,False,0.991,0.789,65.41,63.61,66.33,84.15,1.57,EIA/OPEC ASB 2025 + synthetic fill
2006,5,2006-05-01,Libya,AFR,True,1.598,1.381,65.41,63.61,66.33,84.15,2.75,EIA/OPEC ASB 2025 + synthetic fill
2006,5,2006-05-01,Qatar,Gulf,True,0.745,0.618,65.41,63.61,66.33,84.15,1.23,EIA/OPEC ASB 2025 + synthetic fill
2006,5,2006-05-01,Algeria,AFR,True,1.264,0.906,65.41,63.61,66.33,84.15,1.8,EIA/OPEC ASB 2025 + synthetic fill
2006,5,2006-05-01,Angola,AFR,True,0.732,0.661,65.41,63.61,66.33,84.15,1.32,EIA/OPEC ASB 2025 + synthetic fill
2006,5,2006-05-01,Mexico,LAm,False,3.227,1.686,65.41,63.61,66.33,84.15,3.35,EIA/OPEC ASB 2025 + synthetic fill
2006,5,2006-05-01,Brazil,LAm,False,1.948,0.698,65.41,63.61,66.33,84.15,1.39,EIA/OPEC ASB 2025 + synthetic fill
2006,6,2006-06-01,Saudi Arabia,Gulf,True,9.663,8.012,70.98,67.97,69.28,84.23,17.3,EIA/OPEC ASB 2025 + synthetic fill
2006,6,2006-06-01,Russia,CIS,False,7.985,5.343,70.98,67.97,69.28,84.23,11.54,EIA/OPEC ASB 2025 + synthetic fill
2006,6,2006-06-01,United States,NAm,False,5.285,0.193,70.98,67.97,69.28,84.23,0.42,EIA/OPEC ASB 2025 + synthetic fill
2006,6,2006-06-01,Iraq,Gulf,True,2.415,2.142,70.98,67.97,69.28,84.23,4.62,EIA/OPEC ASB 2025 + synthetic fill
2006,6,2006-06-01,United Arab Emirates,Gulf,True,2.411,2.164,70.98,67.97,69.28,84.23,4.67,EIA/OPEC ASB 2025 + synthetic fill
2006,6,2006-06-01,Iran,Gulf,True,3.912,2.53,70.98,67.97,69.28,84.23,5.46,EIA/OPEC ASB 2025 + synthetic fill
2006,6,2006-06-01,Kuwait,Gulf,True,1.934,1.671,70.98,67.97,69.28,84.23,3.61,EIA/OPEC ASB 2025 + synthetic fill
2006,6,2006-06-01,Venezuela,LAm,True,2.748,2.374,70.98,67.97,69.28,84.23,5.13,EIA/OPEC ASB 2025 + synthetic fill
2006,6,2006-06-01,Nigeria,AFR,True,2.094,1.881,70.98,67.97,69.28,84.23,4.06,EIA/OPEC ASB 2025 + synthetic fill
2006,6,2006-06-01,Canada,NAm,False,3.389,2.268,70.98,67.97,69.28,84.23,4.9,EIA/OPEC ASB 2025 + synthetic fill
2006,6,2006-06-01,Norway,EUR,False,2.691,2.193,70.98,67.97,69.28,84.23,4.73,EIA/OPEC ASB 2025 + synthetic fill
2006,6,2006-06-01,Kazakhstan,CIS,False,1.016,0.779,70.98,67.97,69.28,84.23,1.68,EIA/OPEC ASB 2025 + synthetic fill
2006,6,2006-06-01,Libya,AFR,True,1.472,1.314,70.98,67.97,69.28,84.23,2.84,EIA/OPEC ASB 2025 + synthetic fill
2006,6,2006-06-01,Qatar,Gulf,True,0.76,0.612,70.98,67.97,69.28,84.23,1.32,EIA/OPEC ASB 2025 + synthetic fill
2006,6,2006-06-01,Algeria,AFR,True,1.218,0.858,70.98,67.97,69.28,84.23,1.85,EIA/OPEC ASB 2025 + synthetic fill
2006,6,2006-06-01,Angola,AFR,True,0.747,0.609,70.98,67.97,69.28,84.23,1.31,EIA/OPEC ASB 2025 + synthetic fill
2006,6,2006-06-01,Mexico,LAm,False,3.278,1.825,70.98,67.97,69.28,84.23,3.94,EIA/OPEC ASB 2025 + synthetic fill
2006,6,2006-06-01,Brazil,LAm,False,1.905,0.769,70.98,67.97,69.28,84.23,1.66,EIA/OPEC ASB 2025 + synthetic fill
2006,7,2006-07-01,Saudi Arabia,Gulf,True,9.426,7.558,66.16,64.02,65.55,84.45,15.21,EIA/OPEC ASB 2025 + synthetic fill
2006,7,2006-07-01,Russia,CIS,False,8.472,5.979,66.16,64.02,65.55,84.45,12.03,EIA/OPEC ASB 2025 + synthetic fill
2006,7,2006-07-01,United States,NAm,False,5.25,0.174,66.16,64.02,65.55,84.45,0.35,EIA/OPEC ASB 2025 + synthetic fill
2006,7,2006-07-01,Iraq,Gulf,True,2.458,1.941,66.16,64.02,65.55,84.45,3.91,EIA/OPEC ASB 2025 + synthetic fill
2006,7,2006-07-01,United Arab Emirates,Gulf,True,2.328,1.975,66.16,64.02,65.55,84.45,3.97,EIA/OPEC ASB 2025 + synthetic fill
2006,7,2006-07-01,Iran,Gulf,True,3.864,2.467,66.16,64.02,65.55,84.45,4.96,EIA/OPEC ASB 2025 + synthetic fill
2006,7,2006-07-01,Kuwait,Gulf,True,2.081,1.827,66.16,64.02,65.55,84.45,3.68,EIA/OPEC ASB 2025 + synthetic fill
2006,7,2006-07-01,Venezuela,LAm,True,2.698,2.358,66.16,64.02,65.55,84.45,4.75,EIA/OPEC ASB 2025 + synthetic fill
2006,7,2006-07-01,Nigeria,AFR,True,2.108,1.869,66.16,64.02,65.55,84.45,3.76,EIA/OPEC ASB 2025 + synthetic fill
2006,7,2006-07-01,Canada,NAm,False,3.215,2.228,66.16,64.02,65.55,84.45,4.48,EIA/OPEC ASB 2025 + synthetic fill
2006,7,2006-07-01,Norway,EUR,False,2.725,2.339,66.16,64.02,65.55,84.45,4.71,EIA/OPEC ASB 2025 + synthetic fill
2006,7,2006-07-01,Kazakhstan,CIS,False,1.029,0.769,66.16,64.02,65.55,84.45,1.55,EIA/OPEC ASB 2025 + synthetic fill
2006,7,2006-07-01,Libya,AFR,True,1.563,1.431,66.16,64.02,65.55,84.45,2.88,EIA/OPEC ASB 2025 + synthetic fill
2006,7,2006-07-01,Qatar,Gulf,True,0.743,0.584,66.16,64.02,65.55,84.45,1.18,EIA/OPEC ASB 2025 + synthetic fill
2006,7,2006-07-01,Algeria,AFR,True,1.261,0.888,66.16,64.02,65.55,84.45,1.79,EIA/OPEC ASB 2025 + synthetic fill
2006,7,2006-07-01,Angola,AFR,True,0.737,0.645,66.16,64.02,65.55,84.45,1.3,EIA/OPEC ASB 2025 + synthetic fill
2006,7,2006-07-01,Mexico,LAm,False,3.422,1.876,66.16,64.02,65.55,84.45,3.78,EIA/OPEC ASB 2025 + synthetic fill
2006,7,2006-07-01,Brazil,LAm,False,1.994,0.785,66.16,64.02,65.55,84.45,1.58,EIA/OPEC ASB 2025 + synthetic fill
2006,8,2006-08-01,Saudi Arabia,Gulf,True,9.686,7.905,66.66,62.38,66.11,83.9,16.03,EIA/OPEC ASB 2025 + synthetic fill
2006,8,2006-08-01,Russia,CIS,False,8.459,5.674,66.66,62.38,66.11,83.9,11.5,EIA/OPEC ASB 2025 + synthetic fill
2006,8,2006-08-01,United States,NAm,False,5.436,0.173,66.66,62.38,66.11,83.9,0.35,EIA/OPEC ASB 2025 + synthetic fill
2006,8,2006-08-01,Iraq,Gulf,True,2.382,1.895,66.66,62.38,66.11,83.9,3.84,EIA/OPEC ASB 2025 + synthetic fill
2006,8,2006-08-01,United Arab Emirates,Gulf,True,2.457,2.151,66.66,62.38,66.11,83.9,4.36,EIA/OPEC ASB 2025 + synthetic fill
2006,8,2006-08-01,Iran,Gulf,True,3.796,2.282,66.66,62.38,66.11,83.9,4.63,EIA/OPEC ASB 2025 + synthetic fill
2006,8,2006-08-01,Kuwait,Gulf,True,2.171,1.783,66.66,62.38,66.11,83.9,3.62,EIA/OPEC ASB 2025 + synthetic fill
2006,8,2006-08-01,Venezuela,LAm,True,2.601,2.244,66.66,62.38,66.11,83.9,4.55,EIA/OPEC ASB 2025 + synthetic fill
2006,8,2006-08-01,Nigeria,AFR,True,2.025,1.627,66.66,62.38,66.11,83.9,3.3,EIA/OPEC ASB 2025 + synthetic fill
2006,8,2006-08-01,Canada,NAm,False,3.234,2.152,66.66,62.38,66.11,83.9,4.36,EIA/OPEC ASB 2025 + synthetic fill
2006,8,2006-08-01,Norway,EUR,False,2.673,2.131,66.66,62.38,66.11,83.9,4.32,EIA/OPEC ASB 2025 + synthetic fill
2006,8,2006-08-01,Kazakhstan,CIS,False,1.024,0.853,66.66,62.38,66.11,83.9,1.73,EIA/OPEC ASB 2025 + synthetic fill
2006,8,2006-08-01,Libya,AFR,True,1.519,1.241,66.66,62.38,66.11,83.9,2.52,EIA/OPEC ASB 2025 + synthetic fill
2006,8,2006-08-01,Qatar,Gulf,True,0.741,0.62,66.66,62.38,66.11,83.9,1.26,EIA/OPEC ASB 2025 + synthetic fill
2006,8,2006-08-01,Algeria,AFR,True,1.25,0.864,66.66,62.38,66.11,83.9,1.75,EIA/OPEC ASB 2025 + synthetic fill
2006,8,2006-08-01,Angola,AFR,True,0.721,0.609,66.66,62.38,66.11,83.9,1.23,EIA/OPEC ASB 2025 + synthetic fill
2006,8,2006-08-01,Mexico,LAm,False,3.458,1.932,66.66,62.38,66.11,83.9,3.92,EIA/OPEC ASB 2025 + synthetic fill
2006,8,2006-08-01,Brazil,LAm,False,2.033,0.813,66.66,62.38,66.11,83.9,1.65,EIA/OPEC ASB 2025 + synthetic fill
2006,9,2006-09-01,Saudi Arabia,Gulf,True,10.0,8.461,62.74,60.66,62.51,84.14,16.15,EIA/OPEC ASB 2025 + synthetic fill
2006,9,2006-09-01,Russia,CIS,False,8.368,5.506,62.74,60.66,62.51,84.14,10.51,EIA/OPEC ASB 2025 + synthetic fill
2006,9,2006-09-01,United States,NAm,False,5.433,0.188,62.74,60.66,62.51,84.14,0.36,EIA/OPEC ASB 2025 + synthetic fill
2006,9,2006-09-01,Iraq,Gulf,True,2.452,1.897,62.74,60.66,62.51,84.14,3.62,EIA/OPEC ASB 2025 + synthetic fill
2006,9,2006-09-01,United Arab Emirates,Gulf,True,2.398,2.116,62.74,60.66,62.51,84.14,4.04,EIA/OPEC ASB 2025 + synthetic fill
2006,9,2006-09-01,Iran,Gulf,True,4.139,2.669,62.74,60.66,62.51,84.14,5.09,EIA/OPEC ASB 2025 + synthetic fill
2006,9,2006-09-01,Kuwait,Gulf,True,2.066,1.723,62.74,60.66,62.51,84.14,3.29,EIA/OPEC ASB 2025 + synthetic fill
2006,9,2006-09-01,Venezuela,LAm,True,2.596,2.096,62.74,60.66,62.51,84.14,4.0,EIA/OPEC ASB 2025 + synthetic fill
2006,9,2006-09-01,Nigeria,AFR,True,2.099,1.826,62.74,60.66,62.51,84.14,3.48,EIA/OPEC ASB 2025 + synthetic fill
2006,9,2006-09-01,Canada,NAm,False,3.341,2.491,62.74,60.66,62.51,84.14,4.75,EIA/OPEC ASB 2025 + synthetic fill
2006,9,2006-09-01,Norway,EUR,False,2.708,2.266,62.74,60.66,62.51,84.14,4.32,EIA/OPEC ASB 2025 + synthetic fill
2006,9,2006-09-01,Kazakhstan,CIS,False,1.007,0.816,62.74,60.66,62.51,84.14,1.56,EIA/OPEC ASB 2025 + synthetic fill
2006,9,2006-09-01,Libya,AFR,True,1.571,1.376,62.74,60.66,62.51,84.14,2.63,EIA/OPEC ASB 2025 + synthetic fill
2006,9,2006-09-01,Qatar,Gulf,True,0.735,0.591,62.74,60.66,62.51,84.14,1.13,EIA/OPEC ASB 2025 + synthetic fill
2006,9,2006-09-01,Algeria,AFR,True,1.246,0.833,62.74,60.66,62.51,84.14,1.59,EIA/OPEC ASB 2025 + synthetic fill
2006,9,2006-09-01,Angola,AFR,True,0.759,0.696,62.74,60.66,62.51,84.14,1.33,EIA/OPEC ASB 2025 + synthetic fill
2006,9,2006-09-01,Mexico,LAm,False,3.293,1.668,62.74,60.66,62.51,84.14,3.18,EIA/OPEC ASB 2025 + synthetic fill
2006,9,2006-09-01,Brazil,LAm,False,1.917,0.752,62.74,60.66,62.51,84.14,1.44,EIA/OPEC ASB 2025 + synthetic fill
2006,10,2006-10-01,Saudi Arabia,Gulf,True,9.949,8.458,65.56,63.96,64.26,84.34,16.87,EIA/OPEC ASB 2025 + synthetic fill
2006,10,2006-10-01,Russia,CIS,False,8.114,5.819,65.56,63.96,64.26,84.34,11.6,EIA/OPEC ASB 2025 + synthetic fill
2006,10,2006-10-01,United States,NAm,False,5.162,0.182,65.56,63.96,64.26,84.34,0.36,EIA/OPEC ASB 2025 + synthetic fill
2006,10,2006-10-01,Iraq,Gulf,True,2.435,2.069,65.56,63.96,64.26,84.34,4.13,EIA/OPEC ASB 2025 + synthetic fill
2006,10,2006-10-01,United Arab Emirates,Gulf,True,2.446,2.194,65.56,63.96,64.26,84.34,4.38,EIA/OPEC ASB 2025 + synthetic fill
2006,10,2006-10-01,Iran,Gulf,True,3.959,2.357,65.56,63.96,64.26,84.34,4.7,EIA/OPEC ASB 2025 + synthetic fill
2006,10,2006-10-01,Kuwait,Gulf,True,2.18,1.869,65.56,63.96,64.26,84.34,3.73,EIA/OPEC ASB 2025 + synthetic fill
2006,10,2006-10-01,Venezuela,LAm,True,2.67,2.106,65.56,63.96,64.26,84.34,4.2,EIA/OPEC ASB 2025 + synthetic fill
2006,10,2006-10-01,Nigeria,AFR,True,2.095,1.786,65.56,63.96,64.26,84.34,3.56,EIA/OPEC ASB 2025 + synthetic fill
2006,10,2006-10-01,Canada,NAm,False,3.205,2.377,65.56,63.96,64.26,84.34,4.74,EIA/OPEC ASB 2025 + synthetic fill
2006,10,2006-10-01,Norway,EUR,False,2.815,2.354,65.56,63.96,64.26,84.34,4.69,EIA/OPEC ASB 2025 + synthetic fill
2006,10,2006-10-01,Kazakhstan,CIS,False,0.979,0.813,65.56,63.96,64.26,84.34,1.62,EIA/OPEC ASB 2025 + synthetic fill
2006,10,2006-10-01,Libya,AFR,True,1.593,1.305,65.56,63.96,64.26,84.34,2.6,EIA/OPEC ASB 2025 + synthetic fill
2006,10,2006-10-01,Qatar,Gulf,True,0.718,0.536,65.56,63.96,64.26,84.34,1.07,EIA/OPEC ASB 2025 + synthetic fill
2006,10,2006-10-01,Algeria,AFR,True,1.267,0.942,65.56,63.96,64.26,84.34,1.88,EIA/OPEC ASB 2025 + synthetic fill
2006,10,2006-10-01,Angola,AFR,True,0.76,0.676,65.56,63.96,64.26,84.34,1.35,EIA/OPEC ASB 2025 + synthetic fill
2006,10,2006-10-01,Mexico,LAm,False,3.452,1.767,65.56,63.96,64.26,84.34,3.52,EIA/OPEC ASB 2025 + synthetic fill
2006,10,2006-10-01,Brazil,LAm,False,2.078,0.745,65.56,63.96,64.26,84.34,1.49,EIA/OPEC ASB 2025 + synthetic fill
2006,11,2006-11-01,Saudi Arabia,Gulf,True,9.518,7.534,60.29,58.06,58.93,84.89,13.82,EIA/OPEC ASB 2025 + synthetic fill
2006,11,2006-11-01,Russia,CIS,False,8.491,6.303,60.29,58.06,58.93,84.89,11.56,EIA/OPEC ASB 2025 + synthetic fill
2006,11,2006-11-01,United States,NAm,False,5.006,0.173,60.29,58.06,58.93,84.89,0.32,EIA/OPEC ASB 2025 + synthetic fill
2006,11,2006-11-01,Iraq,Gulf,True,2.555,2.258,60.29,58.06,58.93,84.89,4.14,EIA/OPEC ASB 2025 + synthetic fill
2006,11,2006-11-01,United Arab Emirates,Gulf,True,2.514,2.282,60.29,58.06,58.93,84.89,4.18,EIA/OPEC ASB 2025 + synthetic fill
2006,11,2006-11-01,Iran,Gulf,True,4.05,2.578,60.29,58.06,58.93,84.89,4.73,EIA/OPEC ASB 2025 + synthetic fill
2006,11,2006-11-01,Kuwait,Gulf,True,2.067,1.643,60.29,58.06,58.93,84.89,3.01,EIA/OPEC ASB 2025 + synthetic fill
2006,11,2006-11-01,Venezuela,LAm,True,2.683,2.324,60.29,58.06,58.93,84.89,4.26,EIA/OPEC ASB 2025 + synthetic fill
2006,11,2006-11-01,Nigeria,AFR,True,2.123,1.778,60.29,58.06,58.93,84.89,3.26,EIA/OPEC ASB 2025 + synthetic fill
2006,11,2006-11-01,Canada,NAm,False,3.317,2.388,60.29,58.06,58.93,84.89,4.38,EIA/OPEC ASB 2025 + synthetic fill
2006,11,2006-11-01,Norway,EUR,False,2.789,2.269,60.29,58.06,58.93,84.89,4.16,EIA/OPEC ASB 2025 + synthetic fill
2006,11,2006-11-01,Kazakhstan,CIS,False,0.985,0.804,60.29,58.06,58.93,84.89,1.47,EIA/OPEC ASB 2025 + synthetic fill
2006,11,2006-11-01,Libya,AFR,True,1.559,1.362,60.29,58.06,58.93,84.89,2.5,EIA/OPEC ASB 2025 + synthetic fill
2006,11,2006-11-01,Qatar,Gulf,True,0.729,0.551,60.29,58.06,58.93,84.89,1.01,EIA/OPEC ASB 2025 + synthetic fill
2006,11,2006-11-01,Algeria,AFR,True,1.248,0.861,60.29,58.06,58.93,84.89,1.58,EIA/OPEC ASB 2025 + synthetic fill
2006,11,2006-11-01,Angola,AFR,True,0.749,0.666,60.29,58.06,58.93,84.89,1.22,EIA/OPEC ASB 2025 + synthetic fill
2006,11,2006-11-01,Mexico,LAm,False,3.471,1.817,60.29,58.06,58.93,84.89,3.33,EIA/OPEC ASB 2025 + synthetic fill
2006,11,2006-11-01,Brazil,LAm,False,2.099,0.829,60.29,58.06,58.93,84.89,1.52,EIA/OPEC ASB 2025 + synthetic fill
2006,12,2006-12-01,Saudi Arabia,Gulf,True,9.852,7.507,65.66,62.13,65.45,84.72,14.99,EIA/OPEC ASB 2025 + synthetic fill
2006,12,2006-12-01,Russia,CIS,False,8.319,5.633,65.66,62.13,65.45,84.72,11.25,EIA/OPEC ASB 2025 + synthetic fill
2006,12,2006-12-01,United States,NAm,False,5.246,0.175,65.66,62.13,65.45,84.72,0.35,EIA/OPEC ASB 2025 + synthetic fill
2006,12,2006-12-01,Iraq,Gulf,True,2.555,2.225,65.66,62.13,65.45,84.72,4.44,EIA/OPEC ASB 2025 + synthetic fill
2006,12,2006-12-01,United Arab Emirates,Gulf,True,2.433,2.248,65.66,62.13,65.45,84.72,4.49,EIA/OPEC ASB 2025 + synthetic fill
2006,12,2006-12-01,Iran,Gulf,True,4.099,2.392,65.66,62.13,65.45,84.72,4.78,EIA/OPEC ASB 2025 + synthetic fill
2006,12,2006-12-01,Kuwait,Gulf,True,2.083,1.675,65.66,62.13,65.45,84.72,3.35,EIA/OPEC ASB 2025 + synthetic fill
2006,12,2006-12-01,Venezuela,LAm,True,2.586,2.098,65.66,62.13,65.45,84.72,4.19,EIA/OPEC ASB 2025 + synthetic fill
2006,12,2006-12-01,Nigeria,AFR,True,2.073,1.84,65.66,62.13,65.45,84.72,3.67,EIA/OPEC ASB 2025 + synthetic fill
2006,12,2006-12-01,Canada,NAm,False,3.261,2.258,65.66,62.13,65.45,84.72,4.51,EIA/OPEC ASB 2025 + synthetic fill
2006,12,2006-12-01,Norway,EUR,False,2.695,2.282,65.66,62.13,65.45,84.72,4.56,EIA/OPEC ASB 2025 + synthetic fill
2006,12,2006-12-01,Kazakhstan,CIS,False,1.039,0.804,65.66,62.13,65.45,84.72,1.61,EIA/OPEC ASB 2025 + synthetic fill
2006,12,2006-12-01,Libya,AFR,True,1.649,1.383,65.66,62.13,65.45,84.72,2.76,EIA/OPEC ASB 2025 + synthetic fill
2006,12,2006-12-01,Qatar,Gulf,True,0.71,0.594,65.66,62.13,65.45,84.72,1.19,EIA/OPEC ASB 2025 + synthetic fill
2006,12,2006-12-01,Algeria,AFR,True,1.237,0.938,65.66,62.13,65.45,84.72,1.87,EIA/OPEC ASB 2025 + synthetic fill
2006,12,2006-12-01,Angola,AFR,True,0.759,0.69,65.66,62.13,65.45,84.72,1.38,EIA/OPEC ASB 2025 + synthetic fill
2006,12,2006-12-01,Mexico,LAm,False,3.35,1.812,65.66,62.13,65.45,84.72,3.62,EIA/OPEC ASB 2025 + synthetic fill
2006,12,2006-12-01,Brazil,LAm,False,2.06,0.743,65.66,62.13,65.45,84.72,1.48,EIA/OPEC ASB 2025 + synthetic fill
2007,1,2007-01-01,Saudi Arabia,Gulf,True,9.594,8.238,69.85,68.17,69.75,85.3,17.5,EIA/OPEC ASB 2025 + synthetic fill
2007,1,2007-01-01,Russia,CIS,False,8.33,5.687,69.85,68.17,69.75,85.3,12.08,EIA/OPEC ASB 2025 + synthetic fill
2007,1,2007-01-01,United States,NAm,False,5.218,0.191,69.85,68.17,69.75,85.3,0.41,EIA/OPEC ASB 2025 + synthetic fill
2007,1,2007-01-01,Iraq,Gulf,True,2.558,2.176,69.85,68.17,69.75,85.3,4.62,EIA/OPEC ASB 2025 + synthetic fill
2007,1,2007-01-01,United Arab Emirates,Gulf,True,2.393,2.23,69.85,68.17,69.75,85.3,4.74,EIA/OPEC ASB 2025 + synthetic fill
2007,1,2007-01-01,Iran,Gulf,True,3.944,2.358,69.85,68.17,69.75,85.3,5.01,EIA/OPEC ASB 2025 + synthetic fill
2007,1,2007-01-01,Kuwait,Gulf,True,2.052,1.735,69.85,68.17,69.75,85.3,3.69,EIA/OPEC ASB 2025 + synthetic fill
2007,1,2007-01-01,Venezuela,LAm,True,2.697,2.116,69.85,68.17,69.75,85.3,4.5,EIA/OPEC ASB 2025 + synthetic fill
2007,1,2007-01-01,Nigeria,AFR,True,2.075,1.711,69.85,68.17,69.75,85.3,3.64,EIA/OPEC ASB 2025 + synthetic fill
2007,1,2007-01-01,Canada,NAm,False,3.19,2.326,69.85,68.17,69.75,85.3,4.94,EIA/OPEC ASB 2025 + synthetic fill
2007,1,2007-01-01,Norway,EUR,False,2.692,2.282,69.85,68.17,69.75,85.3,4.85,EIA/OPEC ASB 2025 + synthetic fill
2007,1,2007-01-01,Kazakhstan,CIS,False,0.983,0.739,69.85,68.17,69.75,85.3,1.57,EIA/OPEC ASB 2025 + synthetic fill
2007,1,2007-01-01,Libya,AFR,True,1.561,1.381,69.85,68.17,69.75,85.3,2.93,EIA/OPEC ASB 2025 + synthetic fill
2007,1,2007-01-01,Qatar,Gulf,True,0.742,0.556,69.85,68.17,69.75,85.3,1.18,EIA/OPEC ASB 2025 + synthetic fill
2007,1,2007-01-01,Algeria,AFR,True,1.261,0.861,69.85,68.17,69.75,85.3,1.83,EIA/OPEC ASB 2025 + synthetic fill
2007,1,2007-01-01,Angola,AFR,True,0.756,0.621,69.85,68.17,69.75,85.3,1.32,EIA/OPEC ASB 2025 + synthetic fill
2007,1,2007-01-01,Mexico,LAm,False,3.392,1.703,69.85,68.17,69.75,85.3,3.62,EIA/OPEC ASB 2025 + synthetic fill
2007,1,2007-01-01,Brazil,LAm,False,2.116,0.829,69.85,68.17,69.75,85.3,1.76,EIA/OPEC ASB 2025 + synthetic fill
2007,2,2007-02-01,Saudi Arabia,Gulf,True,9.842,7.46,70.92,67.93,71.3,85.78,16.09,EIA/OPEC ASB 2025 + synthetic fill
2007,2,2007-02-01,Russia,CIS,False,8.314,6.022,70.92,67.93,71.3,85.78,12.99,EIA/OPEC ASB 2025 + synthetic fill
2007,2,2007-02-01,United States,NAm,False,5.463,0.191,70.92,67.93,71.3,85.78,0.41,EIA/OPEC ASB 2025 + synthetic fill
2007,2,2007-02-01,Iraq,Gulf,True,2.511,1.985,70.92,67.93,71.3,85.78,4.28,EIA/OPEC ASB 2025 + synthetic fill
2007,2,2007-02-01,United Arab Emirates,Gulf,True,2.461,2.304,70.92,67.93,71.3,85.78,4.97,EIA/OPEC ASB 2025 + synthetic fill
2007,2,2007-02-01,Iran,Gulf,True,4.024,2.297,70.92,67.93,71.3,85.78,4.95,EIA/OPEC ASB 2025 + synthetic fill
2007,2,2007-02-01,Kuwait,Gulf,True,2.099,1.904,70.92,67.93,71.3,85.78,4.11,EIA/OPEC ASB 2025 + synthetic fill
2007,2,2007-02-01,Venezuela,LAm,True,2.685,2.151,70.92,67.93,71.3,85.78,4.64,EIA/OPEC ASB 2025 + synthetic fill
2007,2,2007-02-01,Nigeria,AFR,True,2.077,1.681,70.92,67.93,71.3,85.78,3.63,EIA/OPEC ASB 2025 + synthetic fill
2007,2,2007-02-01,Canada,NAm,False,3.321,2.213,70.92,67.93,71.3,85.78,4.77,EIA/OPEC ASB 2025 + synthetic fill
2007,2,2007-02-01,Norway,EUR,False,2.685,2.183,70.92,67.93,71.3,85.78,4.71,EIA/OPEC ASB 2025 + synthetic fill
2007,2,2007-02-01,Kazakhstan,CIS,False,1.044,0.855,70.92,67.93,71.3,85.78,1.84,EIA/OPEC ASB 2025 + synthetic fill
2007,2,2007-02-01,Libya,AFR,True,1.607,1.29,70.92,67.93,71.3,85.78,2.78,EIA/OPEC ASB 2025 + synthetic fill
2007,2,2007-02-01,Qatar,Gulf,True,0.768,0.639,70.92,67.93,71.3,85.78,1.38,EIA/OPEC ASB 2025 + synthetic fill
2007,2,2007-02-01,Algeria,AFR,True,1.24,0.866,70.92,67.93,71.3,85.78,1.87,EIA/OPEC ASB 2025 + synthetic fill
2007,2,2007-02-01,Angola,AFR,True,0.74,0.629,70.92,67.93,71.3,85.78,1.36,EIA/OPEC ASB 2025 + synthetic fill
2007,2,2007-02-01,Mexico,LAm,False,3.274,1.617,70.92,67.93,71.3,85.78,3.49,EIA/OPEC ASB 2025 + synthetic fill
2007,2,2007-02-01,Brazil,LAm,False,1.996,0.794,70.92,67.93,71.3,85.78,1.71,EIA/OPEC ASB 2025 + synthetic fill
2007,3,2007-03-01,Saudi Arabia,Gulf,True,9.302,7.905,73.6,68.75,73.78,85.98,17.7,EIA/OPEC ASB 2025 + synthetic fill
2007,3,2007-03-01,Russia,CIS,False,8.673,6.262,73.6,68.75,73.78,85.98,14.02,EIA/OPEC ASB 2025 + synthetic fill
2007,3,2007-03-01,United States,NAm,False,5.271,0.185,73.6,68.75,73.78,85.98,0.41,EIA/OPEC ASB 2025 + synthetic fill
2007,3,2007-03-01,Iraq,Gulf,True,2.563,1.998,73.6,68.75,73.78,85.98,4.47,EIA/OPEC ASB 2025 + synthetic fill
2007,3,2007-03-01,United Arab Emirates,Gulf,True,2.433,2.182,73.6,68.75,73.78,85.98,4.88,EIA/OPEC ASB 2025 + synthetic fill
2007,3,2007-03-01,Iran,Gulf,True,3.939,2.414,73.6,68.75,73.78,85.98,5.4,EIA/OPEC ASB 2025 + synthetic fill
2007,3,2007-03-01,Kuwait,Gulf,True,2.126,1.723,73.6,68.75,73.78,85.98,3.86,EIA/OPEC ASB 2025 + synthetic fill
2007,3,2007-03-01,Venezuela,LAm,True,2.541,2.061,73.6,68.75,73.78,85.98,4.61,EIA/OPEC ASB 2025 + synthetic fill
2007,3,2007-03-01,Nigeria,AFR,True,2.092,1.822,73.6,68.75,73.78,85.98,4.08,EIA/OPEC ASB 2025 + synthetic fill
2007,3,2007-03-01,Canada,NAm,False,3.341,2.495,73.6,68.75,73.78,85.98,5.59,EIA/OPEC ASB 2025 + synthetic fill
2007,3,2007-03-01,Norway,EUR,False,2.748,2.432,73.6,68.75,73.78,85.98,5.44,EIA/OPEC ASB 2025 + synthetic fill
2007,3,2007-03-01,Kazakhstan,CIS,False,0.998,0.747,73.6,68.75,73.78,85.98,1.67,EIA/OPEC ASB 2025 + synthetic fill
2007,3,2007-03-01,Libya,AFR,True,1.544,1.28,73.6,68.75,73.78,85.98,2.87,EIA/OPEC ASB 2025 + synthetic fill
2007,3,2007-03-01,Qatar,Gulf,True,0.753,0.581,73.6,68.75,73.78,85.98,1.3,EIA/OPEC ASB 2025 + synthetic fill
2007,3,2007-03-01,Algeria,AFR,True,1.237,0.915,73.6,68.75,73.78,85.98,2.05,EIA/OPEC ASB 2025 + synthetic fill
2007,3,2007-03-01,Angola,AFR,True,0.723,0.627,73.6,68.75,73.78,85.98,1.4,EIA/OPEC ASB 2025 + synthetic fill
2007,3,2007-03-01,Mexico,LAm,False,3.185,1.709,73.6,68.75,73.78,85.98,3.83,EIA/OPEC ASB 2025 + synthetic fill
2007,3,2007-03-01,Brazil,LAm,False,2.027,0.754,73.6,68.75,73.78,85.98,1.69,EIA/OPEC ASB 2025 + synthetic fill
2007,4,2007-04-01,Saudi Arabia,Gulf,True,9.671,8.081,69.2,67.82,68.21,85.63,17.01,EIA/OPEC ASB 2025 + synthetic fill
2007,4,2007-04-01,Russia,CIS,False,8.611,5.99,69.2,67.82,68.21,85.63,12.61,EIA/OPEC ASB 2025 + synthetic fill
2007,4,2007-04-01,United States,NAm,False,5.338,0.195,69.2,67.82,68.21,85.63,0.41,EIA/OPEC ASB 2025 + synthetic fill
2007,4,2007-04-01,Iraq,Gulf,True,2.539,1.978,69.2,67.82,68.21,85.63,4.16,EIA/OPEC ASB 2025 + synthetic fill
2007,4,2007-04-01,United Arab Emirates,Gulf,True,2.378,2.264,69.2,67.82,68.21,85.63,4.77,EIA/OPEC ASB 2025 + synthetic fill
2007,4,2007-04-01,Iran,Gulf,True,3.915,2.486,69.2,67.82,68.21,85.63,5.23,EIA/OPEC ASB 2025 + synthetic fill
2007,4,2007-04-01,Kuwait,Gulf,True,2.114,1.792,69.2,67.82,68.21,85.63,3.77,EIA/OPEC ASB 2025 + synthetic fill
2007,4,2007-04-01,Venezuela,LAm,True,2.614,2.078,69.2,67.82,68.21,85.63,4.37,EIA/OPEC ASB 2025 + synthetic fill
2007,4,2007-04-01,Nigeria,AFR,True,2.117,1.726,69.2,67.82,68.21,85.63,3.63,EIA/OPEC ASB 2025 + synthetic fill
2007,4,2007-04-01,Canada,NAm,False,3.332,2.423,69.2,67.82,68.21,85.63,5.1,EIA/OPEC ASB 2025 + synthetic fill
2007,4,2007-04-01,Norway,EUR,False,2.668,2.216,69.2,67.82,68.21,85.63,4.66,EIA/OPEC ASB 2025 + synthetic fill
2007,4,2007-04-01,Kazakhstan,CIS,False,1.01,0.834,69.2,67.82,68.21,85.63,1.76,EIA/OPEC ASB 2025 + synthetic fill
2007,4,2007-04-01,Libya,AFR,True,1.482,1.262,69.2,67.82,68.21,85.63,2.66,EIA/OPEC ASB 2025 + synthetic fill
2007,4,2007-04-01,Qatar,Gulf,True,0.762,0.571,69.2,67.82,68.21,85.63,1.2,EIA/OPEC ASB 2025 + synthetic fill
2007,4,2007-04-01,Algeria,AFR,True,1.205,0.811,69.2,67.82,68.21,85.63,1.71,EIA/OPEC ASB 2025 + synthetic fill
2007,4,2007-04-01,Angola,AFR,True,0.75,0.636,69.2,67.82,68.21,85.63,1.34,EIA/OPEC ASB 2025 + synthetic fill
2007,4,2007-04-01,Mexico,LAm,False,3.399,1.678,69.2,67.82,68.21,85.63,3.53,EIA/OPEC ASB 2025 + synthetic fill
2007,4,2007-04-01,Brazil,LAm,False,2.099,0.811,69.2,67.82,68.21,85.63,1.71,EIA/OPEC ASB 2025 + synthetic fill
2007,5,2007-05-01,Saudi Arabia,Gulf,True,9.4,7.516,72.76,69.73,73.14,85.53,16.63,EIA/OPEC ASB 2025 + synthetic fill
2007,5,2007-05-01,Russia,CIS,False,7.976,5.285,72.76,69.73,73.14,85.53,11.7,EIA/OPEC ASB 2025 + synthetic fill
2007,5,2007-05-01,United States,NAm,False,5.27,0.181,72.76,69.73,73.14,85.53,0.4,EIA/OPEC ASB 2025 + synthetic fill
2007,5,2007-05-01,Iraq,Gulf,True,2.696,2.28,72.76,69.73,73.14,85.53,5.05,EIA/OPEC ASB 2025 + synthetic fill
2007,5,2007-05-01,United Arab Emirates,Gulf,True,2.313,2.163,72.76,69.73,73.14,85.53,4.79,EIA/OPEC ASB 2025 + synthetic fill
2007,5,2007-05-01,Iran,Gulf,True,3.984,2.279,72.76,69.73,73.14,85.53,5.04,EIA/OPEC ASB 2025 + synthetic fill
2007,5,2007-05-01,Kuwait,Gulf,True,2.102,1.744,72.76,69.73,73.14,85.53,3.86,EIA/OPEC ASB 2025 + synthetic fill
2007,5,2007-05-01,Venezuela,LAm,True,2.584,2.231,72.76,69.73,73.14,85.53,4.94,EIA/OPEC ASB 2025 + synthetic fill
2007,5,2007-05-01,Nigeria,AFR,True,2.143,1.824,72.76,69.73,73.14,85.53,4.04,EIA/OPEC ASB 2025 + synthetic fill
2007,5,2007-05-01,Canada,NAm,False,3.335,2.445,72.76,69.73,73.14,85.53,5.41,EIA/OPEC ASB 2025 + synthetic fill
2007,5,2007-05-01,Norway,EUR,False,2.744,2.176,72.76,69.73,73.14,85.53,4.82,EIA/OPEC ASB 2025 + synthetic fill
2007,5,2007-05-01,Kazakhstan,CIS,False,1.004,0.82,72.76,69.73,73.14,85.53,1.81,EIA/OPEC ASB 2025 + synthetic fill
2007,5,2007-05-01,Libya,AFR,True,1.552,1.352,72.76,69.73,73.14,85.53,2.99,EIA/OPEC ASB 2025 + synthetic fill
2007,5,2007-05-01,Qatar,Gulf,True,0.741,0.561,72.76,69.73,73.14,85.53,1.24,EIA/OPEC ASB 2025 + synthetic fill
2007,5,2007-05-01,Algeria,AFR,True,1.278,0.905,72.76,69.73,73.14,85.53,2.0,EIA/OPEC ASB 2025 + synthetic fill
2007,5,2007-05-01,Angola,AFR,True,0.742,0.662,72.76,69.73,73.14,85.53,1.47,EIA/OPEC ASB 2025 + synthetic fill
2007,5,2007-05-01,Mexico,LAm,False,3.392,1.756,72.76,69.73,73.14,85.53,3.89,EIA/OPEC ASB 2025 + synthetic fill
2007,5,2007-05-01,Brazil,LAm,False,2.09,0.844,72.76,69.73,73.14,85.53,1.87,EIA/OPEC ASB 2025 + synthetic fill
2007,6,2007-06-01,Saudi Arabia,Gulf,True,9.363,7.239,76.92,72.83,76.57,85.36,16.94,EIA/OPEC ASB 2025 + synthetic fill
2007,6,2007-06-01,Russia,CIS,False,8.002,5.658,76.92,72.83,76.57,85.36,13.24,EIA/OPEC ASB 2025 + synthetic fill
2007,6,2007-06-01,United States,NAm,False,5.202,0.189,76.92,72.83,76.57,85.36,0.44,EIA/OPEC ASB 2025 + synthetic fill
2007,6,2007-06-01,Iraq,Gulf,True,2.637,2.298,76.92,72.83,76.57,85.36,5.38,EIA/OPEC ASB 2025 + synthetic fill
2007,6,2007-06-01,United Arab Emirates,Gulf,True,2.329,2.239,76.92,72.83,76.57,85.36,5.24,EIA/OPEC ASB 2025 + synthetic fill
2007,6,2007-06-01,Iran,Gulf,True,3.973,2.294,76.92,72.83,76.57,85.36,5.37,EIA/OPEC ASB 2025 + synthetic fill
2007,6,2007-06-01,Kuwait,Gulf,True,2.025,1.628,76.92,72.83,76.57,85.36,3.81,EIA/OPEC ASB 2025 + synthetic fill
2007,6,2007-06-01,Venezuela,LAm,True,2.577,2.092,76.92,72.83,76.57,85.36,4.89,EIA/OPEC ASB 2025 + synthetic fill
2007,6,2007-06-01,Nigeria,AFR,True,2.012,1.708,76.92,72.83,76.57,85.36,4.0,EIA/OPEC ASB 2025 + synthetic fill
2007,6,2007-06-01,Canada,NAm,False,3.26,2.286,76.92,72.83,76.57,85.36,5.35,EIA/OPEC ASB 2025 + synthetic fill
2007,6,2007-06-01,Norway,EUR,False,2.85,2.469,76.92,72.83,76.57,85.36,5.78,EIA/OPEC ASB 2025 + synthetic fill
2007,6,2007-06-01,Kazakhstan,CIS,False,0.993,0.761,76.92,72.83,76.57,85.36,1.78,EIA/OPEC ASB 2025 + synthetic fill
2007,6,2007-06-01,Libya,AFR,True,1.656,1.411,76.92,72.83,76.57,85.36,3.3,EIA/OPEC ASB 2025 + synthetic fill
2007,6,2007-06-01,Qatar,Gulf,True,0.739,0.555,76.92,72.83,76.57,85.36,1.3,EIA/OPEC ASB 2025 + synthetic fill
2007,6,2007-06-01,Algeria,AFR,True,1.209,0.892,76.92,72.83,76.57,85.36,2.09,EIA/OPEC ASB 2025 + synthetic fill
2007,6,2007-06-01,Angola,AFR,True,0.765,0.638,76.92,72.83,76.57,85.36,1.49,EIA/OPEC ASB 2025 + synthetic fill
2007,6,2007-06-01,Mexico,LAm,False,3.349,1.808,76.92,72.83,76.57,85.36,4.23,EIA/OPEC ASB 2025 + synthetic fill
2007,6,2007-06-01,Brazil,LAm,False,2.029,0.82,76.92,72.83,76.57,85.36,1.92,EIA/OPEC ASB 2025 + synthetic fill
2007,7,2007-07-01,Saudi Arabia,Gulf,True,9.5,8.272,73.26,69.76,73.39,85.55,18.43,EIA/OPEC ASB 2025 + synthetic fill
2007,7,2007-07-01,Russia,CIS,False,8.719,6.296,73.26,69.76,73.39,85.55,14.03,EIA/OPEC ASB 2025 + synthetic fill
2007,7,2007-07-01,United States,NAm,False,5.389,0.189,73.26,69.76,73.39,85.55,0.42,EIA/OPEC ASB 2025 + synthetic fill
2007,7,2007-07-01,Iraq,Gulf,True,2.636,2.137,73.26,69.76,73.39,85.55,4.76,EIA/OPEC ASB 2025 + synthetic fill
2007,7,2007-07-01,United Arab Emirates,Gulf,True,2.442,2.21,73.26,69.76,73.39,85.55,4.92,EIA/OPEC ASB 2025 + synthetic fill
2007,7,2007-07-01,Iran,Gulf,True,4.021,2.457,73.26,69.76,73.39,85.55,5.47,EIA/OPEC ASB 2025 + synthetic fill
2007,7,2007-07-01,Kuwait,Gulf,True,2.073,1.821,73.26,69.76,73.39,85.55,4.06,EIA/OPEC ASB 2025 + synthetic fill
2007,7,2007-07-01,Venezuela,LAm,True,2.566,2.219,73.26,69.76,73.39,85.55,4.94,EIA/OPEC ASB 2025 + synthetic fill
2007,7,2007-07-01,Nigeria,AFR,True,2.077,1.839,73.26,69.76,73.39,85.55,4.1,EIA/OPEC ASB 2025 + synthetic fill
2007,7,2007-07-01,Canada,NAm,False,3.534,2.527,73.26,69.76,73.39,85.55,5.63,EIA/OPEC ASB 2025 + synthetic fill
2007,7,2007-07-01,Norway,EUR,False,2.735,2.34,73.26,69.76,73.39,85.55,5.21,EIA/OPEC ASB 2025 + synthetic fill
2007,7,2007-07-01,Kazakhstan,CIS,False,1.002,0.76,73.26,69.76,73.39,85.55,1.69,EIA/OPEC ASB 2025 + synthetic fill
2007,7,2007-07-01,Libya,AFR,True,1.556,1.295,73.26,69.76,73.39,85.55,2.89,EIA/OPEC ASB 2025 + synthetic fill
2007,7,2007-07-01,Qatar,Gulf,True,0.739,0.565,73.26,69.76,73.39,85.55,1.26,EIA/OPEC ASB 2025 + synthetic fill
2007,7,2007-07-01,Algeria,AFR,True,1.275,0.882,73.26,69.76,73.39,85.55,1.97,EIA/OPEC ASB 2025 + synthetic fill
2007,7,2007-07-01,Angola,AFR,True,0.726,0.645,73.26,69.76,73.39,85.55,1.44,EIA/OPEC ASB 2025 + synthetic fill
2007,7,2007-07-01,Mexico,LAm,False,3.553,1.758,73.26,69.76,73.39,85.55,3.92,EIA/OPEC ASB 2025 + synthetic fill
2007,7,2007-07-01,Brazil,LAm,False,2.165,0.867,73.26,69.76,73.39,85.55,1.93,EIA/OPEC ASB 2025 + synthetic fill
2007,8,2007-08-01,Saudi Arabia,Gulf,True,9.749,8.284,73.27,69.3,72.59,85.1,18.46,EIA/OPEC ASB 2025 + synthetic fill
2007,8,2007-08-01,Russia,CIS,False,8.842,6.065,73.27,69.3,72.59,85.1,13.52,EIA/OPEC ASB 2025 + synthetic fill
2007,8,2007-08-01,United States,NAm,False,5.083,0.171,73.27,69.3,72.59,85.1,0.38,EIA/OPEC ASB 2025 + synthetic fill
2007,8,2007-08-01,Iraq,Gulf,True,2.541,2.25,73.27,69.3,72.59,85.1,5.01,EIA/OPEC ASB 2025 + synthetic fill
2007,8,2007-08-01,United Arab Emirates,Gulf,True,2.451,2.241,73.27,69.3,72.59,85.1,4.99,EIA/OPEC ASB 2025 + synthetic fill
2007,8,2007-08-01,Iran,Gulf,True,3.947,2.223,73.27,69.3,72.59,85.1,4.95,EIA/OPEC ASB 2025 + synthetic fill
2007,8,2007-08-01,Kuwait,Gulf,True,2.099,1.852,73.27,69.3,72.59,85.1,4.13,EIA/OPEC ASB 2025 + synthetic fill
2007,8,2007-08-01,Venezuela,LAm,True,2.714,2.356,73.27,69.3,72.59,85.1,5.25,EIA/OPEC ASB 2025 + synthetic fill
2007,8,2007-08-01,Nigeria,AFR,True,2.156,1.882,73.27,69.3,72.59,85.1,4.19,EIA/OPEC ASB 2025 + synthetic fill
2007,8,2007-08-01,Canada,NAm,False,3.224,2.346,73.27,69.3,72.59,85.1,5.23,EIA/OPEC ASB 2025 + synthetic fill
2007,8,2007-08-01,Norway,EUR,False,2.697,2.286,73.27,69.3,72.59,85.1,5.09,EIA/OPEC ASB 2025 + synthetic fill
2007,8,2007-08-01,Kazakhstan,CIS,False,0.969,0.797,73.27,69.3,72.59,85.1,1.78,EIA/OPEC ASB 2025 + synthetic fill
2007,8,2007-08-01,Libya,AFR,True,1.589,1.301,73.27,69.3,72.59,85.1,2.9,EIA/OPEC ASB 2025 + synthetic fill
2007,8,2007-08-01,Qatar,Gulf,True,0.747,0.607,73.27,69.3,72.59,85.1,1.35,EIA/OPEC ASB 2025 + synthetic fill
2007,8,2007-08-01,Algeria,AFR,True,1.257,0.898,73.27,69.3,72.59,85.1,2.0,EIA/OPEC ASB 2025 + synthetic fill
2007,8,2007-08-01,Angola,AFR,True,0.761,0.642,73.27,69.3,72.59,85.1,1.43,EIA/OPEC ASB 2025 + synthetic fill
2007,8,2007-08-01,Mexico,LAm,False,3.302,1.64,73.27,69.3,72.59,85.1,3.65,EIA/OPEC ASB 2025 + synthetic fill
2007,8,2007-08-01,Brazil,LAm,False,2.19,0.844,73.27,69.3,72.59,85.1,1.88,EIA/OPEC ASB 2025 + synthetic fill
2007,9,2007-09-01,Saudi Arabia,Gulf,True,9.85,7.521,72.32,68.48,72.86,85.97,16.54,EIA/OPEC ASB 2025 + synthetic fill
2007,9,2007-09-01,Russia,CIS,False,8.64,6.483,72.32,68.48,72.86,85.97,14.26,EIA/OPEC ASB 2025 + synthetic fill
2007,9,2007-09-01,United States,NAm,False,5.089,0.173,72.32,68.48,72.86,85.97,0.38,EIA/OPEC ASB 2025 + synthetic fill
2007,9,2007-09-01,Iraq,Gulf,True,2.622,2.203,72.32,68.48,72.86,85.97,4.85,EIA/OPEC ASB 2025 + synthetic fill
2007,9,2007-09-01,United Arab Emirates,Gulf,True,2.334,2.064,72.32,68.48,72.86,85.97,4.54,EIA/OPEC ASB 2025 + synthetic fill
2007,9,2007-09-01,Iran,Gulf,True,4.095,2.379,72.32,68.48,72.86,85.97,5.23,EIA/OPEC ASB 2025 + synthetic fill
2007,9,2007-09-01,Kuwait,Gulf,True,2.108,1.79,72.32,68.48,72.86,85.97,3.94,EIA/OPEC ASB 2025 + synthetic fill
2007,9,2007-09-01,Venezuela,LAm,True,2.643,2.155,72.32,68.48,72.86,85.97,4.74,EIA/OPEC ASB 2025 + synthetic fill
2007,9,2007-09-01,Nigeria,AFR,True,2.078,1.694,72.32,68.48,72.86,85.97,3.73,EIA/OPEC ASB 2025 + synthetic fill
2007,9,2007-09-01,Canada,NAm,False,3.391,2.319,72.32,68.48,72.86,85.97,5.1,EIA/OPEC ASB 2025 + synthetic fill
2007,9,2007-09-01,Norway,EUR,False,2.659,2.133,72.32,68.48,72.86,85.97,4.69,EIA/OPEC ASB 2025 + synthetic fill
2007,9,2007-09-01,Kazakhstan,CIS,False,1.021,0.838,72.32,68.48,72.86,85.97,1.84,EIA/OPEC ASB 2025 + synthetic fill
2007,9,2007-09-01,Libya,AFR,True,1.429,1.282,72.32,68.48,72.86,85.97,2.82,EIA/OPEC ASB 2025 + synthetic fill
2007,9,2007-09-01,Qatar,Gulf,True,0.738,0.624,72.32,68.48,72.86,85.97,1.37,EIA/OPEC ASB 2025 + synthetic fill
2007,9,2007-09-01,Algeria,AFR,True,1.296,0.917,72.32,68.48,72.86,85.97,2.02,EIA/OPEC ASB 2025 + synthetic fill
2007,9,2007-09-01,Angola,AFR,True,0.752,0.682,72.32,68.48,72.86,85.97,1.5,EIA/OPEC ASB 2025 + synthetic fill
2007,9,2007-09-01,Mexico,LAm,False,3.311,1.848,72.32,68.48,72.86,85.97,4.07,EIA/OPEC ASB 2025 + synthetic fill
2007,9,2007-09-01,Brazil,LAm,False,2.126,0.83,72.32,68.48,72.86,85.97,1.83,EIA/OPEC ASB 2025 + synthetic fill
2007,10,2007-10-01,Saudi Arabia,Gulf,True,9.547,8.236,68.37,63.59,68.21,86.3,17.13,EIA/OPEC ASB 2025 + synthetic fill
2007,10,2007-10-01,Russia,CIS,False,8.456,6.252,68.37,63.59,68.21,86.3,13.0,EIA/OPEC ASB 2025 + synthetic fill
2007,10,2007-10-01,United States,NAm,False,5.063,0.172,68.37,63.59,68.21,86.3,0.36,EIA/OPEC ASB 2025 + synthetic fill
2007,10,2007-10-01,Iraq,Gulf,True,2.789,2.17,68.37,63.59,68.21,86.3,4.51,EIA/OPEC ASB 2025 + synthetic fill
2007,10,2007-10-01,United Arab Emirates,Gulf,True,2.431,2.21,68.37,63.59,68.21,86.3,4.6,EIA/OPEC ASB 2025 + synthetic fill
2007,10,2007-10-01,Iran,Gulf,True,3.921,2.523,68.37,63.59,68.21,86.3,5.25,EIA/OPEC ASB 2025 + synthetic fill
2007,10,2007-10-01,Kuwait,Gulf,True,2.165,1.847,68.37,63.59,68.21,86.3,3.84,EIA/OPEC ASB 2025 + synthetic fill
2007,10,2007-10-01,Venezuela,LAm,True,2.76,2.118,68.37,63.59,68.21,86.3,4.4,EIA/OPEC ASB 2025 + synthetic fill
2007,10,2007-10-01,Nigeria,AFR,True,2.172,1.914,68.37,63.59,68.21,86.3,3.98,EIA/OPEC ASB 2025 + synthetic fill
2007,10,2007-10-01,Canada,NAm,False,3.463,2.596,68.37,63.59,68.21,86.3,5.4,EIA/OPEC ASB 2025 + synthetic fill
2007,10,2007-10-01,Norway,EUR,False,2.658,2.232,68.37,63.59,68.21,86.3,4.64,EIA/OPEC ASB 2025 + synthetic fill
2007,10,2007-10-01,Kazakhstan,CIS,False,1.005,0.819,68.37,63.59,68.21,86.3,1.7,EIA/OPEC ASB 2025 + synthetic fill
2007,10,2007-10-01,Libya,AFR,True,1.625,1.423,68.37,63.59,68.21,86.3,2.96,EIA/OPEC ASB 2025 + synthetic fill
2007,10,2007-10-01,Qatar,Gulf,True,0.745,0.627,68.37,63.59,68.21,86.3,1.3,EIA/OPEC ASB 2025 + synthetic fill
2007,10,2007-10-01,Algeria,AFR,True,1.25,0.886,68.37,63.59,68.21,86.3,1.84,EIA/OPEC ASB 2025 + synthetic fill
2007,10,2007-10-01,Angola,AFR,True,0.739,0.619,68.37,63.59,68.21,86.3,1.29,EIA/OPEC ASB 2025 + synthetic fill
2007,10,2007-10-01,Mexico,LAm,False,3.424,1.869,68.37,63.59,68.21,86.3,3.89,EIA/OPEC ASB 2025 + synthetic fill
2007,10,2007-10-01,Brazil,LAm,False,2.2,0.845,68.37,63.59,68.21,86.3,1.76,EIA/OPEC ASB 2025 + synthetic fill
2007,11,2007-11-01,Saudi Arabia,Gulf,True,9.574,7.272,68.38,66.35,68.22,85.6,15.12,EIA/OPEC ASB 2025 + synthetic fill
2007,11,2007-11-01,Russia,CIS,False,8.347,6.047,68.38,66.35,68.22,85.6,12.58,EIA/OPEC ASB 2025 + synthetic fill
2007,11,2007-11-01,United States,NAm,False,5.044,0.175,68.38,66.35,68.22,85.6,0.36,EIA/OPEC ASB 2025 + synthetic fill
2007,11,2007-11-01,Iraq,Gulf,True,2.698,2.325,68.38,66.35,68.22,85.6,4.84,EIA/OPEC ASB 2025 + synthetic fill
2007,11,2007-11-01,United Arab Emirates,Gulf,True,2.32,1.978,68.38,66.35,68.22,85.6,4.11,EIA/OPEC ASB 2025 + synthetic fill
2007,11,2007-11-01,Iran,Gulf,True,3.881,2.49,68.38,66.35,68.22,85.6,5.18,EIA/OPEC ASB 2025 + synthetic fill
2007,11,2007-11-01,Kuwait,Gulf,True,2.173,1.792,68.38,66.35,68.22,85.6,3.73,EIA/OPEC ASB 2025 + synthetic fill
2007,11,2007-11-01,Venezuela,LAm,True,2.686,2.086,68.38,66.35,68.22,85.6,4.34,EIA/OPEC ASB 2025 + synthetic fill
2007,11,2007-11-01,Nigeria,AFR,True,2.105,1.76,68.38,66.35,68.22,85.6,3.66,EIA/OPEC ASB 2025 + synthetic fill
2007,11,2007-11-01,Canada,NAm,False,3.334,2.43,68.38,66.35,68.22,85.6,5.05,EIA/OPEC ASB 2025 + synthetic fill
2007,11,2007-11-01,Norway,EUR,False,2.601,2.061,68.38,66.35,68.22,85.6,4.29,EIA/OPEC ASB 2025 + synthetic fill
2007,11,2007-11-01,Kazakhstan,CIS,False,1.005,0.784,68.38,66.35,68.22,85.6,1.63,EIA/OPEC ASB 2025 + synthetic fill
2007,11,2007-11-01,Libya,AFR,True,1.573,1.437,68.38,66.35,68.22,85.6,2.99,EIA/OPEC ASB 2025 + synthetic fill
2007,11,2007-11-01,Qatar,Gulf,True,0.727,0.547,68.38,66.35,68.22,85.6,1.14,EIA/OPEC ASB 2025 + synthetic fill
2007,11,2007-11-01,Algeria,AFR,True,1.219,0.905,68.38,66.35,68.22,85.6,1.88,EIA/OPEC ASB 2025 + synthetic fill
2007,11,2007-11-01,Angola,AFR,True,0.713,0.632,68.38,66.35,68.22,85.6,1.31,EIA/OPEC ASB 2025 + synthetic fill
2007,11,2007-11-01,Mexico,LAm,False,3.255,1.719,68.38,66.35,68.22,85.6,3.58,EIA/OPEC ASB 2025 + synthetic fill
2007,11,2007-11-01,Brazil,LAm,False,2.302,0.883,68.38,66.35,68.22,85.6,1.84,EIA/OPEC ASB 2025 + synthetic fill
2007,12,2007-12-01,Saudi Arabia,Gulf,True,9.96,8.405,70.11,66.72,69.5,85.72,17.92,EIA/OPEC ASB 2025 + synthetic fill
2007,12,2007-12-01,Russia,CIS,False,8.467,6.329,70.11,66.72,69.5,85.72,13.5,EIA/OPEC ASB 2025 + synthetic fill
2007,12,2007-12-01,United States,NAm,False,5.148,0.179,70.11,66.72,69.5,85.72,0.38,EIA/OPEC ASB 2025 + synthetic fill
2007,12,2007-12-01,Iraq,Gulf,True,2.793,2.327,70.11,66.72,69.5,85.72,4.96,EIA/OPEC ASB 2025 + synthetic fill
2007,12,2007-12-01,United Arab Emirates,Gulf,True,2.422,2.302,70.11,66.72,69.5,85.72,4.91,EIA/OPEC ASB 2025 + synthetic fill
2007,12,2007-12-01,Iran,Gulf,True,4.019,2.326,70.11,66.72,69.5,85.72,4.96,EIA/OPEC ASB 2025 + synthetic fill
2007,12,2007-12-01,Kuwait,Gulf,True,2.139,1.906,70.11,66.72,69.5,85.72,4.06,EIA/OPEC ASB 2025 + synthetic fill
2007,12,2007-12-01,Venezuela,LAm,True,2.719,2.355,70.11,66.72,69.5,85.72,5.02,EIA/OPEC ASB 2025 + synthetic fill
2007,12,2007-12-01,Nigeria,AFR,True,2.254,1.902,70.11,66.72,69.5,85.72,4.06,EIA/OPEC ASB 2025 + synthetic fill
2007,12,2007-12-01,Canada,NAm,False,3.324,2.386,70.11,66.72,69.5,85.72,5.09,EIA/OPEC ASB 2025 + synthetic fill
2007,12,2007-12-01,Norway,EUR,False,2.673,2.106,70.11,66.72,69.5,85.72,4.49,EIA/OPEC ASB 2025 + synthetic fill
2007,12,2007-12-01,Kazakhstan,CIS,False,1.009,0.825,70.11,66.72,69.5,85.72,1.76,EIA/OPEC ASB 2025 + synthetic fill
2007,12,2007-12-01,Libya,AFR,True,1.525,1.24,70.11,66.72,69.5,85.72,2.64,EIA/OPEC ASB 2025 + synthetic fill
2007,12,2007-12-01,Qatar,Gulf,True,0.751,0.608,70.11,66.72,69.5,85.72,1.3,EIA/OPEC ASB 2025 + synthetic fill
2007,12,2007-12-01,Algeria,AFR,True,1.285,0.968,70.11,66.72,69.5,85.72,2.06,EIA/OPEC ASB 2025 + synthetic fill
2007,12,2007-12-01,Angola,AFR,True,0.765,0.639,70.11,66.72,69.5,85.72,1.36,EIA/OPEC ASB 2025 + synthetic fill
2007,12,2007-12-01,Mexico,LAm,False,3.288,1.676,70.11,66.72,69.5,85.72,3.57,EIA/OPEC ASB 2025 + synthetic fill
2007,12,2007-12-01,Brazil,LAm,False,2.244,0.865,70.11,66.72,69.5,85.72,1.84,EIA/OPEC ASB 2025 + synthetic fill
2008,1,2008-01-01,Saudi Arabia,Gulf,True,9.959,7.8,91.45,89.18,91.17,85.89,21.7,EIA/OPEC ASB 2025 + synthetic fill
2008,1,2008-01-01,Russia,CIS,False,8.545,6.247,91.45,89.18,91.17,85.89,17.38,EIA/OPEC ASB 2025 + synthetic fill
2008,1,2008-01-01,United States,NAm,False,4.99,0.162,91.45,89.18,91.17,85.89,0.45,EIA/OPEC ASB 2025 + synthetic fill
2008,1,2008-01-01,Iraq,Gulf,True,2.801,2.406,91.45,89.18,91.17,85.89,6.69,EIA/OPEC ASB 2025 + synthetic fill
2008,1,2008-01-01,United Arab Emirates,Gulf,True,2.448,2.177,91.45,89.18,91.17,85.89,6.06,EIA/OPEC ASB 2025 + synthetic fill
2008,1,2008-01-01,Iran,Gulf,True,3.883,2.285,91.45,89.18,91.17,85.89,6.36,EIA/OPEC ASB 2025 + synthetic fill
2008,1,2008-01-01,Kuwait,Gulf,True,2.069,1.782,91.45,89.18,91.17,85.89,4.96,EIA/OPEC ASB 2025 + synthetic fill
2008,1,2008-01-01,Venezuela,LAm,True,2.597,2.246,91.45,89.18,91.17,85.89,6.25,EIA/OPEC ASB 2025 + synthetic fill
2008,1,2008-01-01,Nigeria,AFR,True,2.118,1.807,91.45,89.18,91.17,85.89,5.03,EIA/OPEC ASB 2025 + synthetic fill
2008,1,2008-01-01,Canada,NAm,False,3.413,2.351,91.45,89.18,91.17,85.89,6.54,EIA/OPEC ASB 2025 + synthetic fill
2008,1,2008-01-01,Norway,EUR,False,2.695,2.116,91.45,89.18,91.17,85.89,5.89,EIA/OPEC ASB 2025 + synthetic fill
2008,1,2008-01-01,Kazakhstan,CIS,False,0.993,0.733,91.45,89.18,91.17,85.89,2.04,EIA/OPEC ASB 2025 + synthetic fill
2008,1,2008-01-01,Libya,AFR,True,1.55,1.345,91.45,89.18,91.17,85.89,3.74,EIA/OPEC ASB 2025 + synthetic fill
2008,1,2008-01-01,Qatar,Gulf,True,0.75,0.586,91.45,89.18,91.17,85.89,1.63,EIA/OPEC ASB 2025 + synthetic fill
2008,1,2008-01-01,Algeria,AFR,True,1.193,0.857,91.45,89.18,91.17,85.89,2.38,EIA/OPEC ASB 2025 + synthetic fill
2008,1,2008-01-01,Angola,AFR,True,0.728,0.628,91.45,89.18,91.17,85.89,1.75,EIA/OPEC ASB 2025 + synthetic fill
2008,1,2008-01-01,Mexico,LAm,False,3.496,1.904,91.45,89.18,91.17,85.89,5.3,EIA/OPEC ASB 2025 + synthetic fill
2008,1,2008-01-01,Brazil,LAm,False,2.235,0.835,91.45,89.18,91.17,85.89,2.32,EIA/OPEC ASB 2025 + synthetic fill
2008,2,2008-02-01,Saudi Arabia,Gulf,True,9.473,7.611,96.86,92.93,96.99,86.51,22.42,EIA/OPEC ASB 2025 + synthetic fill
2008,2,2008-02-01,Russia,CIS,False,8.605,6.087,96.86,92.93,96.99,86.51,17.93,EIA/OPEC ASB 2025 + synthetic fill
2008,2,2008-02-01,United States,NAm,False,5.095,0.181,96.86,92.93,96.99,86.51,0.53,EIA/OPEC ASB 2025 + synthetic fill
2008,2,2008-02-01,Iraq,Gulf,True,2.649,2.238,96.86,92.93,96.99,86.51,6.59,EIA/OPEC ASB 2025 + synthetic fill
2008,2,2008-02-01,United Arab Emirates,Gulf,True,2.436,2.194,96.86,92.93,96.99,86.51,6.46,EIA/OPEC ASB 2025 + synthetic fill
2008,2,2008-02-01,Iran,Gulf,True,4.04,2.333,96.86,92.93,96.99,86.51,6.87,EIA/OPEC ASB 2025 + synthetic fill
2008,2,2008-02-01,Kuwait,Gulf,True,2.173,1.966,96.86,92.93,96.99,86.51,5.79,EIA/OPEC ASB 2025 + synthetic fill
2008,2,2008-02-01,Venezuela,LAm,True,2.577,2.197,96.86,92.93,96.99,86.51,6.47,EIA/OPEC ASB 2025 + synthetic fill
2008,2,2008-02-01,Nigeria,AFR,True,2.051,1.671,96.86,92.93,96.99,86.51,4.92,EIA/OPEC ASB 2025 + synthetic fill
2008,2,2008-02-01,Canada,NAm,False,3.471,2.47,96.86,92.93,96.99,86.51,7.28,EIA/OPEC ASB 2025 + synthetic fill
2008,2,2008-02-01,Norway,EUR,False,2.731,2.134,96.86,92.93,96.99,86.51,6.29,EIA/OPEC ASB 2025 + synthetic fill
2008,2,2008-02-01,Kazakhstan,CIS,False,1.009,0.766,96.86,92.93,96.99,86.51,2.26,EIA/OPEC ASB 2025 + synthetic fill
2008,2,2008-02-01,Libya,AFR,True,1.592,1.36,96.86,92.93,96.99,86.51,4.01,EIA/OPEC ASB 2025 + synthetic fill
2008,2,2008-02-01,Qatar,Gulf,True,0.74,0.582,96.86,92.93,96.99,86.51,1.71,EIA/OPEC ASB 2025 + synthetic fill
2008,2,2008-02-01,Algeria,AFR,True,1.334,0.927,96.86,92.93,96.99,86.51,2.73,EIA/OPEC ASB 2025 + synthetic fill
2008,2,2008-02-01,Angola,AFR,True,0.765,0.675,96.86,92.93,96.99,86.51,1.99,EIA/OPEC ASB 2025 + synthetic fill
2008,2,2008-02-01,Mexico,LAm,False,3.242,1.78,96.86,92.93,96.99,86.51,5.24,EIA/OPEC ASB 2025 + synthetic fill
2008,2,2008-02-01,Brazil,LAm,False,2.237,0.823,96.86,92.93,96.99,86.51,2.42,EIA/OPEC ASB 2025 + synthetic fill
2008,3,2008-03-01,Saudi Arabia,Gulf,True,9.476,7.744,94.69,91.08,94.59,85.95,22.3,EIA/OPEC ASB 2025 + synthetic fill
2008,3,2008-03-01,Russia,CIS,False,8.224,5.714,94.69,91.08,94.59,85.95,16.46,EIA/OPEC ASB 2025 + synthetic fill
2008,3,2008-03-01,United States,NAm,False,5.366,0.179,94.69,91.08,94.59,85.95,0.52,EIA/OPEC ASB 2025 + synthetic fill
2008,3,2008-03-01,Iraq,Gulf,True,2.732,2.39,94.69,91.08,94.59,85.95,6.88,EIA/OPEC ASB 2025 + synthetic fill
2008,3,2008-03-01,United Arab Emirates,Gulf,True,2.331,2.147,94.69,91.08,94.59,85.95,6.18,EIA/OPEC ASB 2025 + synthetic fill
2008,3,2008-03-01,Iran,Gulf,True,3.924,2.375,94.69,91.08,94.59,85.95,6.84,EIA/OPEC ASB 2025 + synthetic fill
2008,3,2008-03-01,Kuwait,Gulf,True,2.12,1.691,94.69,91.08,94.59,85.95,4.87,EIA/OPEC ASB 2025 + synthetic fill
2008,3,2008-03-01,Venezuela,LAm,True,2.635,2.218,94.69,91.08,94.59,85.95,6.39,EIA/OPEC ASB 2025 + synthetic fill
2008,3,2008-03-01,Nigeria,AFR,True,2.108,1.754,94.69,91.08,94.59,85.95,5.05,EIA/OPEC ASB 2025 + synthetic fill
2008,3,2008-03-01,Canada,NAm,False,3.529,2.593,94.69,91.08,94.59,85.95,7.47,EIA/OPEC ASB 2025 + synthetic fill
2008,3,2008-03-01,Norway,EUR,False,2.703,2.357,94.69,91.08,94.59,85.95,6.79,EIA/OPEC ASB 2025 + synthetic fill
2008,3,2008-03-01,Kazakhstan,CIS,False,1.012,0.826,94.69,91.08,94.59,85.95,2.38,EIA/OPEC ASB 2025 + synthetic fill
2008,3,2008-03-01,Libya,AFR,True,1.517,1.248,94.69,91.08,94.59,85.95,3.59,EIA/OPEC ASB 2025 + synthetic fill
2008,3,2008-03-01,Qatar,Gulf,True,0.752,0.567,94.69,91.08,94.59,85.95,1.63,EIA/OPEC ASB 2025 + synthetic fill
2008,3,2008-03-01,Algeria,AFR,True,1.253,0.835,94.69,91.08,94.59,85.95,2.4,EIA/OPEC ASB 2025 + synthetic fill
2008,3,2008-03-01,Angola,AFR,True,0.747,0.648,94.69,91.08,94.59,85.95,1.87,EIA/OPEC ASB 2025 + synthetic fill
2008,3,2008-03-01,Mexico,LAm,False,3.463,1.697,94.69,91.08,94.59,85.95,4.89,EIA/OPEC ASB 2025 + synthetic fill
2008,3,2008-03-01,Brazil,LAm,False,2.334,0.898,94.69,91.08,94.59,85.95,2.59,EIA/OPEC ASB 2025 + synthetic fill
2008,4,2008-04-01,Saudi Arabia,Gulf,True,9.468,7.194,101.07,99.35,99.2,86.08,22.12,EIA/OPEC ASB 2025 + synthetic fill
2008,4,2008-04-01,Russia,CIS,False,8.405,6.128,101.07,99.35,99.2,86.08,18.84,EIA/OPEC ASB 2025 + synthetic fill
2008,4,2008-04-01,United States,NAm,False,5.185,0.167,101.07,99.35,99.2,86.08,0.51,EIA/OPEC ASB 2025 + synthetic fill
2008,4,2008-04-01,Iraq,Gulf,True,2.743,2.265,101.07,99.35,99.2,86.08,6.96,EIA/OPEC ASB 2025 + synthetic fill
2008,4,2008-04-01,United Arab Emirates,Gulf,True,2.52,2.18,101.07,99.35,99.2,86.08,6.7,EIA/OPEC ASB 2025 + synthetic fill
2008,4,2008-04-01,Iran,Gulf,True,3.884,2.46,101.07,99.35,99.2,86.08,7.56,EIA/OPEC ASB 2025 + synthetic fill
2008,4,2008-04-01,Kuwait,Gulf,True,2.025,1.796,101.07,99.35,99.2,86.08,5.52,EIA/OPEC ASB 2025 + synthetic fill
2008,4,2008-04-01,Venezuela,LAm,True,2.534,1.997,101.07,99.35,99.2,86.08,6.14,EIA/OPEC ASB 2025 + synthetic fill
2008,4,2008-04-01,Nigeria,AFR,True,2.078,1.819,101.07,99.35,99.2,86.08,5.59,EIA/OPEC ASB 2025 + synthetic fill
2008,4,2008-04-01,Canada,NAm,False,3.43,2.391,101.07,99.35,99.2,86.08,7.35,EIA/OPEC ASB 2025 + synthetic fill
2008,4,2008-04-01,Norway,EUR,False,2.579,2.072,101.07,99.35,99.2,86.08,6.37,EIA/OPEC ASB 2025 + synthetic fill
2008,4,2008-04-01,Kazakhstan,CIS,False,1.01,0.787,101.07,99.35,99.2,86.08,2.42,EIA/OPEC ASB 2025 + synthetic fill
2008,4,2008-04-01,Libya,AFR,True,1.582,1.426,101.07,99.35,99.2,86.08,4.38,EIA/OPEC ASB 2025 + synthetic fill
2008,4,2008-04-01,Qatar,Gulf,True,0.758,0.601,101.07,99.35,99.2,86.08,1.85,EIA/OPEC ASB 2025 + synthetic fill
2008,4,2008-04-01,Algeria,AFR,True,1.234,0.829,101.07,99.35,99.2,86.08,2.55,EIA/OPEC ASB 2025 + synthetic fill
2008,4,2008-04-01,Angola,AFR,True,0.755,0.646,101.07,99.35,99.2,86.08,1.99,EIA/OPEC ASB 2025 + synthetic fill
2008,4,2008-04-01,Mexico,LAm,False,3.382,1.844,101.07,99.35,99.2,86.08,5.67,EIA/OPEC ASB 2025 + synthetic fill
2008,4,2008-04-01,Brazil,LAm,False,2.271,0.865,101.07,99.35,99.2,86.08,2.66,EIA/OPEC ASB 2025 + synthetic fill
2008,5,2008-05-01,Saudi Arabia,Gulf,True,9.946,8.424,102.46,100.94,101.65,86.23,26.25,EIA/OPEC ASB 2025 + synthetic fill
2008,5,2008-05-01,Russia,CIS,False,8.171,5.9,102.46,100.94,101.65,86.23,18.39,EIA/OPEC ASB 2025 + synthetic fill
2008,5,2008-05-01,United States,NAm,False,5.124,0.164,102.46,100.94,101.65,86.23,0.51,EIA/OPEC ASB 2025 + synthetic fill
2008,5,2008-05-01,Iraq,Gulf,True,2.796,2.335,102.46,100.94,101.65,86.23,7.28,EIA/OPEC ASB 2025 + synthetic fill
2008,5,2008-05-01,United Arab Emirates,Gulf,True,2.414,2.28,102.46,100.94,101.65,86.23,7.11,EIA/OPEC ASB 2025 + synthetic fill
2008,5,2008-05-01,Iran,Gulf,True,4.043,2.405,102.46,100.94,101.65,86.23,7.5,EIA/OPEC ASB 2025 + synthetic fill
2008,5,2008-05-01,Kuwait,Gulf,True,2.027,1.784,102.46,100.94,101.65,86.23,5.56,EIA/OPEC ASB 2025 + synthetic fill
2008,5,2008-05-01,Venezuela,LAm,True,2.543,2.156,102.46,100.94,101.65,86.23,6.72,EIA/OPEC ASB 2025 + synthetic fill
2008,5,2008-05-01,Nigeria,AFR,True,2.123,1.796,102.46,100.94,101.65,86.23,5.6,EIA/OPEC ASB 2025 + synthetic fill
2008,5,2008-05-01,Canada,NAm,False,3.527,2.419,102.46,100.94,101.65,86.23,7.54,EIA/OPEC ASB 2025 + synthetic fill
2008,5,2008-05-01,Norway,EUR,False,2.695,2.371,102.46,100.94,101.65,86.23,7.39,EIA/OPEC ASB 2025 + synthetic fill
2008,5,2008-05-01,Kazakhstan,CIS,False,0.984,0.769,102.46,100.94,101.65,86.23,2.4,EIA/OPEC ASB 2025 + synthetic fill
2008,5,2008-05-01,Libya,AFR,True,1.585,1.416,102.46,100.94,101.65,86.23,4.41,EIA/OPEC ASB 2025 + synthetic fill
2008,5,2008-05-01,Qatar,Gulf,True,0.777,0.622,102.46,100.94,101.65,86.23,1.94,EIA/OPEC ASB 2025 + synthetic fill
2008,5,2008-05-01,Algeria,AFR,True,1.253,0.913,102.46,100.94,101.65,86.23,2.85,EIA/OPEC ASB 2025 + synthetic fill
2008,5,2008-05-01,Angola,AFR,True,0.752,0.662,102.46,100.94,101.65,86.23,2.06,EIA/OPEC ASB 2025 + synthetic fill
2008,5,2008-05-01,Mexico,LAm,False,3.368,1.679,102.46,100.94,101.65,86.23,5.23,EIA/OPEC ASB 2025 + synthetic fill
2008,5,2008-05-01,Brazil,LAm,False,2.347,0.913,102.46,100.94,101.65,86.23,2.85,EIA/OPEC ASB 2025 + synthetic fill
2008,6,2008-06-01,Saudi Arabia,Gulf,True,9.628,8.133,99.33,96.64,99.23,86.59,24.57,EIA/OPEC ASB 2025 + synthetic fill
2008,6,2008-06-01,Russia,CIS,False,8.904,6.219,99.33,96.64,99.23,86.59,18.79,EIA/OPEC ASB 2025 + synthetic fill
2008,6,2008-06-01,United States,NAm,False,5.288,0.177,99.33,96.64,99.23,86.59,0.53,EIA/OPEC ASB 2025 + synthetic fill
2008,6,2008-06-01,Iraq,Gulf,True,2.74,2.296,99.33,96.64,99.23,86.59,6.94,EIA/OPEC ASB 2025 + synthetic fill
2008,6,2008-06-01,United Arab Emirates,Gulf,True,2.399,2.129,99.33,96.64,99.23,86.59,6.43,EIA/OPEC ASB 2025 + synthetic fill
2008,6,2008-06-01,Iran,Gulf,True,3.93,2.447,99.33,96.64,99.23,86.59,7.39,EIA/OPEC ASB 2025 + synthetic fill
2008,6,2008-06-01,Kuwait,Gulf,True,2.091,1.814,99.33,96.64,99.23,86.59,5.48,EIA/OPEC ASB 2025 + synthetic fill
2008,6,2008-06-01,Venezuela,LAm,True,2.47,2.109,99.33,96.64,99.23,86.59,6.37,EIA/OPEC ASB 2025 + synthetic fill
2008,6,2008-06-01,Nigeria,AFR,True,2.023,1.635,99.33,96.64,99.23,86.59,4.94,EIA/OPEC ASB 2025 + synthetic fill
2008,6,2008-06-01,Canada,NAm,False,3.557,2.433,99.33,96.64,99.23,86.59,7.35,EIA/OPEC ASB 2025 + synthetic fill
2008,6,2008-06-01,Norway,EUR,False,2.608,2.194,99.33,96.64,99.23,86.59,6.63,EIA/OPEC ASB 2025 + synthetic fill
2008,6,2008-06-01,Kazakhstan,CIS,False,1.013,0.825,99.33,96.64,99.23,86.59,2.49,EIA/OPEC ASB 2025 + synthetic fill
2008,6,2008-06-01,Libya,AFR,True,1.557,1.424,99.33,96.64,99.23,86.59,4.3,EIA/OPEC ASB 2025 + synthetic fill
2008,6,2008-06-01,Qatar,Gulf,True,0.739,0.544,99.33,96.64,99.23,86.59,1.64,EIA/OPEC ASB 2025 + synthetic fill
2008,6,2008-06-01,Algeria,AFR,True,1.265,0.956,99.33,96.64,99.23,86.59,2.89,EIA/OPEC ASB 2025 + synthetic fill
2008,6,2008-06-01,Angola,AFR,True,0.756,0.643,99.33,96.64,99.23,86.59,1.94,EIA/OPEC ASB 2025 + synthetic fill
2008,6,2008-06-01,Mexico,LAm,False,3.455,1.703,99.33,96.64,99.23,86.59,5.15,EIA/OPEC ASB 2025 + synthetic fill
2008,6,2008-06-01,Brazil,LAm,False,2.328,0.828,99.33,96.64,99.23,86.59,2.5,EIA/OPEC ASB 2025 + synthetic fill
2008,7,2008-07-01,Saudi Arabia,Gulf,True,9.591,8.312,90.8,87.34,90.24,86.58,22.96,EIA/OPEC ASB 2025 + synthetic fill
2008,7,2008-07-01,Russia,CIS,False,8.311,6.143,90.8,87.34,90.24,86.58,16.97,EIA/OPEC ASB 2025 + synthetic fill
2008,7,2008-07-01,United States,NAm,False,5.174,0.169,90.8,87.34,90.24,86.58,0.47,EIA/OPEC ASB 2025 + synthetic fill
2008,7,2008-07-01,Iraq,Gulf,True,2.775,2.359,90.8,87.34,90.24,86.58,6.52,EIA/OPEC ASB 2025 + synthetic fill
2008,7,2008-07-01,United Arab Emirates,Gulf,True,2.416,2.048,90.8,87.34,90.24,86.58,5.66,EIA/OPEC ASB 2025 + synthetic fill
2008,7,2008-07-01,Iran,Gulf,True,3.751,2.301,90.8,87.34,90.24,86.58,6.35,EIA/OPEC ASB 2025 + synthetic fill
2008,7,2008-07-01,Kuwait,Gulf,True,2.062,1.668,90.8,87.34,90.24,86.58,4.61,EIA/OPEC ASB 2025 + synthetic fill
2008,7,2008-07-01,Venezuela,LAm,True,2.59,1.997,90.8,87.34,90.24,86.58,5.52,EIA/OPEC ASB 2025 + synthetic fill
2008,7,2008-07-01,Nigeria,AFR,True,2.1,1.696,90.8,87.34,90.24,86.58,4.68,EIA/OPEC ASB 2025 + synthetic fill
2008,7,2008-07-01,Canada,NAm,False,3.527,2.691,90.8,87.34,90.24,86.58,7.43,EIA/OPEC ASB 2025 + synthetic fill
2008,7,2008-07-01,Norway,EUR,False,2.664,2.192,90.8,87.34,90.24,86.58,6.05,EIA/OPEC ASB 2025 + synthetic fill
2008,7,2008-07-01,Kazakhstan,CIS,False,0.977,0.783,90.8,87.34,90.24,86.58,2.16,EIA/OPEC ASB 2025 + synthetic fill
2008,7,2008-07-01,Libya,AFR,True,1.5,1.208,90.8,87.34,90.24,86.58,3.34,EIA/OPEC ASB 2025 + synthetic fill
2008,7,2008-07-01,Qatar,Gulf,True,0.747,0.557,90.8,87.34,90.24,86.58,1.54,EIA/OPEC ASB 2025 + synthetic fill
2008,7,2008-07-01,Algeria,AFR,True,1.237,0.933,90.8,87.34,90.24,86.58,2.58,EIA/OPEC ASB 2025 + synthetic fill
2008,7,2008-07-01,Angola,AFR,True,0.784,0.658,90.8,87.34,90.24,86.58,1.82,EIA/OPEC ASB 2025 + synthetic fill
2008,7,2008-07-01,Mexico,LAm,False,3.467,1.844,90.8,87.34,90.24,86.58,5.09,EIA/OPEC ASB 2025 + synthetic fill
2008,7,2008-07-01,Brazil,LAm,False,2.316,0.844,90.8,87.34,90.24,86.58,2.33,EIA/OPEC ASB 2025 + synthetic fill
2008,8,2008-08-01,Saudi Arabia,Gulf,True,9.724,7.697,102.84,100.8,102.62,85.83,24.08,EIA/OPEC ASB 2025 + synthetic fill
2008,8,2008-08-01,Russia,CIS,False,8.653,6.506,102.84,100.8,102.62,85.83,20.35,EIA/OPEC ASB 2025 + synthetic fill
2008,8,2008-08-01,United States,NAm,False,5.379,0.193,102.84,100.8,102.62,85.83,0.6,EIA/OPEC ASB 2025 + synthetic fill
2008,8,2008-08-01,Iraq,Gulf,True,2.679,2.327,102.84,100.8,102.62,85.83,7.28,EIA/OPEC ASB 2025 + synthetic fill
2008,8,2008-08-01,United Arab Emirates,Gulf,True,2.318,2.242,102.84,100.8,102.62,85.83,7.01,EIA/OPEC ASB 2025 + synthetic fill
2008,8,2008-08-01,Iran,Gulf,True,3.736,2.28,102.84,100.8,102.62,85.83,7.13,EIA/OPEC ASB 2025 + synthetic fill
2008,8,2008-08-01,Kuwait,Gulf,True,2.111,1.908,102.84,100.8,102.62,85.83,5.97,EIA/OPEC ASB 2025 + synthetic fill
2008,8,2008-08-01,Venezuela,LAm,True,2.484,2.037,102.84,100.8,102.62,85.83,6.37,EIA/OPEC ASB 2025 + synthetic fill
2008,8,2008-08-01,Nigeria,AFR,True,2.032,1.609,102.84,100.8,102.62,85.83,5.03,EIA/OPEC ASB 2025 + synthetic fill
2008,8,2008-08-01,Canada,NAm,False,3.566,2.404,102.84,100.8,102.62,85.83,7.52,EIA/OPEC ASB 2025 + synthetic fill
2008,8,2008-08-01,Norway,EUR,False,2.735,2.444,102.84,100.8,102.62,85.83,7.64,EIA/OPEC ASB 2025 + synthetic fill
2008,8,2008-08-01,Kazakhstan,CIS,False,1.015,0.824,102.84,100.8,102.62,85.83,2.58,EIA/OPEC ASB 2025 + synthetic fill
2008,8,2008-08-01,Libya,AFR,True,1.569,1.433,102.84,100.8,102.62,85.83,4.48,EIA/OPEC ASB 2025 + synthetic fill
2008,8,2008-08-01,Qatar,Gulf,True,0.766,0.608,102.84,100.8,102.62,85.83,1.9,EIA/OPEC ASB 2025 + synthetic fill
2008,8,2008-08-01,Algeria,AFR,True,1.309,0.9,102.84,100.8,102.62,85.83,2.82,EIA/OPEC ASB 2025 + synthetic fill
2008,8,2008-08-01,Angola,AFR,True,0.752,0.608,102.84,100.8,102.62,85.83,1.9,EIA/OPEC ASB 2025 + synthetic fill
2008,8,2008-08-01,Mexico,LAm,False,3.327,1.639,102.84,100.8,102.62,85.83,5.13,EIA/OPEC ASB 2025 + synthetic fill
2008,8,2008-08-01,Brazil,LAm,False,2.246,0.907,102.84,100.8,102.62,85.83,2.84,EIA/OPEC ASB 2025 + synthetic fill
2008,9,2008-09-01,Saudi Arabia,Gulf,True,9.978,8.607,93.42,88.84,93.61,86.04,24.46,EIA/OPEC ASB 2025 + synthetic fill
2008,9,2008-09-01,Russia,CIS,False,8.504,6.013,93.42,88.84,93.61,86.04,17.09,EIA/OPEC ASB 2025 + synthetic fill
2008,9,2008-09-01,United States,NAm,False,5.345,0.192,93.42,88.84,93.61,86.04,0.55,EIA/OPEC ASB 2025 + synthetic fill
2008,9,2008-09-01,Iraq,Gulf,True,2.972,2.369,93.42,88.84,93.61,86.04,6.73,EIA/OPEC ASB 2025 + synthetic fill
2008,9,2008-09-01,United Arab Emirates,Gulf,True,2.413,2.227,93.42,88.84,93.61,86.04,6.33,EIA/OPEC ASB 2025 + synthetic fill
2008,9,2008-09-01,Iran,Gulf,True,3.848,2.215,93.42,88.84,93.61,86.04,6.29,EIA/OPEC ASB 2025 + synthetic fill
2008,9,2008-09-01,Kuwait,Gulf,True,2.193,1.907,93.42,88.84,93.61,86.04,5.42,EIA/OPEC ASB 2025 + synthetic fill
2008,9,2008-09-01,Venezuela,LAm,True,2.68,2.262,93.42,88.84,93.61,86.04,6.43,EIA/OPEC ASB 2025 + synthetic fill
2008,9,2008-09-01,Nigeria,AFR,True,2.033,1.735,93.42,88.84,93.61,86.04,4.93,EIA/OPEC ASB 2025 + synthetic fill
2008,9,2008-09-01,Canada,NAm,False,3.451,2.301,93.42,88.84,93.61,86.04,6.54,EIA/OPEC ASB 2025 + synthetic fill
2008,9,2008-09-01,Norway,EUR,False,2.554,2.131,93.42,88.84,93.61,86.04,6.06,EIA/OPEC ASB 2025 + synthetic fill
2008,9,2008-09-01,Kazakhstan,CIS,False,1.004,0.85,93.42,88.84,93.61,86.04,2.42,EIA/OPEC ASB 2025 + synthetic fill
2008,9,2008-09-01,Libya,AFR,True,1.628,1.395,93.42,88.84,93.61,86.04,3.96,EIA/OPEC ASB 2025 + synthetic fill
2008,9,2008-09-01,Qatar,Gulf,True,0.727,0.615,93.42,88.84,93.61,86.04,1.75,EIA/OPEC ASB 2025 + synthetic fill
2008,9,2008-09-01,Algeria,AFR,True,1.272,0.871,93.42,88.84,93.61,86.04,2.47,EIA/OPEC ASB 2025 + synthetic fill
2008,9,2008-09-01,Angola,AFR,True,0.742,0.644,93.42,88.84,93.61,86.04,1.83,EIA/OPEC ASB 2025 + synthetic fill
2008,9,2008-09-01,Mexico,LAm,False,3.544,1.852,93.42,88.84,93.61,86.04,5.26,EIA/OPEC ASB 2025 + synthetic fill
2008,9,2008-09-01,Brazil,LAm,False,2.393,0.916,93.42,88.84,93.61,86.04,2.6,EIA/OPEC ASB 2025 + synthetic fill
2008,10,2008-10-01,Saudi Arabia,Gulf,True,9.984,8.094,91.87,88.12,92.35,86.0,22.62,EIA/OPEC ASB 2025 + synthetic fill
2008,10,2008-10-01,Russia,CIS,False,8.57,6.222,91.87,88.12,92.35,86.0,17.39,EIA/OPEC ASB 2025 + synthetic fill
2008,10,2008-10-01,United States,NAm,False,5.376,0.186,91.87,88.12,92.35,86.0,0.52,EIA/OPEC ASB 2025 + synthetic fill
2008,10,2008-10-01,Iraq,Gulf,True,2.879,2.335,91.87,88.12,92.35,86.0,6.52,EIA/OPEC ASB 2025 + synthetic fill
2008,10,2008-10-01,United Arab Emirates,Gulf,True,2.365,2.161,91.87,88.12,92.35,86.0,6.04,EIA/OPEC ASB 2025 + synthetic fill
2008,10,2008-10-01,Iran,Gulf,True,3.71,2.161,91.87,88.12,92.35,86.0,6.04,EIA/OPEC ASB 2025 + synthetic fill
2008,10,2008-10-01,Kuwait,Gulf,True,2.029,1.689,91.87,88.12,92.35,86.0,4.72,EIA/OPEC ASB 2025 + synthetic fill
2008,10,2008-10-01,Venezuela,LAm,True,2.603,2.147,91.87,88.12,92.35,86.0,6.0,EIA/OPEC ASB 2025 + synthetic fill
2008,10,2008-10-01,Nigeria,AFR,True,2.12,1.766,91.87,88.12,92.35,86.0,4.93,EIA/OPEC ASB 2025 + synthetic fill
2008,10,2008-10-01,Canada,NAm,False,3.697,2.767,91.87,88.12,92.35,86.0,7.73,EIA/OPEC ASB 2025 + synthetic fill
2008,10,2008-10-01,Norway,EUR,False,2.634,2.085,91.87,88.12,92.35,86.0,5.83,EIA/OPEC ASB 2025 + synthetic fill
2008,10,2008-10-01,Kazakhstan,CIS,False,1.015,0.813,91.87,88.12,92.35,86.0,2.27,EIA/OPEC ASB 2025 + synthetic fill
2008,10,2008-10-01,Libya,AFR,True,1.568,1.302,91.87,88.12,92.35,86.0,3.64,EIA/OPEC ASB 2025 + synthetic fill
2008,10,2008-10-01,Qatar,Gulf,True,0.759,0.579,91.87,88.12,92.35,86.0,1.62,EIA/OPEC ASB 2025 + synthetic fill
2008,10,2008-10-01,Algeria,AFR,True,1.222,0.827,91.87,88.12,92.35,86.0,2.31,EIA/OPEC ASB 2025 + synthetic fill
2008,10,2008-10-01,Angola,AFR,True,0.758,0.693,91.87,88.12,92.35,86.0,1.94,EIA/OPEC ASB 2025 + synthetic fill
2008,10,2008-10-01,Mexico,LAm,False,3.491,1.746,91.87,88.12,92.35,86.0,4.88,EIA/OPEC ASB 2025 + synthetic fill
2008,10,2008-10-01,Brazil,LAm,False,2.459,0.936,91.87,88.12,92.35,86.0,2.62,EIA/OPEC ASB 2025 + synthetic fill
2008,11,2008-11-01,Saudi Arabia,Gulf,True,9.643,7.931,102.38,99.31,101.22,85.98,24.7,EIA/OPEC ASB 2025 + synthetic fill
2008,11,2008-11-01,Russia,CIS,False,8.45,6.033,102.38,99.31,101.22,85.98,18.79,EIA/OPEC ASB 2025 + synthetic fill
2008,11,2008-11-01,United States,NAm,False,5.13,0.164,102.38,99.31,101.22,85.98,0.51,EIA/OPEC ASB 2025 + synthetic fill
2008,11,2008-11-01,Iraq,Gulf,True,2.955,2.566,102.38,99.31,101.22,85.98,7.99,EIA/OPEC ASB 2025 + synthetic fill
2008,11,2008-11-01,United Arab Emirates,Gulf,True,2.316,2.087,102.38,99.31,101.22,85.98,6.5,EIA/OPEC ASB 2025 + synthetic fill
2008,11,2008-11-01,Iran,Gulf,True,3.754,2.218,102.38,99.31,101.22,85.98,6.91,EIA/OPEC ASB 2025 + synthetic fill
2008,11,2008-11-01,Kuwait,Gulf,True,2.057,1.852,102.38,99.31,101.22,85.98,5.77,EIA/OPEC ASB 2025 + synthetic fill
2008,11,2008-11-01,Venezuela,LAm,True,2.649,2.111,102.38,99.31,101.22,85.98,6.57,EIA/OPEC ASB 2025 + synthetic fill
2008,11,2008-11-01,Nigeria,AFR,True,2.126,1.898,102.38,99.31,101.22,85.98,5.91,EIA/OPEC ASB 2025 + synthetic fill
2008,11,2008-11-01,Canada,NAm,False,3.581,2.72,102.38,99.31,101.22,85.98,8.47,EIA/OPEC ASB 2025 + synthetic fill
2008,11,2008-11-01,Norway,EUR,False,2.665,2.273,102.38,99.31,101.22,85.98,7.08,EIA/OPEC ASB 2025 + synthetic fill
2008,11,2008-11-01,Kazakhstan,CIS,False,1.031,0.779,102.38,99.31,101.22,85.98,2.43,EIA/OPEC ASB 2025 + synthetic fill
2008,11,2008-11-01,Libya,AFR,True,1.573,1.383,102.38,99.31,101.22,85.98,4.31,EIA/OPEC ASB 2025 + synthetic fill
2008,11,2008-11-01,Qatar,Gulf,True,0.733,0.58,102.38,99.31,101.22,85.98,1.81,EIA/OPEC ASB 2025 + synthetic fill
2008,11,2008-11-01,Algeria,AFR,True,1.244,0.872,102.38,99.31,101.22,85.98,2.72,EIA/OPEC ASB 2025 + synthetic fill
2008,11,2008-11-01,Angola,AFR,True,0.711,0.592,102.38,99.31,101.22,85.98,1.84,EIA/OPEC ASB 2025 + synthetic fill
2008,11,2008-11-01,Mexico,LAm,False,3.368,1.682,102.38,99.31,101.22,85.98,5.24,EIA/OPEC ASB 2025 + synthetic fill
2008,11,2008-11-01,Brazil,LAm,False,2.363,0.939,102.38,99.31,101.22,85.98,2.92,EIA/OPEC ASB 2025 + synthetic fill
2008,12,2008-12-01,Saudi Arabia,Gulf,True,9.709,7.611,91.64,88.35,90.09,86.36,21.21,EIA/OPEC ASB 2025 + synthetic fill
2008,12,2008-12-01,Russia,CIS,False,8.692,5.987,91.64,88.35,90.09,86.36,16.69,EIA/OPEC ASB 2025 + synthetic fill
2008,12,2008-12-01,United States,NAm,False,5.273,0.184,91.64,88.35,90.09,86.36,0.51,EIA/OPEC ASB 2025 + synthetic fill
2008,12,2008-12-01,Iraq,Gulf,True,2.958,2.38,91.64,88.35,90.09,86.36,6.63,EIA/OPEC ASB 2025 + synthetic fill
2008,12,2008-12-01,United Arab Emirates,Gulf,True,2.288,2.036,91.64,88.35,90.09,86.36,5.68,EIA/OPEC ASB 2025 + synthetic fill
2008,12,2008-12-01,Iran,Gulf,True,3.775,2.312,91.64,88.35,90.09,86.36,6.44,EIA/OPEC ASB 2025 + synthetic fill
2008,12,2008-12-01,Kuwait,Gulf,True,2.153,1.745,91.64,88.35,90.09,86.36,4.86,EIA/OPEC ASB 2025 + synthetic fill
2008,12,2008-12-01,Venezuela,LAm,True,2.568,1.976,91.64,88.35,90.09,86.36,5.51,EIA/OPEC ASB 2025 + synthetic fill
2008,12,2008-12-01,Nigeria,AFR,True,2.089,1.883,91.64,88.35,90.09,86.36,5.25,EIA/OPEC ASB 2025 + synthetic fill
2008,12,2008-12-01,Canada,NAm,False,3.457,2.534,91.64,88.35,90.09,86.36,7.06,EIA/OPEC ASB 2025 + synthetic fill
2008,12,2008-12-01,Norway,EUR,False,2.669,2.104,91.64,88.35,90.09,86.36,5.86,EIA/OPEC ASB 2025 + synthetic fill
2008,12,2008-12-01,Kazakhstan,CIS,False,1.007,0.748,91.64,88.35,90.09,86.36,2.08,EIA/OPEC ASB 2025 + synthetic fill
2008,12,2008-12-01,Libya,AFR,True,1.603,1.283,91.64,88.35,90.09,86.36,3.58,EIA/OPEC ASB 2025 + synthetic fill
2008,12,2008-12-01,Qatar,Gulf,True,0.734,0.573,91.64,88.35,90.09,86.36,1.6,EIA/OPEC ASB 2025 + synthetic fill
2008,12,2008-12-01,Algeria,AFR,True,1.251,0.862,91.64,88.35,90.09,86.36,2.4,EIA/OPEC ASB 2025 + synthetic fill
2008,12,2008-12-01,Angola,AFR,True,0.742,0.606,91.64,88.35,90.09,86.36,1.69,EIA/OPEC ASB 2025 + synthetic fill
2008,12,2008-12-01,Mexico,LAm,False,3.3,1.683,91.64,88.35,90.09,86.36,4.69,EIA/OPEC ASB 2025 + synthetic fill
2008,12,2008-12-01,Brazil,LAm,False,2.299,0.844,91.64,88.35,90.09,86.36,2.35,EIA/OPEC ASB 2025 + synthetic fill
2009,1,2009-01-01,Saudi Arabia,Gulf,True,9.91,8.491,58.8,57.27,57.28,85.11,15.19,EIA/OPEC ASB 2025 + synthetic fill
2009,1,2009-01-01,Russia,CIS,False,8.702,6.001,58.8,57.27,57.28,85.11,10.73,EIA/OPEC ASB 2025 + synthetic fill
2009,1,2009-01-01,United States,NAm,False,4.951,0.17,58.8,57.27,57.28,85.11,0.3,EIA/OPEC ASB 2025 + synthetic fill
2009,1,2009-01-01,Iraq,Gulf,True,2.946,2.371,58.8,57.27,57.28,85.11,4.24,EIA/OPEC ASB 2025 + synthetic fill
2009,1,2009-01-01,United Arab Emirates,Gulf,True,2.251,2.1,58.8,57.27,57.28,85.11,3.76,EIA/OPEC ASB 2025 + synthetic fill
2009,1,2009-01-01,Iran,Gulf,True,3.773,2.178,58.8,57.27,57.28,85.11,3.9,EIA/OPEC ASB 2025 + synthetic fill
2009,1,2009-01-01,Kuwait,Gulf,True,2.039,1.763,58.8,57.27,57.28,85.11,3.15,EIA/OPEC ASB 2025 + synthetic fill
2009,1,2009-01-01,Venezuela,LAm,True,2.528,2.104,58.8,57.27,57.28,85.11,3.76,EIA/OPEC ASB 2025 + synthetic fill
2009,1,2009-01-01,Nigeria,AFR,True,2.026,1.673,58.8,57.27,57.28,85.11,2.99,EIA/OPEC ASB 2025 + synthetic fill
2009,1,2009-01-01,Canada,NAm,False,3.581,2.497,58.8,57.27,57.28,85.11,4.47,EIA/OPEC ASB 2025 + synthetic fill
2009,1,2009-01-01,Norway,EUR,False,2.515,2.084,58.8,57.27,57.28,85.11,3.73,EIA/OPEC ASB 2025 + synthetic fill
2009,1,2009-01-01,Kazakhstan,CIS,False,0.989,0.768,58.8,57.27,57.28,85.11,1.37,EIA/OPEC ASB 2025 + synthetic fill
2009,1,2009-01-01,Libya,AFR,True,1.565,1.248,58.8,57.27,57.28,85.11,2.23,EIA/OPEC ASB 2025 + synthetic fill
2009,1,2009-01-01,Qatar,Gulf,True,0.766,0.634,58.8,57.27,57.28,85.11,1.13,EIA/OPEC ASB 2025 + synthetic fill
2009,1,2009-01-01,Algeria,AFR,True,1.267,0.899,58.8,57.27,57.28,85.11,1.61,EIA/OPEC ASB 2025 + synthetic fill
2009,1,2009-01-01,Angola,AFR,True,0.736,0.588,58.8,57.27,57.28,85.11,1.05,EIA/OPEC ASB 2025 + synthetic fill
2009,1,2009-01-01,Mexico,LAm,False,3.582,1.871,58.8,57.27,57.28,85.11,3.35,EIA/OPEC ASB 2025 + synthetic fill
2009,1,2009-01-01,Brazil,LAm,False,2.349,0.832,58.8,57.27,57.28,85.11,1.49,EIA/OPEC ASB 2025 + synthetic fill
2009,2,2009-02-01,Saudi Arabia,Gulf,True,9.372,7.706,58.59,56.67,59.57,84.81,13.73,EIA/OPEC ASB 2025 + synthetic fill
2009,2,2009-02-01,Russia,CIS,False,8.813,6.139,58.59,56.67,59.57,84.81,10.94,EIA/OPEC ASB 2025 + synthetic fill
2009,2,2009-02-01,United States,NAm,False,5.427,0.182,58.59,56.67,59.57,84.81,0.32,EIA/OPEC ASB 2025 + synthetic fill
2009,2,2009-02-01,Iraq,Gulf,True,3.033,2.479,58.59,56.67,59.57,84.81,4.42,EIA/OPEC ASB 2025 + synthetic fill
2009,2,2009-02-01,United Arab Emirates,Gulf,True,2.395,2.093,58.59,56.67,59.57,84.81,3.73,EIA/OPEC ASB 2025 + synthetic fill
2009,2,2009-02-01,Iran,Gulf,True,3.763,2.362,58.59,56.67,59.57,84.81,4.21,EIA/OPEC ASB 2025 + synthetic fill
2009,2,2009-02-01,Kuwait,Gulf,True,2.18,1.898,58.59,56.67,59.57,84.81,3.38,EIA/OPEC ASB 2025 + synthetic fill
2009,2,2009-02-01,Venezuela,LAm,True,2.515,2.012,58.59,56.67,59.57,84.81,3.59,EIA/OPEC ASB 2025 + synthetic fill
2009,2,2009-02-01,Nigeria,AFR,True,2.096,1.757,58.59,56.67,59.57,84.81,3.13,EIA/OPEC ASB 2025 + synthetic fill
2009,2,2009-02-01,Canada,NAm,False,3.448,2.581,58.59,56.67,59.57,84.81,4.6,EIA/OPEC ASB 2025 + synthetic fill
2009,2,2009-02-01,Norway,EUR,False,2.649,2.256,58.59,56.67,59.57,84.81,4.02,EIA/OPEC ASB 2025 + synthetic fill
2009,2,2009-02-01,Kazakhstan,CIS,False,1.019,0.82,58.59,56.67,59.57,84.81,1.46,EIA/OPEC ASB 2025 + synthetic fill
2009,2,2009-02-01,Libya,AFR,True,1.561,1.28,58.59,56.67,59.57,84.81,2.28,EIA/OPEC ASB 2025 + synthetic fill
2009,2,2009-02-01,Qatar,Gulf,True,0.776,0.573,58.59,56.67,59.57,84.81,1.02,EIA/OPEC ASB 2025 + synthetic fill
2009,2,2009-02-01,Algeria,AFR,True,1.287,0.877,58.59,56.67,59.57,84.81,1.56,EIA/OPEC ASB 2025 + synthetic fill
2009,2,2009-02-01,Angola,AFR,True,0.757,0.613,58.59,56.67,59.57,84.81,1.09,EIA/OPEC ASB 2025 + synthetic fill
2009,2,2009-02-01,Mexico,LAm,False,3.384,1.831,58.59,56.67,59.57,84.81,3.26,EIA/OPEC ASB 2025 + synthetic fill
2009,2,2009-02-01,Brazil,LAm,False,2.529,0.927,58.59,56.67,59.57,84.81,1.65,EIA/OPEC ASB 2025 + synthetic fill
2009,3,2009-03-01,Saudi Arabia,Gulf,True,9.783,7.935,63.38,61.01,63.45,84.98,15.3,EIA/OPEC ASB 2025 + synthetic fill
2009,3,2009-03-01,Russia,CIS,False,7.937,5.844,63.38,61.01,63.45,84.98,11.27,EIA/OPEC ASB 2025 + synthetic fill
2009,3,2009-03-01,United States,NAm,False,5.198,0.189,63.38,61.01,63.45,84.98,0.36,EIA/OPEC ASB 2025 + synthetic fill
2009,3,2009-03-01,Iraq,Gulf,True,3.069,2.392,63.38,61.01,63.45,84.98,4.61,EIA/OPEC ASB 2025 + synthetic fill
2009,3,2009-03-01,United Arab Emirates,Gulf,True,2.404,2.172,63.38,61.01,63.45,84.98,4.19,EIA/OPEC ASB 2025 + synthetic fill
2009,3,2009-03-01,Iran,Gulf,True,3.61,2.089,63.38,61.01,63.45,84.98,4.03,EIA/OPEC ASB 2025 + synthetic fill
2009,3,2009-03-01,Kuwait,Gulf,True,2.153,1.912,63.38,61.01,63.45,84.98,3.69,EIA/OPEC ASB 2025 + synthetic fill
2009,3,2009-03-01,Venezuela,LAm,True,2.475,1.933,63.38,61.01,63.45,84.98,3.73,EIA/OPEC ASB 2025 + synthetic fill
2009,3,2009-03-01,Nigeria,AFR,True,2.105,1.855,63.38,61.01,63.45,84.98,3.58,EIA/OPEC ASB 2025 + synthetic fill
2009,3,2009-03-01,Canada,NAm,False,3.557,2.515,63.38,61.01,63.45,84.98,4.85,EIA/OPEC ASB 2025 + synthetic fill
2009,3,2009-03-01,Norway,EUR,False,2.622,2.178,63.38,61.01,63.45,84.98,4.2,EIA/OPEC ASB 2025 + synthetic fill
2009,3,2009-03-01,Kazakhstan,CIS,False,0.993,0.817,63.38,61.01,63.45,84.98,1.58,EIA/OPEC ASB 2025 + synthetic fill
2009,3,2009-03-01,Libya,AFR,True,1.458,1.246,63.38,61.01,63.45,84.98,2.4,EIA/OPEC ASB 2025 + synthetic fill
2009,3,2009-03-01,Qatar,Gulf,True,0.743,0.604,63.38,61.01,63.45,84.98,1.16,EIA/OPEC ASB 2025 + synthetic fill
2009,3,2009-03-01,Algeria,AFR,True,1.239,0.899,63.38,61.01,63.45,84.98,1.73,EIA/OPEC ASB 2025 + synthetic fill
2009,3,2009-03-01,Angola,AFR,True,0.765,0.614,63.38,61.01,63.45,84.98,1.18,EIA/OPEC ASB 2025 + synthetic fill
2009,3,2009-03-01,Mexico,LAm,False,3.495,1.768,63.38,61.01,63.45,84.98,3.41,EIA/OPEC ASB 2025 + synthetic fill
2009,3,2009-03-01,Brazil,LAm,False,2.42,0.94,63.38,61.01,63.45,84.98,1.81,EIA/OPEC ASB 2025 + synthetic fill
2009,4,2009-04-01,Saudi Arabia,Gulf,True,9.765,7.764,64.58,60.13,64.93,85.29,15.25,EIA/OPEC ASB 2025 + synthetic fill
2009,4,2009-04-01,Russia,CIS,False,8.871,5.978,64.58,60.13,64.93,85.29,11.74,EIA/OPEC ASB 2025 + synthetic fill
2009,4,2009-04-01,United States,NAm,False,5.318,0.189,64.58,60.13,64.93,85.29,0.37,EIA/OPEC ASB 2025 + synthetic fill
2009,4,2009-04-01,Iraq,Gulf,True,2.995,2.318,64.58,60.13,64.93,85.29,4.55,EIA/OPEC ASB 2025 + synthetic fill
2009,4,2009-04-01,United Arab Emirates,Gulf,True,2.501,2.262,64.58,60.13,64.93,85.29,4.44,EIA/OPEC ASB 2025 + synthetic fill
2009,4,2009-04-01,Iran,Gulf,True,3.664,2.247,64.58,60.13,64.93,85.29,4.41,EIA/OPEC ASB 2025 + synthetic fill
2009,4,2009-04-01,Kuwait,Gulf,True,2.084,1.683,64.58,60.13,64.93,85.29,3.31,EIA/OPEC ASB 2025 + synthetic fill
2009,4,2009-04-01,Venezuela,LAm,True,2.593,2.016,64.58,60.13,64.93,85.29,3.96,EIA/OPEC ASB 2025 + synthetic fill
2009,4,2009-04-01,Nigeria,AFR,True,2.011,1.826,64.58,60.13,64.93,85.29,3.59,EIA/OPEC ASB 2025 + synthetic fill
2009,4,2009-04-01,Canada,NAm,False,3.495,2.535,64.58,60.13,64.93,85.29,4.98,EIA/OPEC ASB 2025 + synthetic fill
2009,4,2009-04-01,Norway,EUR,False,2.707,2.326,64.58,60.13,64.93,85.29,4.57,EIA/OPEC ASB 2025 + synthetic fill
2009,4,2009-04-01,Kazakhstan,CIS,False,1.013,0.835,64.58,60.13,64.93,85.29,1.64,EIA/OPEC ASB 2025 + synthetic fill
2009,4,2009-04-01,Libya,AFR,True,1.589,1.456,64.58,60.13,64.93,85.29,2.86,EIA/OPEC ASB 2025 + synthetic fill
2009,4,2009-04-01,Qatar,Gulf,True,0.76,0.626,64.58,60.13,64.93,85.29,1.23,EIA/OPEC ASB 2025 + synthetic fill
2009,4,2009-04-01,Algeria,AFR,True,1.252,0.885,64.58,60.13,64.93,85.29,1.74,EIA/OPEC ASB 2025 + synthetic fill
2009,4,2009-04-01,Angola,AFR,True,0.716,0.588,64.58,60.13,64.93,85.29,1.16,EIA/OPEC ASB 2025 + synthetic fill
2009,4,2009-04-01,Mexico,LAm,False,3.37,1.675,64.58,60.13,64.93,85.29,3.29,EIA/OPEC ASB 2025 + synthetic fill
2009,4,2009-04-01,Brazil,LAm,False,2.41,0.969,64.58,60.13,64.93,85.29,1.9,EIA/OPEC ASB 2025 + synthetic fill
2009,5,2009-05-01,Saudi Arabia,Gulf,True,9.548,7.617,61.23,59.05,60.14,84.73,14.19,EIA/OPEC ASB 2025 + synthetic fill
2009,5,2009-05-01,Russia,CIS,False,8.81,6.435,61.23,59.05,60.14,84.73,11.98,EIA/OPEC ASB 2025 + synthetic fill
2009,5,2009-05-01,United States,NAm,False,5.296,0.191,61.23,59.05,60.14,84.73,0.36,EIA/OPEC ASB 2025 + synthetic fill
2009,5,2009-05-01,Iraq,Gulf,True,3.111,2.607,61.23,59.05,60.14,84.73,4.86,EIA/OPEC ASB 2025 + synthetic fill
2009,5,2009-05-01,United Arab Emirates,Gulf,True,2.432,2.143,61.23,59.05,60.14,84.73,3.99,EIA/OPEC ASB 2025 + synthetic fill
2009,5,2009-05-01,Iran,Gulf,True,3.622,2.118,61.23,59.05,60.14,84.73,3.94,EIA/OPEC ASB 2025 + synthetic fill
2009,5,2009-05-01,Kuwait,Gulf,True,2.099,1.816,61.23,59.05,60.14,84.73,3.38,EIA/OPEC ASB 2025 + synthetic fill
2009,5,2009-05-01,Venezuela,LAm,True,2.572,2.086,61.23,59.05,60.14,84.73,3.88,EIA/OPEC ASB 2025 + synthetic fill
2009,5,2009-05-01,Nigeria,AFR,True,2.104,1.875,61.23,59.05,60.14,84.73,3.49,EIA/OPEC ASB 2025 + synthetic fill
2009,5,2009-05-01,Canada,NAm,False,3.666,2.715,61.23,59.05,60.14,84.73,5.06,EIA/OPEC ASB 2025 + synthetic fill
2009,5,2009-05-01,Norway,EUR,False,2.623,2.24,61.23,59.05,60.14,84.73,4.17,EIA/OPEC ASB 2025 + synthetic fill
2009,5,2009-05-01,Kazakhstan,CIS,False,1.04,0.828,61.23,59.05,60.14,84.73,1.54,EIA/OPEC ASB 2025 + synthetic fill
2009,5,2009-05-01,Libya,AFR,True,1.534,1.316,61.23,59.05,60.14,84.73,2.45,EIA/OPEC ASB 2025 + synthetic fill
2009,5,2009-05-01,Qatar,Gulf,True,0.765,0.61,61.23,59.05,60.14,84.73,1.14,EIA/OPEC ASB 2025 + synthetic fill
2009,5,2009-05-01,Algeria,AFR,True,1.229,0.893,61.23,59.05,60.14,84.73,1.66,EIA/OPEC ASB 2025 + synthetic fill
2009,5,2009-05-01,Angola,AFR,True,0.739,0.599,61.23,59.05,60.14,84.73,1.12,EIA/OPEC ASB 2025 + synthetic fill
2009,5,2009-05-01,Mexico,LAm,False,3.369,1.849,61.23,59.05,60.14,84.73,3.44,EIA/OPEC ASB 2025 + synthetic fill
2009,5,2009-05-01,Brazil,LAm,False,2.475,0.893,61.23,59.05,60.14,84.73,1.66,EIA/OPEC ASB 2025 + synthetic fill
2009,6,2009-06-01,Saudi Arabia,Gulf,True,9.067,7.557,65.36,62.42,66.06,84.56,15.02,EIA/OPEC ASB 2025 + synthetic fill
2009,6,2009-06-01,Russia,CIS,False,8.51,6.04,65.36,62.42,66.06,84.56,12.01,EIA/OPEC ASB 2025 + synthetic fill
2009,6,2009-06-01,United States,NAm,False,5.312,0.178,65.36,62.42,66.06,84.56,0.35,EIA/OPEC ASB 2025 + synthetic fill
2009,6,2009-06-01,Iraq,Gulf,True,2.931,2.474,65.36,62.42,66.06,84.56,4.92,EIA/OPEC ASB 2025 + synthetic fill
2009,6,2009-06-01,United Arab Emirates,Gulf,True,2.525,2.197,65.36,62.42,66.06,84.56,4.37,EIA/OPEC ASB 2025 + synthetic fill
2009,6,2009-06-01,Iran,Gulf,True,3.666,2.215,65.36,62.42,66.06,84.56,4.4,EIA/OPEC ASB 2025 + synthetic fill
2009,6,2009-06-01,Kuwait,Gulf,True,2.116,1.872,65.36,62.42,66.06,84.56,3.72,EIA/OPEC ASB 2025 + synthetic fill
2009,6,2009-06-01,Venezuela,LAm,True,2.551,1.974,65.36,62.42,66.06,84.56,3.92,EIA/OPEC ASB 2025 + synthetic fill
2009,6,2009-06-01,Nigeria,AFR,True,1.984,1.664,65.36,62.42,66.06,84.56,3.31,EIA/OPEC ASB 2025 + synthetic fill
2009,6,2009-06-01,Canada,NAm,False,3.585,2.508,65.36,62.42,66.06,84.56,4.99,EIA/OPEC ASB 2025 + synthetic fill
2009,6,2009-06-01,Norway,EUR,False,2.58,2.084,65.36,62.42,66.06,84.56,4.14,EIA/OPEC ASB 2025 + synthetic fill
2009,6,2009-06-01,Kazakhstan,CIS,False,0.955,0.707,65.36,62.42,66.06,84.56,1.41,EIA/OPEC ASB 2025 + synthetic fill
2009,6,2009-06-01,Libya,AFR,True,1.601,1.46,65.36,62.42,66.06,84.56,2.9,EIA/OPEC ASB 2025 + synthetic fill
2009,6,2009-06-01,Qatar,Gulf,True,0.757,0.639,65.36,62.42,66.06,84.56,1.27,EIA/OPEC ASB 2025 + synthetic fill
2009,6,2009-06-01,Algeria,AFR,True,1.291,0.924,65.36,62.42,66.06,84.56,1.84,EIA/OPEC ASB 2025 + synthetic fill
2009,6,2009-06-01,Angola,AFR,True,0.767,0.629,65.36,62.42,66.06,84.56,1.25,EIA/OPEC ASB 2025 + synthetic fill
2009,6,2009-06-01,Mexico,LAm,False,3.337,1.78,65.36,62.42,66.06,84.56,3.54,EIA/OPEC ASB 2025 + synthetic fill
2009,6,2009-06-01,Brazil,LAm,False,2.486,0.904,65.36,62.42,66.06,84.56,1.8,EIA/OPEC ASB 2025 + synthetic fill
2009,7,2009-07-01,Saudi Arabia,Gulf,True,9.292,7.753,63.85,62.43,62.93,84.39,15.06,EIA/OPEC ASB 2025 + synthetic fill
2009,7,2009-07-01,Russia,CIS,False,8.885,6.623,63.85,62.43,62.93,84.39,12.86,EIA/OPEC ASB 2025 + synthetic fill
2009,7,2009-07-01,United States,NAm,False,5.393,0.182,63.85,62.43,62.93,84.39,0.35,EIA/OPEC ASB 2025 + synthetic fill
2009,7,2009-07-01,Iraq,Gulf,True,3.041,2.471,63.85,62.43,62.93,84.39,4.8,EIA/OPEC ASB 2025 + synthetic fill
2009,7,2009-07-01,United Arab Emirates,Gulf,True,2.518,2.267,63.85,62.43,62.93,84.39,4.4,EIA/OPEC ASB 2025 + synthetic fill
2009,7,2009-07-01,Iran,Gulf,True,3.823,2.265,63.85,62.43,62.93,84.39,4.4,EIA/OPEC ASB 2025 + synthetic fill
2009,7,2009-07-01,Kuwait,Gulf,True,2.036,1.685,63.85,62.43,62.93,84.39,3.27,EIA/OPEC ASB 2025 + synthetic fill
2009,7,2009-07-01,Venezuela,LAm,True,2.747,2.225,63.85,62.43,62.93,84.39,4.32,EIA/OPEC ASB 2025 + synthetic fill
2009,7,2009-07-01,Nigeria,AFR,True,2.105,1.843,63.85,62.43,62.93,84.39,3.58,EIA/OPEC ASB 2025 + synthetic fill
2009,7,2009-07-01,Canada,NAm,False,3.578,2.589,63.85,62.43,62.93,84.39,5.03,EIA/OPEC ASB 2025 + synthetic fill
2009,7,2009-07-01,Norway,EUR,False,2.566,2.224,63.85,62.43,62.93,84.39,4.32,EIA/OPEC ASB 2025 + synthetic fill
2009,7,2009-07-01,Kazakhstan,CIS,False,0.993,0.834,63.85,62.43,62.93,84.39,1.62,EIA/OPEC ASB 2025 + synthetic fill
2009,7,2009-07-01,Libya,AFR,True,1.569,1.336,63.85,62.43,62.93,84.39,2.59,EIA/OPEC ASB 2025 + synthetic fill
2009,7,2009-07-01,Qatar,Gulf,True,0.798,0.623,63.85,62.43,62.93,84.39,1.21,EIA/OPEC ASB 2025 + synthetic fill
2009,7,2009-07-01,Algeria,AFR,True,1.237,0.894,63.85,62.43,62.93,84.39,1.74,EIA/OPEC ASB 2025 + synthetic fill
2009,7,2009-07-01,Angola,AFR,True,0.697,0.6,63.85,62.43,62.93,84.39,1.17,EIA/OPEC ASB 2025 + synthetic fill
2009,7,2009-07-01,Mexico,LAm,False,3.472,1.768,63.85,62.43,62.93,84.39,3.43,EIA/OPEC ASB 2025 + synthetic fill
2009,7,2009-07-01,Brazil,LAm,False,2.507,0.917,63.85,62.43,62.93,84.39,1.78,EIA/OPEC ASB 2025 + synthetic fill
2009,8,2009-08-01,Saudi Arabia,Gulf,True,9.39,7.717,63.27,58.98,62.2,84.65,14.85,EIA/OPEC ASB 2025 + synthetic fill
2009,8,2009-08-01,Russia,CIS,False,8.979,6.732,63.27,58.98,62.2,84.65,12.96,EIA/OPEC ASB 2025 + synthetic fill
2009,8,2009-08-01,United States,NAm,False,5.379,0.18,63.27,58.98,62.2,84.65,0.35,EIA/OPEC ASB 2025 + synthetic fill
2009,8,2009-08-01,Iraq,Gulf,True,3.031,2.392,63.27,58.98,62.2,84.65,4.6,EIA/OPEC ASB 2025 + synthetic fill
2009,8,2009-08-01,United Arab Emirates,Gulf,True,2.347,2.049,63.27,58.98,62.2,84.65,3.94,EIA/OPEC ASB 2025 + synthetic fill
2009,8,2009-08-01,Iran,Gulf,True,3.619,2.286,63.27,58.98,62.2,84.65,4.4,EIA/OPEC ASB 2025 + synthetic fill
2009,8,2009-08-01,Kuwait,Gulf,True,2.144,1.927,63.27,58.98,62.2,84.65,3.71,EIA/OPEC ASB 2025 + synthetic fill
2009,8,2009-08-01,Venezuela,LAm,True,2.598,2.214,63.27,58.98,62.2,84.65,4.26,EIA/OPEC ASB 2025 + synthetic fill
2009,8,2009-08-01,Nigeria,AFR,True,2.085,1.687,63.27,58.98,62.2,84.65,3.25,EIA/OPEC ASB 2025 + synthetic fill
2009,8,2009-08-01,Canada,NAm,False,3.526,2.629,63.27,58.98,62.2,84.65,5.06,EIA/OPEC ASB 2025 + synthetic fill
2009,8,2009-08-01,Norway,EUR,False,2.573,2.273,63.27,58.98,62.2,84.65,4.37,EIA/OPEC ASB 2025 + synthetic fill
2009,8,2009-08-01,Kazakhstan,CIS,False,0.97,0.779,63.27,58.98,62.2,84.65,1.5,EIA/OPEC ASB 2025 + synthetic fill
2009,8,2009-08-01,Libya,AFR,True,1.552,1.346,63.27,58.98,62.2,84.65,2.59,EIA/OPEC ASB 2025 + synthetic fill
2009,8,2009-08-01,Qatar,Gulf,True,0.779,0.58,63.27,58.98,62.2,84.65,1.12,EIA/OPEC ASB 2025 + synthetic fill
2009,8,2009-08-01,Algeria,AFR,True,1.3,0.907,63.27,58.98,62.2,84.65,1.75,EIA/OPEC ASB 2025 + synthetic fill
2009,8,2009-08-01,Angola,AFR,True,0.761,0.682,63.27,58.98,62.2,84.65,1.31,EIA/OPEC ASB 2025 + synthetic fill
2009,8,2009-08-01,Mexico,LAm,False,3.252,1.794,63.27,58.98,62.2,84.65,3.45,EIA/OPEC ASB 2025 + synthetic fill
2009,8,2009-08-01,Brazil,LAm,False,2.588,0.947,63.27,58.98,62.2,84.65,1.82,EIA/OPEC ASB 2025 + synthetic fill
2009,9,2009-09-01,Saudi Arabia,Gulf,True,9.272,7.069,59.78,58.73,58.45,84.37,12.85,EIA/OPEC ASB 2025 + synthetic fill
2009,9,2009-09-01,Russia,CIS,False,8.84,6.286,59.78,58.73,58.45,84.37,11.43,EIA/OPEC ASB 2025 + synthetic fill
2009,9,2009-09-01,United States,NAm,False,5.458,0.179,59.78,58.73,58.45,84.37,0.33,EIA/OPEC ASB 2025 + synthetic fill
2009,9,2009-09-01,Iraq,Gulf,True,3.1,2.414,59.78,58.73,58.45,84.37,4.39,EIA/OPEC ASB 2025 + synthetic fill
2009,9,2009-09-01,United Arab Emirates,Gulf,True,2.393,2.155,59.78,58.73,58.45,84.37,3.92,EIA/OPEC ASB 2025 + synthetic fill
2009,9,2009-09-01,Iran,Gulf,True,3.423,2.099,59.78,58.73,58.45,84.37,3.82,EIA/OPEC ASB 2025 + synthetic fill
2009,9,2009-09-01,Kuwait,Gulf,True,2.063,1.699,59.78,58.73,58.45,84.37,3.09,EIA/OPEC ASB 2025 + synthetic fill
2009,9,2009-09-01,Venezuela,LAm,True,2.559,2.08,59.78,58.73,58.45,84.37,3.78,EIA/OPEC ASB 2025 + synthetic fill
2009,9,2009-09-01,Nigeria,AFR,True,2.115,1.813,59.78,58.73,58.45,84.37,3.3,EIA/OPEC ASB 2025 + synthetic fill
2009,9,2009-09-01,Canada,NAm,False,3.728,2.488,59.78,58.73,58.45,84.37,4.52,EIA/OPEC ASB 2025 + synthetic fill
2009,9,2009-09-01,Norway,EUR,False,2.578,2.154,59.78,58.73,58.45,84.37,3.92,EIA/OPEC ASB 2025 + synthetic fill
2009,9,2009-09-01,Kazakhstan,CIS,False,1.006,0.828,59.78,58.73,58.45,84.37,1.51,EIA/OPEC ASB 2025 + synthetic fill
2009,9,2009-09-01,Libya,AFR,True,1.587,1.373,59.78,58.73,58.45,84.37,2.5,EIA/OPEC ASB 2025 + synthetic fill
2009,9,2009-09-01,Qatar,Gulf,True,0.757,0.599,59.78,58.73,58.45,84.37,1.09,EIA/OPEC ASB 2025 + synthetic fill
2009,9,2009-09-01,Algeria,AFR,True,1.238,0.897,59.78,58.73,58.45,84.37,1.63,EIA/OPEC ASB 2025 + synthetic fill
2009,9,2009-09-01,Angola,AFR,True,0.74,0.656,59.78,58.73,58.45,84.37,1.19,EIA/OPEC ASB 2025 + synthetic fill
2009,9,2009-09-01,Mexico,LAm,False,3.401,1.852,59.78,58.73,58.45,84.37,3.37,EIA/OPEC ASB 2025 + synthetic fill
2009,9,2009-09-01,Brazil,LAm,False,2.564,0.952,59.78,58.73,58.45,84.37,1.73,EIA/OPEC ASB 2025 + synthetic fill
2009,10,2009-10-01,Saudi Arabia,Gulf,True,9.283,7.669,61.4,57.71,61.13,84.64,14.32,EIA/OPEC ASB 2025 + synthetic fill
2009,10,2009-10-01,Russia,CIS,False,8.88,5.857,61.4,57.71,61.13,84.64,10.94,EIA/OPEC ASB 2025 + synthetic fill
2009,10,2009-10-01,United States,NAm,False,5.238,0.182,61.4,57.71,61.13,84.64,0.34,EIA/OPEC ASB 2025 + synthetic fill
2009,10,2009-10-01,Iraq,Gulf,True,3.254,2.894,61.4,57.71,61.13,84.64,5.4,EIA/OPEC ASB 2025 + synthetic fill
2009,10,2009-10-01,United Arab Emirates,Gulf,True,2.369,2.012,61.4,57.71,61.13,84.64,3.76,EIA/OPEC ASB 2025 + synthetic fill
2009,10,2009-10-01,Iran,Gulf,True,3.505,2.216,61.4,57.71,61.13,84.64,4.14,EIA/OPEC ASB 2025 + synthetic fill
2009,10,2009-10-01,Kuwait,Gulf,True,2.116,1.861,61.4,57.71,61.13,84.64,3.48,EIA/OPEC ASB 2025 + synthetic fill
2009,10,2009-10-01,Venezuela,LAm,True,2.616,2.266,61.4,57.71,61.13,84.64,4.23,EIA/OPEC ASB 2025 + synthetic fill
2009,10,2009-10-01,Nigeria,AFR,True,2.113,1.907,61.4,57.71,61.13,84.64,3.56,EIA/OPEC ASB 2025 + synthetic fill
2009,10,2009-10-01,Canada,NAm,False,3.733,2.821,61.4,57.71,61.13,84.64,5.27,EIA/OPEC ASB 2025 + synthetic fill
2009,10,2009-10-01,Norway,EUR,False,2.678,2.083,61.4,57.71,61.13,84.64,3.89,EIA/OPEC ASB 2025 + synthetic fill
2009,10,2009-10-01,Kazakhstan,CIS,False,0.966,0.786,61.4,57.71,61.13,84.64,1.47,EIA/OPEC ASB 2025 + synthetic fill
2009,10,2009-10-01,Libya,AFR,True,1.606,1.285,61.4,57.71,61.13,84.64,2.4,EIA/OPEC ASB 2025 + synthetic fill
2009,10,2009-10-01,Qatar,Gulf,True,0.763,0.579,61.4,57.71,61.13,84.64,1.08,EIA/OPEC ASB 2025 + synthetic fill
2009,10,2009-10-01,Algeria,AFR,True,1.23,0.88,61.4,57.71,61.13,84.64,1.64,EIA/OPEC ASB 2025 + synthetic fill
2009,10,2009-10-01,Angola,AFR,True,0.747,0.619,61.4,57.71,61.13,84.64,1.16,EIA/OPEC ASB 2025 + synthetic fill
2009,10,2009-10-01,Mexico,LAm,False,3.263,1.623,61.4,57.71,61.13,84.64,3.03,EIA/OPEC ASB 2025 + synthetic fill
2009,10,2009-10-01,Brazil,LAm,False,2.565,1.004,61.4,57.71,61.13,84.64,1.88,EIA/OPEC ASB 2025 + synthetic fill
2009,11,2009-11-01,Saudi Arabia,Gulf,True,9.477,8.043,62.78,59.13,63.65,84.75,15.36,EIA/OPEC ASB 2025 + synthetic fill
2009,11,2009-11-01,Russia,CIS,False,8.889,6.391,62.78,59.13,63.65,84.75,12.2,EIA/OPEC ASB 2025 + synthetic fill
2009,11,2009-11-01,United States,NAm,False,5.565,0.177,62.78,59.13,63.65,84.75,0.34,EIA/OPEC ASB 2025 + synthetic fill
2009,11,2009-11-01,Iraq,Gulf,True,3.092,2.531,62.78,59.13,63.65,84.75,4.83,EIA/OPEC ASB 2025 + synthetic fill
2009,11,2009-11-01,United Arab Emirates,Gulf,True,2.384,2.212,62.78,59.13,63.65,84.75,4.22,EIA/OPEC ASB 2025 + synthetic fill
2009,11,2009-11-01,Iran,Gulf,True,3.633,2.311,62.78,59.13,63.65,84.75,4.41,EIA/OPEC ASB 2025 + synthetic fill
2009,11,2009-11-01,Kuwait,Gulf,True,2.205,1.911,62.78,59.13,63.65,84.75,3.65,EIA/OPEC ASB 2025 + synthetic fill
2009,11,2009-11-01,Venezuela,LAm,True,2.57,2.04,62.78,59.13,63.65,84.75,3.9,EIA/OPEC ASB 2025 + synthetic fill
2009,11,2009-11-01,Nigeria,AFR,True,1.995,1.597,62.78,59.13,63.65,84.75,3.05,EIA/OPEC ASB 2025 + synthetic fill
2009,11,2009-11-01,Canada,NAm,False,3.899,2.707,62.78,59.13,63.65,84.75,5.17,EIA/OPEC ASB 2025 + synthetic fill
2009,11,2009-11-01,Norway,EUR,False,2.647,2.113,62.78,59.13,63.65,84.75,4.03,EIA/OPEC ASB 2025 + synthetic fill
2009,11,2009-11-01,Kazakhstan,CIS,False,0.977,0.774,62.78,59.13,63.65,84.75,1.48,EIA/OPEC ASB 2025 + synthetic fill
2009,11,2009-11-01,Libya,AFR,True,1.487,1.19,62.78,59.13,63.65,84.75,2.27,EIA/OPEC ASB 2025 + synthetic fill
2009,11,2009-11-01,Qatar,Gulf,True,0.761,0.581,62.78,59.13,63.65,84.75,1.11,EIA/OPEC ASB 2025 + synthetic fill
2009,11,2009-11-01,Algeria,AFR,True,1.222,0.858,62.78,59.13,63.65,84.75,1.64,EIA/OPEC ASB 2025 + synthetic fill
2009,11,2009-11-01,Angola,AFR,True,0.747,0.61,62.78,59.13,63.65,84.75,1.16,EIA/OPEC ASB 2025 + synthetic fill
2009,11,2009-11-01,Mexico,LAm,False,3.355,1.79,62.78,59.13,63.65,84.75,3.42,EIA/OPEC ASB 2025 + synthetic fill
2009,11,2009-11-01,Brazil,LAm,False,2.619,0.96,62.78,59.13,63.65,84.75,1.83,EIA/OPEC ASB 2025 + synthetic fill
2009,12,2009-12-01,Saudi Arabia,Gulf,True,9.724,8.281,62.08,57.83,61.2,84.65,15.64,EIA/OPEC ASB 2025 + synthetic fill
2009,12,2009-12-01,Russia,CIS,False,8.424,5.561,62.08,57.83,61.2,84.65,10.5,EIA/OPEC ASB 2025 + synthetic fill
2009,12,2009-12-01,United States,NAm,False,5.284,0.172,62.08,57.83,61.2,84.65,0.32,EIA/OPEC ASB 2025 + synthetic fill
2009,12,2009-12-01,Iraq,Gulf,True,3.048,2.677,62.08,57.83,61.2,84.65,5.05,EIA/OPEC ASB 2025 + synthetic fill
2009,12,2009-12-01,United Arab Emirates,Gulf,True,2.386,2.129,62.08,57.83,61.2,84.65,4.02,EIA/OPEC ASB 2025 + synthetic fill
2009,12,2009-12-01,Iran,Gulf,True,3.412,2.199,62.08,57.83,61.2,84.65,4.15,EIA/OPEC ASB 2025 + synthetic fill
2009,12,2009-12-01,Kuwait,Gulf,True,2.044,1.668,62.08,57.83,61.2,84.65,3.15,EIA/OPEC ASB 2025 + synthetic fill
2009,12,2009-12-01,Venezuela,LAm,True,2.494,1.982,62.08,57.83,61.2,84.65,3.74,EIA/OPEC ASB 2025 + synthetic fill
2009,12,2009-12-01,Nigeria,AFR,True,2.18,1.957,62.08,57.83,61.2,84.65,3.7,EIA/OPEC ASB 2025 + synthetic fill
2009,12,2009-12-01,Canada,NAm,False,3.941,2.741,62.08,57.83,61.2,84.65,5.18,EIA/OPEC ASB 2025 + synthetic fill
2009,12,2009-12-01,Norway,EUR,False,2.547,2.019,62.08,57.83,61.2,84.65,3.81,EIA/OPEC ASB 2025 + synthetic fill
2009,12,2009-12-01,Kazakhstan,CIS,False,0.996,0.793,62.08,57.83,61.2,84.65,1.5,EIA/OPEC ASB 2025 + synthetic fill
2009,12,2009-12-01,Libya,AFR,True,1.599,1.335,62.08,57.83,61.2,84.65,2.52,EIA/OPEC ASB 2025 + synthetic fill
2009,12,2009-12-01,Qatar,Gulf,True,0.714,0.582,62.08,57.83,61.2,84.65,1.1,EIA/OPEC ASB 2025 + synthetic fill
2009,12,2009-12-01,Algeria,AFR,True,1.233,0.94,62.08,57.83,61.2,84.65,1.77,EIA/OPEC ASB 2025 + synthetic fill
2009,12,2009-12-01,Angola,AFR,True,0.748,0.685,62.08,57.83,61.2,84.65,1.29,EIA/OPEC ASB 2025 + synthetic fill
2009,12,2009-12-01,Mexico,LAm,False,3.521,1.954,62.08,57.83,61.2,84.65,3.69,EIA/OPEC ASB 2025 + synthetic fill
2009,12,2009-12-01,Brazil,LAm,False,2.704,1.003,62.08,57.83,61.2,84.65,1.89,EIA/OPEC ASB 2025 + synthetic fill
2010,1,2010-01-01,Saudi Arabia,Gulf,True,9.624,8.141,70.08,68.61,70.13,87.54,17.35,EIA/OPEC ASB 2025 + synthetic fill
2010,1,2010-01-01,Russia,CIS,False,8.508,6.34,70.08,68.61,70.13,87.54,13.51,EIA/OPEC ASB 2025 + synthetic fill
2010,1,2010-01-01,United States,NAm,False,5.275,0.179,70.08,68.61,70.13,87.54,0.38,EIA/OPEC ASB 2025 + synthetic fill
2010,1,2010-01-01,Iraq,Gulf,True,3.124,2.757,70.08,68.61,70.13,87.54,5.88,EIA/OPEC ASB 2025 + synthetic fill
2010,1,2010-01-01,United Arab Emirates,Gulf,True,2.51,2.205,70.08,68.61,70.13,87.54,4.7,EIA/OPEC ASB 2025 + synthetic fill
2010,1,2010-01-01,Iran,Gulf,True,3.297,2.073,70.08,68.61,70.13,87.54,4.42,EIA/OPEC ASB 2025 + synthetic fill
2010,1,2010-01-01,Kuwait,Gulf,True,2.126,1.871,70.08,68.61,70.13,87.54,3.99,EIA/OPEC ASB 2025 + synthetic fill
2010,1,2010-01-01,Venezuela,LAm,True,2.575,2.158,70.08,68.61,70.13,87.54,4.6,EIA/OPEC ASB 2025 + synthetic fill
2010,1,2010-01-01,Nigeria,AFR,True,2.093,1.708,70.08,68.61,70.13,87.54,3.64,EIA/OPEC ASB 2025 + synthetic fill
2010,1,2010-01-01,Canada,NAm,False,3.871,2.655,70.08,68.61,70.13,87.54,5.66,EIA/OPEC ASB 2025 + synthetic fill
2010,1,2010-01-01,Norway,EUR,False,2.562,2.197,70.08,68.61,70.13,87.54,4.68,EIA/OPEC ASB 2025 + synthetic fill
2010,1,2010-01-01,Kazakhstan,CIS,False,0.978,0.772,70.08,68.61,70.13,87.54,1.65,EIA/OPEC ASB 2025 + synthetic fill
2010,1,2010-01-01,Libya,AFR,True,1.521,1.344,70.08,68.61,70.13,87.54,2.86,EIA/OPEC ASB 2025 + synthetic fill
2010,1,2010-01-01,Qatar,Gulf,True,0.75,0.583,70.08,68.61,70.13,87.54,1.24,EIA/OPEC ASB 2025 + synthetic fill
2010,1,2010-01-01,Algeria,AFR,True,1.272,0.86,70.08,68.61,70.13,87.54,1.83,EIA/OPEC ASB 2025 + synthetic fill
2010,1,2010-01-01,Angola,AFR,True,0.733,0.602,70.08,68.61,70.13,87.54,1.28,EIA/OPEC ASB 2025 + synthetic fill
2010,1,2010-01-01,Mexico,LAm,False,3.542,1.729,70.08,68.61,70.13,87.54,3.69,EIA/OPEC ASB 2025 + synthetic fill
2010,1,2010-01-01,Brazil,LAm,False,2.622,0.966,70.08,68.61,70.13,87.54,2.06,EIA/OPEC ASB 2025 + synthetic fill
2010,2,2010-02-01,Saudi Arabia,Gulf,True,9.849,8.581,73.78,68.83,72.51,88.06,19.26,EIA/OPEC ASB 2025 + synthetic fill
2010,2,2010-02-01,Russia,CIS,False,8.96,6.665,73.78,68.83,72.51,88.06,14.96,EIA/OPEC ASB 2025 + synthetic fill
2010,2,2010-02-01,United States,NAm,False,5.317,0.18,73.78,68.83,72.51,88.06,0.4,EIA/OPEC ASB 2025 + synthetic fill
2010,2,2010-02-01,Iraq,Gulf,True,3.102,2.487,73.78,68.83,72.51,88.06,5.58,EIA/OPEC ASB 2025 + synthetic fill
2010,2,2010-02-01,United Arab Emirates,Gulf,True,2.386,2.237,73.78,68.83,72.51,88.06,5.02,EIA/OPEC ASB 2025 + synthetic fill
2010,2,2010-02-01,Iran,Gulf,True,3.411,2.029,73.78,68.83,72.51,88.06,4.55,EIA/OPEC ASB 2025 + synthetic fill
2010,2,2010-02-01,Kuwait,Gulf,True,2.072,1.819,73.78,68.83,72.51,88.06,4.08,EIA/OPEC ASB 2025 + synthetic fill
2010,2,2010-02-01,Venezuela,LAm,True,2.628,2.197,73.78,68.83,72.51,88.06,4.93,EIA/OPEC ASB 2025 + synthetic fill
2010,2,2010-02-01,Nigeria,AFR,True,1.994,1.761,73.78,68.83,72.51,88.06,3.95,EIA/OPEC ASB 2025 + synthetic fill
2010,2,2010-02-01,Canada,NAm,False,3.74,2.674,73.78,68.83,72.51,88.06,6.0,EIA/OPEC ASB 2025 + synthetic fill
2010,2,2010-02-01,Norway,EUR,False,2.467,1.927,73.78,68.83,72.51,88.06,4.32,EIA/OPEC ASB 2025 + synthetic fill
2010,2,2010-02-01,Kazakhstan,CIS,False,1.014,0.859,73.78,68.83,72.51,88.06,1.93,EIA/OPEC ASB 2025 + synthetic fill
2010,2,2010-02-01,Libya,AFR,True,1.444,1.28,73.78,68.83,72.51,88.06,2.87,EIA/OPEC ASB 2025 + synthetic fill
2010,2,2010-02-01,Qatar,Gulf,True,0.748,0.597,73.78,68.83,72.51,88.06,1.34,EIA/OPEC ASB 2025 + synthetic fill
2010,2,2010-02-01,Algeria,AFR,True,1.206,0.805,73.78,68.83,72.51,88.06,1.81,EIA/OPEC ASB 2025 + synthetic fill
2010,2,2010-02-01,Angola,AFR,True,0.747,0.622,73.78,68.83,72.51,88.06,1.4,EIA/OPEC ASB 2025 + synthetic fill
2010,2,2010-02-01,Mexico,LAm,False,3.342,1.833,73.78,68.83,72.51,88.06,4.11,EIA/OPEC ASB 2025 + synthetic fill
2010,2,2010-02-01,Brazil,LAm,False,2.651,1.004,73.78,68.83,72.51,88.06,2.25,EIA/OPEC ASB 2025 + synthetic fill
2010,3,2010-03-01,Saudi Arabia,Gulf,True,9.644,7.809,75.63,74.41,75.08,87.99,17.96,EIA/OPEC ASB 2025 + synthetic fill
2010,3,2010-03-01,Russia,CIS,False,9.086,6.627,75.63,74.41,75.08,87.99,15.24,EIA/OPEC ASB 2025 + synthetic fill
2010,3,2010-03-01,United States,NAm,False,5.661,0.205,75.63,74.41,75.08,87.99,0.47,EIA/OPEC ASB 2025 + synthetic fill
2010,3,2010-03-01,Iraq,Gulf,True,3.199,2.734,75.63,74.41,75.08,87.99,6.29,EIA/OPEC ASB 2025 + synthetic fill
2010,3,2010-03-01,United Arab Emirates,Gulf,True,2.441,2.2,75.63,74.41,75.08,87.99,5.06,EIA/OPEC ASB 2025 + synthetic fill
2010,3,2010-03-01,Iran,Gulf,True,3.44,1.987,75.63,74.41,75.08,87.99,4.57,EIA/OPEC ASB 2025 + synthetic fill
2010,3,2010-03-01,Kuwait,Gulf,True,2.03,1.65,75.63,74.41,75.08,87.99,3.8,EIA/OPEC ASB 2025 + synthetic fill
2010,3,2010-03-01,Venezuela,LAm,True,2.491,2.042,75.63,74.41,75.08,87.99,4.7,EIA/OPEC ASB 2025 + synthetic fill
2010,3,2010-03-01,Nigeria,AFR,True,2.1,1.885,75.63,74.41,75.08,87.99,4.34,EIA/OPEC ASB 2025 + synthetic fill
2010,3,2010-03-01,Canada,NAm,False,3.937,2.924,75.63,74.41,75.08,87.99,6.73,EIA/OPEC ASB 2025 + synthetic fill
2010,3,2010-03-01,Norway,EUR,False,2.572,2.031,75.63,74.41,75.08,87.99,4.67,EIA/OPEC ASB 2025 + synthetic fill
2010,3,2010-03-01,Kazakhstan,CIS,False,0.987,0.776,75.63,74.41,75.08,87.99,1.79,EIA/OPEC ASB 2025 + synthetic fill
2010,3,2010-03-01,Libya,AFR,True,1.36,1.148,75.63,74.41,75.08,87.99,2.64,EIA/OPEC ASB 2025 + synthetic fill
2010,3,2010-03-01,Qatar,Gulf,True,0.767,0.632,75.63,74.41,75.08,87.99,1.45,EIA/OPEC ASB 2025 + synthetic fill
2010,3,2010-03-01,Algeria,AFR,True,1.174,0.822,75.63,74.41,75.08,87.99,1.89,EIA/OPEC ASB 2025 + synthetic fill
2010,3,2010-03-01,Angola,AFR,True,0.747,0.63,75.63,74.41,75.08,87.99,1.45,EIA/OPEC ASB 2025 + synthetic fill
2010,3,2010-03-01,Mexico,LAm,False,3.421,1.81,75.63,74.41,75.08,87.99,4.16,EIA/OPEC ASB 2025 + synthetic fill
2010,3,2010-03-01,Brazil,LAm,False,2.49,0.97,75.63,74.41,75.08,87.99,2.23,EIA/OPEC ASB 2025 + synthetic fill
2010,4,2010-04-01,Saudi Arabia,Gulf,True,9.2,7.786,84.51,82.79,83.37,88.29,20.01,EIA/OPEC ASB 2025 + synthetic fill
2010,4,2010-04-01,Russia,CIS,False,8.863,6.22,84.51,82.79,83.37,88.29,15.99,EIA/OPEC ASB 2025 + synthetic fill
2010,4,2010-04-01,United States,NAm,False,5.476,0.177,84.51,82.79,83.37,88.29,0.45,EIA/OPEC ASB 2025 + synthetic fill
2010,4,2010-04-01,Iraq,Gulf,True,3.097,2.467,84.51,82.79,83.37,88.29,6.34,EIA/OPEC ASB 2025 + synthetic fill
2010,4,2010-04-01,United Arab Emirates,Gulf,True,2.367,2.135,84.51,82.79,83.37,88.29,5.49,EIA/OPEC ASB 2025 + synthetic fill
2010,4,2010-04-01,Iran,Gulf,True,3.308,2.102,84.51,82.79,83.37,88.29,5.4,EIA/OPEC ASB 2025 + synthetic fill
2010,4,2010-04-01,Kuwait,Gulf,True,2.095,1.874,84.51,82.79,83.37,88.29,4.82,EIA/OPEC ASB 2025 + synthetic fill
2010,4,2010-04-01,Venezuela,LAm,True,2.541,2.019,84.51,82.79,83.37,88.29,5.19,EIA/OPEC ASB 2025 + synthetic fill
2010,4,2010-04-01,Nigeria,AFR,True,2.049,1.717,84.51,82.79,83.37,88.29,4.41,EIA/OPEC ASB 2025 + synthetic fill
2010,4,2010-04-01,Canada,NAm,False,3.755,2.517,84.51,82.79,83.37,88.29,6.47,EIA/OPEC ASB 2025 + synthetic fill
2010,4,2010-04-01,Norway,EUR,False,2.535,2.132,84.51,82.79,83.37,88.29,5.48,EIA/OPEC ASB 2025 + synthetic fill
2010,4,2010-04-01,Kazakhstan,CIS,False,0.989,0.797,84.51,82.79,83.37,88.29,2.05,EIA/OPEC ASB 2025 + synthetic fill
2010,4,2010-04-01,Libya,AFR,True,1.237,0.994,84.51,82.79,83.37,88.29,2.56,EIA/OPEC ASB 2025 + synthetic fill
2010,4,2010-04-01,Qatar,Gulf,True,0.738,0.555,84.51,82.79,83.37,88.29,1.43,EIA/OPEC ASB 2025 + synthetic fill
2010,4,2010-04-01,Algeria,AFR,True,1.245,0.932,84.51,82.79,83.37,88.29,2.4,EIA/OPEC ASB 2025 + synthetic fill
2010,4,2010-04-01,Angola,AFR,True,0.746,0.655,84.51,82.79,83.37,88.29,1.68,EIA/OPEC ASB 2025 + synthetic fill
2010,4,2010-04-01,Mexico,LAm,False,3.438,1.909,84.51,82.79,83.37,88.29,4.91,EIA/OPEC ASB 2025 + synthetic fill
2010,4,2010-04-01,Brazil,LAm,False,2.604,0.928,84.51,82.79,83.37,88.29,2.39,EIA/OPEC ASB 2025 + synthetic fill
2010,5,2010-05-01,Saudi Arabia,Gulf,True,9.272,7.867,79.94,76.25,79.11,87.89,19.13,EIA/OPEC ASB 2025 + synthetic fill
2010,5,2010-05-01,Russia,CIS,False,8.504,5.739,79.94,76.25,79.11,87.89,13.95,EIA/OPEC ASB 2025 + synthetic fill
2010,5,2010-05-01,United States,NAm,False,5.392,0.195,79.94,76.25,79.11,87.89,0.47,EIA/OPEC ASB 2025 + synthetic fill
2010,5,2010-05-01,Iraq,Gulf,True,3.167,2.482,79.94,76.25,79.11,87.89,6.04,EIA/OPEC ASB 2025 + synthetic fill
2010,5,2010-05-01,United Arab Emirates,Gulf,True,2.382,2.125,79.94,76.25,79.11,87.89,5.17,EIA/OPEC ASB 2025 + synthetic fill
2010,5,2010-05-01,Iran,Gulf,True,3.406,1.935,79.94,76.25,79.11,87.89,4.7,EIA/OPEC ASB 2025 + synthetic fill
2010,5,2010-05-01,Kuwait,Gulf,True,2.04,1.68,79.94,76.25,79.11,87.89,4.08,EIA/OPEC ASB 2025 + synthetic fill
2010,5,2010-05-01,Venezuela,LAm,True,2.575,2.015,79.94,76.25,79.11,87.89,4.9,EIA/OPEC ASB 2025 + synthetic fill
2010,5,2010-05-01,Nigeria,AFR,True,2.086,1.777,79.94,76.25,79.11,87.89,4.32,EIA/OPEC ASB 2025 + synthetic fill
2010,5,2010-05-01,Canada,NAm,False,3.761,2.69,79.94,76.25,79.11,87.89,6.54,EIA/OPEC ASB 2025 + synthetic fill
2010,5,2010-05-01,Norway,EUR,False,2.541,2.005,79.94,76.25,79.11,87.89,4.88,EIA/OPEC ASB 2025 + synthetic fill
2010,5,2010-05-01,Kazakhstan,CIS,False,0.968,0.792,79.94,76.25,79.11,87.89,1.93,EIA/OPEC ASB 2025 + synthetic fill
2010,5,2010-05-01,Libya,AFR,True,1.139,0.975,79.94,76.25,79.11,87.89,2.37,EIA/OPEC ASB 2025 + synthetic fill
2010,5,2010-05-01,Qatar,Gulf,True,0.71,0.577,79.94,76.25,79.11,87.89,1.4,EIA/OPEC ASB 2025 + synthetic fill
2010,5,2010-05-01,Algeria,AFR,True,1.334,0.922,79.94,76.25,79.11,87.89,2.24,EIA/OPEC ASB 2025 + synthetic fill
2010,5,2010-05-01,Angola,AFR,True,0.728,0.634,79.94,76.25,79.11,87.89,1.54,EIA/OPEC ASB 2025 + synthetic fill
2010,5,2010-05-01,Mexico,LAm,False,3.358,1.883,79.94,76.25,79.11,87.89,4.58,EIA/OPEC ASB 2025 + synthetic fill
2010,5,2010-05-01,Brazil,LAm,False,2.744,1.023,79.94,76.25,79.11,87.89,2.49,EIA/OPEC ASB 2025 + synthetic fill
2010,6,2010-06-01,Saudi Arabia,Gulf,True,9.247,7.656,84.8,81.72,83.9,88.08,19.75,EIA/OPEC ASB 2025 + synthetic fill
2010,6,2010-06-01,Russia,CIS,False,8.793,6.401,84.8,81.72,83.9,88.08,16.51,EIA/OPEC ASB 2025 + synthetic fill
2010,6,2010-06-01,United States,NAm,False,5.619,0.179,84.8,81.72,83.9,88.08,0.46,EIA/OPEC ASB 2025 + synthetic fill
2010,6,2010-06-01,Iraq,Gulf,True,3.152,2.668,84.8,81.72,83.9,88.08,6.88,EIA/OPEC ASB 2025 + synthetic fill
2010,6,2010-06-01,United Arab Emirates,Gulf,True,2.486,2.352,84.8,81.72,83.9,88.08,6.07,EIA/OPEC ASB 2025 + synthetic fill
2010,6,2010-06-01,Iran,Gulf,True,3.416,2.213,84.8,81.72,83.9,88.08,5.71,EIA/OPEC ASB 2025 + synthetic fill
2010,6,2010-06-01,Kuwait,Gulf,True,2.059,1.762,84.8,81.72,83.9,88.08,4.54,EIA/OPEC ASB 2025 + synthetic fill
2010,6,2010-06-01,Venezuela,LAm,True,2.567,2.159,84.8,81.72,83.9,88.08,5.57,EIA/OPEC ASB 2025 + synthetic fill
2010,6,2010-06-01,Nigeria,AFR,True,2.135,1.756,84.8,81.72,83.9,88.08,4.53,EIA/OPEC ASB 2025 + synthetic fill
2010,6,2010-06-01,Canada,NAm,False,3.859,2.864,84.8,81.72,83.9,88.08,7.39,EIA/OPEC ASB 2025 + synthetic fill
2010,6,2010-06-01,Norway,EUR,False,2.54,2.069,84.8,81.72,83.9,88.08,5.34,EIA/OPEC ASB 2025 + synthetic fill
2010,6,2010-06-01,Kazakhstan,CIS,False,1.028,0.757,84.8,81.72,83.9,88.08,1.95,EIA/OPEC ASB 2025 + synthetic fill
2010,6,2010-06-01,Libya,AFR,True,1.096,0.97,84.8,81.72,83.9,88.08,2.5,EIA/OPEC ASB 2025 + synthetic fill
2010,6,2010-06-01,Qatar,Gulf,True,0.734,0.591,84.8,81.72,83.9,88.08,1.52,EIA/OPEC ASB 2025 + synthetic fill
2010,6,2010-06-01,Algeria,AFR,True,1.269,0.883,84.8,81.72,83.9,88.08,2.28,EIA/OPEC ASB 2025 + synthetic fill
2010,6,2010-06-01,Angola,AFR,True,0.752,0.63,84.8,81.72,83.9,88.08,1.62,EIA/OPEC ASB 2025 + synthetic fill
2010,6,2010-06-01,Mexico,LAm,False,3.311,1.808,84.8,81.72,83.9,88.08,4.66,EIA/OPEC ASB 2025 + synthetic fill
2010,6,2010-06-01,Brazil,LAm,False,2.555,0.993,84.8,81.72,83.9,88.08,2.56,EIA/OPEC ASB 2025 + synthetic fill
2010,7,2010-07-01,Saudi Arabia,Gulf,True,9.193,7.404,77.23,72.66,76.62,87.85,17.39,EIA/OPEC ASB 2025 + synthetic fill
2010,7,2010-07-01,Russia,CIS,False,9.125,6.674,77.23,72.66,76.62,87.85,15.68,EIA/OPEC ASB 2025 + synthetic fill
2010,7,2010-07-01,United States,NAm,False,5.716,0.201,77.23,72.66,76.62,87.85,0.47,EIA/OPEC ASB 2025 + synthetic fill
2010,7,2010-07-01,Iraq,Gulf,True,3.109,2.518,77.23,72.66,76.62,87.85,5.91,EIA/OPEC ASB 2025 + synthetic fill
2010,7,2010-07-01,United Arab Emirates,Gulf,True,2.36,2.198,77.23,72.66,76.62,87.85,5.16,EIA/OPEC ASB 2025 + synthetic fill
2010,7,2010-07-01,Iran,Gulf,True,3.272,2.063,77.23,72.66,76.62,87.85,4.85,EIA/OPEC ASB 2025 + synthetic fill
2010,7,2010-07-01,Kuwait,Gulf,True,2.137,1.934,77.23,72.66,76.62,87.85,4.54,EIA/OPEC ASB 2025 + synthetic fill
2010,7,2010-07-01,Venezuela,LAm,True,2.497,1.996,77.23,72.66,76.62,87.85,4.69,EIA/OPEC ASB 2025 + synthetic fill
2010,7,2010-07-01,Nigeria,AFR,True,2.248,1.942,77.23,72.66,76.62,87.85,4.56,EIA/OPEC ASB 2025 + synthetic fill
2010,7,2010-07-01,Canada,NAm,False,3.929,2.936,77.23,72.66,76.62,87.85,6.9,EIA/OPEC ASB 2025 + synthetic fill
2010,7,2010-07-01,Norway,EUR,False,2.506,2.121,77.23,72.66,76.62,87.85,4.98,EIA/OPEC ASB 2025 + synthetic fill
2010,7,2010-07-01,Kazakhstan,CIS,False,0.989,0.824,77.23,72.66,76.62,87.85,1.94,EIA/OPEC ASB 2025 + synthetic fill
2010,7,2010-07-01,Libya,AFR,True,1.013,0.846,77.23,72.66,76.62,87.85,1.99,EIA/OPEC ASB 2025 + synthetic fill
2010,7,2010-07-01,Qatar,Gulf,True,0.721,0.533,77.23,72.66,76.62,87.85,1.25,EIA/OPEC ASB 2025 + synthetic fill
2010,7,2010-07-01,Algeria,AFR,True,1.219,0.837,77.23,72.66,76.62,87.85,1.97,EIA/OPEC ASB 2025 + synthetic fill
2010,7,2010-07-01,Angola,AFR,True,0.761,0.648,77.23,72.66,76.62,87.85,1.52,EIA/OPEC ASB 2025 + synthetic fill
2010,7,2010-07-01,Mexico,LAm,False,3.457,1.761,77.23,72.66,76.62,87.85,4.14,EIA/OPEC ASB 2025 + synthetic fill
2010,7,2010-07-01,Brazil,LAm,False,2.69,0.968,77.23,72.66,76.62,87.85,2.27,EIA/OPEC ASB 2025 + synthetic fill
2010,8,2010-08-01,Saudi Arabia,Gulf,True,9.679,7.891,81.95,77.3,81.62,87.29,19.67,EIA/OPEC ASB 2025 + synthetic fill
2010,8,2010-08-01,Russia,CIS,False,8.84,5.977,81.95,77.3,81.62,87.29,14.9,EIA/OPEC ASB 2025 + synthetic fill
2010,8,2010-08-01,United States,NAm,False,5.904,0.202,81.95,77.3,81.62,87.29,0.5,EIA/OPEC ASB 2025 + synthetic fill
2010,8,2010-08-01,Iraq,Gulf,True,3.121,2.697,81.95,77.3,81.62,87.29,6.72,EIA/OPEC ASB 2025 + synthetic fill
2010,8,2010-08-01,United Arab Emirates,Gulf,True,2.476,2.349,81.95,77.3,81.62,87.29,5.86,EIA/OPEC ASB 2025 + synthetic fill
2010,8,2010-08-01,Iran,Gulf,True,3.392,2.179,81.95,77.3,81.62,87.29,5.43,EIA/OPEC ASB 2025 + synthetic fill
2010,8,2010-08-01,Kuwait,Gulf,True,2.088,1.828,81.95,77.3,81.62,87.29,4.56,EIA/OPEC ASB 2025 + synthetic fill
2010,8,2010-08-01,Venezuela,LAm,True,2.502,2.052,81.95,77.3,81.62,87.29,5.11,EIA/OPEC ASB 2025 + synthetic fill
2010,8,2010-08-01,Nigeria,AFR,True,2.086,1.646,81.95,77.3,81.62,87.29,4.1,EIA/OPEC ASB 2025 + synthetic fill
2010,8,2010-08-01,Canada,NAm,False,3.781,2.86,81.95,77.3,81.62,87.29,7.13,EIA/OPEC ASB 2025 + synthetic fill
2010,8,2010-08-01,Norway,EUR,False,2.526,1.987,81.95,77.3,81.62,87.29,4.95,EIA/OPEC ASB 2025 + synthetic fill
2010,8,2010-08-01,Kazakhstan,CIS,False,0.969,0.764,81.95,77.3,81.62,87.29,1.9,EIA/OPEC ASB 2025 + synthetic fill
2010,8,2010-08-01,Libya,AFR,True,0.945,0.829,81.95,77.3,81.62,87.29,2.07,EIA/OPEC ASB 2025 + synthetic fill
2010,8,2010-08-01,Qatar,Gulf,True,0.756,0.583,81.95,77.3,81.62,87.29,1.45,EIA/OPEC ASB 2025 + synthetic fill
2010,8,2010-08-01,Algeria,AFR,True,1.226,0.922,81.95,77.3,81.62,87.29,2.3,EIA/OPEC ASB 2025 + synthetic fill
2010,8,2010-08-01,Angola,AFR,True,0.742,0.621,81.95,77.3,81.62,87.29,1.55,EIA/OPEC ASB 2025 + synthetic fill
2010,8,2010-08-01,Mexico,LAm,False,3.424,1.749,81.95,77.3,81.62,87.29,4.36,EIA/OPEC ASB 2025 + synthetic fill
2010,8,2010-08-01,Brazil,LAm,False,2.773,1.047,81.95,77.3,81.62,87.29,2.61,EIA/OPEC ASB 2025 + synthetic fill
2010,9,2010-09-01,Saudi Arabia,Gulf,True,9.218,7.204,80.84,78.75,81.79,87.91,17.71,EIA/OPEC ASB 2025 + synthetic fill
2010,9,2010-09-01,Russia,CIS,False,8.624,5.969,80.84,78.75,81.79,87.91,14.68,EIA/OPEC ASB 2025 + synthetic fill
2010,9,2010-09-01,United States,NAm,False,5.709,0.201,80.84,78.75,81.79,87.91,0.49,EIA/OPEC ASB 2025 + synthetic fill
2010,9,2010-09-01,Iraq,Gulf,True,3.235,2.608,80.84,78.75,81.79,87.91,6.41,EIA/OPEC ASB 2025 + synthetic fill
2010,9,2010-09-01,United Arab Emirates,Gulf,True,2.401,2.214,80.84,78.75,81.79,87.91,5.44,EIA/OPEC ASB 2025 + synthetic fill
2010,9,2010-09-01,Iran,Gulf,True,3.271,1.934,80.84,78.75,81.79,87.91,4.76,EIA/OPEC ASB 2025 + synthetic fill
2010,9,2010-09-01,Kuwait,Gulf,True,2.074,1.753,80.84,78.75,81.79,87.91,4.31,EIA/OPEC ASB 2025 + synthetic fill
2010,9,2010-09-01,Venezuela,LAm,True,2.542,2.149,80.84,78.75,81.79,87.91,5.28,EIA/OPEC ASB 2025 + synthetic fill
2010,9,2010-09-01,Nigeria,AFR,True,2.114,1.775,80.84,78.75,81.79,87.91,4.36,EIA/OPEC ASB 2025 + synthetic fill
2010,9,2010-09-01,Canada,NAm,False,3.937,2.679,80.84,78.75,81.79,87.91,6.59,EIA/OPEC ASB 2025 + synthetic fill
2010,9,2010-09-01,Norway,EUR,False,2.485,2.174,80.84,78.75,81.79,87.91,5.35,EIA/OPEC ASB 2025 + synthetic fill
2010,9,2010-09-01,Kazakhstan,CIS,False,0.981,0.799,80.84,78.75,81.79,87.91,1.96,EIA/OPEC ASB 2025 + synthetic fill
2010,9,2010-09-01,Libya,AFR,True,0.812,0.728,80.84,78.75,81.79,87.91,1.79,EIA/OPEC ASB 2025 + synthetic fill
2010,9,2010-09-01,Qatar,Gulf,True,0.739,0.603,80.84,78.75,81.79,87.91,1.48,EIA/OPEC ASB 2025 + synthetic fill
2010,9,2010-09-01,Algeria,AFR,True,1.232,0.937,80.84,78.75,81.79,87.91,2.3,EIA/OPEC ASB 2025 + synthetic fill
2010,9,2010-09-01,Angola,AFR,True,0.73,0.649,80.84,78.75,81.79,87.91,1.6,EIA/OPEC ASB 2025 + synthetic fill
2010,9,2010-09-01,Mexico,LAm,False,3.356,1.837,80.84,78.75,81.79,87.91,4.52,EIA/OPEC ASB 2025 + synthetic fill
2010,9,2010-09-01,Brazil,LAm,False,2.746,1.108,80.84,78.75,81.79,87.91,2.72,EIA/OPEC ASB 2025 + synthetic fill
2010,10,2010-10-01,Saudi Arabia,Gulf,True,9.263,7.257,74.81,71.07,73.68,87.87,16.51,EIA/OPEC ASB 2025 + synthetic fill
2010,10,2010-10-01,Russia,CIS,False,8.85,6.578,74.81,71.07,73.68,87.87,14.97,EIA/OPEC ASB 2025 + synthetic fill
2010,10,2010-10-01,United States,NAm,False,5.548,0.187,74.81,71.07,73.68,87.87,0.43,EIA/OPEC ASB 2025 + synthetic fill
2010,10,2010-10-01,Iraq,Gulf,True,3.09,2.642,74.81,71.07,73.68,87.87,6.01,EIA/OPEC ASB 2025 + synthetic fill
2010,10,2010-10-01,United Arab Emirates,Gulf,True,2.346,2.244,74.81,71.07,73.68,87.87,5.11,EIA/OPEC ASB 2025 + synthetic fill
2010,10,2010-10-01,Iran,Gulf,True,3.095,1.86,74.81,71.07,73.68,87.87,4.23,EIA/OPEC ASB 2025 + synthetic fill
2010,10,2010-10-01,Kuwait,Gulf,True,2.159,1.794,74.81,71.07,73.68,87.87,4.08,EIA/OPEC ASB 2025 + synthetic fill
2010,10,2010-10-01,Venezuela,LAm,True,2.541,2.085,74.81,71.07,73.68,87.87,4.74,EIA/OPEC ASB 2025 + synthetic fill
2010,10,2010-10-01,Nigeria,AFR,True,2.143,1.845,74.81,71.07,73.68,87.87,4.2,EIA/OPEC ASB 2025 + synthetic fill
2010,10,2010-10-01,Canada,NAm,False,4.085,2.758,74.81,71.07,73.68,87.87,6.28,EIA/OPEC ASB 2025 + synthetic fill
2010,10,2010-10-01,Norway,EUR,False,2.646,2.303,74.81,71.07,73.68,87.87,5.24,EIA/OPEC ASB 2025 + synthetic fill
2010,10,2010-10-01,Kazakhstan,CIS,False,1.028,0.794,74.81,71.07,73.68,87.87,1.81,EIA/OPEC ASB 2025 + synthetic fill
2010,10,2010-10-01,Libya,AFR,True,0.712,0.614,74.81,71.07,73.68,87.87,1.4,EIA/OPEC ASB 2025 + synthetic fill
2010,10,2010-10-01,Qatar,Gulf,True,0.723,0.565,74.81,71.07,73.68,87.87,1.29,EIA/OPEC ASB 2025 + synthetic fill
2010,10,2010-10-01,Algeria,AFR,True,1.213,0.87,74.81,71.07,73.68,87.87,1.98,EIA/OPEC ASB 2025 + synthetic fill
2010,10,2010-10-01,Angola,AFR,True,0.764,0.699,74.81,71.07,73.68,87.87,1.59,EIA/OPEC ASB 2025 + synthetic fill
2010,10,2010-10-01,Mexico,LAm,False,3.342,1.829,74.81,71.07,73.68,87.87,4.16,EIA/OPEC ASB 2025 + synthetic fill
2010,10,2010-10-01,Brazil,LAm,False,2.798,1.079,74.81,71.07,73.68,87.87,2.46,EIA/OPEC ASB 2025 + synthetic fill
2010,11,2010-11-01,Saudi Arabia,Gulf,True,9.469,7.259,78.06,73.91,77.43,87.49,17.24,EIA/OPEC ASB 2025 + synthetic fill
2010,11,2010-11-01,Russia,CIS,False,9.147,6.862,78.06,73.91,77.43,87.49,16.29,EIA/OPEC ASB 2025 + synthetic fill
2010,11,2010-11-01,United States,NAm,False,5.679,0.196,78.06,73.91,77.43,87.49,0.47,EIA/OPEC ASB 2025 + synthetic fill
2010,11,2010-11-01,Iraq,Gulf,True,3.18,2.631,78.06,73.91,77.43,87.49,6.25,EIA/OPEC ASB 2025 + synthetic fill
2010,11,2010-11-01,United Arab Emirates,Gulf,True,2.295,1.987,78.06,73.91,77.43,87.49,4.72,EIA/OPEC ASB 2025 + synthetic fill
2010,11,2010-11-01,Iran,Gulf,True,3.145,2.025,78.06,73.91,77.43,87.49,4.81,EIA/OPEC ASB 2025 + synthetic fill
2010,11,2010-11-01,Kuwait,Gulf,True,2.123,1.882,78.06,73.91,77.43,87.49,4.47,EIA/OPEC ASB 2025 + synthetic fill
2010,11,2010-11-01,Venezuela,LAm,True,2.538,2.174,78.06,73.91,77.43,87.49,5.16,EIA/OPEC ASB 2025 + synthetic fill
2010,11,2010-11-01,Nigeria,AFR,True,2.056,1.784,78.06,73.91,77.43,87.49,4.24,EIA/OPEC ASB 2025 + synthetic fill
2010,11,2010-11-01,Canada,NAm,False,4.038,2.712,78.06,73.91,77.43,87.49,6.44,EIA/OPEC ASB 2025 + synthetic fill
2010,11,2010-11-01,Norway,EUR,False,2.603,2.298,78.06,73.91,77.43,87.49,5.46,EIA/OPEC ASB 2025 + synthetic fill
2010,11,2010-11-01,Kazakhstan,CIS,False,0.952,0.768,78.06,73.91,77.43,87.49,1.82,EIA/OPEC ASB 2025 + synthetic fill
2010,11,2010-11-01,Libya,AFR,True,0.646,0.527,78.06,73.91,77.43,87.49,1.25,EIA/OPEC ASB 2025 + synthetic fill
2010,11,2010-11-01,Qatar,Gulf,True,0.75,0.597,78.06,73.91,77.43,87.49,1.42,EIA/OPEC ASB 2025 + synthetic fill
2010,11,2010-11-01,Algeria,AFR,True,1.218,0.831,78.06,73.91,77.43,87.49,1.97,EIA/OPEC ASB 2025 + synthetic fill
2010,11,2010-11-01,Angola,AFR,True,0.766,0.674,78.06,73.91,77.43,87.49,1.6,EIA/OPEC ASB 2025 + synthetic fill
2010,11,2010-11-01,Mexico,LAm,False,3.355,1.861,78.06,73.91,77.43,87.49,4.42,EIA/OPEC ASB 2025 + synthetic fill
2010,11,2010-11-01,Brazil,LAm,False,2.856,1.057,78.06,73.91,77.43,87.49,2.51,EIA/OPEC ASB 2025 + synthetic fill
2010,12,2010-12-01,Saudi Arabia,Gulf,True,9.473,8.255,80.18,75.25,80.15,87.69,20.13,EIA/OPEC ASB 2025 + synthetic fill
2010,12,2010-12-01,Russia,CIS,False,8.845,6.17,80.18,75.25,80.15,87.69,15.05,EIA/OPEC ASB 2025 + synthetic fill
2010,12,2010-12-01,United States,NAm,False,5.958,0.2,80.18,75.25,80.15,87.69,0.49,EIA/OPEC ASB 2025 + synthetic fill
2010,12,2010-12-01,Iraq,Gulf,True,3.285,2.751,80.18,75.25,80.15,87.69,6.71,EIA/OPEC ASB 2025 + synthetic fill
2010,12,2010-12-01,United Arab Emirates,Gulf,True,2.488,2.36,80.18,75.25,80.15,87.69,5.76,EIA/OPEC ASB 2025 + synthetic fill
2010,12,2010-12-01,Iran,Gulf,True,3.213,1.905,80.18,75.25,80.15,87.69,4.65,EIA/OPEC ASB 2025 + synthetic fill
2010,12,2010-12-01,Kuwait,Gulf,True,2.168,1.771,80.18,75.25,80.15,87.69,4.32,EIA/OPEC ASB 2025 + synthetic fill
2010,12,2010-12-01,Venezuela,LAm,True,2.426,2.059,80.18,75.25,80.15,87.69,5.02,EIA/OPEC ASB 2025 + synthetic fill
2010,12,2010-12-01,Nigeria,AFR,True,2.064,1.722,80.18,75.25,80.15,87.69,4.2,EIA/OPEC ASB 2025 + synthetic fill
2010,12,2010-12-01,Canada,NAm,False,4.033,2.827,80.18,75.25,80.15,87.69,6.89,EIA/OPEC ASB 2025 + synthetic fill
2010,12,2010-12-01,Norway,EUR,False,2.455,2.043,80.18,75.25,80.15,87.69,4.98,EIA/OPEC ASB 2025 + synthetic fill
2010,12,2010-12-01,Kazakhstan,CIS,False,0.99,0.75,80.18,75.25,80.15,87.69,1.83,EIA/OPEC ASB 2025 + synthetic fill
2010,12,2010-12-01,Libya,AFR,True,0.521,0.469,80.18,75.25,80.15,87.69,1.14,EIA/OPEC ASB 2025 + synthetic fill
2010,12,2010-12-01,Qatar,Gulf,True,0.778,0.586,80.18,75.25,80.15,87.69,1.43,EIA/OPEC ASB 2025 + synthetic fill
2010,12,2010-12-01,Algeria,AFR,True,1.297,0.877,80.18,75.25,80.15,87.69,2.14,EIA/OPEC ASB 2025 + synthetic fill
2010,12,2010-12-01,Angola,AFR,True,0.75,0.605,80.18,75.25,80.15,87.69,1.48,EIA/OPEC ASB 2025 + synthetic fill
2010,12,2010-12-01,Mexico,LAm,False,3.535,1.849,80.18,75.25,80.15,87.69,4.51,EIA/OPEC ASB 2025 + synthetic fill
2010,12,2010-12-01,Brazil,LAm,False,2.802,1.057,80.18,75.25,80.15,87.69,2.58,EIA/OPEC ASB 2025 + synthetic fill
2011,1,2011-01-01,Saudi Arabia,Gulf,True,9.055,7.492,111.0,107.43,110.75,88.89,25.29,EIA/OPEC ASB 2025 + synthetic fill
2011,1,2011-01-01,Russia,CIS,False,8.944,6.258,111.0,107.43,110.75,88.89,21.13,EIA/OPEC ASB 2025 + synthetic fill
2011,1,2011-01-01,United States,NAm,False,5.991,0.206,111.0,107.43,110.75,88.89,0.7,EIA/OPEC ASB 2025 + synthetic fill
2011,1,2011-01-01,Iraq,Gulf,True,3.338,2.756,111.0,107.43,110.75,88.89,9.3,EIA/OPEC ASB 2025 + synthetic fill
2011,1,2011-01-01,United Arab Emirates,Gulf,True,2.376,2.188,111.0,107.43,110.75,88.89,7.39,EIA/OPEC ASB 2025 + synthetic fill
2011,1,2011-01-01,Iran,Gulf,True,3.19,1.951,111.0,107.43,110.75,88.89,6.59,EIA/OPEC ASB 2025 + synthetic fill
2011,1,2011-01-01,Kuwait,Gulf,True,2.122,1.801,111.0,107.43,110.75,88.89,6.08,EIA/OPEC ASB 2025 + synthetic fill
2011,1,2011-01-01,Venezuela,LAm,True,2.482,2.022,111.0,107.43,110.75,88.89,6.83,EIA/OPEC ASB 2025 + synthetic fill
2011,1,2011-01-01,Nigeria,AFR,True,2.052,1.859,111.0,107.43,110.75,88.89,6.28,EIA/OPEC ASB 2025 + synthetic fill
2011,1,2011-01-01,Canada,NAm,False,3.973,2.859,111.0,107.43,110.75,88.89,9.65,EIA/OPEC ASB 2025 + synthetic fill
2011,1,2011-01-01,Norway,EUR,False,2.532,2.109,111.0,107.43,110.75,88.89,7.12,EIA/OPEC ASB 2025 + synthetic fill
2011,1,2011-01-01,Kazakhstan,CIS,False,0.988,0.804,111.0,107.43,110.75,88.89,2.71,EIA/OPEC ASB 2025 + synthetic fill
2011,1,2011-01-01,Libya,AFR,True,0.461,0.423,111.0,107.43,110.75,88.89,1.43,EIA/OPEC ASB 2025 + synthetic fill
2011,1,2011-01-01,Qatar,Gulf,True,0.774,0.655,111.0,107.43,110.75,88.89,2.21,EIA/OPEC ASB 2025 + synthetic fill
2011,1,2011-01-01,Algeria,AFR,True,1.256,0.842,111.0,107.43,110.75,88.89,2.84,EIA/OPEC ASB 2025 + synthetic fill
2011,1,2011-01-01,Angola,AFR,True,0.729,0.66,111.0,107.43,110.75,88.89,2.23,EIA/OPEC ASB 2025 + synthetic fill
2011,1,2011-01-01,Mexico,LAm,False,3.482,1.887,111.0,107.43,110.75,88.89,6.37,EIA/OPEC ASB 2025 + synthetic fill
2011,1,2011-01-01,Brazil,LAm,False,2.85,1.156,111.0,107.43,110.75,88.89,3.9,EIA/OPEC ASB 2025 + synthetic fill
2011,2,2011-02-01,Saudi Arabia,Gulf,True,9.67,8.194,115.62,111.43,115.68,89.1,28.82,EIA/OPEC ASB 2025 + synthetic fill
2011,2,2011-02-01,Russia,CIS,False,8.911,6.274,115.62,111.43,115.68,89.1,22.06,EIA/OPEC ASB 2025 + synthetic fill
2011,2,2011-02-01,United States,NAm,False,5.792,0.204,115.62,111.43,115.68,89.1,0.72,EIA/OPEC ASB 2025 + synthetic fill
2011,2,2011-02-01,Iraq,Gulf,True,3.27,2.689,115.62,111.43,115.68,89.1,9.46,EIA/OPEC ASB 2025 + synthetic fill
2011,2,2011-02-01,United Arab Emirates,Gulf,True,2.504,2.205,115.62,111.43,115.68,89.1,7.75,EIA/OPEC ASB 2025 + synthetic fill
2011,2,2011-02-01,Iran,Gulf,True,3.093,1.748,115.62,111.43,115.68,89.1,6.15,EIA/OPEC ASB 2025 + synthetic fill
2011,2,2011-02-01,Kuwait,Gulf,True,2.177,1.907,115.62,111.43,115.68,89.1,6.71,EIA/OPEC ASB 2025 + synthetic fill
2011,2,2011-02-01,Venezuela,LAm,True,2.469,2.055,115.62,111.43,115.68,89.1,7.23,EIA/OPEC ASB 2025 + synthetic fill
2011,2,2011-02-01,Nigeria,AFR,True,2.155,1.743,115.62,111.43,115.68,89.1,6.13,EIA/OPEC ASB 2025 + synthetic fill
2011,2,2011-02-01,Canada,NAm,False,4.064,2.713,115.62,111.43,115.68,89.1,9.54,EIA/OPEC ASB 2025 + synthetic fill
2011,2,2011-02-01,Norway,EUR,False,2.652,2.254,115.62,111.43,115.68,89.1,7.93,EIA/OPEC ASB 2025 + synthetic fill
2011,2,2011-02-01,Kazakhstan,CIS,False,0.997,0.766,115.62,111.43,115.68,89.1,2.69,EIA/OPEC ASB 2025 + synthetic fill
2011,2,2011-02-01,Libya,AFR,True,0.494,0.445,115.62,111.43,115.68,89.1,1.56,EIA/OPEC ASB 2025 + synthetic fill
2011,2,2011-02-01,Qatar,Gulf,True,0.761,0.584,115.62,111.43,115.68,89.1,2.05,EIA/OPEC ASB 2025 + synthetic fill
2011,2,2011-02-01,Algeria,AFR,True,1.267,0.949,115.62,111.43,115.68,89.1,3.34,EIA/OPEC ASB 2025 + synthetic fill
2011,2,2011-02-01,Angola,AFR,True,0.761,0.608,115.62,111.43,115.68,89.1,2.14,EIA/OPEC ASB 2025 + synthetic fill
2011,2,2011-02-01,Mexico,LAm,False,3.44,1.826,115.62,111.43,115.68,89.1,6.42,EIA/OPEC ASB 2025 + synthetic fill
2011,2,2011-02-01,Brazil,LAm,False,2.854,1.033,115.62,111.43,115.68,89.1,3.63,EIA/OPEC ASB 2025 + synthetic fill
2011,3,2011-03-01,Saudi Arabia,Gulf,True,9.051,7.757,103.66,101.61,102.56,89.08,24.46,EIA/OPEC ASB 2025 + synthetic fill
2011,3,2011-03-01,Russia,CIS,False,8.89,6.147,103.66,101.61,102.56,89.08,19.38,EIA/OPEC ASB 2025 + synthetic fill
2011,3,2011-03-01,United States,NAm,False,6.075,0.22,103.66,101.61,102.56,89.08,0.69,EIA/OPEC ASB 2025 + synthetic fill
2011,3,2011-03-01,Iraq,Gulf,True,3.329,2.633,103.66,101.61,102.56,89.08,8.3,EIA/OPEC ASB 2025 + synthetic fill
2011,3,2011-03-01,United Arab Emirates,Gulf,True,2.209,2.081,103.66,101.61,102.56,89.08,6.56,EIA/OPEC ASB 2025 + synthetic fill
2011,3,2011-03-01,Iran,Gulf,True,3.111,1.812,103.66,101.61,102.56,89.08,5.71,EIA/OPEC ASB 2025 + synthetic fill
2011,3,2011-03-01,Kuwait,Gulf,True,2.03,1.652,103.66,101.61,102.56,89.08,5.21,EIA/OPEC ASB 2025 + synthetic fill
2011,3,2011-03-01,Venezuela,LAm,True,2.548,2.172,103.66,101.61,102.56,89.08,6.85,EIA/OPEC ASB 2025 + synthetic fill
2011,3,2011-03-01,Nigeria,AFR,True,2.058,1.809,103.66,101.61,102.56,89.08,5.7,EIA/OPEC ASB 2025 + synthetic fill
2011,3,2011-03-01,Canada,NAm,False,4.161,2.805,103.66,101.61,102.56,89.08,8.84,EIA/OPEC ASB 2025 + synthetic fill
2011,3,2011-03-01,Norway,EUR,False,2.565,2.082,103.66,101.61,102.56,89.08,6.56,EIA/OPEC ASB 2025 + synthetic fill
2011,3,2011-03-01,Kazakhstan,CIS,False,1.022,0.838,103.66,101.61,102.56,89.08,2.64,EIA/OPEC ASB 2025 + synthetic fill
2011,3,2011-03-01,Libya,AFR,True,0.513,0.433,103.66,101.61,102.56,89.08,1.37,EIA/OPEC ASB 2025 + synthetic fill
2011,3,2011-03-01,Qatar,Gulf,True,0.727,0.593,103.66,101.61,102.56,89.08,1.87,EIA/OPEC ASB 2025 + synthetic fill
2011,3,2011-03-01,Algeria,AFR,True,1.233,0.925,103.66,101.61,102.56,89.08,2.92,EIA/OPEC ASB 2025 + synthetic fill
2011,3,2011-03-01,Angola,AFR,True,0.752,0.601,103.66,101.61,102.56,89.08,1.89,EIA/OPEC ASB 2025 + synthetic fill
2011,3,2011-03-01,Mexico,LAm,False,3.483,1.872,103.66,101.61,102.56,89.08,5.9,EIA/OPEC ASB 2025 + synthetic fill
2011,3,2011-03-01,Brazil,LAm,False,2.808,1.139,103.66,101.61,102.56,89.08,3.59,EIA/OPEC ASB 2025 + synthetic fill
2011,4,2011-04-01,Saudi Arabia,Gulf,True,9.725,8.397,112.02,107.35,111.11,88.82,28.61,EIA/OPEC ASB 2025 + synthetic fill
2011,4,2011-04-01,Russia,CIS,False,8.795,6.534,112.02,107.35,111.11,88.82,22.26,EIA/OPEC ASB 2025 + synthetic fill
2011,4,2011-04-01,United States,NAm,False,5.986,0.193,112.02,107.35,111.11,88.82,0.66,EIA/OPEC ASB 2025 + synthetic fill
2011,4,2011-04-01,Iraq,Gulf,True,3.39,2.881,112.02,107.35,111.11,88.82,9.82,EIA/OPEC ASB 2025 + synthetic fill
2011,4,2011-04-01,United Arab Emirates,Gulf,True,2.32,2.18,112.02,107.35,111.11,88.82,7.43,EIA/OPEC ASB 2025 + synthetic fill
2011,4,2011-04-01,Iran,Gulf,True,3.166,1.979,112.02,107.35,111.11,88.82,6.74,EIA/OPEC ASB 2025 + synthetic fill
2011,4,2011-04-01,Kuwait,Gulf,True,2.071,1.717,112.02,107.35,111.11,88.82,5.85,EIA/OPEC ASB 2025 + synthetic fill
2011,4,2011-04-01,Venezuela,LAm,True,2.491,2.11,112.02,107.35,111.11,88.82,7.19,EIA/OPEC ASB 2025 + synthetic fill
2011,4,2011-04-01,Nigeria,AFR,True,2.128,1.85,112.02,107.35,111.11,88.82,6.3,EIA/OPEC ASB 2025 + synthetic fill
2011,4,2011-04-01,Canada,NAm,False,4.178,3.118,112.02,107.35,111.11,88.82,10.62,EIA/OPEC ASB 2025 + synthetic fill
2011,4,2011-04-01,Norway,EUR,False,2.558,2.017,112.02,107.35,111.11,88.82,6.87,EIA/OPEC ASB 2025 + synthetic fill
2011,4,2011-04-01,Kazakhstan,CIS,False,1.001,0.787,112.02,107.35,111.11,88.82,2.68,EIA/OPEC ASB 2025 + synthetic fill
2011,4,2011-04-01,Libya,AFR,True,0.546,0.448,112.02,107.35,111.11,88.82,1.53,EIA/OPEC ASB 2025 + synthetic fill
2011,4,2011-04-01,Qatar,Gulf,True,0.765,0.565,112.02,107.35,111.11,88.82,1.93,EIA/OPEC ASB 2025 + synthetic fill
2011,4,2011-04-01,Algeria,AFR,True,1.312,0.956,112.02,107.35,111.11,88.82,3.26,EIA/OPEC ASB 2025 + synthetic fill
2011,4,2011-04-01,Angola,AFR,True,0.774,0.696,112.02,107.35,111.11,88.82,2.37,EIA/OPEC ASB 2025 + synthetic fill
2011,4,2011-04-01,Mexico,LAm,False,3.515,1.896,112.02,107.35,111.11,88.82,6.46,EIA/OPEC ASB 2025 + synthetic fill
2011,4,2011-04-01,Brazil,LAm,False,2.829,1.019,112.02,107.35,111.11,88.82,3.47,EIA/OPEC ASB 2025 + synthetic fill
2011,5,2011-05-01,Saudi Arabia,Gulf,True,8.924,7.683,114.92,111.29,113.22,88.78,26.86,EIA/OPEC ASB 2025 + synthetic fill
2011,5,2011-05-01,Russia,CIS,False,8.633,6.274,114.92,111.29,113.22,88.78,21.93,EIA/OPEC ASB 2025 + synthetic fill
2011,5,2011-05-01,United States,NAm,False,6.086,0.221,114.92,111.29,113.22,88.78,0.77,EIA/OPEC ASB 2025 + synthetic fill
2011,5,2011-05-01,Iraq,Gulf,True,3.455,2.93,114.92,111.29,113.22,88.78,10.24,EIA/OPEC ASB 2025 + synthetic fill
2011,5,2011-05-01,United Arab Emirates,Gulf,True,2.443,2.194,114.92,111.29,113.22,88.78,7.67,EIA/OPEC ASB 2025 + synthetic fill
2011,5,2011-05-01,Iran,Gulf,True,3.031,1.938,114.92,111.29,113.22,88.78,6.77,EIA/OPEC ASB 2025 + synthetic fill
2011,5,2011-05-01,Kuwait,Gulf,True,2.106,1.702,114.92,111.29,113.22,88.78,5.95,EIA/OPEC ASB 2025 + synthetic fill
2011,5,2011-05-01,Venezuela,LAm,True,2.455,1.903,114.92,111.29,113.22,88.78,6.65,EIA/OPEC ASB 2025 + synthetic fill
2011,5,2011-05-01,Nigeria,AFR,True,2.109,1.747,114.92,111.29,113.22,88.78,6.11,EIA/OPEC ASB 2025 + synthetic fill
2011,5,2011-05-01,Canada,NAm,False,3.984,2.663,114.92,111.29,113.22,88.78,9.31,EIA/OPEC ASB 2025 + synthetic fill
2011,5,2011-05-01,Norway,EUR,False,2.573,2.131,114.92,111.29,113.22,88.78,7.45,EIA/OPEC ASB 2025 + synthetic fill
2011,5,2011-05-01,Kazakhstan,CIS,False,0.995,0.787,114.92,111.29,113.22,88.78,2.75,EIA/OPEC ASB 2025 + synthetic fill
2011,5,2011-05-01,Libya,AFR,True,0.593,0.486,114.92,111.29,113.22,88.78,1.7,EIA/OPEC ASB 2025 + synthetic fill
2011,5,2011-05-01,Qatar,Gulf,True,0.739,0.585,114.92,111.29,113.22,88.78,2.04,EIA/OPEC ASB 2025 + synthetic fill
2011,5,2011-05-01,Algeria,AFR,True,1.283,0.878,114.92,111.29,113.22,88.78,3.07,EIA/OPEC ASB 2025 + synthetic fill
2011,5,2011-05-01,Angola,AFR,True,0.775,0.678,114.92,111.29,113.22,88.78,2.37,EIA/OPEC ASB 2025 + synthetic fill
2011,5,2011-05-01,Mexico,LAm,False,3.515,1.739,114.92,111.29,113.22,88.78,6.08,EIA/OPEC ASB 2025 + synthetic fill
2011,5,2011-05-01,Brazil,LAm,False,2.818,1.008,114.92,111.29,113.22,88.78,3.52,EIA/OPEC ASB 2025 + synthetic fill
2011,6,2011-06-01,Saudi Arabia,Gulf,True,9.702,8.394,110.75,107.97,109.06,88.8,28.28,EIA/OPEC ASB 2025 + synthetic fill
2011,6,2011-06-01,Russia,CIS,False,9.129,6.606,110.75,107.97,109.06,88.8,22.25,EIA/OPEC ASB 2025 + synthetic fill
2011,6,2011-06-01,United States,NAm,False,6.109,0.22,110.75,107.97,109.06,88.8,0.74,EIA/OPEC ASB 2025 + synthetic fill
2011,6,2011-06-01,Iraq,Gulf,True,3.52,2.958,110.75,107.97,109.06,88.8,9.96,EIA/OPEC ASB 2025 + synthetic fill
2011,6,2011-06-01,United Arab Emirates,Gulf,True,2.258,2.046,110.75,107.97,109.06,88.8,6.89,EIA/OPEC ASB 2025 + synthetic fill
2011,6,2011-06-01,Iran,Gulf,True,3.02,1.811,110.75,107.97,109.06,88.8,6.1,EIA/OPEC ASB 2025 + synthetic fill
2011,6,2011-06-01,Kuwait,Gulf,True,2.151,1.899,110.75,107.97,109.06,88.8,6.4,EIA/OPEC ASB 2025 + synthetic fill
2011,6,2011-06-01,Venezuela,LAm,True,2.417,2.005,110.75,107.97,109.06,88.8,6.75,EIA/OPEC ASB 2025 + synthetic fill
2011,6,2011-06-01,Nigeria,AFR,True,2.23,1.977,110.75,107.97,109.06,88.8,6.66,EIA/OPEC ASB 2025 + synthetic fill
2011,6,2011-06-01,Canada,NAm,False,4.109,2.921,110.75,107.97,109.06,88.8,9.84,EIA/OPEC ASB 2025 + synthetic fill
2011,6,2011-06-01,Norway,EUR,False,2.388,1.955,110.75,107.97,109.06,88.8,6.59,EIA/OPEC ASB 2025 + synthetic fill
2011,6,2011-06-01,Kazakhstan,CIS,False,0.976,0.793,110.75,107.97,109.06,88.8,2.67,EIA/OPEC ASB 2025 + synthetic fill
2011,6,2011-06-01,Libya,AFR,True,0.589,0.538,110.75,107.97,109.06,88.8,1.81,EIA/OPEC ASB 2025 + synthetic fill
2011,6,2011-06-01,Qatar,Gulf,True,0.766,0.572,110.75,107.97,109.06,88.8,1.93,EIA/OPEC ASB 2025 + synthetic fill
2011,6,2011-06-01,Algeria,AFR,True,1.172,0.786,110.75,107.97,109.06,88.8,2.65,EIA/OPEC ASB 2025 + synthetic fill
2011,6,2011-06-01,Angola,AFR,True,0.74,0.631,110.75,107.97,109.06,88.8,2.13,EIA/OPEC ASB 2025 + synthetic fill
2011,6,2011-06-01,Mexico,LAm,False,3.413,1.707,110.75,107.97,109.06,88.8,5.75,EIA/OPEC ASB 2025 + synthetic fill
2011,6,2011-06-01,Brazil,LAm,False,2.791,0.993,110.75,107.97,109.06,88.8,3.35,EIA/OPEC ASB 2025 + synthetic fill
2011,7,2011-07-01,Saudi Arabia,Gulf,True,9.356,7.18,111.3,107.52,109.61,89.03,24.31,EIA/OPEC ASB 2025 + synthetic fill
2011,7,2011-07-01,Russia,CIS,False,8.728,6.288,111.3,107.52,109.61,89.03,21.29,EIA/OPEC ASB 2025 + synthetic fill
2011,7,2011-07-01,United States,NAm,False,6.169,0.201,111.3,107.52,109.61,89.03,0.68,EIA/OPEC ASB 2025 + synthetic fill
2011,7,2011-07-01,Iraq,Gulf,True,3.37,2.89,111.3,107.52,109.61,89.03,9.78,EIA/OPEC ASB 2025 + synthetic fill
2011,7,2011-07-01,United Arab Emirates,Gulf,True,2.342,1.994,111.3,107.52,109.61,89.03,6.75,EIA/OPEC ASB 2025 + synthetic fill
2011,7,2011-07-01,Iran,Gulf,True,2.967,1.805,111.3,107.52,109.61,89.03,6.11,EIA/OPEC ASB 2025 + synthetic fill
2011,7,2011-07-01,Kuwait,Gulf,True,2.077,1.846,111.3,107.52,109.61,89.03,6.25,EIA/OPEC ASB 2025 + synthetic fill
2011,7,2011-07-01,Venezuela,LAm,True,2.577,2.111,111.3,107.52,109.61,89.03,7.15,EIA/OPEC ASB 2025 + synthetic fill
2011,7,2011-07-01,Nigeria,AFR,True,2.114,1.681,111.3,107.52,109.61,89.03,5.69,EIA/OPEC ASB 2025 + synthetic fill
2011,7,2011-07-01,Canada,NAm,False,4.124,3.059,111.3,107.52,109.61,89.03,10.36,EIA/OPEC ASB 2025 + synthetic fill
2011,7,2011-07-01,Norway,EUR,False,2.549,2.222,111.3,107.52,109.61,89.03,7.52,EIA/OPEC ASB 2025 + synthetic fill
2011,7,2011-07-01,Kazakhstan,CIS,False,1.003,0.813,111.3,107.52,109.61,89.03,2.75,EIA/OPEC ASB 2025 + synthetic fill
2011,7,2011-07-01,Libya,AFR,True,0.614,0.555,111.3,107.52,109.61,89.03,1.88,EIA/OPEC ASB 2025 + synthetic fill
2011,7,2011-07-01,Qatar,Gulf,True,0.757,0.57,111.3,107.52,109.61,89.03,1.93,EIA/OPEC ASB 2025 + synthetic fill
2011,7,2011-07-01,Algeria,AFR,True,1.188,0.791,111.3,107.52,109.61,89.03,2.68,EIA/OPEC ASB 2025 + synthetic fill
2011,7,2011-07-01,Angola,AFR,True,0.73,0.595,111.3,107.52,109.61,89.03,2.01,EIA/OPEC ASB 2025 + synthetic fill
2011,7,2011-07-01,Mexico,LAm,False,3.345,1.857,111.3,107.52,109.61,89.03,6.29,EIA/OPEC ASB 2025 + synthetic fill
2011,7,2011-07-01,Brazil,LAm,False,2.844,1.013,111.3,107.52,109.61,89.03,3.43,EIA/OPEC ASB 2025 + synthetic fill
2011,8,2011-08-01,Saudi Arabia,Gulf,True,9.369,7.591,111.84,110.15,112.69,88.75,25.82,EIA/OPEC ASB 2025 + synthetic fill
2011,8,2011-08-01,Russia,CIS,False,9.258,6.242,111.84,110.15,112.69,88.75,21.23,EIA/OPEC ASB 2025 + synthetic fill
2011,8,2011-08-01,United States,NAm,False,5.979,0.193,111.84,110.15,112.69,88.75,0.66,EIA/OPEC ASB 2025 + synthetic fill
2011,8,2011-08-01,Iraq,Gulf,True,3.358,2.791,111.84,110.15,112.69,88.75,9.49,EIA/OPEC ASB 2025 + synthetic fill
2011,8,2011-08-01,United Arab Emirates,Gulf,True,2.413,2.284,111.84,110.15,112.69,88.75,7.77,EIA/OPEC ASB 2025 + synthetic fill
2011,8,2011-08-01,Iran,Gulf,True,2.942,1.761,111.84,110.15,112.69,88.75,5.99,EIA/OPEC ASB 2025 + synthetic fill
2011,8,2011-08-01,Kuwait,Gulf,True,2.156,1.876,111.84,110.15,112.69,88.75,6.38,EIA/OPEC ASB 2025 + synthetic fill
2011,8,2011-08-01,Venezuela,LAm,True,2.338,1.881,111.84,110.15,112.69,88.75,6.4,EIA/OPEC ASB 2025 + synthetic fill
2011,8,2011-08-01,Nigeria,AFR,True,2.168,1.745,111.84,110.15,112.69,88.75,5.94,EIA/OPEC ASB 2025 + synthetic fill
2011,8,2011-08-01,Canada,NAm,False,4.125,3.08,111.84,110.15,112.69,88.75,10.48,EIA/OPEC ASB 2025 + synthetic fill
2011,8,2011-08-01,Norway,EUR,False,2.543,2.152,111.84,110.15,112.69,88.75,7.32,EIA/OPEC ASB 2025 + synthetic fill
2011,8,2011-08-01,Kazakhstan,CIS,False,0.959,0.742,111.84,110.15,112.69,88.75,2.52,EIA/OPEC ASB 2025 + synthetic fill
2011,8,2011-08-01,Libya,AFR,True,0.675,0.572,111.84,110.15,112.69,88.75,1.95,EIA/OPEC ASB 2025 + synthetic fill
2011,8,2011-08-01,Qatar,Gulf,True,0.757,0.616,111.84,110.15,112.69,88.75,2.1,EIA/OPEC ASB 2025 + synthetic fill
2011,8,2011-08-01,Algeria,AFR,True,1.218,0.92,111.84,110.15,112.69,88.75,3.13,EIA/OPEC ASB 2025 + synthetic fill
2011,8,2011-08-01,Angola,AFR,True,0.743,0.596,111.84,110.15,112.69,88.75,2.03,EIA/OPEC ASB 2025 + synthetic fill
2011,8,2011-08-01,Mexico,LAm,False,3.533,1.881,111.84,110.15,112.69,88.75,6.4,EIA/OPEC ASB 2025 + synthetic fill
2011,8,2011-08-01,Brazil,LAm,False,3.013,1.192,111.84,110.15,112.69,88.75,4.05,EIA/OPEC ASB 2025 + synthetic fill
2011,9,2011-09-01,Saudi Arabia,Gulf,True,9.82,8.444,116.42,115.39,116.88,88.93,29.9,EIA/OPEC ASB 2025 + synthetic fill
2011,9,2011-09-01,Russia,CIS,False,9.067,6.336,116.42,115.39,116.88,88.93,22.44,EIA/OPEC ASB 2025 + synthetic fill
2011,9,2011-09-01,United States,NAm,False,6.359,0.223,116.42,115.39,116.88,88.93,0.79,EIA/OPEC ASB 2025 + synthetic fill
2011,9,2011-09-01,Iraq,Gulf,True,3.332,2.656,116.42,115.39,116.88,88.93,9.41,EIA/OPEC ASB 2025 + synthetic fill
2011,9,2011-09-01,United Arab Emirates,Gulf,True,2.353,2.109,116.42,115.39,116.88,88.93,7.47,EIA/OPEC ASB 2025 + synthetic fill
2011,9,2011-09-01,Iran,Gulf,True,2.9,1.863,116.42,115.39,116.88,88.93,6.6,EIA/OPEC ASB 2025 + synthetic fill
2011,9,2011-09-01,Kuwait,Gulf,True,2.089,1.692,116.42,115.39,116.88,88.93,5.99,EIA/OPEC ASB 2025 + synthetic fill
2011,9,2011-09-01,Venezuela,LAm,True,2.489,2.053,116.42,115.39,116.88,88.93,7.27,EIA/OPEC ASB 2025 + synthetic fill
2011,9,2011-09-01,Nigeria,AFR,True,2.17,1.915,116.42,115.39,116.88,88.93,6.78,EIA/OPEC ASB 2025 + synthetic fill
2011,9,2011-09-01,Canada,NAm,False,4.122,2.875,116.42,115.39,116.88,88.93,10.18,EIA/OPEC ASB 2025 + synthetic fill
2011,9,2011-09-01,Norway,EUR,False,2.557,2.02,116.42,115.39,116.88,88.93,7.15,EIA/OPEC ASB 2025 + synthetic fill
2011,9,2011-09-01,Kazakhstan,CIS,False,1.001,0.796,116.42,115.39,116.88,88.93,2.82,EIA/OPEC ASB 2025 + synthetic fill
2011,9,2011-09-01,Libya,AFR,True,0.714,0.635,116.42,115.39,116.88,88.93,2.25,EIA/OPEC ASB 2025 + synthetic fill
2011,9,2011-09-01,Qatar,Gulf,True,0.76,0.605,116.42,115.39,116.88,88.93,2.14,EIA/OPEC ASB 2025 + synthetic fill
2011,9,2011-09-01,Algeria,AFR,True,1.26,0.918,116.42,115.39,116.88,88.93,3.25,EIA/OPEC ASB 2025 + synthetic fill
2011,9,2011-09-01,Angola,AFR,True,0.782,0.65,116.42,115.39,116.88,88.93,2.3,EIA/OPEC ASB 2025 + synthetic fill
2011,9,2011-09-01,Mexico,LAm,False,3.453,1.857,116.42,115.39,116.88,88.93,6.58,EIA/OPEC ASB 2025 + synthetic fill
2011,9,2011-09-01,Brazil,LAm,False,3.07,1.246,116.42,115.39,116.88,88.93,4.41,EIA/OPEC ASB 2025 + synthetic fill
2011,10,2011-10-01,Saudi Arabia,Gulf,True,9.416,7.606,107.31,103.63,108.18,88.93,24.83,EIA/OPEC ASB 2025 + synthetic fill
2011,10,2011-10-01,Russia,CIS,False,8.759,6.049,107.31,103.63,108.18,88.93,19.74,EIA/OPEC ASB 2025 + synthetic fill
2011,10,2011-10-01,United States,NAm,False,6.398,0.204,107.31,103.63,108.18,88.93,0.67,EIA/OPEC ASB 2025 + synthetic fill
2011,10,2011-10-01,Iraq,Gulf,True,3.361,2.89,107.31,103.63,108.18,88.93,9.43,EIA/OPEC ASB 2025 + synthetic fill
2011,10,2011-10-01,United Arab Emirates,Gulf,True,2.433,2.297,107.31,103.63,108.18,88.93,7.5,EIA/OPEC ASB 2025 + synthetic fill
2011,10,2011-10-01,Iran,Gulf,True,2.927,1.767,107.31,103.63,108.18,88.93,5.77,EIA/OPEC ASB 2025 + synthetic fill
2011,10,2011-10-01,Kuwait,Gulf,True,2.183,1.91,107.31,103.63,108.18,88.93,6.23,EIA/OPEC ASB 2025 + synthetic fill
2011,10,2011-10-01,Venezuela,LAm,True,2.586,2.161,107.31,103.63,108.18,88.93,7.05,EIA/OPEC ASB 2025 + synthetic fill
2011,10,2011-10-01,Nigeria,AFR,True,2.084,1.813,107.31,103.63,108.18,88.93,5.92,EIA/OPEC ASB 2025 + synthetic fill
2011,10,2011-10-01,Canada,NAm,False,4.249,2.954,107.31,103.63,108.18,88.93,9.64,EIA/OPEC ASB 2025 + synthetic fill
2011,10,2011-10-01,Norway,EUR,False,2.517,1.983,107.31,103.63,108.18,88.93,6.47,EIA/OPEC ASB 2025 + synthetic fill
2011,10,2011-10-01,Kazakhstan,CIS,False,0.978,0.801,107.31,103.63,108.18,88.93,2.61,EIA/OPEC ASB 2025 + synthetic fill
2011,10,2011-10-01,Libya,AFR,True,0.743,0.612,107.31,103.63,108.18,88.93,2.0,EIA/OPEC ASB 2025 + synthetic fill
2011,10,2011-10-01,Qatar,Gulf,True,0.737,0.581,107.31,103.63,108.18,88.93,1.9,EIA/OPEC ASB 2025 + synthetic fill
2011,10,2011-10-01,Algeria,AFR,True,1.185,0.802,107.31,103.63,108.18,88.93,2.62,EIA/OPEC ASB 2025 + synthetic fill
2011,10,2011-10-01,Angola,AFR,True,0.754,0.686,107.31,103.63,108.18,88.93,2.24,EIA/OPEC ASB 2025 + synthetic fill
2011,10,2011-10-01,Mexico,LAm,False,3.319,1.65,107.31,103.63,108.18,88.93,5.39,EIA/OPEC ASB 2025 + synthetic fill
2011,10,2011-10-01,Brazil,LAm,False,2.984,1.172,107.31,103.63,108.18,88.93,3.83,EIA/OPEC ASB 2025 + synthetic fill
2011,11,2011-11-01,Saudi Arabia,Gulf,True,9.515,7.359,100.94,99.13,101.56,88.3,22.59,EIA/OPEC ASB 2025 + synthetic fill
2011,11,2011-11-01,Russia,CIS,False,8.837,6.56,100.94,99.13,101.56,88.3,20.14,EIA/OPEC ASB 2025 + synthetic fill
2011,11,2011-11-01,United States,NAm,False,6.257,0.209,100.94,99.13,101.56,88.3,0.64,EIA/OPEC ASB 2025 + synthetic fill
2011,11,2011-11-01,Iraq,Gulf,True,3.542,3.106,100.94,99.13,101.56,88.3,9.54,EIA/OPEC ASB 2025 + synthetic fill
2011,11,2011-11-01,United Arab Emirates,Gulf,True,2.316,2.143,100.94,99.13,101.56,88.3,6.58,EIA/OPEC ASB 2025 + synthetic fill
2011,11,2011-11-01,Iran,Gulf,True,2.847,1.75,100.94,99.13,101.56,88.3,5.37,EIA/OPEC ASB 2025 + synthetic fill
2011,11,2011-11-01,Kuwait,Gulf,True,2.167,1.931,100.94,99.13,101.56,88.3,5.93,EIA/OPEC ASB 2025 + synthetic fill
2011,11,2011-11-01,Venezuela,LAm,True,2.64,2.051,100.94,99.13,101.56,88.3,6.3,EIA/OPEC ASB 2025 + synthetic fill
2011,11,2011-11-01,Nigeria,AFR,True,2.138,1.941,100.94,99.13,101.56,88.3,5.96,EIA/OPEC ASB 2025 + synthetic fill
2011,11,2011-11-01,Canada,NAm,False,4.113,2.97,100.94,99.13,101.56,88.3,9.12,EIA/OPEC ASB 2025 + synthetic fill
2011,11,2011-11-01,Norway,EUR,False,2.53,2.182,100.94,99.13,101.56,88.3,6.7,EIA/OPEC ASB 2025 + synthetic fill
2011,11,2011-11-01,Kazakhstan,CIS,False,0.983,0.805,100.94,99.13,101.56,88.3,2.47,EIA/OPEC ASB 2025 + synthetic fill
2011,11,2011-11-01,Libya,AFR,True,0.763,0.662,100.94,99.13,101.56,88.3,2.03,EIA/OPEC ASB 2025 + synthetic fill
2011,11,2011-11-01,Qatar,Gulf,True,0.767,0.641,100.94,99.13,101.56,88.3,1.97,EIA/OPEC ASB 2025 + synthetic fill
2011,11,2011-11-01,Algeria,AFR,True,1.235,0.889,100.94,99.13,101.56,88.3,2.73,EIA/OPEC ASB 2025 + synthetic fill
2011,11,2011-11-01,Angola,AFR,True,0.744,0.594,100.94,99.13,101.56,88.3,1.82,EIA/OPEC ASB 2025 + synthetic fill
2011,11,2011-11-01,Mexico,LAm,False,3.424,1.787,100.94,99.13,101.56,88.3,5.49,EIA/OPEC ASB 2025 + synthetic fill
2011,11,2011-11-01,Brazil,LAm,False,2.979,1.177,100.94,99.13,101.56,88.3,3.61,EIA/OPEC ASB 2025 + synthetic fill
2011,12,2011-12-01,Saudi Arabia,Gulf,True,9.667,7.592,114.16,111.24,112.77,88.98,26.36,EIA/OPEC ASB 2025 + synthetic fill
2011,12,2011-12-01,Russia,CIS,False,8.697,6.201,114.16,111.24,112.77,88.98,21.53,EIA/OPEC ASB 2025 + synthetic fill
2011,12,2011-12-01,United States,NAm,False,6.653,0.242,114.16,111.24,112.77,88.98,0.84,EIA/OPEC ASB 2025 + synthetic fill
2011,12,2011-12-01,Iraq,Gulf,True,3.567,2.812,114.16,111.24,112.77,88.98,9.76,EIA/OPEC ASB 2025 + synthetic fill
2011,12,2011-12-01,United Arab Emirates,Gulf,True,2.375,2.031,114.16,111.24,112.77,88.98,7.05,EIA/OPEC ASB 2025 + synthetic fill
2011,12,2011-12-01,Iran,Gulf,True,3.003,1.812,114.16,111.24,112.77,88.98,6.29,EIA/OPEC ASB 2025 + synthetic fill
2011,12,2011-12-01,Kuwait,Gulf,True,2.072,1.847,114.16,111.24,112.77,88.98,6.41,EIA/OPEC ASB 2025 + synthetic fill
2011,12,2011-12-01,Venezuela,LAm,True,2.584,2.206,114.16,111.24,112.77,88.98,7.66,EIA/OPEC ASB 2025 + synthetic fill
2011,12,2011-12-01,Nigeria,AFR,True,2.157,1.901,114.16,111.24,112.77,88.98,6.6,EIA/OPEC ASB 2025 + synthetic fill
2011,12,2011-12-01,Canada,NAm,False,4.247,3.187,114.16,111.24,112.77,88.98,11.07,EIA/OPEC ASB 2025 + synthetic fill
2011,12,2011-12-01,Norway,EUR,False,2.408,1.975,114.16,111.24,112.77,88.98,6.86,EIA/OPEC ASB 2025 + synthetic fill
2011,12,2011-12-01,Kazakhstan,CIS,False,1.025,0.808,114.16,111.24,112.77,88.98,2.81,EIA/OPEC ASB 2025 + synthetic fill
2011,12,2011-12-01,Libya,AFR,True,0.767,0.618,114.16,111.24,112.77,88.98,2.15,EIA/OPEC ASB 2025 + synthetic fill
2011,12,2011-12-01,Qatar,Gulf,True,0.722,0.604,114.16,111.24,112.77,88.98,2.1,EIA/OPEC ASB 2025 + synthetic fill
2011,12,2011-12-01,Algeria,AFR,True,1.246,0.879,114.16,111.24,112.77,88.98,3.05,EIA/OPEC ASB 2025 + synthetic fill
2011,12,2011-12-01,Angola,AFR,True,0.754,0.626,114.16,111.24,112.77,88.98,2.17,EIA/OPEC ASB 2025 + synthetic fill
2011,12,2011-12-01,Mexico,LAm,False,3.5,1.911,114.16,111.24,112.77,88.98,6.64,EIA/OPEC ASB 2025 + synthetic fill
2011,12,2011-12-01,Brazil,LAm,False,2.968,1.176,114.16,111.24,112.77,88.98,4.08,EIA/OPEC ASB 2025 + synthetic fill
2012,1,2012-01-01,Saudi Arabia,Gulf,True,9.9,8.514,117.58,113.64,118.42,90.1,30.45,EIA/OPEC ASB 2025 + synthetic fill
2012,1,2012-01-01,Russia,CIS,False,8.812,5.889,117.58,113.64,118.42,90.1,21.06,EIA/OPEC ASB 2025 + synthetic fill
2012,1,2012-01-01,United States,NAm,False,6.289,0.211,117.58,113.64,118.42,90.1,0.75,EIA/OPEC ASB 2025 + synthetic fill
2012,1,2012-01-01,Iraq,Gulf,True,3.676,2.917,117.58,113.64,118.42,90.1,10.43,EIA/OPEC ASB 2025 + synthetic fill
2012,1,2012-01-01,United Arab Emirates,Gulf,True,2.379,2.223,117.58,113.64,118.42,90.1,7.95,EIA/OPEC ASB 2025 + synthetic fill
2012,1,2012-01-01,Iran,Gulf,True,2.87,1.664,117.58,113.64,118.42,90.1,5.95,EIA/OPEC ASB 2025 + synthetic fill
2012,1,2012-01-01,Kuwait,Gulf,True,2.138,1.715,117.58,113.64,118.42,90.1,6.13,EIA/OPEC ASB 2025 + synthetic fill
2012,1,2012-01-01,Venezuela,LAm,True,2.485,2.044,117.58,113.64,118.42,90.1,7.31,EIA/OPEC ASB 2025 + synthetic fill
2012,1,2012-01-01,Nigeria,AFR,True,2.164,1.956,117.58,113.64,118.42,90.1,7.0,EIA/OPEC ASB 2025 + synthetic fill
2012,1,2012-01-01,Canada,NAm,False,4.198,2.87,117.58,113.64,118.42,90.1,10.26,EIA/OPEC ASB 2025 + synthetic fill
2012,1,2012-01-01,Norway,EUR,False,2.495,2.041,117.58,113.64,118.42,90.1,7.3,EIA/OPEC ASB 2025 + synthetic fill
2012,1,2012-01-01,Kazakhstan,CIS,False,0.982,0.752,117.58,113.64,118.42,90.1,2.69,EIA/OPEC ASB 2025 + synthetic fill
2012,1,2012-01-01,Libya,AFR,True,0.818,0.659,117.58,113.64,118.42,90.1,2.36,EIA/OPEC ASB 2025 + synthetic fill
2012,1,2012-01-01,Qatar,Gulf,True,0.736,0.57,117.58,113.64,118.42,90.1,2.04,EIA/OPEC ASB 2025 + synthetic fill
2012,1,2012-01-01,Algeria,AFR,True,1.212,0.818,117.58,113.64,118.42,90.1,2.93,EIA/OPEC ASB 2025 + synthetic fill
2012,1,2012-01-01,Angola,AFR,True,0.752,0.664,117.58,113.64,118.42,90.1,2.37,EIA/OPEC ASB 2025 + synthetic fill
2012,1,2012-01-01,Mexico,LAm,False,3.354,1.706,117.58,113.64,118.42,90.1,6.1,EIA/OPEC ASB 2025 + synthetic fill
2012,1,2012-01-01,Brazil,LAm,False,2.932,1.136,117.58,113.64,118.42,90.1,4.06,EIA/OPEC ASB 2025 + synthetic fill
2012,2,2012-02-01,Saudi Arabia,Gulf,True,10.034,8.132,113.77,109.53,111.95,89.11,28.14,EIA/OPEC ASB 2025 + synthetic fill
2012,2,2012-02-01,Russia,CIS,False,9.121,6.067,113.77,109.53,111.95,89.11,20.99,EIA/OPEC ASB 2025 + synthetic fill
2012,2,2012-02-01,United States,NAm,False,6.589,0.239,113.77,109.53,111.95,89.11,0.83,EIA/OPEC ASB 2025 + synthetic fill
2012,2,2012-02-01,Iraq,Gulf,True,3.567,2.802,113.77,109.53,111.95,89.11,9.7,EIA/OPEC ASB 2025 + synthetic fill
2012,2,2012-02-01,United Arab Emirates,Gulf,True,2.385,2.163,113.77,109.53,111.95,89.11,7.49,EIA/OPEC ASB 2025 + synthetic fill
2012,2,2012-02-01,Iran,Gulf,True,3.021,1.925,113.77,109.53,111.95,89.11,6.66,EIA/OPEC ASB 2025 + synthetic fill
2012,2,2012-02-01,Kuwait,Gulf,True,2.027,1.67,113.77,109.53,111.95,89.11,5.78,EIA/OPEC ASB 2025 + synthetic fill
2012,2,2012-02-01,Venezuela,LAm,True,2.476,2.178,113.77,109.53,111.95,89.11,7.54,EIA/OPEC ASB 2025 + synthetic fill
2012,2,2012-02-01,Nigeria,AFR,True,2.073,1.721,113.77,109.53,111.95,89.11,5.96,EIA/OPEC ASB 2025 + synthetic fill
2012,2,2012-02-01,Canada,NAm,False,4.256,3.01,113.77,109.53,111.95,89.11,10.42,EIA/OPEC ASB 2025 + synthetic fill
2012,2,2012-02-01,Norway,EUR,False,2.468,1.934,113.77,109.53,111.95,89.11,6.69,EIA/OPEC ASB 2025 + synthetic fill
2012,2,2012-02-01,Kazakhstan,CIS,False,0.984,0.82,113.77,109.53,111.95,89.11,2.84,EIA/OPEC ASB 2025 + synthetic fill
2012,2,2012-02-01,Libya,AFR,True,0.862,0.755,113.77,109.53,111.95,89.11,2.61,EIA/OPEC ASB 2025 + synthetic fill
2012,2,2012-02-01,Qatar,Gulf,True,0.795,0.622,113.77,109.53,111.95,89.11,2.15,EIA/OPEC ASB 2025 + synthetic fill
2012,2,2012-02-01,Algeria,AFR,True,1.225,0.852,113.77,109.53,111.95,89.11,2.95,EIA/OPEC ASB 2025 + synthetic fill
2012,2,2012-02-01,Angola,AFR,True,0.773,0.672,113.77,109.53,111.95,89.11,2.33,EIA/OPEC ASB 2025 + synthetic fill
2012,2,2012-02-01,Mexico,LAm,False,3.346,1.74,113.77,109.53,111.95,89.11,6.02,EIA/OPEC ASB 2025 + synthetic fill
2012,2,2012-02-01,Brazil,LAm,False,2.896,1.072,113.77,109.53,111.95,89.11,3.71,EIA/OPEC ASB 2025 + synthetic fill
2012,3,2012-03-01,Saudi Arabia,Gulf,True,8.947,7.573,117.03,115.34,117.25,90.19,26.96,EIA/OPEC ASB 2025 + synthetic fill
2012,3,2012-03-01,Russia,CIS,False,8.998,5.956,117.03,115.34,117.25,90.19,21.2,EIA/OPEC ASB 2025 + synthetic fill
2012,3,2012-03-01,United States,NAm,False,6.416,0.209,117.03,115.34,117.25,90.19,0.74,EIA/OPEC ASB 2025 + synthetic fill
2012,3,2012-03-01,Iraq,Gulf,True,3.719,3.278,117.03,115.34,117.25,90.19,11.67,EIA/OPEC ASB 2025 + synthetic fill
2012,3,2012-03-01,United Arab Emirates,Gulf,True,2.388,2.312,117.03,115.34,117.25,90.19,8.23,EIA/OPEC ASB 2025 + synthetic fill
2012,3,2012-03-01,Iran,Gulf,True,2.881,1.827,117.03,115.34,117.25,90.19,6.5,EIA/OPEC ASB 2025 + synthetic fill
2012,3,2012-03-01,Kuwait,Gulf,True,2.073,1.673,117.03,115.34,117.25,90.19,5.96,EIA/OPEC ASB 2025 + synthetic fill
2012,3,2012-03-01,Venezuela,LAm,True,2.399,1.906,117.03,115.34,117.25,90.19,6.78,EIA/OPEC ASB 2025 + synthetic fill
2012,3,2012-03-01,Nigeria,AFR,True,2.144,1.723,117.03,115.34,117.25,90.19,6.13,EIA/OPEC ASB 2025 + synthetic fill
2012,3,2012-03-01,Canada,NAm,False,4.316,2.972,117.03,115.34,117.25,90.19,10.58,EIA/OPEC ASB 2025 + synthetic fill
2012,3,2012-03-01,Norway,EUR,False,2.536,1.979,117.03,115.34,117.25,90.19,7.04,EIA/OPEC ASB 2025 + synthetic fill
2012,3,2012-03-01,Kazakhstan,CIS,False,1.029,0.794,117.03,115.34,117.25,90.19,2.83,EIA/OPEC ASB 2025 + synthetic fill
2012,3,2012-03-01,Libya,AFR,True,0.876,0.756,117.03,115.34,117.25,90.19,2.69,EIA/OPEC ASB 2025 + synthetic fill
2012,3,2012-03-01,Qatar,Gulf,True,0.765,0.577,117.03,115.34,117.25,90.19,2.05,EIA/OPEC ASB 2025 + synthetic fill
2012,3,2012-03-01,Algeria,AFR,True,1.228,0.864,117.03,115.34,117.25,90.19,3.08,EIA/OPEC ASB 2025 + synthetic fill
2012,3,2012-03-01,Angola,AFR,True,0.79,0.678,117.03,115.34,117.25,90.19,2.41,EIA/OPEC ASB 2025 + synthetic fill
2012,3,2012-03-01,Mexico,LAm,False,3.457,1.766,117.03,115.34,117.25,90.19,6.29,EIA/OPEC ASB 2025 + synthetic fill
2012,3,2012-03-01,Brazil,LAm,False,3.117,1.104,117.03,115.34,117.25,90.19,3.93,EIA/OPEC ASB 2025 + synthetic fill
2012,4,2012-04-01,Saudi Arabia,Gulf,True,9.393,8.139,112.07,109.74,110.95,88.98,27.74,EIA/OPEC ASB 2025 + synthetic fill
2012,4,2012-04-01,Russia,CIS,False,8.977,6.78,112.07,109.74,110.95,88.98,23.11,EIA/OPEC ASB 2025 + synthetic fill
2012,4,2012-04-01,United States,NAm,False,6.486,0.223,112.07,109.74,110.95,88.98,0.76,EIA/OPEC ASB 2025 + synthetic fill
2012,4,2012-04-01,Iraq,Gulf,True,3.644,3.205,112.07,109.74,110.95,88.98,10.93,EIA/OPEC ASB 2025 + synthetic fill
2012,4,2012-04-01,United Arab Emirates,Gulf,True,2.314,2.169,112.07,109.74,110.95,88.98,7.39,EIA/OPEC ASB 2025 + synthetic fill
2012,4,2012-04-01,Iran,Gulf,True,3.01,1.924,112.07,109.74,110.95,88.98,6.56,EIA/OPEC ASB 2025 + synthetic fill
2012,4,2012-04-01,Kuwait,Gulf,True,2.143,1.769,112.07,109.74,110.95,88.98,6.03,EIA/OPEC ASB 2025 + synthetic fill
2012,4,2012-04-01,Venezuela,LAm,True,2.543,2.069,112.07,109.74,110.95,88.98,7.05,EIA/OPEC ASB 2025 + synthetic fill
2012,4,2012-04-01,Nigeria,AFR,True,2.131,1.704,112.07,109.74,110.95,88.98,5.81,EIA/OPEC ASB 2025 + synthetic fill
2012,4,2012-04-01,Canada,NAm,False,4.214,2.815,112.07,109.74,110.95,88.98,9.6,EIA/OPEC ASB 2025 + synthetic fill
2012,4,2012-04-01,Norway,EUR,False,2.455,1.97,112.07,109.74,110.95,88.98,6.72,EIA/OPEC ASB 2025 + synthetic fill
2012,4,2012-04-01,Kazakhstan,CIS,False,0.974,0.819,112.07,109.74,110.95,88.98,2.79,EIA/OPEC ASB 2025 + synthetic fill
2012,4,2012-04-01,Libya,AFR,True,0.918,0.792,112.07,109.74,110.95,88.98,2.7,EIA/OPEC ASB 2025 + synthetic fill
2012,4,2012-04-01,Qatar,Gulf,True,0.754,0.593,112.07,109.74,110.95,88.98,2.02,EIA/OPEC ASB 2025 + synthetic fill
2012,4,2012-04-01,Algeria,AFR,True,1.244,0.888,112.07,109.74,110.95,88.98,3.03,EIA/OPEC ASB 2025 + synthetic fill
2012,4,2012-04-01,Angola,AFR,True,0.743,0.61,112.07,109.74,110.95,88.98,2.08,EIA/OPEC ASB 2025 + synthetic fill
2012,4,2012-04-01,Mexico,LAm,False,3.352,1.867,112.07,109.74,110.95,88.98,6.36,EIA/OPEC ASB 2025 + synthetic fill
2012,4,2012-04-01,Brazil,LAm,False,3.163,1.274,112.07,109.74,110.95,88.98,4.34,EIA/OPEC ASB 2025 + synthetic fill
2012,5,2012-05-01,Saudi Arabia,Gulf,True,9.461,7.551,112.24,107.82,112.13,89.93,25.78,EIA/OPEC ASB 2025 + synthetic fill
2012,5,2012-05-01,Russia,CIS,False,9.085,6.858,112.24,107.82,112.13,89.93,23.41,EIA/OPEC ASB 2025 + synthetic fill
2012,5,2012-05-01,United States,NAm,False,6.662,0.235,112.24,107.82,112.13,89.93,0.8,EIA/OPEC ASB 2025 + synthetic fill
2012,5,2012-05-01,Iraq,Gulf,True,3.666,3.025,112.24,107.82,112.13,89.93,10.33,EIA/OPEC ASB 2025 + synthetic fill
2012,5,2012-05-01,United Arab Emirates,Gulf,True,2.508,2.208,112.24,107.82,112.13,89.93,7.54,EIA/OPEC ASB 2025 + synthetic fill
2012,5,2012-05-01,Iran,Gulf,True,2.994,1.89,112.24,107.82,112.13,89.93,6.45,EIA/OPEC ASB 2025 + synthetic fill
2012,5,2012-05-01,Kuwait,Gulf,True,2.154,1.93,112.24,107.82,112.13,89.93,6.59,EIA/OPEC ASB 2025 + synthetic fill
2012,5,2012-05-01,Venezuela,LAm,True,2.468,1.932,112.24,107.82,112.13,89.93,6.6,EIA/OPEC ASB 2025 + synthetic fill
2012,5,2012-05-01,Nigeria,AFR,True,2.081,1.693,112.24,107.82,112.13,89.93,5.78,EIA/OPEC ASB 2025 + synthetic fill
2012,5,2012-05-01,Canada,NAm,False,4.309,3.06,112.24,107.82,112.13,89.93,10.45,EIA/OPEC ASB 2025 + synthetic fill
2012,5,2012-05-01,Norway,EUR,False,2.635,2.066,112.24,107.82,112.13,89.93,7.05,EIA/OPEC ASB 2025 + synthetic fill
2012,5,2012-05-01,Kazakhstan,CIS,False,0.946,0.798,112.24,107.82,112.13,89.93,2.72,EIA/OPEC ASB 2025 + synthetic fill
2012,5,2012-05-01,Libya,AFR,True,0.95,0.805,112.24,107.82,112.13,89.93,2.75,EIA/OPEC ASB 2025 + synthetic fill
2012,5,2012-05-01,Qatar,Gulf,True,0.742,0.622,112.24,107.82,112.13,89.93,2.12,EIA/OPEC ASB 2025 + synthetic fill
2012,5,2012-05-01,Algeria,AFR,True,1.216,0.893,112.24,107.82,112.13,89.93,3.05,EIA/OPEC ASB 2025 + synthetic fill
2012,5,2012-05-01,Angola,AFR,True,0.762,0.677,112.24,107.82,112.13,89.93,2.31,EIA/OPEC ASB 2025 + synthetic fill
2012,5,2012-05-01,Mexico,LAm,False,3.436,1.771,112.24,107.82,112.13,89.93,6.05,EIA/OPEC ASB 2025 + synthetic fill
2012,5,2012-05-01,Brazil,LAm,False,3.123,1.198,112.24,107.82,112.13,89.93,4.09,EIA/OPEC ASB 2025 + synthetic fill
2012,6,2012-06-01,Saudi Arabia,Gulf,True,9.357,7.118,122.27,117.93,122.36,89.95,26.47,EIA/OPEC ASB 2025 + synthetic fill
2012,6,2012-06-01,Russia,CIS,False,8.87,5.831,122.27,117.93,122.36,89.95,21.69,EIA/OPEC ASB 2025 + synthetic fill
2012,6,2012-06-01,United States,NAm,False,6.622,0.237,122.27,117.93,122.36,89.95,0.88,EIA/OPEC ASB 2025 + synthetic fill
2012,6,2012-06-01,Iraq,Gulf,True,3.954,3.275,122.27,117.93,122.36,89.95,12.18,EIA/OPEC ASB 2025 + synthetic fill
2012,6,2012-06-01,United Arab Emirates,Gulf,True,2.328,2.088,122.27,117.93,122.36,89.95,7.77,EIA/OPEC ASB 2025 + synthetic fill
2012,6,2012-06-01,Iran,Gulf,True,2.898,1.751,122.27,117.93,122.36,89.95,6.51,EIA/OPEC ASB 2025 + synthetic fill
2012,6,2012-06-01,Kuwait,Gulf,True,2.085,1.674,122.27,117.93,122.36,89.95,6.23,EIA/OPEC ASB 2025 + synthetic fill
2012,6,2012-06-01,Venezuela,LAm,True,2.435,1.946,122.27,117.93,122.36,89.95,7.24,EIA/OPEC ASB 2025 + synthetic fill
2012,6,2012-06-01,Nigeria,AFR,True,2.119,1.861,122.27,117.93,122.36,89.95,6.92,EIA/OPEC ASB 2025 + synthetic fill
2012,6,2012-06-01,Canada,NAm,False,4.353,3.138,122.27,117.93,122.36,89.95,11.67,EIA/OPEC ASB 2025 + synthetic fill
2012,6,2012-06-01,Norway,EUR,False,2.399,2.04,122.27,117.93,122.36,89.95,7.59,EIA/OPEC ASB 2025 + synthetic fill
2012,6,2012-06-01,Kazakhstan,CIS,False,0.98,0.774,122.27,117.93,122.36,89.95,2.88,EIA/OPEC ASB 2025 + synthetic fill
2012,6,2012-06-01,Libya,AFR,True,0.977,0.84,122.27,117.93,122.36,89.95,3.12,EIA/OPEC ASB 2025 + synthetic fill
2012,6,2012-06-01,Qatar,Gulf,True,0.741,0.593,122.27,117.93,122.36,89.95,2.21,EIA/OPEC ASB 2025 + synthetic fill
2012,6,2012-06-01,Algeria,AFR,True,1.261,0.843,122.27,117.93,122.36,89.95,3.14,EIA/OPEC ASB 2025 + synthetic fill
2012,6,2012-06-01,Angola,AFR,True,0.741,0.62,122.27,117.93,122.36,89.95,2.31,EIA/OPEC ASB 2025 + synthetic fill
2012,6,2012-06-01,Mexico,LAm,False,3.433,1.714,122.27,117.93,122.36,89.95,6.37,EIA/OPEC ASB 2025 + synthetic fill
2012,6,2012-06-01,Brazil,LAm,False,3.074,1.133,122.27,117.93,122.36,89.95,4.21,EIA/OPEC ASB 2025 + synthetic fill
2012,7,2012-07-01,Saudi Arabia,Gulf,True,9.061,7.402,105.25,102.83,105.38,90.12,23.7,EIA/OPEC ASB 2025 + synthetic fill
2012,7,2012-07-01,Russia,CIS,False,8.871,6.509,105.25,102.83,105.38,90.12,20.84,EIA/OPEC ASB 2025 + synthetic fill
2012,7,2012-07-01,United States,NAm,False,6.729,0.238,105.25,102.83,105.38,90.12,0.76,EIA/OPEC ASB 2025 + synthetic fill
2012,7,2012-07-01,Iraq,Gulf,True,3.788,3.17,105.25,102.83,105.38,90.12,10.15,EIA/OPEC ASB 2025 + synthetic fill
2012,7,2012-07-01,United Arab Emirates,Gulf,True,2.478,2.308,105.25,102.83,105.38,90.12,7.39,EIA/OPEC ASB 2025 + synthetic fill
2012,7,2012-07-01,Iran,Gulf,True,2.957,1.739,105.25,102.83,105.38,90.12,5.57,EIA/OPEC ASB 2025 + synthetic fill
2012,7,2012-07-01,Kuwait,Gulf,True,2.068,1.655,105.25,102.83,105.38,90.12,5.3,EIA/OPEC ASB 2025 + synthetic fill
2012,7,2012-07-01,Venezuela,LAm,True,2.388,1.992,105.25,102.83,105.38,90.12,6.38,EIA/OPEC ASB 2025 + synthetic fill
2012,7,2012-07-01,Nigeria,AFR,True,2.104,1.79,105.25,102.83,105.38,90.12,5.73,EIA/OPEC ASB 2025 + synthetic fill
2012,7,2012-07-01,Canada,NAm,False,4.359,3.051,105.25,102.83,105.38,90.12,9.77,EIA/OPEC ASB 2025 + synthetic fill
2012,7,2012-07-01,Norway,EUR,False,2.461,2.175,105.25,102.83,105.38,90.12,6.96,EIA/OPEC ASB 2025 + synthetic fill
2012,7,2012-07-01,Kazakhstan,CIS,False,1.002,0.749,105.25,102.83,105.38,90.12,2.4,EIA/OPEC ASB 2025 + synthetic fill
2012,7,2012-07-01,Libya,AFR,True,1.023,0.839,105.25,102.83,105.38,90.12,2.69,EIA/OPEC ASB 2025 + synthetic fill
2012,7,2012-07-01,Qatar,Gulf,True,0.761,0.637,105.25,102.83,105.38,90.12,2.04,EIA/OPEC ASB 2025 + synthetic fill
2012,7,2012-07-01,Algeria,AFR,True,1.205,0.862,105.25,102.83,105.38,90.12,2.76,EIA/OPEC ASB 2025 + synthetic fill
2012,7,2012-07-01,Angola,AFR,True,0.727,0.627,105.25,102.83,105.38,90.12,2.01,EIA/OPEC ASB 2025 + synthetic fill
2012,7,2012-07-01,Mexico,LAm,False,3.264,1.617,105.25,102.83,105.38,90.12,5.18,EIA/OPEC ASB 2025 + synthetic fill
2012,7,2012-07-01,Brazil,LAm,False,3.079,1.166,105.25,102.83,105.38,90.12,3.73,EIA/OPEC ASB 2025 + synthetic fill
2012,8,2012-08-01,Saudi Arabia,Gulf,True,9.538,8.125,120.28,115.59,119.84,90.06,29.73,EIA/OPEC ASB 2025 + synthetic fill
2012,8,2012-08-01,Russia,CIS,False,9.173,6.844,120.28,115.59,119.84,90.06,25.04,EIA/OPEC ASB 2025 + synthetic fill
2012,8,2012-08-01,United States,NAm,False,6.508,0.217,120.28,115.59,119.84,90.06,0.79,EIA/OPEC ASB 2025 + synthetic fill
2012,8,2012-08-01,Iraq,Gulf,True,3.685,3.155,120.28,115.59,119.84,90.06,11.54,EIA/OPEC ASB 2025 + synthetic fill
2012,8,2012-08-01,United Arab Emirates,Gulf,True,2.508,2.187,120.28,115.59,119.84,90.06,8.0,EIA/OPEC ASB 2025 + synthetic fill
2012,8,2012-08-01,Iran,Gulf,True,3.115,1.98,120.28,115.59,119.84,90.06,7.24,EIA/OPEC ASB 2025 + synthetic fill
2012,8,2012-08-01,Kuwait,Gulf,True,2.124,1.707,120.28,115.59,119.84,90.06,6.25,EIA/OPEC ASB 2025 + synthetic fill
2012,8,2012-08-01,Venezuela,LAm,True,2.507,1.96,120.28,115.59,119.84,90.06,7.17,EIA/OPEC ASB 2025 + synthetic fill
2012,8,2012-08-01,Nigeria,AFR,True,2.171,1.916,120.28,115.59,119.84,90.06,7.01,EIA/OPEC ASB 2025 + synthetic fill
2012,8,2012-08-01,Canada,NAm,False,4.476,3.0,120.28,115.59,119.84,90.06,10.98,EIA/OPEC ASB 2025 + synthetic fill
2012,8,2012-08-01,Norway,EUR,False,2.539,1.984,120.28,115.59,119.84,90.06,7.26,EIA/OPEC ASB 2025 + synthetic fill
2012,8,2012-08-01,Kazakhstan,CIS,False,0.958,0.717,120.28,115.59,119.84,90.06,2.62,EIA/OPEC ASB 2025 + synthetic fill
2012,8,2012-08-01,Libya,AFR,True,1.052,0.846,120.28,115.59,119.84,90.06,3.1,EIA/OPEC ASB 2025 + synthetic fill
2012,8,2012-08-01,Qatar,Gulf,True,0.728,0.546,120.28,115.59,119.84,90.06,2.0,EIA/OPEC ASB 2025 + synthetic fill
2012,8,2012-08-01,Algeria,AFR,True,1.25,0.912,120.28,115.59,119.84,90.06,3.34,EIA/OPEC ASB 2025 + synthetic fill
2012,8,2012-08-01,Angola,AFR,True,0.757,0.673,120.28,115.59,119.84,90.06,2.46,EIA/OPEC ASB 2025 + synthetic fill
2012,8,2012-08-01,Mexico,LAm,False,3.439,1.727,120.28,115.59,119.84,90.06,6.32,EIA/OPEC ASB 2025 + synthetic fill
2012,8,2012-08-01,Brazil,LAm,False,2.965,1.193,120.28,115.59,119.84,90.06,4.36,EIA/OPEC ASB 2025 + synthetic fill
2012,9,2012-09-01,Saudi Arabia,Gulf,True,10.182,8.123,113.36,112.0,111.82,90.06,28.01,EIA/OPEC ASB 2025 + synthetic fill
2012,9,2012-09-01,Russia,CIS,False,8.788,5.916,113.36,112.0,111.82,90.06,20.4,EIA/OPEC ASB 2025 + synthetic fill
2012,9,2012-09-01,United States,NAm,False,6.512,0.214,113.36,112.0,111.82,90.06,0.74,EIA/OPEC ASB 2025 + synthetic fill
2012,9,2012-09-01,Iraq,Gulf,True,3.805,3.196,113.36,112.0,111.82,90.06,11.02,EIA/OPEC ASB 2025 + synthetic fill
2012,9,2012-09-01,United Arab Emirates,Gulf,True,2.464,2.082,113.36,112.0,111.82,90.06,7.18,EIA/OPEC ASB 2025 + synthetic fill
2012,9,2012-09-01,Iran,Gulf,True,3.18,1.847,113.36,112.0,111.82,90.06,6.37,EIA/OPEC ASB 2025 + synthetic fill
2012,9,2012-09-01,Kuwait,Gulf,True,2.115,1.897,113.36,112.0,111.82,90.06,6.54,EIA/OPEC ASB 2025 + synthetic fill
2012,9,2012-09-01,Venezuela,LAm,True,2.517,2.087,113.36,112.0,111.82,90.06,7.2,EIA/OPEC ASB 2025 + synthetic fill
2012,9,2012-09-01,Nigeria,AFR,True,2.124,1.729,113.36,112.0,111.82,90.06,5.96,EIA/OPEC ASB 2025 + synthetic fill
2012,9,2012-09-01,Canada,NAm,False,4.408,3.144,113.36,112.0,111.82,90.06,10.84,EIA/OPEC ASB 2025 + synthetic fill
2012,9,2012-09-01,Norway,EUR,False,2.51,2.123,113.36,112.0,111.82,90.06,7.32,EIA/OPEC ASB 2025 + synthetic fill
2012,9,2012-09-01,Kazakhstan,CIS,False,0.977,0.767,113.36,112.0,111.82,90.06,2.64,EIA/OPEC ASB 2025 + synthetic fill
2012,9,2012-09-01,Libya,AFR,True,1.091,0.917,113.36,112.0,111.82,90.06,3.16,EIA/OPEC ASB 2025 + synthetic fill
2012,9,2012-09-01,Qatar,Gulf,True,0.747,0.582,113.36,112.0,111.82,90.06,2.01,EIA/OPEC ASB 2025 + synthetic fill
2012,9,2012-09-01,Algeria,AFR,True,1.255,0.846,113.36,112.0,111.82,90.06,2.92,EIA/OPEC ASB 2025 + synthetic fill
2012,9,2012-09-01,Angola,AFR,True,0.763,0.7,113.36,112.0,111.82,90.06,2.41,EIA/OPEC ASB 2025 + synthetic fill
2012,9,2012-09-01,Mexico,LAm,False,3.429,1.705,113.36,112.0,111.82,90.06,5.88,EIA/OPEC ASB 2025 + synthetic fill
2012,9,2012-09-01,Brazil,LAm,False,3.181,1.256,113.36,112.0,111.82,90.06,4.33,EIA/OPEC ASB 2025 + synthetic fill
2012,10,2012-10-01,Saudi Arabia,Gulf,True,9.789,8.094,108.85,107.69,108.87,89.43,26.8,EIA/OPEC ASB 2025 + synthetic fill
2012,10,2012-10-01,Russia,CIS,False,9.113,6.273,108.85,107.69,108.87,89.43,20.77,EIA/OPEC ASB 2025 + synthetic fill
2012,10,2012-10-01,United States,NAm,False,7.012,0.241,108.85,107.69,108.87,89.43,0.8,EIA/OPEC ASB 2025 + synthetic fill
2012,10,2012-10-01,Iraq,Gulf,True,3.818,3.081,108.85,107.69,108.87,89.43,10.2,EIA/OPEC ASB 2025 + synthetic fill
2012,10,2012-10-01,United Arab Emirates,Gulf,True,2.424,2.066,108.85,107.69,108.87,89.43,6.84,EIA/OPEC ASB 2025 + synthetic fill
2012,10,2012-10-01,Iran,Gulf,True,3.11,1.972,108.85,107.69,108.87,89.43,6.53,EIA/OPEC ASB 2025 + synthetic fill
2012,10,2012-10-01,Kuwait,Gulf,True,2.022,1.638,108.85,107.69,108.87,89.43,5.42,EIA/OPEC ASB 2025 + synthetic fill
2012,10,2012-10-01,Venezuela,LAm,True,2.482,2.192,108.85,107.69,108.87,89.43,7.26,EIA/OPEC ASB 2025 + synthetic fill
2012,10,2012-10-01,Nigeria,AFR,True,2.075,1.745,108.85,107.69,108.87,89.43,5.78,EIA/OPEC ASB 2025 + synthetic fill
2012,10,2012-10-01,Canada,NAm,False,4.44,3.236,108.85,107.69,108.87,89.43,10.71,EIA/OPEC ASB 2025 + synthetic fill
2012,10,2012-10-01,Norway,EUR,False,2.56,2.108,108.85,107.69,108.87,89.43,6.98,EIA/OPEC ASB 2025 + synthetic fill
2012,10,2012-10-01,Kazakhstan,CIS,False,1.007,0.808,108.85,107.69,108.87,89.43,2.68,EIA/OPEC ASB 2025 + synthetic fill
2012,10,2012-10-01,Libya,AFR,True,1.157,1.06,108.85,107.69,108.87,89.43,3.51,EIA/OPEC ASB 2025 + synthetic fill
2012,10,2012-10-01,Qatar,Gulf,True,0.775,0.576,108.85,107.69,108.87,89.43,1.91,EIA/OPEC ASB 2025 + synthetic fill
2012,10,2012-10-01,Algeria,AFR,True,1.278,0.923,108.85,107.69,108.87,89.43,3.06,EIA/OPEC ASB 2025 + synthetic fill
2012,10,2012-10-01,Angola,AFR,True,0.747,0.685,108.85,107.69,108.87,89.43,2.27,EIA/OPEC ASB 2025 + synthetic fill
2012,10,2012-10-01,Mexico,LAm,False,3.516,1.901,108.85,107.69,108.87,89.43,6.29,EIA/OPEC ASB 2025 + synthetic fill
2012,10,2012-10-01,Brazil,LAm,False,3.277,1.209,108.85,107.69,108.87,89.43,4.0,EIA/OPEC ASB 2025 + synthetic fill
2012,11,2012-11-01,Saudi Arabia,Gulf,True,9.5,7.719,108.19,106.1,106.82,89.41,25.4,EIA/OPEC ASB 2025 + synthetic fill
2012,11,2012-11-01,Russia,CIS,False,8.819,6.327,108.19,106.1,106.82,89.41,20.82,EIA/OPEC ASB 2025 + synthetic fill
2012,11,2012-11-01,United States,NAm,False,6.71,0.222,108.19,106.1,106.82,89.41,0.73,EIA/OPEC ASB 2025 + synthetic fill
2012,11,2012-11-01,Iraq,Gulf,True,3.924,3.387,108.19,106.1,106.82,89.41,11.15,EIA/OPEC ASB 2025 + synthetic fill
2012,11,2012-11-01,United Arab Emirates,Gulf,True,2.435,2.209,108.19,106.1,106.82,89.41,7.27,EIA/OPEC ASB 2025 + synthetic fill
2012,11,2012-11-01,Iran,Gulf,True,3.218,1.982,108.19,106.1,106.82,89.41,6.52,EIA/OPEC ASB 2025 + synthetic fill
2012,11,2012-11-01,Kuwait,Gulf,True,2.116,1.682,108.19,106.1,106.82,89.41,5.54,EIA/OPEC ASB 2025 + synthetic fill
2012,11,2012-11-01,Venezuela,LAm,True,2.486,1.926,108.19,106.1,106.82,89.41,6.34,EIA/OPEC ASB 2025 + synthetic fill
2012,11,2012-11-01,Nigeria,AFR,True,2.039,1.702,108.19,106.1,106.82,89.41,5.6,EIA/OPEC ASB 2025 + synthetic fill
2012,11,2012-11-01,Canada,NAm,False,4.19,3.062,108.19,106.1,106.82,89.41,10.08,EIA/OPEC ASB 2025 + synthetic fill
2012,11,2012-11-01,Norway,EUR,False,2.584,2.035,108.19,106.1,106.82,89.41,6.7,EIA/OPEC ASB 2025 + synthetic fill
2012,11,2012-11-01,Kazakhstan,CIS,False,1.029,0.766,108.19,106.1,106.82,89.41,2.52,EIA/OPEC ASB 2025 + synthetic fill
2012,11,2012-11-01,Libya,AFR,True,1.138,1.017,108.19,106.1,106.82,89.41,3.35,EIA/OPEC ASB 2025 + synthetic fill
2012,11,2012-11-01,Qatar,Gulf,True,0.718,0.545,108.19,106.1,106.82,89.41,1.79,EIA/OPEC ASB 2025 + synthetic fill
2012,11,2012-11-01,Algeria,AFR,True,1.231,0.848,108.19,106.1,106.82,89.41,2.79,EIA/OPEC ASB 2025 + synthetic fill
2012,11,2012-11-01,Angola,AFR,True,0.731,0.613,108.19,106.1,106.82,89.41,2.02,EIA/OPEC ASB 2025 + synthetic fill
2012,11,2012-11-01,Mexico,LAm,False,3.468,1.934,108.19,106.1,106.82,89.41,6.36,EIA/OPEC ASB 2025 + synthetic fill
2012,11,2012-11-01,Brazil,LAm,False,3.112,1.106,108.19,106.1,106.82,89.41,3.64,EIA/OPEC ASB 2025 + synthetic fill
2012,12,2012-12-01,Saudi Arabia,Gulf,True,9.469,7.21,100.21,97.68,100.27,90.08,21.98,EIA/OPEC ASB 2025 + synthetic fill
2012,12,2012-12-01,Russia,CIS,False,9.18,6.544,100.21,97.68,100.27,90.08,19.95,EIA/OPEC ASB 2025 + synthetic fill
2012,12,2012-12-01,United States,NAm,False,7.01,0.246,100.21,97.68,100.27,90.08,0.75,EIA/OPEC ASB 2025 + synthetic fill
2012,12,2012-12-01,Iraq,Gulf,True,3.825,3.177,100.21,97.68,100.27,90.08,9.68,EIA/OPEC ASB 2025 + synthetic fill
2012,12,2012-12-01,United Arab Emirates,Gulf,True,2.463,2.231,100.21,97.68,100.27,90.08,6.8,EIA/OPEC ASB 2025 + synthetic fill
2012,12,2012-12-01,Iran,Gulf,True,3.305,1.889,100.21,97.68,100.27,90.08,5.76,EIA/OPEC ASB 2025 + synthetic fill
2012,12,2012-12-01,Kuwait,Gulf,True,2.065,1.798,100.21,97.68,100.27,90.08,5.48,EIA/OPEC ASB 2025 + synthetic fill
2012,12,2012-12-01,Venezuela,LAm,True,2.382,1.985,100.21,97.68,100.27,90.08,6.05,EIA/OPEC ASB 2025 + synthetic fill
2012,12,2012-12-01,Nigeria,AFR,True,1.998,1.697,100.21,97.68,100.27,90.08,5.17,EIA/OPEC ASB 2025 + synthetic fill
2012,12,2012-12-01,Canada,NAm,False,4.512,3.167,100.21,97.68,100.27,90.08,9.65,EIA/OPEC ASB 2025 + synthetic fill
2012,12,2012-12-01,Norway,EUR,False,2.368,2.011,100.21,97.68,100.27,90.08,6.13,EIA/OPEC ASB 2025 + synthetic fill
2012,12,2012-12-01,Kazakhstan,CIS,False,1.002,0.777,100.21,97.68,100.27,90.08,2.37,EIA/OPEC ASB 2025 + synthetic fill
2012,12,2012-12-01,Libya,AFR,True,1.194,0.956,100.21,97.68,100.27,90.08,2.91,EIA/OPEC ASB 2025 + synthetic fill
2012,12,2012-12-01,Qatar,Gulf,True,0.748,0.554,100.21,97.68,100.27,90.08,1.69,EIA/OPEC ASB 2025 + synthetic fill
2012,12,2012-12-01,Algeria,AFR,True,1.265,0.933,100.21,97.68,100.27,90.08,2.84,EIA/OPEC ASB 2025 + synthetic fill
2012,12,2012-12-01,Angola,AFR,True,0.735,0.588,100.21,97.68,100.27,90.08,1.79,EIA/OPEC ASB 2025 + synthetic fill
2012,12,2012-12-01,Mexico,LAm,False,3.46,1.71,100.21,97.68,100.27,90.08,5.21,EIA/OPEC ASB 2025 + synthetic fill
2012,12,2012-12-01,Brazil,LAm,False,3.16,1.177,100.21,97.68,100.27,90.08,3.59,EIA/OPEC ASB 2025 + synthetic fill
2013,1,2013-01-01,Saudi Arabia,Gulf,True,9.475,8.173,104.01,100.37,104.27,91.52,25.86,EIA/OPEC ASB 2025 + synthetic fill
2013,1,2013-01-01,Russia,CIS,False,8.77,5.821,104.01,100.37,104.27,91.52,18.42,EIA/OPEC ASB 2025 + synthetic fill
2013,1,2013-01-01,United States,NAm,False,6.907,0.22,104.01,100.37,104.27,91.52,0.7,EIA/OPEC ASB 2025 + synthetic fill
2013,1,2013-01-01,Iraq,Gulf,True,4.0,3.245,104.01,100.37,104.27,91.52,10.27,EIA/OPEC ASB 2025 + synthetic fill
2013,1,2013-01-01,United Arab Emirates,Gulf,True,2.284,2.093,104.01,100.37,104.27,91.52,6.62,EIA/OPEC ASB 2025 + synthetic fill
2013,1,2013-01-01,Iran,Gulf,True,3.279,2.096,104.01,100.37,104.27,91.52,6.63,EIA/OPEC ASB 2025 + synthetic fill
2013,1,2013-01-01,Kuwait,Gulf,True,2.092,1.797,104.01,100.37,104.27,91.52,5.69,EIA/OPEC ASB 2025 + synthetic fill
2013,1,2013-01-01,Venezuela,LAm,True,2.554,2.252,104.01,100.37,104.27,91.52,7.12,EIA/OPEC ASB 2025 + synthetic fill
2013,1,2013-01-01,Nigeria,AFR,True,2.062,1.768,104.01,100.37,104.27,91.52,5.59,EIA/OPEC ASB 2025 + synthetic fill
2013,1,2013-01-01,Canada,NAm,False,4.578,3.405,104.01,100.37,104.27,91.52,10.77,EIA/OPEC ASB 2025 + synthetic fill
2013,1,2013-01-01,Norway,EUR,False,2.618,2.136,104.01,100.37,104.27,91.52,6.76,EIA/OPEC ASB 2025 + synthetic fill
2013,1,2013-01-01,Kazakhstan,CIS,False,1.022,0.81,104.01,100.37,104.27,91.52,2.56,EIA/OPEC ASB 2025 + synthetic fill
2013,1,2013-01-01,Libya,AFR,True,1.203,1.049,104.01,100.37,104.27,91.52,3.32,EIA/OPEC ASB 2025 + synthetic fill
2013,1,2013-01-01,Qatar,Gulf,True,0.733,0.569,104.01,100.37,104.27,91.52,1.8,EIA/OPEC ASB 2025 + synthetic fill
2013,1,2013-01-01,Algeria,AFR,True,1.216,0.909,104.01,100.37,104.27,91.52,2.88,EIA/OPEC ASB 2025 + synthetic fill
2013,1,2013-01-01,Angola,AFR,True,0.759,0.678,104.01,100.37,104.27,91.52,2.14,EIA/OPEC ASB 2025 + synthetic fill
2013,1,2013-01-01,Mexico,LAm,False,3.457,1.757,104.01,100.37,104.27,91.52,5.56,EIA/OPEC ASB 2025 + synthetic fill
2013,1,2013-01-01,Brazil,LAm,False,3.14,1.119,104.01,100.37,104.27,91.52,3.54,EIA/OPEC ASB 2025 + synthetic fill
2013,2,2013-02-01,Saudi Arabia,Gulf,True,10.068,7.738,111.86,109.96,110.63,91.29,26.33,EIA/OPEC ASB 2025 + synthetic fill
2013,2,2013-02-01,Russia,CIS,False,9.257,6.395,111.86,109.96,110.63,91.29,21.76,EIA/OPEC ASB 2025 + synthetic fill
2013,2,2013-02-01,United States,NAm,False,7.346,0.25,111.86,109.96,110.63,91.29,0.85,EIA/OPEC ASB 2025 + synthetic fill
2013,2,2013-02-01,Iraq,Gulf,True,4.017,3.203,111.86,109.96,110.63,91.29,10.9,EIA/OPEC ASB 2025 + synthetic fill
2013,2,2013-02-01,United Arab Emirates,Gulf,True,2.425,2.139,111.86,109.96,110.63,91.29,7.28,EIA/OPEC ASB 2025 + synthetic fill
2013,2,2013-02-01,Iran,Gulf,True,3.156,1.991,111.86,109.96,110.63,91.29,6.77,EIA/OPEC ASB 2025 + synthetic fill
2013,2,2013-02-01,Kuwait,Gulf,True,2.04,1.658,111.86,109.96,110.63,91.29,5.64,EIA/OPEC ASB 2025 + synthetic fill
2013,2,2013-02-01,Venezuela,LAm,True,2.489,2.025,111.86,109.96,110.63,91.29,6.89,EIA/OPEC ASB 2025 + synthetic fill
2013,2,2013-02-01,Nigeria,AFR,True,2.059,1.812,111.86,109.96,110.63,91.29,6.17,EIA/OPEC ASB 2025 + synthetic fill
2013,2,2013-02-01,Canada,NAm,False,4.433,3.017,111.86,109.96,110.63,91.29,10.27,EIA/OPEC ASB 2025 + synthetic fill
2013,2,2013-02-01,Norway,EUR,False,2.643,2.321,111.86,109.96,110.63,91.29,7.9,EIA/OPEC ASB 2025 + synthetic fill
2013,2,2013-02-01,Kazakhstan,CIS,False,1.005,0.805,111.86,109.96,110.63,91.29,2.74,EIA/OPEC ASB 2025 + synthetic fill
2013,2,2013-02-01,Libya,AFR,True,1.196,1.061,111.86,109.96,110.63,91.29,3.61,EIA/OPEC ASB 2025 + synthetic fill
2013,2,2013-02-01,Qatar,Gulf,True,0.797,0.628,111.86,109.96,110.63,91.29,2.14,EIA/OPEC ASB 2025 + synthetic fill
2013,2,2013-02-01,Algeria,AFR,True,1.286,0.931,111.86,109.96,110.63,91.29,3.17,EIA/OPEC ASB 2025 + synthetic fill
2013,2,2013-02-01,Angola,AFR,True,0.741,0.66,111.86,109.96,110.63,91.29,2.25,EIA/OPEC ASB 2025 + synthetic fill
2013,2,2013-02-01,Mexico,LAm,False,3.3,1.761,111.86,109.96,110.63,91.29,5.99,EIA/OPEC ASB 2025 + synthetic fill
2013,2,2013-02-01,Brazil,LAm,False,3.284,1.254,111.86,109.96,110.63,91.29,4.27,EIA/OPEC ASB 2025 + synthetic fill
2013,3,2013-03-01,Saudi Arabia,Gulf,True,9.606,7.631,107.08,105.48,106.02,91.43,24.85,EIA/OPEC ASB 2025 + synthetic fill
2013,3,2013-03-01,Russia,CIS,False,9.256,6.851,107.08,105.48,106.02,91.43,22.31,EIA/OPEC ASB 2025 + synthetic fill
2013,3,2013-03-01,United States,NAm,False,7.264,0.245,107.08,105.48,106.02,91.43,0.8,EIA/OPEC ASB 2025 + synthetic fill
2013,3,2013-03-01,Iraq,Gulf,True,3.999,3.478,107.08,105.48,106.02,91.43,11.33,EIA/OPEC ASB 2025 + synthetic fill
2013,3,2013-03-01,United Arab Emirates,Gulf,True,2.372,2.183,107.08,105.48,106.02,91.43,7.11,EIA/OPEC ASB 2025 + synthetic fill
2013,3,2013-03-01,Iran,Gulf,True,3.25,1.94,107.08,105.48,106.02,91.43,6.32,EIA/OPEC ASB 2025 + synthetic fill
2013,3,2013-03-01,Kuwait,Gulf,True,2.126,1.739,107.08,105.48,106.02,91.43,5.66,EIA/OPEC ASB 2025 + synthetic fill
2013,3,2013-03-01,Venezuela,LAm,True,2.481,2.142,107.08,105.48,106.02,91.43,6.98,EIA/OPEC ASB 2025 + synthetic fill
2013,3,2013-03-01,Nigeria,AFR,True,2.034,1.71,107.08,105.48,106.02,91.43,5.57,EIA/OPEC ASB 2025 + synthetic fill
2013,3,2013-03-01,Canada,NAm,False,4.574,3.328,107.08,105.48,106.02,91.43,10.84,EIA/OPEC ASB 2025 + synthetic fill
2013,3,2013-03-01,Norway,EUR,False,2.585,2.048,107.08,105.48,106.02,91.43,6.67,EIA/OPEC ASB 2025 + synthetic fill
2013,3,2013-03-01,Kazakhstan,CIS,False,1.003,0.767,107.08,105.48,106.02,91.43,2.5,EIA/OPEC ASB 2025 + synthetic fill
2013,3,2013-03-01,Libya,AFR,True,1.17,0.958,107.08,105.48,106.02,91.43,3.12,EIA/OPEC ASB 2025 + synthetic fill
2013,3,2013-03-01,Qatar,Gulf,True,0.724,0.602,107.08,105.48,106.02,91.43,1.96,EIA/OPEC ASB 2025 + synthetic fill
2013,3,2013-03-01,Algeria,AFR,True,1.285,0.854,107.08,105.48,106.02,91.43,2.78,EIA/OPEC ASB 2025 + synthetic fill
2013,3,2013-03-01,Angola,AFR,True,0.745,0.672,107.08,105.48,106.02,91.43,2.19,EIA/OPEC ASB 2025 + synthetic fill
2013,3,2013-03-01,Mexico,LAm,False,3.5,1.93,107.08,105.48,106.02,91.43,6.29,EIA/OPEC ASB 2025 + synthetic fill
2013,3,2013-03-01,Brazil,LAm,False,3.314,1.333,107.08,105.48,106.02,91.43,4.34,EIA/OPEC ASB 2025 + synthetic fill
2013,4,2013-04-01,Saudi Arabia,Gulf,True,10.06,7.785,106.5,102.87,107.23,91.46,25.22,EIA/OPEC ASB 2025 + synthetic fill
2013,4,2013-04-01,Russia,CIS,False,8.908,5.954,106.5,102.87,107.23,91.46,19.29,EIA/OPEC ASB 2025 + synthetic fill
2013,4,2013-04-01,United States,NAm,False,7.209,0.247,106.5,102.87,107.23,91.46,0.8,EIA/OPEC ASB 2025 + synthetic fill
2013,4,2013-04-01,Iraq,Gulf,True,3.769,3.28,106.5,102.87,107.23,91.46,10.63,EIA/OPEC ASB 2025 + synthetic fill
2013,4,2013-04-01,United Arab Emirates,Gulf,True,2.532,2.217,106.5,102.87,107.23,91.46,7.18,EIA/OPEC ASB 2025 + synthetic fill
2013,4,2013-04-01,Iran,Gulf,True,3.27,2.086,106.5,102.87,107.23,91.46,6.76,EIA/OPEC ASB 2025 + synthetic fill
2013,4,2013-04-01,Kuwait,Gulf,True,2.102,1.861,106.5,102.87,107.23,91.46,6.03,EIA/OPEC ASB 2025 + synthetic fill
2013,4,2013-04-01,Venezuela,LAm,True,2.484,2.0,106.5,102.87,107.23,91.46,6.48,EIA/OPEC ASB 2025 + synthetic fill
2013,4,2013-04-01,Nigeria,AFR,True,2.055,1.805,106.5,102.87,107.23,91.46,5.85,EIA/OPEC ASB 2025 + synthetic fill
2013,4,2013-04-01,Canada,NAm,False,4.505,3.091,106.5,102.87,107.23,91.46,10.01,EIA/OPEC ASB 2025 + synthetic fill
2013,4,2013-04-01,Norway,EUR,False,2.52,2.008,106.5,102.87,107.23,91.46,6.5,EIA/OPEC ASB 2025 + synthetic fill
2013,4,2013-04-01,Kazakhstan,CIS,False,1.007,0.851,106.5,102.87,107.23,91.46,2.76,EIA/OPEC ASB 2025 + synthetic fill
2013,4,2013-04-01,Libya,AFR,True,1.114,0.968,106.5,102.87,107.23,91.46,3.14,EIA/OPEC ASB 2025 + synthetic fill
2013,4,2013-04-01,Qatar,Gulf,True,0.755,0.597,106.5,102.87,107.23,91.46,1.93,EIA/OPEC ASB 2025 + synthetic fill
2013,4,2013-04-01,Algeria,AFR,True,1.196,0.83,106.5,102.87,107.23,91.46,2.69,EIA/OPEC ASB 2025 + synthetic fill
2013,4,2013-04-01,Angola,AFR,True,0.782,0.664,106.5,102.87,107.23,91.46,2.15,EIA/OPEC ASB 2025 + synthetic fill
2013,4,2013-04-01,Mexico,LAm,False,3.31,1.828,106.5,102.87,107.23,91.46,5.92,EIA/OPEC ASB 2025 + synthetic fill
2013,4,2013-04-01,Brazil,LAm,False,3.084,1.247,106.5,102.87,107.23,91.46,4.04,EIA/OPEC ASB 2025 + synthetic fill
2013,5,2013-05-01,Saudi Arabia,Gulf,True,10.028,8.571,106.37,102.08,107.31,91.66,27.73,EIA/OPEC ASB 2025 + synthetic fill
2013,5,2013-05-01,Russia,CIS,False,8.978,6.494,106.37,102.08,107.31,91.66,21.01,EIA/OPEC ASB 2025 + synthetic fill
2013,5,2013-05-01,United States,NAm,False,7.609,0.27,106.37,102.08,107.31,91.66,0.87,EIA/OPEC ASB 2025 + synthetic fill
2013,5,2013-05-01,Iraq,Gulf,True,3.972,3.182,106.37,102.08,107.31,91.66,10.3,EIA/OPEC ASB 2025 + synthetic fill
2013,5,2013-05-01,United Arab Emirates,Gulf,True,2.351,2.272,106.37,102.08,107.31,91.66,7.35,EIA/OPEC ASB 2025 + synthetic fill
2013,5,2013-05-01,Iran,Gulf,True,3.336,1.979,106.37,102.08,107.31,91.66,6.4,EIA/OPEC ASB 2025 + synthetic fill
2013,5,2013-05-01,Kuwait,Gulf,True,2.11,1.883,106.37,102.08,107.31,91.66,6.09,EIA/OPEC ASB 2025 + synthetic fill
2013,5,2013-05-01,Venezuela,LAm,True,2.421,2.098,106.37,102.08,107.31,91.66,6.79,EIA/OPEC ASB 2025 + synthetic fill
2013,5,2013-05-01,Nigeria,AFR,True,2.012,1.681,106.37,102.08,107.31,91.66,5.44,EIA/OPEC ASB 2025 + synthetic fill
2013,5,2013-05-01,Canada,NAm,False,4.745,3.611,106.37,102.08,107.31,91.66,11.68,EIA/OPEC ASB 2025 + synthetic fill
2013,5,2013-05-01,Norway,EUR,False,2.555,2.232,106.37,102.08,107.31,91.66,7.22,EIA/OPEC ASB 2025 + synthetic fill
2013,5,2013-05-01,Kazakhstan,CIS,False,1.011,0.771,106.37,102.08,107.31,91.66,2.49,EIA/OPEC ASB 2025 + synthetic fill
2013,5,2013-05-01,Libya,AFR,True,1.127,1.024,106.37,102.08,107.31,91.66,3.31,EIA/OPEC ASB 2025 + synthetic fill
2013,5,2013-05-01,Qatar,Gulf,True,0.788,0.636,106.37,102.08,107.31,91.66,2.06,EIA/OPEC ASB 2025 + synthetic fill
2013,5,2013-05-01,Algeria,AFR,True,1.289,0.907,106.37,102.08,107.31,91.66,2.93,EIA/OPEC ASB 2025 + synthetic fill
2013,5,2013-05-01,Angola,AFR,True,0.728,0.583,106.37,102.08,107.31,91.66,1.89,EIA/OPEC ASB 2025 + synthetic fill
2013,5,2013-05-01,Mexico,LAm,False,3.506,1.952,106.37,102.08,107.31,91.66,6.32,EIA/OPEC ASB 2025 + synthetic fill
2013,5,2013-05-01,Brazil,LAm,False,3.179,1.206,106.37,102.08,107.31,91.66,3.9,EIA/OPEC ASB 2025 + synthetic fill
2013,6,2013-06-01,Saudi Arabia,Gulf,True,9.906,8.303,104.08,100.21,102.45,91.6,26.29,EIA/OPEC ASB 2025 + synthetic fill
2013,6,2013-06-01,Russia,CIS,False,8.667,6.134,104.08,100.21,102.45,91.6,19.42,EIA/OPEC ASB 2025 + synthetic fill
2013,6,2013-06-01,United States,NAm,False,7.292,0.26,104.08,100.21,102.45,91.6,0.82,EIA/OPEC ASB 2025 + synthetic fill
2013,6,2013-06-01,Iraq,Gulf,True,4.166,3.581,104.08,100.21,102.45,91.6,11.34,EIA/OPEC ASB 2025 + synthetic fill
2013,6,2013-06-01,United Arab Emirates,Gulf,True,2.386,2.028,104.08,100.21,102.45,91.6,6.42,EIA/OPEC ASB 2025 + synthetic fill
2013,6,2013-06-01,Iran,Gulf,True,3.396,2.096,104.08,100.21,102.45,91.6,6.64,EIA/OPEC ASB 2025 + synthetic fill
2013,6,2013-06-01,Kuwait,Gulf,True,2.036,1.639,104.08,100.21,102.45,91.6,5.19,EIA/OPEC ASB 2025 + synthetic fill
2013,6,2013-06-01,Venezuela,LAm,True,2.369,1.927,104.08,100.21,102.45,91.6,6.1,EIA/OPEC ASB 2025 + synthetic fill
2013,6,2013-06-01,Nigeria,AFR,True,2.068,1.651,104.08,100.21,102.45,91.6,5.23,EIA/OPEC ASB 2025 + synthetic fill
2013,6,2013-06-01,Canada,NAm,False,4.532,3.074,104.08,100.21,102.45,91.6,9.73,EIA/OPEC ASB 2025 + synthetic fill
2013,6,2013-06-01,Norway,EUR,False,2.391,2.091,104.08,100.21,102.45,91.6,6.62,EIA/OPEC ASB 2025 + synthetic fill
2013,6,2013-06-01,Kazakhstan,CIS,False,0.993,0.816,104.08,100.21,102.45,91.6,2.58,EIA/OPEC ASB 2025 + synthetic fill
2013,6,2013-06-01,Libya,AFR,True,1.114,0.995,104.08,100.21,102.45,91.6,3.15,EIA/OPEC ASB 2025 + synthetic fill
2013,6,2013-06-01,Qatar,Gulf,True,0.727,0.561,104.08,100.21,102.45,91.6,1.78,EIA/OPEC ASB 2025 + synthetic fill
2013,6,2013-06-01,Algeria,AFR,True,1.2,0.826,104.08,100.21,102.45,91.6,2.61,EIA/OPEC ASB 2025 + synthetic fill
2013,6,2013-06-01,Angola,AFR,True,0.754,0.664,104.08,100.21,102.45,91.6,2.1,EIA/OPEC ASB 2025 + synthetic fill
2013,6,2013-06-01,Mexico,LAm,False,3.471,1.742,104.08,100.21,102.45,91.6,5.51,EIA/OPEC ASB 2025 + synthetic fill
2013,6,2013-06-01,Brazil,LAm,False,3.179,1.196,104.08,100.21,102.45,91.6,3.79,EIA/OPEC ASB 2025 + synthetic fill
2013,7,2013-07-01,Saudi Arabia,Gulf,True,9.816,8.482,114.55,109.77,112.9,91.86,29.55,EIA/OPEC ASB 2025 + synthetic fill
2013,7,2013-07-01,Russia,CIS,False,9.6,6.93,114.55,109.77,112.9,91.86,24.15,EIA/OPEC ASB 2025 + synthetic fill
2013,7,2013-07-01,United States,NAm,False,7.253,0.264,114.55,109.77,112.9,91.86,0.92,EIA/OPEC ASB 2025 + synthetic fill
2013,7,2013-07-01,Iraq,Gulf,True,3.924,3.124,114.55,109.77,112.9,91.86,10.88,EIA/OPEC ASB 2025 + synthetic fill
2013,7,2013-07-01,United Arab Emirates,Gulf,True,2.389,2.138,114.55,109.77,112.9,91.86,7.45,EIA/OPEC ASB 2025 + synthetic fill
2013,7,2013-07-01,Iran,Gulf,True,3.37,2.018,114.55,109.77,112.9,91.86,7.03,EIA/OPEC ASB 2025 + synthetic fill
2013,7,2013-07-01,Kuwait,Gulf,True,2.099,1.748,114.55,109.77,112.9,91.86,6.09,EIA/OPEC ASB 2025 + synthetic fill
2013,7,2013-07-01,Venezuela,LAm,True,2.471,2.168,114.55,109.77,112.9,91.86,7.55,EIA/OPEC ASB 2025 + synthetic fill
2013,7,2013-07-01,Nigeria,AFR,True,2.162,1.818,114.55,109.77,112.9,91.86,6.33,EIA/OPEC ASB 2025 + synthetic fill
2013,7,2013-07-01,Canada,NAm,False,4.749,3.586,114.55,109.77,112.9,91.86,12.49,EIA/OPEC ASB 2025 + synthetic fill
2013,7,2013-07-01,Norway,EUR,False,2.471,1.953,114.55,109.77,112.9,91.86,6.8,EIA/OPEC ASB 2025 + synthetic fill
2013,7,2013-07-01,Kazakhstan,CIS,False,1.011,0.825,114.55,109.77,112.9,91.86,2.87,EIA/OPEC ASB 2025 + synthetic fill
2013,7,2013-07-01,Libya,AFR,True,1.088,0.971,114.55,109.77,112.9,91.86,3.38,EIA/OPEC ASB 2025 + synthetic fill
2013,7,2013-07-01,Qatar,Gulf,True,0.785,0.603,114.55,109.77,112.9,91.86,2.1,EIA/OPEC ASB 2025 + synthetic fill
2013,7,2013-07-01,Algeria,AFR,True,1.234,0.924,114.55,109.77,112.9,91.86,3.22,EIA/OPEC ASB 2025 + synthetic fill
2013,7,2013-07-01,Angola,AFR,True,0.75,0.653,114.55,109.77,112.9,91.86,2.28,EIA/OPEC ASB 2025 + synthetic fill
2013,7,2013-07-01,Mexico,LAm,False,3.469,1.864,114.55,109.77,112.9,91.86,6.49,EIA/OPEC ASB 2025 + synthetic fill
2013,7,2013-07-01,Brazil,LAm,False,3.326,1.252,114.55,109.77,112.9,91.86,4.36,EIA/OPEC ASB 2025 + synthetic fill
2013,8,2013-08-01,Saudi Arabia,Gulf,True,9.339,7.474,107.9,105.74,108.11,91.39,24.53,EIA/OPEC ASB 2025 + synthetic fill
2013,8,2013-08-01,Russia,CIS,False,8.731,6.335,107.9,105.74,108.11,91.39,20.79,EIA/OPEC ASB 2025 + synthetic fill
2013,8,2013-08-01,United States,NAm,False,7.61,0.246,107.9,105.74,108.11,91.39,0.81,EIA/OPEC ASB 2025 + synthetic fill
2013,8,2013-08-01,Iraq,Gulf,True,4.115,3.336,107.9,105.74,108.11,91.39,10.95,EIA/OPEC ASB 2025 + synthetic fill
2013,8,2013-08-01,United Arab Emirates,Gulf,True,2.368,2.214,107.9,105.74,108.11,91.39,7.27,EIA/OPEC ASB 2025 + synthetic fill
2013,8,2013-08-01,Iran,Gulf,True,3.327,2.072,107.9,105.74,108.11,91.39,6.8,EIA/OPEC ASB 2025 + synthetic fill
2013,8,2013-08-01,Kuwait,Gulf,True,2.096,1.677,107.9,105.74,108.11,91.39,5.5,EIA/OPEC ASB 2025 + synthetic fill
2013,8,2013-08-01,Venezuela,LAm,True,2.396,1.853,107.9,105.74,108.11,91.39,6.08,EIA/OPEC ASB 2025 + synthetic fill
2013,8,2013-08-01,Nigeria,AFR,True,2.081,1.868,107.9,105.74,108.11,91.39,6.13,EIA/OPEC ASB 2025 + synthetic fill
2013,8,2013-08-01,Canada,NAm,False,4.72,3.601,107.9,105.74,108.11,91.39,11.82,EIA/OPEC ASB 2025 + synthetic fill
2013,8,2013-08-01,Norway,EUR,False,2.723,2.306,107.9,105.74,108.11,91.39,7.57,EIA/OPEC ASB 2025 + synthetic fill
2013,8,2013-08-01,Kazakhstan,CIS,False,0.976,0.8,107.9,105.74,108.11,91.39,2.63,EIA/OPEC ASB 2025 + synthetic fill
2013,8,2013-08-01,Libya,AFR,True,1.066,0.93,107.9,105.74,108.11,91.39,3.05,EIA/OPEC ASB 2025 + synthetic fill
2013,8,2013-08-01,Qatar,Gulf,True,0.754,0.58,107.9,105.74,108.11,91.39,1.9,EIA/OPEC ASB 2025 + synthetic fill
2013,8,2013-08-01,Algeria,AFR,True,1.226,0.932,107.9,105.74,108.11,91.39,3.06,EIA/OPEC ASB 2025 + synthetic fill
2013,8,2013-08-01,Angola,AFR,True,0.761,0.658,107.9,105.74,108.11,91.39,2.16,EIA/OPEC ASB 2025 + synthetic fill
2013,8,2013-08-01,Mexico,LAm,False,3.342,1.753,107.9,105.74,108.11,91.39,5.75,EIA/OPEC ASB 2025 + synthetic fill
2013,8,2013-08-01,Brazil,LAm,False,3.314,1.339,107.9,105.74,108.11,91.39,4.39,EIA/OPEC ASB 2025 + synthetic fill
2013,9,2013-09-01,Saudi Arabia,Gulf,True,9.816,7.487,110.36,108.09,109.77,91.19,25.13,EIA/OPEC ASB 2025 + synthetic fill
2013,9,2013-09-01,Russia,CIS,False,9.159,6.136,110.36,108.09,109.77,91.19,20.6,EIA/OPEC ASB 2025 + synthetic fill
2013,9,2013-09-01,United States,NAm,False,7.987,0.282,110.36,108.09,109.77,91.19,0.95,EIA/OPEC ASB 2025 + synthetic fill
2013,9,2013-09-01,Iraq,Gulf,True,3.997,3.524,110.36,108.09,109.77,91.19,11.83,EIA/OPEC ASB 2025 + synthetic fill
2013,9,2013-09-01,United Arab Emirates,Gulf,True,2.375,2.19,110.36,108.09,109.77,91.19,7.35,EIA/OPEC ASB 2025 + synthetic fill
2013,9,2013-09-01,Iran,Gulf,True,3.654,2.292,110.36,108.09,109.77,91.19,7.69,EIA/OPEC ASB 2025 + synthetic fill
2013,9,2013-09-01,Kuwait,Gulf,True,2.096,1.877,110.36,108.09,109.77,91.19,6.3,EIA/OPEC ASB 2025 + synthetic fill
2013,9,2013-09-01,Venezuela,LAm,True,2.493,2.003,110.36,108.09,109.77,91.19,6.72,EIA/OPEC ASB 2025 + synthetic fill
2013,9,2013-09-01,Nigeria,AFR,True,2.189,1.766,110.36,108.09,109.77,91.19,5.93,EIA/OPEC ASB 2025 + synthetic fill
2013,9,2013-09-01,Canada,NAm,False,4.66,3.487,110.36,108.09,109.77,91.19,11.71,EIA/OPEC ASB 2025 + synthetic fill
2013,9,2013-09-01,Norway,EUR,False,2.507,1.962,110.36,108.09,109.77,91.19,6.59,EIA/OPEC ASB 2025 + synthetic fill
2013,9,2013-09-01,Kazakhstan,CIS,False,0.963,0.725,110.36,108.09,109.77,91.19,2.43,EIA/OPEC ASB 2025 + synthetic fill
2013,9,2013-09-01,Libya,AFR,True,1.026,0.85,110.36,108.09,109.77,91.19,2.85,EIA/OPEC ASB 2025 + synthetic fill
2013,9,2013-09-01,Qatar,Gulf,True,0.755,0.615,110.36,108.09,109.77,91.19,2.06,EIA/OPEC ASB 2025 + synthetic fill
2013,9,2013-09-01,Algeria,AFR,True,1.156,0.874,110.36,108.09,109.77,91.19,2.93,EIA/OPEC ASB 2025 + synthetic fill
2013,9,2013-09-01,Angola,AFR,True,0.774,0.621,110.36,108.09,109.77,91.19,2.08,EIA/OPEC ASB 2025 + synthetic fill
2013,9,2013-09-01,Mexico,LAm,False,3.317,1.735,110.36,108.09,109.77,91.19,5.82,EIA/OPEC ASB 2025 + synthetic fill
2013,9,2013-09-01,Brazil,LAm,False,3.466,1.318,110.36,108.09,109.77,91.19,4.42,EIA/OPEC ASB 2025 + synthetic fill
2013,10,2013-10-01,Saudi Arabia,Gulf,True,9.852,7.656,112.4,110.91,113.12,90.8,26.17,EIA/OPEC ASB 2025 + synthetic fill
2013,10,2013-10-01,Russia,CIS,False,8.973,6.353,112.4,110.91,113.12,90.8,21.72,EIA/OPEC ASB 2025 + synthetic fill
2013,10,2013-10-01,United States,NAm,False,7.771,0.269,112.4,110.91,113.12,90.8,0.92,EIA/OPEC ASB 2025 + synthetic fill
2013,10,2013-10-01,Iraq,Gulf,True,4.384,3.689,112.4,110.91,113.12,90.8,12.61,EIA/OPEC ASB 2025 + synthetic fill
2013,10,2013-10-01,United Arab Emirates,Gulf,True,2.472,2.266,112.4,110.91,113.12,90.8,7.75,EIA/OPEC ASB 2025 + synthetic fill
2013,10,2013-10-01,Iran,Gulf,True,3.491,2.087,112.4,110.91,113.12,90.8,7.14,EIA/OPEC ASB 2025 + synthetic fill
2013,10,2013-10-01,Kuwait,Gulf,True,2.18,1.896,112.4,110.91,113.12,90.8,6.48,EIA/OPEC ASB 2025 + synthetic fill
2013,10,2013-10-01,Venezuela,LAm,True,2.486,2.163,112.4,110.91,113.12,90.8,7.39,EIA/OPEC ASB 2025 + synthetic fill
2013,10,2013-10-01,Nigeria,AFR,True,2.178,1.895,112.4,110.91,113.12,90.8,6.48,EIA/OPEC ASB 2025 + synthetic fill
2013,10,2013-10-01,Canada,NAm,False,4.716,3.311,112.4,110.91,113.12,90.8,11.32,EIA/OPEC ASB 2025 + synthetic fill
2013,10,2013-10-01,Norway,EUR,False,2.441,2.136,112.4,110.91,113.12,90.8,7.3,EIA/OPEC ASB 2025 + synthetic fill
2013,10,2013-10-01,Kazakhstan,CIS,False,0.967,0.728,112.4,110.91,113.12,90.8,2.49,EIA/OPEC ASB 2025 + synthetic fill
2013,10,2013-10-01,Libya,AFR,True,1.044,0.916,112.4,110.91,113.12,90.8,3.13,EIA/OPEC ASB 2025 + synthetic fill
2013,10,2013-10-01,Qatar,Gulf,True,0.767,0.604,112.4,110.91,113.12,90.8,2.06,EIA/OPEC ASB 2025 + synthetic fill
2013,10,2013-10-01,Algeria,AFR,True,1.29,0.855,112.4,110.91,113.12,90.8,2.92,EIA/OPEC ASB 2025 + synthetic fill
2013,10,2013-10-01,Angola,AFR,True,0.743,0.68,112.4,110.91,113.12,90.8,2.32,EIA/OPEC ASB 2025 + synthetic fill
2013,10,2013-10-01,Mexico,LAm,False,3.284,1.679,112.4,110.91,113.12,90.8,5.74,EIA/OPEC ASB 2025 + synthetic fill
2013,10,2013-10-01,Brazil,LAm,False,3.208,1.262,112.4,110.91,113.12,90.8,4.31,EIA/OPEC ASB 2025 + synthetic fill
2013,11,2013-11-01,Saudi Arabia,Gulf,True,10.091,8.021,105.46,102.18,105.83,90.55,25.73,EIA/OPEC ASB 2025 + synthetic fill
2013,11,2013-11-01,Russia,CIS,False,9.184,6.086,105.46,102.18,105.83,90.55,19.52,EIA/OPEC ASB 2025 + synthetic fill
2013,11,2013-11-01,United States,NAm,False,8.367,0.281,105.46,102.18,105.83,90.55,0.9,EIA/OPEC ASB 2025 + synthetic fill
2013,11,2013-11-01,Iraq,Gulf,True,4.305,3.529,105.46,102.18,105.83,90.55,11.32,EIA/OPEC ASB 2025 + synthetic fill
2013,11,2013-11-01,United Arab Emirates,Gulf,True,2.468,2.355,105.46,102.18,105.83,90.55,7.55,EIA/OPEC ASB 2025 + synthetic fill
2013,11,2013-11-01,Iran,Gulf,True,3.746,2.135,105.46,102.18,105.83,90.55,6.85,EIA/OPEC ASB 2025 + synthetic fill
2013,11,2013-11-01,Kuwait,Gulf,True,2.119,1.869,105.46,102.18,105.83,90.55,6.0,EIA/OPEC ASB 2025 + synthetic fill
2013,11,2013-11-01,Venezuela,LAm,True,2.406,1.925,105.46,102.18,105.83,90.55,6.17,EIA/OPEC ASB 2025 + synthetic fill
2013,11,2013-11-01,Nigeria,AFR,True,2.101,1.687,105.46,102.18,105.83,90.55,5.41,EIA/OPEC ASB 2025 + synthetic fill
2013,11,2013-11-01,Canada,NAm,False,4.537,3.23,105.46,102.18,105.83,90.55,10.36,EIA/OPEC ASB 2025 + synthetic fill
2013,11,2013-11-01,Norway,EUR,False,2.472,2.009,105.46,102.18,105.83,90.55,6.44,EIA/OPEC ASB 2025 + synthetic fill
2013,11,2013-11-01,Kazakhstan,CIS,False,1.019,0.828,105.46,102.18,105.83,90.55,2.66,EIA/OPEC ASB 2025 + synthetic fill
2013,11,2013-11-01,Libya,AFR,True,1.006,0.904,105.46,102.18,105.83,90.55,2.9,EIA/OPEC ASB 2025 + synthetic fill
2013,11,2013-11-01,Qatar,Gulf,True,0.77,0.611,105.46,102.18,105.83,90.55,1.96,EIA/OPEC ASB 2025 + synthetic fill
2013,11,2013-11-01,Algeria,AFR,True,1.185,0.842,105.46,102.18,105.83,90.55,2.7,EIA/OPEC ASB 2025 + synthetic fill
2013,11,2013-11-01,Angola,AFR,True,0.753,0.652,105.46,102.18,105.83,90.55,2.09,EIA/OPEC ASB 2025 + synthetic fill
2013,11,2013-11-01,Mexico,LAm,False,3.273,1.791,105.46,102.18,105.83,90.55,5.75,EIA/OPEC ASB 2025 + synthetic fill
2013,11,2013-11-01,Brazil,LAm,False,3.464,1.34,105.46,102.18,105.83,90.55,4.3,EIA/OPEC ASB 2025 + synthetic fill
2013,12,2013-12-01,Saudi Arabia,Gulf,True,9.597,8.03,102.01,100.85,101.98,91.43,24.92,EIA/OPEC ASB 2025 + synthetic fill
2013,12,2013-12-01,Russia,CIS,False,9.13,6.141,102.01,100.85,101.98,91.43,19.05,EIA/OPEC ASB 2025 + synthetic fill
2013,12,2013-12-01,United States,NAm,False,7.741,0.265,102.01,100.85,101.98,91.43,0.82,EIA/OPEC ASB 2025 + synthetic fill
2013,12,2013-12-01,Iraq,Gulf,True,4.227,3.411,102.01,100.85,101.98,91.43,10.58,EIA/OPEC ASB 2025 + synthetic fill
2013,12,2013-12-01,United Arab Emirates,Gulf,True,2.279,2.062,102.01,100.85,101.98,91.43,6.4,EIA/OPEC ASB 2025 + synthetic fill
2013,12,2013-12-01,Iran,Gulf,True,3.645,2.096,102.01,100.85,101.98,91.43,6.5,EIA/OPEC ASB 2025 + synthetic fill
2013,12,2013-12-01,Kuwait,Gulf,True,2.179,1.938,102.01,100.85,101.98,91.43,6.01,EIA/OPEC ASB 2025 + synthetic fill
2013,12,2013-12-01,Venezuela,LAm,True,2.527,2.092,102.01,100.85,101.98,91.43,6.49,EIA/OPEC ASB 2025 + synthetic fill
2013,12,2013-12-01,Nigeria,AFR,True,2.095,1.671,102.01,100.85,101.98,91.43,5.18,EIA/OPEC ASB 2025 + synthetic fill
2013,12,2013-12-01,Canada,NAm,False,4.765,3.178,102.01,100.85,101.98,91.43,9.86,EIA/OPEC ASB 2025 + synthetic fill
2013,12,2013-12-01,Norway,EUR,False,2.635,2.075,102.01,100.85,101.98,91.43,6.44,EIA/OPEC ASB 2025 + synthetic fill
2013,12,2013-12-01,Kazakhstan,CIS,False,1.016,0.823,102.01,100.85,101.98,91.43,2.55,EIA/OPEC ASB 2025 + synthetic fill
2013,12,2013-12-01,Libya,AFR,True,0.943,0.781,102.01,100.85,101.98,91.43,2.42,EIA/OPEC ASB 2025 + synthetic fill
2013,12,2013-12-01,Qatar,Gulf,True,0.744,0.554,102.01,100.85,101.98,91.43,1.72,EIA/OPEC ASB 2025 + synthetic fill
2013,12,2013-12-01,Algeria,AFR,True,1.235,0.9,102.01,100.85,101.98,91.43,2.79,EIA/OPEC ASB 2025 + synthetic fill
2013,12,2013-12-01,Angola,AFR,True,0.75,0.614,102.01,100.85,101.98,91.43,1.91,EIA/OPEC ASB 2025 + synthetic fill
2013,12,2013-12-01,Mexico,LAm,False,3.435,1.694,102.01,100.85,101.98,91.43,5.26,EIA/OPEC ASB 2025 + synthetic fill
2013,12,2013-12-01,Brazil,LAm,False,3.492,1.4,102.01,100.85,101.98,91.43,4.34,EIA/OPEC ASB 2025 + synthetic fill
2014,1,2014-01-01,Saudi Arabia,Gulf,True,9.638,8.376,95.18,92.36,94.17,92.78,24.25,EIA/OPEC ASB 2025 + synthetic fill
2014,1,2014-01-01,Russia,CIS,False,8.975,6.68,95.18,92.36,94.17,92.78,19.34,EIA/OPEC ASB 2025 + synthetic fill
2014,1,2014-01-01,United States,NAm,False,8.17,0.289,95.18,92.36,94.17,92.78,0.84,EIA/OPEC ASB 2025 + synthetic fill
2014,1,2014-01-01,Iraq,Gulf,True,4.313,3.639,95.18,92.36,94.17,92.78,10.54,EIA/OPEC ASB 2025 + synthetic fill
2014,1,2014-01-01,United Arab Emirates,Gulf,True,2.42,2.207,95.18,92.36,94.17,92.78,6.39,EIA/OPEC ASB 2025 + synthetic fill
2014,1,2014-01-01,Iran,Gulf,True,3.569,2.008,95.18,92.36,94.17,92.78,5.81,EIA/OPEC ASB 2025 + synthetic fill
2014,1,2014-01-01,Kuwait,Gulf,True,2.124,1.797,95.18,92.36,94.17,92.78,5.2,EIA/OPEC ASB 2025 + synthetic fill
2014,1,2014-01-01,Venezuela,LAm,True,2.455,2.08,95.18,92.36,94.17,92.78,6.02,EIA/OPEC ASB 2025 + synthetic fill
2014,1,2014-01-01,Nigeria,AFR,True,2.193,1.888,95.18,92.36,94.17,92.78,5.47,EIA/OPEC ASB 2025 + synthetic fill
2014,1,2014-01-01,Canada,NAm,False,4.523,3.218,95.18,92.36,94.17,92.78,9.32,EIA/OPEC ASB 2025 + synthetic fill
2014,1,2014-01-01,Norway,EUR,False,2.457,2.012,95.18,92.36,94.17,92.78,5.82,EIA/OPEC ASB 2025 + synthetic fill
2014,1,2014-01-01,Kazakhstan,CIS,False,0.954,0.774,95.18,92.36,94.17,92.78,2.24,EIA/OPEC ASB 2025 + synthetic fill
2014,1,2014-01-01,Libya,AFR,True,0.929,0.775,95.18,92.36,94.17,92.78,2.24,EIA/OPEC ASB 2025 + synthetic fill
2014,1,2014-01-01,Qatar,Gulf,True,0.733,0.55,95.18,92.36,94.17,92.78,1.59,EIA/OPEC ASB 2025 + synthetic fill
2014,1,2014-01-01,Algeria,AFR,True,1.265,0.84,95.18,92.36,94.17,92.78,2.43,EIA/OPEC ASB 2025 + synthetic fill
2014,1,2014-01-01,Angola,AFR,True,0.751,0.687,95.18,92.36,94.17,92.78,1.99,EIA/OPEC ASB 2025 + synthetic fill
2014,1,2014-01-01,Mexico,LAm,False,3.437,1.839,95.18,92.36,94.17,92.78,5.32,EIA/OPEC ASB 2025 + synthetic fill
2014,1,2014-01-01,Brazil,LAm,False,3.386,1.317,95.18,92.36,94.17,92.78,3.81,EIA/OPEC ASB 2025 + synthetic fill
2014,2,2014-02-01,Saudi Arabia,Gulf,True,9.724,7.899,92.55,88.39,92.98,92.57,22.24,EIA/OPEC ASB 2025 + synthetic fill
2014,2,2014-02-01,Russia,CIS,False,9.347,6.163,92.55,88.39,92.98,92.57,17.35,EIA/OPEC ASB 2025 + synthetic fill
2014,2,2014-02-01,United States,NAm,False,8.276,0.291,92.55,88.39,92.98,92.57,0.82,EIA/OPEC ASB 2025 + synthetic fill
2014,2,2014-02-01,Iraq,Gulf,True,4.334,3.841,92.55,88.39,92.98,92.57,10.81,EIA/OPEC ASB 2025 + synthetic fill
2014,2,2014-02-01,United Arab Emirates,Gulf,True,2.283,2.097,92.55,88.39,92.98,92.57,5.9,EIA/OPEC ASB 2025 + synthetic fill
2014,2,2014-02-01,Iran,Gulf,True,3.662,2.122,92.55,88.39,92.98,92.57,5.97,EIA/OPEC ASB 2025 + synthetic fill
2014,2,2014-02-01,Kuwait,Gulf,True,2.01,1.597,92.55,88.39,92.98,92.57,4.5,EIA/OPEC ASB 2025 + synthetic fill
2014,2,2014-02-01,Venezuela,LAm,True,2.379,1.826,92.55,88.39,92.98,92.57,5.14,EIA/OPEC ASB 2025 + synthetic fill
2014,2,2014-02-01,Nigeria,AFR,True,2.043,1.851,92.55,88.39,92.98,92.57,5.21,EIA/OPEC ASB 2025 + synthetic fill
2014,2,2014-02-01,Canada,NAm,False,4.633,3.465,92.55,88.39,92.98,92.57,9.75,EIA/OPEC ASB 2025 + synthetic fill
2014,2,2014-02-01,Norway,EUR,False,2.582,2.173,92.55,88.39,92.98,92.57,6.12,EIA/OPEC ASB 2025 + synthetic fill
2014,2,2014-02-01,Kazakhstan,CIS,False,0.966,0.742,92.55,88.39,92.98,92.57,2.09,EIA/OPEC ASB 2025 + synthetic fill
2014,2,2014-02-01,Libya,AFR,True,0.889,0.773,92.55,88.39,92.98,92.57,2.18,EIA/OPEC ASB 2025 + synthetic fill
2014,2,2014-02-01,Qatar,Gulf,True,0.752,0.605,92.55,88.39,92.98,92.57,1.7,EIA/OPEC ASB 2025 + synthetic fill
2014,2,2014-02-01,Algeria,AFR,True,1.225,0.872,92.55,88.39,92.98,92.57,2.45,EIA/OPEC ASB 2025 + synthetic fill
2014,2,2014-02-01,Angola,AFR,True,0.719,0.636,92.55,88.39,92.98,92.57,1.79,EIA/OPEC ASB 2025 + synthetic fill
2014,2,2014-02-01,Mexico,LAm,False,3.312,1.691,92.55,88.39,92.98,92.57,4.76,EIA/OPEC ASB 2025 + synthetic fill
2014,2,2014-02-01,Brazil,LAm,False,3.433,1.226,92.55,88.39,92.98,92.57,3.45,EIA/OPEC ASB 2025 + synthetic fill
2014,3,2014-03-01,Saudi Arabia,Gulf,True,10.056,8.428,102.11,99.22,101.63,92.21,26.18,EIA/OPEC ASB 2025 + synthetic fill
2014,3,2014-03-01,Russia,CIS,False,9.033,5.955,102.11,99.22,101.63,92.21,18.5,EIA/OPEC ASB 2025 + synthetic fill
2014,3,2014-03-01,United States,NAm,False,8.281,0.276,102.11,99.22,101.63,92.21,0.86,EIA/OPEC ASB 2025 + synthetic fill
2014,3,2014-03-01,Iraq,Gulf,True,4.381,3.505,102.11,99.22,101.63,92.21,10.89,EIA/OPEC ASB 2025 + synthetic fill
2014,3,2014-03-01,United Arab Emirates,Gulf,True,2.425,2.151,102.11,99.22,101.63,92.21,6.68,EIA/OPEC ASB 2025 + synthetic fill
2014,3,2014-03-01,Iran,Gulf,True,3.857,2.367,102.11,99.22,101.63,92.21,7.35,EIA/OPEC ASB 2025 + synthetic fill
2014,3,2014-03-01,Kuwait,Gulf,True,2.142,1.723,102.11,99.22,101.63,92.21,5.35,EIA/OPEC ASB 2025 + synthetic fill
2014,3,2014-03-01,Venezuela,LAm,True,2.351,1.883,102.11,99.22,101.63,92.21,5.85,EIA/OPEC ASB 2025 + synthetic fill
2014,3,2014-03-01,Nigeria,AFR,True,2.068,1.838,102.11,99.22,101.63,92.21,5.71,EIA/OPEC ASB 2025 + synthetic fill
2014,3,2014-03-01,Canada,NAm,False,4.497,3.284,102.11,99.22,101.63,92.21,10.2,EIA/OPEC ASB 2025 + synthetic fill
2014,3,2014-03-01,Norway,EUR,False,2.582,2.248,102.11,99.22,101.63,92.21,6.98,EIA/OPEC ASB 2025 + synthetic fill
2014,3,2014-03-01,Kazakhstan,CIS,False,0.956,0.794,102.11,99.22,101.63,92.21,2.47,EIA/OPEC ASB 2025 + synthetic fill
2014,3,2014-03-01,Libya,AFR,True,0.881,0.783,102.11,99.22,101.63,92.21,2.43,EIA/OPEC ASB 2025 + synthetic fill
2014,3,2014-03-01,Qatar,Gulf,True,0.739,0.599,102.11,99.22,101.63,92.21,1.86,EIA/OPEC ASB 2025 + synthetic fill
2014,3,2014-03-01,Algeria,AFR,True,1.264,0.914,102.11,99.22,101.63,92.21,2.84,EIA/OPEC ASB 2025 + synthetic fill
2014,3,2014-03-01,Angola,AFR,True,0.759,0.614,102.11,99.22,101.63,92.21,1.91,EIA/OPEC ASB 2025 + synthetic fill
2014,3,2014-03-01,Mexico,LAm,False,3.166,1.613,102.11,99.22,101.63,92.21,5.01,EIA/OPEC ASB 2025 + synthetic fill
2014,3,2014-03-01,Brazil,LAm,False,3.606,1.317,102.11,99.22,101.63,92.21,4.09,EIA/OPEC ASB 2025 + synthetic fill
2014,4,2014-04-01,Saudi Arabia,Gulf,True,10.133,8.722,100.87,96.35,100.8,92.42,26.76,EIA/OPEC ASB 2025 + synthetic fill
2014,4,2014-04-01,Russia,CIS,False,9.477,6.258,100.87,96.35,100.8,92.42,19.2,EIA/OPEC ASB 2025 + synthetic fill
2014,4,2014-04-01,United States,NAm,False,8.616,0.299,100.87,96.35,100.8,92.42,0.92,EIA/OPEC ASB 2025 + synthetic fill
2014,4,2014-04-01,Iraq,Gulf,True,4.389,3.454,100.87,96.35,100.8,92.42,10.6,EIA/OPEC ASB 2025 + synthetic fill
2014,4,2014-04-01,United Arab Emirates,Gulf,True,2.408,2.136,100.87,96.35,100.8,92.42,6.55,EIA/OPEC ASB 2025 + synthetic fill
2014,4,2014-04-01,Iran,Gulf,True,3.76,2.228,100.87,96.35,100.8,92.42,6.84,EIA/OPEC ASB 2025 + synthetic fill
2014,4,2014-04-01,Kuwait,Gulf,True,2.203,1.808,100.87,96.35,100.8,92.42,5.55,EIA/OPEC ASB 2025 + synthetic fill
2014,4,2014-04-01,Venezuela,LAm,True,2.458,1.928,100.87,96.35,100.8,92.42,5.92,EIA/OPEC ASB 2025 + synthetic fill
2014,4,2014-04-01,Nigeria,AFR,True,2.077,1.805,100.87,96.35,100.8,92.42,5.54,EIA/OPEC ASB 2025 + synthetic fill
2014,4,2014-04-01,Canada,NAm,False,4.678,3.432,100.87,96.35,100.8,92.42,10.53,EIA/OPEC ASB 2025 + synthetic fill
2014,4,2014-04-01,Norway,EUR,False,2.659,2.208,100.87,96.35,100.8,92.42,6.77,EIA/OPEC ASB 2025 + synthetic fill
2014,4,2014-04-01,Kazakhstan,CIS,False,0.988,0.82,100.87,96.35,100.8,92.42,2.52,EIA/OPEC ASB 2025 + synthetic fill
2014,4,2014-04-01,Libya,AFR,True,0.88,0.767,100.87,96.35,100.8,92.42,2.35,EIA/OPEC ASB 2025 + synthetic fill
2014,4,2014-04-01,Qatar,Gulf,True,0.756,0.623,100.87,96.35,100.8,92.42,1.91,EIA/OPEC ASB 2025 + synthetic fill
2014,4,2014-04-01,Algeria,AFR,True,1.305,0.87,100.87,96.35,100.8,92.42,2.67,EIA/OPEC ASB 2025 + synthetic fill
2014,4,2014-04-01,Angola,AFR,True,0.739,0.599,100.87,96.35,100.8,92.42,1.84,EIA/OPEC ASB 2025 + synthetic fill
2014,4,2014-04-01,Mexico,LAm,False,3.282,1.82,100.87,96.35,100.8,92.42,5.58,EIA/OPEC ASB 2025 + synthetic fill
2014,4,2014-04-01,Brazil,LAm,False,3.356,1.216,100.87,96.35,100.8,92.42,3.73,EIA/OPEC ASB 2025 + synthetic fill
2014,5,2014-05-01,Saudi Arabia,Gulf,True,10.207,8.127,99.95,96.93,98.75,92.71,24.71,EIA/OPEC ASB 2025 + synthetic fill
2014,5,2014-05-01,Russia,CIS,False,9.316,6.25,99.95,96.93,98.75,92.71,19.0,EIA/OPEC ASB 2025 + synthetic fill
2014,5,2014-05-01,United States,NAm,False,8.639,0.291,99.95,96.93,98.75,92.71,0.88,EIA/OPEC ASB 2025 + synthetic fill
2014,5,2014-05-01,Iraq,Gulf,True,4.279,3.694,99.95,96.93,98.75,92.71,11.23,EIA/OPEC ASB 2025 + synthetic fill
2014,5,2014-05-01,United Arab Emirates,Gulf,True,2.403,2.132,99.95,96.93,98.75,92.71,6.48,EIA/OPEC ASB 2025 + synthetic fill
2014,5,2014-05-01,Iran,Gulf,True,3.889,2.355,99.95,96.93,98.75,92.71,7.16,EIA/OPEC ASB 2025 + synthetic fill
2014,5,2014-05-01,Kuwait,Gulf,True,2.144,1.885,99.95,96.93,98.75,92.71,5.73,EIA/OPEC ASB 2025 + synthetic fill
2014,5,2014-05-01,Venezuela,LAm,True,2.45,1.981,99.95,96.93,98.75,92.71,6.02,EIA/OPEC ASB 2025 + synthetic fill
2014,5,2014-05-01,Nigeria,AFR,True,2.085,1.833,99.95,96.93,98.75,92.71,5.57,EIA/OPEC ASB 2025 + synthetic fill
2014,5,2014-05-01,Canada,NAm,False,4.774,3.365,99.95,96.93,98.75,92.71,10.23,EIA/OPEC ASB 2025 + synthetic fill
2014,5,2014-05-01,Norway,EUR,False,2.617,2.159,99.95,96.93,98.75,92.71,6.56,EIA/OPEC ASB 2025 + synthetic fill
2014,5,2014-05-01,Kazakhstan,CIS,False,1.045,0.817,99.95,96.93,98.75,92.71,2.48,EIA/OPEC ASB 2025 + synthetic fill
2014,5,2014-05-01,Libya,AFR,True,0.81,0.724,99.95,96.93,98.75,92.71,2.2,EIA/OPEC ASB 2025 + synthetic fill
2014,5,2014-05-01,Qatar,Gulf,True,0.759,0.589,99.95,96.93,98.75,92.71,1.79,EIA/OPEC ASB 2025 + synthetic fill
2014,5,2014-05-01,Algeria,AFR,True,1.267,0.841,99.95,96.93,98.75,92.71,2.56,EIA/OPEC ASB 2025 + synthetic fill
2014,5,2014-05-01,Angola,AFR,True,0.752,0.673,99.95,96.93,98.75,92.71,2.05,EIA/OPEC ASB 2025 + synthetic fill
2014,5,2014-05-01,Mexico,LAm,False,3.434,1.753,99.95,96.93,98.75,92.71,5.33,EIA/OPEC ASB 2025 + synthetic fill
2014,5,2014-05-01,Brazil,LAm,False,3.489,1.419,99.95,96.93,98.75,92.71,4.31,EIA/OPEC ASB 2025 + synthetic fill
2014,6,2014-06-01,Saudi Arabia,Gulf,True,9.614,7.348,102.12,98.08,101.14,92.49,22.82,EIA/OPEC ASB 2025 + synthetic fill
2014,6,2014-06-01,Russia,CIS,False,8.747,6.3,102.12,98.08,101.14,92.49,19.57,EIA/OPEC ASB 2025 + synthetic fill
2014,6,2014-06-01,United States,NAm,False,8.531,0.292,102.12,98.08,101.14,92.49,0.91,EIA/OPEC ASB 2025 + synthetic fill
2014,6,2014-06-01,Iraq,Gulf,True,4.249,3.431,102.12,98.08,101.14,92.49,10.66,EIA/OPEC ASB 2025 + synthetic fill
2014,6,2014-06-01,United Arab Emirates,Gulf,True,2.326,2.127,102.12,98.08,101.14,92.49,6.61,EIA/OPEC ASB 2025 + synthetic fill
2014,6,2014-06-01,Iran,Gulf,True,3.832,2.254,102.12,98.08,101.14,92.49,7.0,EIA/OPEC ASB 2025 + synthetic fill
2014,6,2014-06-01,Kuwait,Gulf,True,2.095,1.654,102.12,98.08,101.14,92.49,5.14,EIA/OPEC ASB 2025 + synthetic fill
2014,6,2014-06-01,Venezuela,LAm,True,2.285,1.826,102.12,98.08,101.14,92.49,5.67,EIA/OPEC ASB 2025 + synthetic fill
2014,6,2014-06-01,Nigeria,AFR,True,1.984,1.731,102.12,98.08,101.14,92.49,5.38,EIA/OPEC ASB 2025 + synthetic fill
2014,6,2014-06-01,Canada,NAm,False,4.807,3.4,102.12,98.08,101.14,92.49,10.56,EIA/OPEC ASB 2025 + synthetic fill
2014,6,2014-06-01,Norway,EUR,False,2.627,2.284,102.12,98.08,101.14,92.49,7.09,EIA/OPEC ASB 2025 + synthetic fill
2014,6,2014-06-01,Kazakhstan,CIS,False,1.03,0.833,102.12,98.08,101.14,92.49,2.59,EIA/OPEC ASB 2025 + synthetic fill
2014,6,2014-06-01,Libya,AFR,True,0.814,0.726,102.12,98.08,101.14,92.49,2.26,EIA/OPEC ASB 2025 + synthetic fill
2014,6,2014-06-01,Qatar,Gulf,True,0.713,0.557,102.12,98.08,101.14,92.49,1.73,EIA/OPEC ASB 2025 + synthetic fill
2014,6,2014-06-01,Algeria,AFR,True,1.259,0.839,102.12,98.08,101.14,92.49,2.61,EIA/OPEC ASB 2025 + synthetic fill
2014,6,2014-06-01,Angola,AFR,True,0.765,0.641,102.12,98.08,101.14,92.49,1.99,EIA/OPEC ASB 2025 + synthetic fill
2014,6,2014-06-01,Mexico,LAm,False,3.378,1.677,102.12,98.08,101.14,92.49,5.21,EIA/OPEC ASB 2025 + synthetic fill
2014,6,2014-06-01,Brazil,LAm,False,3.376,1.375,102.12,98.08,101.14,92.49,4.27,EIA/OPEC ASB 2025 + synthetic fill
2014,7,2014-07-01,Saudi Arabia,Gulf,True,9.994,7.604,100.7,97.49,100.14,92.53,23.29,EIA/OPEC ASB 2025 + synthetic fill
2014,7,2014-07-01,Russia,CIS,False,9.0,6.631,100.7,97.49,100.14,92.53,20.31,EIA/OPEC ASB 2025 + synthetic fill
2014,7,2014-07-01,United States,NAm,False,8.565,0.304,100.7,97.49,100.14,92.53,0.93,EIA/OPEC ASB 2025 + synthetic fill
2014,7,2014-07-01,Iraq,Gulf,True,4.392,3.769,100.7,97.49,100.14,92.53,11.54,EIA/OPEC ASB 2025 + synthetic fill
2014,7,2014-07-01,United Arab Emirates,Gulf,True,2.429,2.067,100.7,97.49,100.14,92.53,6.33,EIA/OPEC ASB 2025 + synthetic fill
2014,7,2014-07-01,Iran,Gulf,True,3.776,2.243,100.7,97.49,100.14,92.53,6.87,EIA/OPEC ASB 2025 + synthetic fill
2014,7,2014-07-01,Kuwait,Gulf,True,2.066,1.641,100.7,97.49,100.14,92.53,5.03,EIA/OPEC ASB 2025 + synthetic fill
2014,7,2014-07-01,Venezuela,LAm,True,2.375,2.001,100.7,97.49,100.14,92.53,6.13,EIA/OPEC ASB 2025 + synthetic fill
2014,7,2014-07-01,Nigeria,AFR,True,2.131,1.869,100.7,97.49,100.14,92.53,5.72,EIA/OPEC ASB 2025 + synthetic fill
2014,7,2014-07-01,Canada,NAm,False,4.947,3.503,100.7,97.49,100.14,92.53,10.73,EIA/OPEC ASB 2025 + synthetic fill
2014,7,2014-07-01,Norway,EUR,False,2.725,2.434,100.7,97.49,100.14,92.53,7.46,EIA/OPEC ASB 2025 + synthetic fill
2014,7,2014-07-01,Kazakhstan,CIS,False,0.995,0.795,100.7,97.49,100.14,92.53,2.44,EIA/OPEC ASB 2025 + synthetic fill
2014,7,2014-07-01,Libya,AFR,True,0.829,0.715,100.7,97.49,100.14,92.53,2.19,EIA/OPEC ASB 2025 + synthetic fill
2014,7,2014-07-01,Qatar,Gulf,True,0.734,0.589,100.7,97.49,100.14,92.53,1.8,EIA/OPEC ASB 2025 + synthetic fill
2014,7,2014-07-01,Algeria,AFR,True,1.235,0.916,100.7,97.49,100.14,92.53,2.81,EIA/OPEC ASB 2025 + synthetic fill
2014,7,2014-07-01,Angola,AFR,True,0.762,0.674,100.7,97.49,100.14,92.53,2.06,EIA/OPEC ASB 2025 + synthetic fill
2014,7,2014-07-01,Mexico,LAm,False,3.337,1.754,100.7,97.49,100.14,92.53,5.37,EIA/OPEC ASB 2025 + synthetic fill
2014,7,2014-07-01,Brazil,LAm,False,3.412,1.253,100.7,97.49,100.14,92.53,3.84,EIA/OPEC ASB 2025 + synthetic fill
2014,8,2014-08-01,Saudi Arabia,Gulf,True,10.346,8.827,97.69,93.4,97.61,92.75,26.23,EIA/OPEC ASB 2025 + synthetic fill
2014,8,2014-08-01,Russia,CIS,False,9.349,6.22,97.69,93.4,97.61,92.75,18.48,EIA/OPEC ASB 2025 + synthetic fill
2014,8,2014-08-01,United States,NAm,False,9.223,0.314,97.69,93.4,97.61,92.75,0.93,EIA/OPEC ASB 2025 + synthetic fill
2014,8,2014-08-01,Iraq,Gulf,True,4.558,3.762,97.69,93.4,97.61,92.75,11.18,EIA/OPEC ASB 2025 + synthetic fill
2014,8,2014-08-01,United Arab Emirates,Gulf,True,2.35,2.159,97.69,93.4,97.61,92.75,6.42,EIA/OPEC ASB 2025 + synthetic fill
2014,8,2014-08-01,Iran,Gulf,True,3.895,2.363,97.69,93.4,97.61,92.75,7.02,EIA/OPEC ASB 2025 + synthetic fill
2014,8,2014-08-01,Kuwait,Gulf,True,2.068,1.755,97.69,93.4,97.61,92.75,5.21,EIA/OPEC ASB 2025 + synthetic fill
2014,8,2014-08-01,Venezuela,LAm,True,2.441,1.992,97.69,93.4,97.61,92.75,5.92,EIA/OPEC ASB 2025 + synthetic fill
2014,8,2014-08-01,Nigeria,AFR,True,1.987,1.684,97.69,93.4,97.61,92.75,5.0,EIA/OPEC ASB 2025 + synthetic fill
2014,8,2014-08-01,Canada,NAm,False,5.0,3.803,97.69,93.4,97.61,92.75,11.3,EIA/OPEC ASB 2025 + synthetic fill
2014,8,2014-08-01,Norway,EUR,False,2.628,2.079,97.69,93.4,97.61,92.75,6.18,EIA/OPEC ASB 2025 + synthetic fill
2014,8,2014-08-01,Kazakhstan,CIS,False,0.988,0.806,97.69,93.4,97.61,92.75,2.39,EIA/OPEC ASB 2025 + synthetic fill
2014,8,2014-08-01,Libya,AFR,True,0.805,0.726,97.69,93.4,97.61,92.75,2.16,EIA/OPEC ASB 2025 + synthetic fill
2014,8,2014-08-01,Qatar,Gulf,True,0.771,0.578,97.69,93.4,97.61,92.75,1.72,EIA/OPEC ASB 2025 + synthetic fill
2014,8,2014-08-01,Algeria,AFR,True,1.258,0.928,97.69,93.4,97.61,92.75,2.76,EIA/OPEC ASB 2025 + synthetic fill
2014,8,2014-08-01,Angola,AFR,True,0.771,0.703,97.69,93.4,97.61,92.75,2.09,EIA/OPEC ASB 2025 + synthetic fill
2014,8,2014-08-01,Mexico,LAm,False,3.257,1.732,97.69,93.4,97.61,92.75,5.15,EIA/OPEC ASB 2025 + synthetic fill
2014,8,2014-08-01,Brazil,LAm,False,3.713,1.396,97.69,93.4,97.61,92.75,4.15,EIA/OPEC ASB 2025 + synthetic fill
2014,9,2014-09-01,Saudi Arabia,Gulf,True,9.525,7.55,102.64,101.48,103.18,92.67,23.57,EIA/OPEC ASB 2025 + synthetic fill
2014,9,2014-09-01,Russia,CIS,False,9.654,6.813,102.64,101.48,103.18,92.67,21.27,EIA/OPEC ASB 2025 + synthetic fill
2014,9,2014-09-01,United States,NAm,False,8.925,0.309,102.64,101.48,103.18,92.67,0.96,EIA/OPEC ASB 2025 + synthetic fill
2014,9,2014-09-01,Iraq,Gulf,True,4.44,3.457,102.64,101.48,103.18,92.67,10.79,EIA/OPEC ASB 2025 + synthetic fill
2014,9,2014-09-01,United Arab Emirates,Gulf,True,2.499,2.177,102.64,101.48,103.18,92.67,6.8,EIA/OPEC ASB 2025 + synthetic fill
2014,9,2014-09-01,Iran,Gulf,True,3.716,2.35,102.64,101.48,103.18,92.67,7.34,EIA/OPEC ASB 2025 + synthetic fill
2014,9,2014-09-01,Kuwait,Gulf,True,2.073,1.721,102.64,101.48,103.18,92.67,5.37,EIA/OPEC ASB 2025 + synthetic fill
2014,9,2014-09-01,Venezuela,LAm,True,2.412,2.094,102.64,101.48,103.18,92.67,6.54,EIA/OPEC ASB 2025 + synthetic fill
2014,9,2014-09-01,Nigeria,AFR,True,2.04,1.747,102.64,101.48,103.18,92.67,5.45,EIA/OPEC ASB 2025 + synthetic fill
2014,9,2014-09-01,Canada,NAm,False,4.996,3.763,102.64,101.48,103.18,92.67,11.75,EIA/OPEC ASB 2025 + synthetic fill
2014,9,2014-09-01,Norway,EUR,False,2.63,2.265,102.64,101.48,103.18,92.67,7.07,EIA/OPEC ASB 2025 + synthetic fill
2014,9,2014-09-01,Kazakhstan,CIS,False,0.972,0.781,102.64,101.48,103.18,92.67,2.44,EIA/OPEC ASB 2025 + synthetic fill
2014,9,2014-09-01,Libya,AFR,True,0.764,0.652,102.64,101.48,103.18,92.67,2.04,EIA/OPEC ASB 2025 + synthetic fill
2014,9,2014-09-01,Qatar,Gulf,True,0.728,0.572,102.64,101.48,103.18,92.67,1.79,EIA/OPEC ASB 2025 + synthetic fill
2014,9,2014-09-01,Algeria,AFR,True,1.19,0.827,102.64,101.48,103.18,92.67,2.58,EIA/OPEC ASB 2025 + synthetic fill
2014,9,2014-09-01,Angola,AFR,True,0.762,0.682,102.64,101.48,103.18,92.67,2.13,EIA/OPEC ASB 2025 + synthetic fill
2014,9,2014-09-01,Mexico,LAm,False,3.355,1.692,102.64,101.48,103.18,92.67,5.28,EIA/OPEC ASB 2025 + synthetic fill
2014,9,2014-09-01,Brazil,LAm,False,3.492,1.31,102.64,101.48,103.18,92.67,4.09,EIA/OPEC ASB 2025 + synthetic fill
2014,10,2014-10-01,Saudi Arabia,Gulf,True,9.786,8.212,88.01,83.45,86.8,92.21,21.98,EIA/OPEC ASB 2025 + synthetic fill
2014,10,2014-10-01,Russia,CIS,False,8.788,6.278,88.01,83.45,86.8,92.21,16.81,EIA/OPEC ASB 2025 + synthetic fill
2014,10,2014-10-01,United States,NAm,False,9.091,0.313,88.01,83.45,86.8,92.21,0.84,EIA/OPEC ASB 2025 + synthetic fill
2014,10,2014-10-01,Iraq,Gulf,True,4.361,3.434,88.01,83.45,86.8,92.21,9.19,EIA/OPEC ASB 2025 + synthetic fill
2014,10,2014-10-01,United Arab Emirates,Gulf,True,2.363,2.18,88.01,83.45,86.8,92.21,5.84,EIA/OPEC ASB 2025 + synthetic fill
2014,10,2014-10-01,Iran,Gulf,True,3.847,2.353,88.01,83.45,86.8,92.21,6.3,EIA/OPEC ASB 2025 + synthetic fill
2014,10,2014-10-01,Kuwait,Gulf,True,2.165,1.756,88.01,83.45,86.8,92.21,4.7,EIA/OPEC ASB 2025 + synthetic fill
2014,10,2014-10-01,Venezuela,LAm,True,2.433,2.0,88.01,83.45,86.8,92.21,5.35,EIA/OPEC ASB 2025 + synthetic fill
2014,10,2014-10-01,Nigeria,AFR,True,2.121,1.911,88.01,83.45,86.8,92.21,5.12,EIA/OPEC ASB 2025 + synthetic fill
2014,10,2014-10-01,Canada,NAm,False,4.9,3.335,88.01,83.45,86.8,92.21,8.93,EIA/OPEC ASB 2025 + synthetic fill
2014,10,2014-10-01,Norway,EUR,False,2.733,2.201,88.01,83.45,86.8,92.21,5.89,EIA/OPEC ASB 2025 + synthetic fill
2014,10,2014-10-01,Kazakhstan,CIS,False,1.005,0.819,88.01,83.45,86.8,92.21,2.19,EIA/OPEC ASB 2025 + synthetic fill
2014,10,2014-10-01,Libya,AFR,True,0.756,0.677,88.01,83.45,86.8,92.21,1.81,EIA/OPEC ASB 2025 + synthetic fill
2014,10,2014-10-01,Qatar,Gulf,True,0.737,0.593,88.01,83.45,86.8,92.21,1.59,EIA/OPEC ASB 2025 + synthetic fill
2014,10,2014-10-01,Algeria,AFR,True,1.242,0.931,88.01,83.45,86.8,92.21,2.49,EIA/OPEC ASB 2025 + synthetic fill
2014,10,2014-10-01,Angola,AFR,True,0.753,0.603,88.01,83.45,86.8,92.21,1.61,EIA/OPEC ASB 2025 + synthetic fill
2014,10,2014-10-01,Mexico,LAm,False,3.319,1.828,88.01,83.45,86.8,92.21,4.89,EIA/OPEC ASB 2025 + synthetic fill
2014,10,2014-10-01,Brazil,LAm,False,3.624,1.344,88.01,83.45,86.8,92.21,3.6,EIA/OPEC ASB 2025 + synthetic fill
2014,11,2014-11-01,Saudi Arabia,Gulf,True,10.249,7.871,96.65,95.25,97.15,92.55,23.14,EIA/OPEC ASB 2025 + synthetic fill
2014,11,2014-11-01,Russia,CIS,False,9.297,6.395,96.65,95.25,97.15,92.55,18.8,EIA/OPEC ASB 2025 + synthetic fill
2014,11,2014-11-01,United States,NAm,False,8.971,0.311,96.65,95.25,97.15,92.55,0.91,EIA/OPEC ASB 2025 + synthetic fill
2014,11,2014-11-01,Iraq,Gulf,True,4.601,3.732,96.65,95.25,97.15,92.55,10.97,EIA/OPEC ASB 2025 + synthetic fill
2014,11,2014-11-01,United Arab Emirates,Gulf,True,2.421,2.163,96.65,95.25,97.15,92.55,6.36,EIA/OPEC ASB 2025 + synthetic fill
2014,11,2014-11-01,Iran,Gulf,True,3.906,2.303,96.65,95.25,97.15,92.55,6.77,EIA/OPEC ASB 2025 + synthetic fill
2014,11,2014-11-01,Kuwait,Gulf,True,2.06,1.717,96.65,95.25,97.15,92.55,5.05,EIA/OPEC ASB 2025 + synthetic fill
2014,11,2014-11-01,Venezuela,LAm,True,2.433,2.1,96.65,95.25,97.15,92.55,6.17,EIA/OPEC ASB 2025 + synthetic fill
2014,11,2014-11-01,Nigeria,AFR,True,2.126,1.868,96.65,95.25,97.15,92.55,5.49,EIA/OPEC ASB 2025 + synthetic fill
2014,11,2014-11-01,Canada,NAm,False,5.016,3.619,96.65,95.25,97.15,92.55,10.64,EIA/OPEC ASB 2025 + synthetic fill
2014,11,2014-11-01,Norway,EUR,False,2.513,2.065,96.65,95.25,97.15,92.55,6.07,EIA/OPEC ASB 2025 + synthetic fill
2014,11,2014-11-01,Kazakhstan,CIS,False,1.002,0.75,96.65,95.25,97.15,92.55,2.2,EIA/OPEC ASB 2025 + synthetic fill
2014,11,2014-11-01,Libya,AFR,True,0.737,0.624,96.65,95.25,97.15,92.55,1.83,EIA/OPEC ASB 2025 + synthetic fill
2014,11,2014-11-01,Qatar,Gulf,True,0.758,0.599,96.65,95.25,97.15,92.55,1.76,EIA/OPEC ASB 2025 + synthetic fill
2014,11,2014-11-01,Algeria,AFR,True,1.231,0.925,96.65,95.25,97.15,92.55,2.72,EIA/OPEC ASB 2025 + synthetic fill
2014,11,2014-11-01,Angola,AFR,True,0.758,0.629,96.65,95.25,97.15,92.55,1.85,EIA/OPEC ASB 2025 + synthetic fill
2014,11,2014-11-01,Mexico,LAm,False,3.524,1.781,96.65,95.25,97.15,92.55,5.24,EIA/OPEC ASB 2025 + synthetic fill
2014,11,2014-11-01,Brazil,LAm,False,3.575,1.372,96.65,95.25,97.15,92.55,4.03,EIA/OPEC ASB 2025 + synthetic fill
2014,12,2014-12-01,Saudi Arabia,Gulf,True,10.052,8.738,97.14,94.51,97.89,92.15,25.82,EIA/OPEC ASB 2025 + synthetic fill
2014,12,2014-12-01,Russia,CIS,False,9.048,6.284,97.14,94.51,97.89,92.15,18.57,EIA/OPEC ASB 2025 + synthetic fill
2014,12,2014-12-01,United States,NAm,False,9.582,0.329,97.14,94.51,97.89,92.15,0.97,EIA/OPEC ASB 2025 + synthetic fill
2014,12,2014-12-01,Iraq,Gulf,True,4.575,3.764,97.14,94.51,97.89,92.15,11.12,EIA/OPEC ASB 2025 + synthetic fill
2014,12,2014-12-01,United Arab Emirates,Gulf,True,2.456,2.072,97.14,94.51,97.89,92.15,6.12,EIA/OPEC ASB 2025 + synthetic fill
2014,12,2014-12-01,Iran,Gulf,True,3.873,2.331,97.14,94.51,97.89,92.15,6.89,EIA/OPEC ASB 2025 + synthetic fill
2014,12,2014-12-01,Kuwait,Gulf,True,2.121,1.92,97.14,94.51,97.89,92.15,5.67,EIA/OPEC ASB 2025 + synthetic fill
2014,12,2014-12-01,Venezuela,LAm,True,2.359,1.809,97.14,94.51,97.89,92.15,5.35,EIA/OPEC ASB 2025 + synthetic fill
2014,12,2014-12-01,Nigeria,AFR,True,2.155,1.854,97.14,94.51,97.89,92.15,5.48,EIA/OPEC ASB 2025 + synthetic fill
2014,12,2014-12-01,Canada,NAm,False,4.921,3.676,97.14,94.51,97.89,92.15,10.86,EIA/OPEC ASB 2025 + synthetic fill
2014,12,2014-12-01,Norway,EUR,False,2.582,2.197,97.14,94.51,97.89,92.15,6.49,EIA/OPEC ASB 2025 + synthetic fill
2014,12,2014-12-01,Kazakhstan,CIS,False,1.016,0.814,97.14,94.51,97.89,92.15,2.41,EIA/OPEC ASB 2025 + synthetic fill
2014,12,2014-12-01,Libya,AFR,True,0.692,0.614,97.14,94.51,97.89,92.15,1.81,EIA/OPEC ASB 2025 + synthetic fill
2014,12,2014-12-01,Qatar,Gulf,True,0.75,0.599,97.14,94.51,97.89,92.15,1.77,EIA/OPEC ASB 2025 + synthetic fill
2014,12,2014-12-01,Algeria,AFR,True,1.24,0.837,97.14,94.51,97.89,92.15,2.47,EIA/OPEC ASB 2025 + synthetic fill
2014,12,2014-12-01,Angola,AFR,True,0.768,0.625,97.14,94.51,97.89,92.15,1.85,EIA/OPEC ASB 2025 + synthetic fill
2014,12,2014-12-01,Mexico,LAm,False,3.335,1.731,97.14,94.51,97.89,92.15,5.11,EIA/OPEC ASB 2025 + synthetic fill
2014,12,2014-12-01,Brazil,LAm,False,3.597,1.391,97.14,94.51,97.89,92.15,4.11,EIA/OPEC ASB 2025 + synthetic fill
2015,1,2015-01-01,Saudi Arabia,Gulf,True,10.17,8.236,52.0,48.27,51.97,93.73,13.03,EIA/OPEC ASB 2025 + synthetic fill
2015,1,2015-01-01,Russia,CIS,False,9.552,6.512,52.0,48.27,51.97,93.73,10.3,EIA/OPEC ASB 2025 + synthetic fill
2015,1,2015-01-01,United States,NAm,False,9.491,0.322,52.0,48.27,51.97,93.73,0.51,EIA/OPEC ASB 2025 + synthetic fill
2015,1,2015-01-01,Iraq,Gulf,True,4.614,3.891,52.0,48.27,51.97,93.73,6.15,EIA/OPEC ASB 2025 + synthetic fill
2015,1,2015-01-01,United Arab Emirates,Gulf,True,2.492,2.308,52.0,48.27,51.97,93.73,3.65,EIA/OPEC ASB 2025 + synthetic fill
2015,1,2015-01-01,Iran,Gulf,True,3.975,2.236,52.0,48.27,51.97,93.73,3.54,EIA/OPEC ASB 2025 + synthetic fill
2015,1,2015-01-01,Kuwait,Gulf,True,1.988,1.728,52.0,48.27,51.97,93.73,2.73,EIA/OPEC ASB 2025 + synthetic fill
2015,1,2015-01-01,Venezuela,LAm,True,2.419,1.971,52.0,48.27,51.97,93.73,3.12,EIA/OPEC ASB 2025 + synthetic fill
2015,1,2015-01-01,Nigeria,AFR,True,2.165,1.905,52.0,48.27,51.97,93.73,3.01,EIA/OPEC ASB 2025 + synthetic fill
2015,1,2015-01-01,Canada,NAm,False,4.881,3.498,52.0,48.27,51.97,93.73,5.53,EIA/OPEC ASB 2025 + synthetic fill
2015,1,2015-01-01,Norway,EUR,False,2.653,2.084,52.0,48.27,51.97,93.73,3.3,EIA/OPEC ASB 2025 + synthetic fill
2015,1,2015-01-01,Kazakhstan,CIS,False,0.965,0.714,52.0,48.27,51.97,93.73,1.13,EIA/OPEC ASB 2025 + synthetic fill
2015,1,2015-01-01,Libya,AFR,True,0.687,0.604,52.0,48.27,51.97,93.73,0.96,EIA/OPEC ASB 2025 + synthetic fill
2015,1,2015-01-01,Qatar,Gulf,True,0.726,0.563,52.0,48.27,51.97,93.73,0.89,EIA/OPEC ASB 2025 + synthetic fill
2015,1,2015-01-01,Algeria,AFR,True,1.273,0.889,52.0,48.27,51.97,93.73,1.41,EIA/OPEC ASB 2025 + synthetic fill
2015,1,2015-01-01,Angola,AFR,True,0.718,0.588,52.0,48.27,51.97,93.73,0.93,EIA/OPEC ASB 2025 + synthetic fill
2015,1,2015-01-01,Mexico,LAm,False,3.415,1.665,52.0,48.27,51.97,93.73,2.63,EIA/OPEC ASB 2025 + synthetic fill
2015,1,2015-01-01,Brazil,LAm,False,3.5,1.326,52.0,48.27,51.97,93.73,2.1,EIA/OPEC ASB 2025 + synthetic fill
2015,2,2015-02-01,Saudi Arabia,Gulf,True,10.123,8.087,53.24,51.35,54.18,93.67,13.1,EIA/OPEC ASB 2025 + synthetic fill
2015,2,2015-02-01,Russia,CIS,False,9.683,6.45,53.24,51.35,54.18,93.67,10.45,EIA/OPEC ASB 2025 + synthetic fill
2015,2,2015-02-01,United States,NAm,False,9.172,0.323,53.24,51.35,54.18,93.67,0.52,EIA/OPEC ASB 2025 + synthetic fill
2015,2,2015-02-01,Iraq,Gulf,True,4.592,3.675,53.24,51.35,54.18,93.67,5.95,EIA/OPEC ASB 2025 + synthetic fill
2015,2,2015-02-01,United Arab Emirates,Gulf,True,2.343,2.06,53.24,51.35,54.18,93.67,3.34,EIA/OPEC ASB 2025 + synthetic fill
2015,2,2015-02-01,Iran,Gulf,True,3.924,2.51,53.24,51.35,54.18,93.67,4.06,EIA/OPEC ASB 2025 + synthetic fill
2015,2,2015-02-01,Kuwait,Gulf,True,2.09,1.697,53.24,51.35,54.18,93.67,2.75,EIA/OPEC ASB 2025 + synthetic fill
2015,2,2015-02-01,Venezuela,LAm,True,2.332,2.011,53.24,51.35,54.18,93.67,3.26,EIA/OPEC ASB 2025 + synthetic fill
2015,2,2015-02-01,Nigeria,AFR,True,2.016,1.727,53.24,51.35,54.18,93.67,2.8,EIA/OPEC ASB 2025 + synthetic fill
2015,2,2015-02-01,Canada,NAm,False,5.169,3.681,53.24,51.35,54.18,93.67,5.96,EIA/OPEC ASB 2025 + synthetic fill
2015,2,2015-02-01,Norway,EUR,False,2.542,2.143,53.24,51.35,54.18,93.67,3.47,EIA/OPEC ASB 2025 + synthetic fill
2015,2,2015-02-01,Kazakhstan,CIS,False,0.988,0.803,53.24,51.35,54.18,93.67,1.3,EIA/OPEC ASB 2025 + synthetic fill
2015,2,2015-02-01,Libya,AFR,True,0.68,0.553,53.24,51.35,54.18,93.67,0.9,EIA/OPEC ASB 2025 + synthetic fill
2015,2,2015-02-01,Qatar,Gulf,True,0.747,0.555,53.24,51.35,54.18,93.67,0.9,EIA/OPEC ASB 2025 + synthetic fill
2015,2,2015-02-01,Algeria,AFR,True,1.248,0.855,53.24,51.35,54.18,93.67,1.38,EIA/OPEC ASB 2025 + synthetic fill
2015,2,2015-02-01,Angola,AFR,True,0.774,0.666,53.24,51.35,54.18,93.67,1.08,EIA/OPEC ASB 2025 + synthetic fill
2015,2,2015-02-01,Mexico,LAm,False,3.411,1.833,53.24,51.35,54.18,93.67,2.97,EIA/OPEC ASB 2025 + synthetic fill
2015,2,2015-02-01,Brazil,LAm,False,3.6,1.466,53.24,51.35,54.18,93.67,2.37,EIA/OPEC ASB 2025 + synthetic fill
2015,3,2015-03-01,Saudi Arabia,Gulf,True,9.691,8.059,51.49,49.48,50.81,93.45,12.62,EIA/OPEC ASB 2025 + synthetic fill
2015,3,2015-03-01,Russia,CIS,False,9.336,7.016,51.49,49.48,50.81,93.45,10.99,EIA/OPEC ASB 2025 + synthetic fill
2015,3,2015-03-01,United States,NAm,False,9.889,0.334,51.49,49.48,50.81,93.45,0.52,EIA/OPEC ASB 2025 + synthetic fill
2015,3,2015-03-01,Iraq,Gulf,True,4.776,4.25,51.49,49.48,50.81,93.45,6.66,EIA/OPEC ASB 2025 + synthetic fill
2015,3,2015-03-01,United Arab Emirates,Gulf,True,2.386,2.155,51.49,49.48,50.81,93.45,3.38,EIA/OPEC ASB 2025 + synthetic fill
2015,3,2015-03-01,Iran,Gulf,True,4.025,2.387,51.49,49.48,50.81,93.45,3.74,EIA/OPEC ASB 2025 + synthetic fill
2015,3,2015-03-01,Kuwait,Gulf,True,2.106,1.717,51.49,49.48,50.81,93.45,2.69,EIA/OPEC ASB 2025 + synthetic fill
2015,3,2015-03-01,Venezuela,LAm,True,2.22,1.774,51.49,49.48,50.81,93.45,2.78,EIA/OPEC ASB 2025 + synthetic fill
2015,3,2015-03-01,Nigeria,AFR,True,2.05,1.618,51.49,49.48,50.81,93.45,2.53,EIA/OPEC ASB 2025 + synthetic fill
2015,3,2015-03-01,Canada,NAm,False,5.097,3.476,51.49,49.48,50.81,93.45,5.44,EIA/OPEC ASB 2025 + synthetic fill
2015,3,2015-03-01,Norway,EUR,False,2.713,2.114,51.49,49.48,50.81,93.45,3.31,EIA/OPEC ASB 2025 + synthetic fill
2015,3,2015-03-01,Kazakhstan,CIS,False,1.016,0.832,51.49,49.48,50.81,93.45,1.3,EIA/OPEC ASB 2025 + synthetic fill
2015,3,2015-03-01,Libya,AFR,True,0.714,0.576,51.49,49.48,50.81,93.45,0.9,EIA/OPEC ASB 2025 + synthetic fill
2015,3,2015-03-01,Qatar,Gulf,True,0.747,0.571,51.49,49.48,50.81,93.45,0.89,EIA/OPEC ASB 2025 + synthetic fill
2015,3,2015-03-01,Algeria,AFR,True,1.264,0.917,51.49,49.48,50.81,93.45,1.44,EIA/OPEC ASB 2025 + synthetic fill
2015,3,2015-03-01,Angola,AFR,True,0.764,0.618,51.49,49.48,50.81,93.45,0.97,EIA/OPEC ASB 2025 + synthetic fill
2015,3,2015-03-01,Mexico,LAm,False,3.247,1.724,51.49,49.48,50.81,93.45,2.7,EIA/OPEC ASB 2025 + synthetic fill
2015,3,2015-03-01,Brazil,LAm,False,3.699,1.434,51.49,49.48,50.81,93.45,2.25,EIA/OPEC ASB 2025 + synthetic fill
2015,4,2015-04-01,Saudi Arabia,Gulf,True,10.26,8.168,52.85,51.42,53.13,94.0,13.13,EIA/OPEC ASB 2025 + synthetic fill
2015,4,2015-04-01,Russia,CIS,False,9.252,6.815,52.85,51.42,53.13,94.0,10.96,EIA/OPEC ASB 2025 + synthetic fill
2015,4,2015-04-01,United States,NAm,False,9.788,0.34,52.85,51.42,53.13,94.0,0.55,EIA/OPEC ASB 2025 + synthetic fill
2015,4,2015-04-01,Iraq,Gulf,True,4.648,4.01,52.85,51.42,53.13,94.0,6.45,EIA/OPEC ASB 2025 + synthetic fill
2015,4,2015-04-01,United Arab Emirates,Gulf,True,2.344,2.003,52.85,51.42,53.13,94.0,3.22,EIA/OPEC ASB 2025 + synthetic fill
2015,4,2015-04-01,Iran,Gulf,True,3.751,2.128,52.85,51.42,53.13,94.0,3.42,EIA/OPEC ASB 2025 + synthetic fill
2015,4,2015-04-01,Kuwait,Gulf,True,2.145,1.91,52.85,51.42,53.13,94.0,3.07,EIA/OPEC ASB 2025 + synthetic fill
2015,4,2015-04-01,Venezuela,LAm,True,2.323,1.799,52.85,51.42,53.13,94.0,2.89,EIA/OPEC ASB 2025 + synthetic fill
2015,4,2015-04-01,Nigeria,AFR,True,2.182,1.836,52.85,51.42,53.13,94.0,2.95,EIA/OPEC ASB 2025 + synthetic fill
2015,4,2015-04-01,Canada,NAm,False,5.25,3.637,52.85,51.42,53.13,94.0,5.85,EIA/OPEC ASB 2025 + synthetic fill
2015,4,2015-04-01,Norway,EUR,False,2.625,2.248,52.85,51.42,53.13,94.0,3.61,EIA/OPEC ASB 2025 + synthetic fill
2015,4,2015-04-01,Kazakhstan,CIS,False,0.993,0.793,52.85,51.42,53.13,94.0,1.27,EIA/OPEC ASB 2025 + synthetic fill
2015,4,2015-04-01,Libya,AFR,True,0.701,0.567,52.85,51.42,53.13,94.0,0.91,EIA/OPEC ASB 2025 + synthetic fill
2015,4,2015-04-01,Qatar,Gulf,True,0.768,0.63,52.85,51.42,53.13,94.0,1.01,EIA/OPEC ASB 2025 + synthetic fill
2015,4,2015-04-01,Algeria,AFR,True,1.254,0.914,52.85,51.42,53.13,94.0,1.47,EIA/OPEC ASB 2025 + synthetic fill
2015,4,2015-04-01,Angola,AFR,True,0.775,0.619,52.85,51.42,53.13,94.0,1.0,EIA/OPEC ASB 2025 + synthetic fill
2015,4,2015-04-01,Mexico,LAm,False,3.287,1.815,52.85,51.42,53.13,94.0,2.92,EIA/OPEC ASB 2025 + synthetic fill
2015,4,2015-04-01,Brazil,LAm,False,3.807,1.474,52.85,51.42,53.13,94.0,2.37,EIA/OPEC ASB 2025 + synthetic fill
2015,5,2015-05-01,Saudi Arabia,Gulf,True,10.262,7.896,51.93,47.8,51.57,94.4,12.47,EIA/OPEC ASB 2025 + synthetic fill
2015,5,2015-05-01,Russia,CIS,False,9.326,6.684,51.93,47.8,51.57,94.4,10.56,EIA/OPEC ASB 2025 + synthetic fill
2015,5,2015-05-01,United States,NAm,False,9.829,0.321,51.93,47.8,51.57,94.4,0.51,EIA/OPEC ASB 2025 + synthetic fill
2015,5,2015-05-01,Iraq,Gulf,True,4.836,4.063,51.93,47.8,51.57,94.4,6.42,EIA/OPEC ASB 2025 + synthetic fill
2015,5,2015-05-01,United Arab Emirates,Gulf,True,2.37,2.127,51.93,47.8,51.57,94.4,3.36,EIA/OPEC ASB 2025 + synthetic fill
2015,5,2015-05-01,Iran,Gulf,True,3.744,2.337,51.93,47.8,51.57,94.4,3.69,EIA/OPEC ASB 2025 + synthetic fill
2015,5,2015-05-01,Kuwait,Gulf,True,2.063,1.824,51.93,47.8,51.57,94.4,2.88,EIA/OPEC ASB 2025 + synthetic fill
2015,5,2015-05-01,Venezuela,LAm,True,2.298,1.778,51.93,47.8,51.57,94.4,2.81,EIA/OPEC ASB 2025 + synthetic fill
2015,5,2015-05-01,Nigeria,AFR,True,2.079,1.879,51.93,47.8,51.57,94.4,2.97,EIA/OPEC ASB 2025 + synthetic fill
2015,5,2015-05-01,Canada,NAm,False,5.188,3.831,51.93,47.8,51.57,94.4,6.05,EIA/OPEC ASB 2025 + synthetic fill
2015,5,2015-05-01,Norway,EUR,False,2.594,2.251,51.93,47.8,51.57,94.4,3.56,EIA/OPEC ASB 2025 + synthetic fill
2015,5,2015-05-01,Kazakhstan,CIS,False,1.048,0.789,51.93,47.8,51.57,94.4,1.25,EIA/OPEC ASB 2025 + synthetic fill
2015,5,2015-05-01,Libya,AFR,True,0.711,0.599,51.93,47.8,51.57,94.4,0.95,EIA/OPEC ASB 2025 + synthetic fill
2015,5,2015-05-01,Qatar,Gulf,True,0.766,0.564,51.93,47.8,51.57,94.4,0.89,EIA/OPEC ASB 2025 + synthetic fill
2015,5,2015-05-01,Algeria,AFR,True,1.21,0.808,51.93,47.8,51.57,94.4,1.28,EIA/OPEC ASB 2025 + synthetic fill
2015,5,2015-05-01,Angola,AFR,True,0.735,0.631,51.93,47.8,51.57,94.4,1.0,EIA/OPEC ASB 2025 + synthetic fill
2015,5,2015-05-01,Mexico,LAm,False,3.486,1.807,51.93,47.8,51.57,94.4,2.85,EIA/OPEC ASB 2025 + synthetic fill
2015,5,2015-05-01,Brazil,LAm,False,3.558,1.296,51.93,47.8,51.57,94.4,2.05,EIA/OPEC ASB 2025 + synthetic fill
2015,6,2015-06-01,Saudi Arabia,Gulf,True,10.18,8.865,56.31,52.17,56.29,94.42,15.18,EIA/OPEC ASB 2025 + synthetic fill
2015,6,2015-06-01,Russia,CIS,False,8.891,6.376,56.31,52.17,56.29,94.42,10.92,EIA/OPEC ASB 2025 + synthetic fill
2015,6,2015-06-01,United States,NAm,False,9.339,0.34,56.31,52.17,56.29,94.42,0.58,EIA/OPEC ASB 2025 + synthetic fill
2015,6,2015-06-01,Iraq,Gulf,True,4.918,4.157,56.31,52.17,56.29,94.42,7.12,EIA/OPEC ASB 2025 + synthetic fill
2015,6,2015-06-01,United Arab Emirates,Gulf,True,2.369,2.136,56.31,52.17,56.29,94.42,3.66,EIA/OPEC ASB 2025 + synthetic fill
2015,6,2015-06-01,Iran,Gulf,True,3.787,2.385,56.31,52.17,56.29,94.42,4.08,EIA/OPEC ASB 2025 + synthetic fill
2015,6,2015-06-01,Kuwait,Gulf,True,2.136,1.685,56.31,52.17,56.29,94.42,2.89,EIA/OPEC ASB 2025 + synthetic fill
2015,6,2015-06-01,Venezuela,LAm,True,2.265,1.795,56.31,52.17,56.29,94.42,3.07,EIA/OPEC ASB 2025 + synthetic fill
2015,6,2015-06-01,Nigeria,AFR,True,2.109,1.724,56.31,52.17,56.29,94.42,2.95,EIA/OPEC ASB 2025 + synthetic fill
2015,6,2015-06-01,Canada,NAm,False,5.254,3.869,56.31,52.17,56.29,94.42,6.63,EIA/OPEC ASB 2025 + synthetic fill
2015,6,2015-06-01,Norway,EUR,False,2.706,2.337,56.31,52.17,56.29,94.42,4.0,EIA/OPEC ASB 2025 + synthetic fill
2015,6,2015-06-01,Kazakhstan,CIS,False,0.993,0.754,56.31,52.17,56.29,94.42,1.29,EIA/OPEC ASB 2025 + synthetic fill
2015,6,2015-06-01,Libya,AFR,True,0.749,0.63,56.31,52.17,56.29,94.42,1.08,EIA/OPEC ASB 2025 + synthetic fill
2015,6,2015-06-01,Qatar,Gulf,True,0.802,0.597,56.31,52.17,56.29,94.42,1.02,EIA/OPEC ASB 2025 + synthetic fill
2015,6,2015-06-01,Algeria,AFR,True,1.265,0.875,56.31,52.17,56.29,94.42,1.5,EIA/OPEC ASB 2025 + synthetic fill
2015,6,2015-06-01,Angola,AFR,True,0.752,0.617,56.31,52.17,56.29,94.42,1.06,EIA/OPEC ASB 2025 + synthetic fill
2015,6,2015-06-01,Mexico,LAm,False,3.276,1.606,56.31,52.17,56.29,94.42,2.75,EIA/OPEC ASB 2025 + synthetic fill
2015,6,2015-06-01,Brazil,LAm,False,3.653,1.298,56.31,52.17,56.29,94.42,2.22,EIA/OPEC ASB 2025 + synthetic fill
2015,7,2015-07-01,Saudi Arabia,Gulf,True,10.235,7.965,54.98,50.44,53.82,93.98,13.32,EIA/OPEC ASB 2025 + synthetic fill
2015,7,2015-07-01,Russia,CIS,False,9.452,6.232,54.98,50.44,53.82,93.98,10.42,EIA/OPEC ASB 2025 + synthetic fill
2015,7,2015-07-01,United States,NAm,False,9.822,0.313,54.98,50.44,53.82,93.98,0.52,EIA/OPEC ASB 2025 + synthetic fill
2015,7,2015-07-01,Iraq,Gulf,True,4.592,3.915,54.98,50.44,53.82,93.98,6.55,EIA/OPEC ASB 2025 + synthetic fill
2015,7,2015-07-01,United Arab Emirates,Gulf,True,2.324,1.993,54.98,50.44,53.82,93.98,3.33,EIA/OPEC ASB 2025 + synthetic fill
2015,7,2015-07-01,Iran,Gulf,True,3.833,2.462,54.98,50.44,53.82,93.98,4.12,EIA/OPEC ASB 2025 + synthetic fill
2015,7,2015-07-01,Kuwait,Gulf,True,2.087,1.848,54.98,50.44,53.82,93.98,3.09,EIA/OPEC ASB 2025 + synthetic fill
2015,7,2015-07-01,Venezuela,LAm,True,2.264,1.91,54.98,50.44,53.82,93.98,3.19,EIA/OPEC ASB 2025 + synthetic fill
2015,7,2015-07-01,Nigeria,AFR,True,2.235,2.03,54.98,50.44,53.82,93.98,3.39,EIA/OPEC ASB 2025 + synthetic fill
2015,7,2015-07-01,Canada,NAm,False,4.967,3.732,54.98,50.44,53.82,93.98,6.24,EIA/OPEC ASB 2025 + synthetic fill
2015,7,2015-07-01,Norway,EUR,False,2.67,2.118,54.98,50.44,53.82,93.98,3.54,EIA/OPEC ASB 2025 + synthetic fill
2015,7,2015-07-01,Kazakhstan,CIS,False,0.994,0.834,54.98,50.44,53.82,93.98,1.39,EIA/OPEC ASB 2025 + synthetic fill
2015,7,2015-07-01,Libya,AFR,True,0.741,0.625,54.98,50.44,53.82,93.98,1.05,EIA/OPEC ASB 2025 + synthetic fill
2015,7,2015-07-01,Qatar,Gulf,True,0.738,0.574,54.98,50.44,53.82,93.98,0.96,EIA/OPEC ASB 2025 + synthetic fill
2015,7,2015-07-01,Algeria,AFR,True,1.18,0.811,54.98,50.44,53.82,93.98,1.36,EIA/OPEC ASB 2025 + synthetic fill
2015,7,2015-07-01,Angola,AFR,True,0.72,0.578,54.98,50.44,53.82,93.98,0.97,EIA/OPEC ASB 2025 + synthetic fill
2015,7,2015-07-01,Mexico,LAm,False,3.359,1.769,54.98,50.44,53.82,93.98,2.96,EIA/OPEC ASB 2025 + synthetic fill
2015,7,2015-07-01,Brazil,LAm,False,3.713,1.472,54.98,50.44,53.82,93.98,2.46,EIA/OPEC ASB 2025 + synthetic fill
2015,8,2015-08-01,Saudi Arabia,Gulf,True,10.857,9.335,53.32,49.14,51.7,93.89,15.14,EIA/OPEC ASB 2025 + synthetic fill
2015,8,2015-08-01,Russia,CIS,False,8.725,5.916,53.32,49.14,51.7,93.89,9.59,EIA/OPEC ASB 2025 + synthetic fill
2015,8,2015-08-01,United States,NAm,False,9.812,0.343,53.32,49.14,51.7,93.89,0.56,EIA/OPEC ASB 2025 + synthetic fill
2015,8,2015-08-01,Iraq,Gulf,True,4.911,3.833,53.32,49.14,51.7,93.89,6.22,EIA/OPEC ASB 2025 + synthetic fill
2015,8,2015-08-01,United Arab Emirates,Gulf,True,2.3,2.13,53.32,49.14,51.7,93.89,3.45,EIA/OPEC ASB 2025 + synthetic fill
2015,8,2015-08-01,Iran,Gulf,True,3.672,2.224,53.32,49.14,51.7,93.89,3.61,EIA/OPEC ASB 2025 + synthetic fill
2015,8,2015-08-01,Kuwait,Gulf,True,2.041,1.688,53.32,49.14,51.7,93.89,2.74,EIA/OPEC ASB 2025 + synthetic fill
2015,8,2015-08-01,Venezuela,LAm,True,2.196,1.779,53.32,49.14,51.7,93.89,2.89,EIA/OPEC ASB 2025 + synthetic fill
2015,8,2015-08-01,Nigeria,AFR,True,2.072,1.757,53.32,49.14,51.7,93.89,2.85,EIA/OPEC ASB 2025 + synthetic fill
2015,8,2015-08-01,Canada,NAm,False,4.919,3.391,53.32,49.14,51.7,93.89,5.5,EIA/OPEC ASB 2025 + synthetic fill
2015,8,2015-08-01,Norway,EUR,False,2.535,2.143,53.32,49.14,51.7,93.89,3.48,EIA/OPEC ASB 2025 + synthetic fill
2015,8,2015-08-01,Kazakhstan,CIS,False,1.033,0.765,53.32,49.14,51.7,93.89,1.24,EIA/OPEC ASB 2025 + synthetic fill
2015,8,2015-08-01,Libya,AFR,True,0.75,0.677,53.32,49.14,51.7,93.89,1.1,EIA/OPEC ASB 2025 + synthetic fill
2015,8,2015-08-01,Qatar,Gulf,True,0.762,0.595,53.32,49.14,51.7,93.89,0.96,EIA/OPEC ASB 2025 + synthetic fill
2015,8,2015-08-01,Algeria,AFR,True,1.227,0.883,53.32,49.14,51.7,93.89,1.43,EIA/OPEC ASB 2025 + synthetic fill
2015,8,2015-08-01,Angola,AFR,True,0.787,0.717,53.32,49.14,51.7,93.89,1.16,EIA/OPEC ASB 2025 + synthetic fill
2015,8,2015-08-01,Mexico,LAm,False,3.324,1.652,53.32,49.14,51.7,93.89,2.68,EIA/OPEC ASB 2025 + synthetic fill
2015,8,2015-08-01,Brazil,LAm,False,3.858,1.383,53.32,49.14,51.7,93.89,2.24,EIA/OPEC ASB 2025 + synthetic fill
2015,9,2015-09-01,Saudi Arabia,Gulf,True,10.283,8.345,50.57,47.23,50.17,93.9,12.84,EIA/OPEC ASB 2025 + synthetic fill
2015,9,2015-09-01,Russia,CIS,False,9.049,6.317,50.57,47.23,50.17,93.9,9.72,EIA/OPEC ASB 2025 + synthetic fill
2015,9,2015-09-01,United States,NAm,False,9.689,0.325,50.57,47.23,50.17,93.9,0.5,EIA/OPEC ASB 2025 + synthetic fill
2015,9,2015-09-01,Iraq,Gulf,True,4.775,3.791,50.57,47.23,50.17,93.9,5.83,EIA/OPEC ASB 2025 + synthetic fill
2015,9,2015-09-01,United Arab Emirates,Gulf,True,2.409,2.143,50.57,47.23,50.17,93.9,3.3,EIA/OPEC ASB 2025 + synthetic fill
2015,9,2015-09-01,Iran,Gulf,True,3.77,2.146,50.57,47.23,50.17,93.9,3.3,EIA/OPEC ASB 2025 + synthetic fill
2015,9,2015-09-01,Kuwait,Gulf,True,2.135,1.849,50.57,47.23,50.17,93.9,2.84,EIA/OPEC ASB 2025 + synthetic fill
2015,9,2015-09-01,Venezuela,LAm,True,2.112,1.813,50.57,47.23,50.17,93.9,2.79,EIA/OPEC ASB 2025 + synthetic fill
2015,9,2015-09-01,Nigeria,AFR,True,2.121,1.691,50.57,47.23,50.17,93.9,2.6,EIA/OPEC ASB 2025 + synthetic fill
2015,9,2015-09-01,Canada,NAm,False,5.099,3.397,50.57,47.23,50.17,93.9,5.23,EIA/OPEC ASB 2025 + synthetic fill
2015,9,2015-09-01,Norway,EUR,False,2.674,2.18,50.57,47.23,50.17,93.9,3.35,EIA/OPEC ASB 2025 + synthetic fill
2015,9,2015-09-01,Kazakhstan,CIS,False,1.016,0.782,50.57,47.23,50.17,93.9,1.2,EIA/OPEC ASB 2025 + synthetic fill
2015,9,2015-09-01,Libya,AFR,True,0.77,0.64,50.57,47.23,50.17,93.9,0.98,EIA/OPEC ASB 2025 + synthetic fill
2015,9,2015-09-01,Qatar,Gulf,True,0.724,0.59,50.57,47.23,50.17,93.9,0.91,EIA/OPEC ASB 2025 + synthetic fill
2015,9,2015-09-01,Algeria,AFR,True,1.362,1.005,50.57,47.23,50.17,93.9,1.55,EIA/OPEC ASB 2025 + synthetic fill
2015,9,2015-09-01,Angola,AFR,True,0.749,0.664,50.57,47.23,50.17,93.9,1.02,EIA/OPEC ASB 2025 + synthetic fill
2015,9,2015-09-01,Mexico,LAm,False,3.409,1.736,50.57,47.23,50.17,93.9,2.67,EIA/OPEC ASB 2025 + synthetic fill
2015,9,2015-09-01,Brazil,LAm,False,3.785,1.507,50.57,47.23,50.17,93.9,2.32,EIA/OPEC ASB 2025 + synthetic fill
2015,10,2015-10-01,Saudi Arabia,Gulf,True,10.352,8.455,51.59,48.97,50.85,93.5,13.27,EIA/OPEC ASB 2025 + synthetic fill
2015,10,2015-10-01,Russia,CIS,False,9.007,6.604,51.59,48.97,50.85,93.5,10.36,EIA/OPEC ASB 2025 + synthetic fill
2015,10,2015-10-01,United States,NAm,False,9.804,0.322,51.59,48.97,50.85,93.5,0.51,EIA/OPEC ASB 2025 + synthetic fill
2015,10,2015-10-01,Iraq,Gulf,True,5.006,4.31,51.59,48.97,50.85,93.5,6.76,EIA/OPEC ASB 2025 + synthetic fill
2015,10,2015-10-01,United Arab Emirates,Gulf,True,2.329,2.199,51.59,48.97,50.85,93.5,3.45,EIA/OPEC ASB 2025 + synthetic fill
2015,10,2015-10-01,Iran,Gulf,True,3.617,2.268,51.59,48.97,50.85,93.5,3.56,EIA/OPEC ASB 2025 + synthetic fill
2015,10,2015-10-01,Kuwait,Gulf,True,2.09,1.847,51.59,48.97,50.85,93.5,2.9,EIA/OPEC ASB 2025 + synthetic fill
2015,10,2015-10-01,Venezuela,LAm,True,2.079,1.67,51.59,48.97,50.85,93.5,2.62,EIA/OPEC ASB 2025 + synthetic fill
2015,10,2015-10-01,Nigeria,AFR,True,2.134,1.862,51.59,48.97,50.85,93.5,2.92,EIA/OPEC ASB 2025 + synthetic fill
2015,10,2015-10-01,Canada,NAm,False,5.344,3.653,51.59,48.97,50.85,93.5,5.73,EIA/OPEC ASB 2025 + synthetic fill
2015,10,2015-10-01,Norway,EUR,False,2.583,2.119,51.59,48.97,50.85,93.5,3.33,EIA/OPEC ASB 2025 + synthetic fill
2015,10,2015-10-01,Kazakhstan,CIS,False,1.01,0.809,51.59,48.97,50.85,93.5,1.27,EIA/OPEC ASB 2025 + synthetic fill
2015,10,2015-10-01,Libya,AFR,True,0.801,0.64,51.59,48.97,50.85,93.5,1.0,EIA/OPEC ASB 2025 + synthetic fill
2015,10,2015-10-01,Qatar,Gulf,True,0.782,0.647,51.59,48.97,50.85,93.5,1.02,EIA/OPEC ASB 2025 + synthetic fill
2015,10,2015-10-01,Algeria,AFR,True,1.264,0.891,51.59,48.97,50.85,93.5,1.4,EIA/OPEC ASB 2025 + synthetic fill
2015,10,2015-10-01,Angola,AFR,True,0.735,0.647,51.59,48.97,50.85,93.5,1.02,EIA/OPEC ASB 2025 + synthetic fill
2015,10,2015-10-01,Mexico,LAm,False,3.279,1.728,51.59,48.97,50.85,93.5,2.71,EIA/OPEC ASB 2025 + synthetic fill
2015,10,2015-10-01,Brazil,LAm,False,3.905,1.45,51.59,48.97,50.85,93.5,2.28,EIA/OPEC ASB 2025 + synthetic fill
2015,11,2015-11-01,Saudi Arabia,Gulf,True,10.78,8.95,53.87,49.18,54.41,93.88,14.66,EIA/OPEC ASB 2025 + synthetic fill
2015,11,2015-11-01,Russia,CIS,False,9.168,6.578,53.87,49.18,54.41,93.88,10.78,EIA/OPEC ASB 2025 + synthetic fill
2015,11,2015-11-01,United States,NAm,False,9.323,0.34,53.87,49.18,54.41,93.88,0.56,EIA/OPEC ASB 2025 + synthetic fill
2015,11,2015-11-01,Iraq,Gulf,True,4.782,3.81,53.87,49.18,54.41,93.88,6.24,EIA/OPEC ASB 2025 + synthetic fill
2015,11,2015-11-01,United Arab Emirates,Gulf,True,2.343,2.033,53.87,49.18,54.41,93.88,3.33,EIA/OPEC ASB 2025 + synthetic fill
2015,11,2015-11-01,Iran,Gulf,True,3.63,2.075,53.87,49.18,54.41,93.88,3.4,EIA/OPEC ASB 2025 + synthetic fill
2015,11,2015-11-01,Kuwait,Gulf,True,2.048,1.835,53.87,49.18,54.41,93.88,3.01,EIA/OPEC ASB 2025 + synthetic fill
2015,11,2015-11-01,Venezuela,LAm,True,2.084,1.62,53.87,49.18,54.41,93.88,2.65,EIA/OPEC ASB 2025 + synthetic fill
2015,11,2015-11-01,Nigeria,AFR,True,2.153,1.706,53.87,49.18,54.41,93.88,2.8,EIA/OPEC ASB 2025 + synthetic fill
2015,11,2015-11-01,Canada,NAm,False,5.256,3.847,53.87,49.18,54.41,93.88,6.3,EIA/OPEC ASB 2025 + synthetic fill
2015,11,2015-11-01,Norway,EUR,False,2.625,2.059,53.87,49.18,54.41,93.88,3.37,EIA/OPEC ASB 2025 + synthetic fill
2015,11,2015-11-01,Kazakhstan,CIS,False,1.001,0.845,53.87,49.18,54.41,93.88,1.38,EIA/OPEC ASB 2025 + synthetic fill
2015,11,2015-11-01,Libya,AFR,True,0.776,0.681,53.87,49.18,54.41,93.88,1.12,EIA/OPEC ASB 2025 + synthetic fill
2015,11,2015-11-01,Qatar,Gulf,True,0.763,0.568,53.87,49.18,54.41,93.88,0.93,EIA/OPEC ASB 2025 + synthetic fill
2015,11,2015-11-01,Algeria,AFR,True,1.285,0.873,53.87,49.18,54.41,93.88,1.43,EIA/OPEC ASB 2025 + synthetic fill
2015,11,2015-11-01,Angola,AFR,True,0.758,0.683,53.87,49.18,54.41,93.88,1.12,EIA/OPEC ASB 2025 + synthetic fill
2015,11,2015-11-01,Mexico,LAm,False,3.358,1.663,53.87,49.18,54.41,93.88,2.72,EIA/OPEC ASB 2025 + synthetic fill
2015,11,2015-11-01,Brazil,LAm,False,3.859,1.477,53.87,49.18,54.41,93.88,2.42,EIA/OPEC ASB 2025 + synthetic fill
2015,12,2015-12-01,Saudi Arabia,Gulf,True,10.713,8.651,49.12,44.3,47.52,93.82,12.93,EIA/OPEC ASB 2025 + synthetic fill
2015,12,2015-12-01,Russia,CIS,False,9.348,6.806,49.12,44.3,47.52,93.82,10.17,EIA/OPEC ASB 2025 + synthetic fill
2015,12,2015-12-01,United States,NAm,False,9.418,0.341,49.12,44.3,47.52,93.82,0.51,EIA/OPEC ASB 2025 + synthetic fill
2015,12,2015-12-01,Iraq,Gulf,True,4.995,4.205,49.12,44.3,47.52,93.82,6.28,EIA/OPEC ASB 2025 + synthetic fill
2015,12,2015-12-01,United Arab Emirates,Gulf,True,2.309,2.029,49.12,44.3,47.52,93.82,3.03,EIA/OPEC ASB 2025 + synthetic fill
2015,12,2015-12-01,Iran,Gulf,True,3.518,1.98,49.12,44.3,47.52,93.82,2.96,EIA/OPEC ASB 2025 + synthetic fill
2015,12,2015-12-01,Kuwait,Gulf,True,2.112,1.767,49.12,44.3,47.52,93.82,2.64,EIA/OPEC ASB 2025 + synthetic fill
2015,12,2015-12-01,Venezuela,LAm,True,2.094,1.803,49.12,44.3,47.52,93.82,2.69,EIA/OPEC ASB 2025 + synthetic fill
2015,12,2015-12-01,Nigeria,AFR,True,1.986,1.776,49.12,44.3,47.52,93.82,2.65,EIA/OPEC ASB 2025 + synthetic fill
2015,12,2015-12-01,Canada,NAm,False,5.126,3.633,49.12,44.3,47.52,93.82,5.43,EIA/OPEC ASB 2025 + synthetic fill
2015,12,2015-12-01,Norway,EUR,False,2.575,2.086,49.12,44.3,47.52,93.82,3.12,EIA/OPEC ASB 2025 + synthetic fill
2015,12,2015-12-01,Kazakhstan,CIS,False,0.981,0.819,49.12,44.3,47.52,93.82,1.22,EIA/OPEC ASB 2025 + synthetic fill
2015,12,2015-12-01,Libya,AFR,True,0.76,0.672,49.12,44.3,47.52,93.82,1.0,EIA/OPEC ASB 2025 + synthetic fill
2015,12,2015-12-01,Qatar,Gulf,True,0.758,0.583,49.12,44.3,47.52,93.82,0.87,EIA/OPEC ASB 2025 + synthetic fill
2015,12,2015-12-01,Algeria,AFR,True,1.207,0.821,49.12,44.3,47.52,93.82,1.23,EIA/OPEC ASB 2025 + synthetic fill
2015,12,2015-12-01,Angola,AFR,True,0.728,0.602,49.12,44.3,47.52,93.82,0.9,EIA/OPEC ASB 2025 + synthetic fill
2015,12,2015-12-01,Mexico,LAm,False,3.512,1.83,49.12,44.3,47.52,93.82,2.73,EIA/OPEC ASB 2025 + synthetic fill
2015,12,2015-12-01,Brazil,LAm,False,3.757,1.514,49.12,44.3,47.52,93.82,2.26,EIA/OPEC ASB 2025 + synthetic fill
2016,1,2016-01-01,Saudi Arabia,Gulf,True,10.66,8.413,42.46,39.89,40.62,95.36,10.87,EIA/OPEC ASB 2025 + synthetic fill
2016,1,2016-01-01,Russia,CIS,False,9.706,6.988,42.46,39.89,40.62,95.36,9.02,EIA/OPEC ASB 2025 + synthetic fill
2016,1,2016-01-01,United States,NAm,False,9.646,0.339,42.46,39.89,40.62,95.36,0.44,EIA/OPEC ASB 2025 + synthetic fill
2016,1,2016-01-01,Iraq,Gulf,True,5.269,4.52,42.46,39.89,40.62,95.36,5.84,EIA/OPEC ASB 2025 + synthetic fill
2016,1,2016-01-01,United Arab Emirates,Gulf,True,2.414,2.343,42.46,39.89,40.62,95.36,3.03,EIA/OPEC ASB 2025 + synthetic fill
2016,1,2016-01-01,Iran,Gulf,True,3.579,2.181,42.46,39.89,40.62,95.36,2.82,EIA/OPEC ASB 2025 + synthetic fill
2016,1,2016-01-01,Kuwait,Gulf,True,2.121,1.699,42.46,39.89,40.62,95.36,2.19,EIA/OPEC ASB 2025 + synthetic fill
2016,1,2016-01-01,Venezuela,LAm,True,2.049,1.754,42.46,39.89,40.62,95.36,2.27,EIA/OPEC ASB 2025 + synthetic fill
2016,1,2016-01-01,Nigeria,AFR,True,2.074,1.698,42.46,39.89,40.62,95.36,2.19,EIA/OPEC ASB 2025 + synthetic fill
2016,1,2016-01-01,Canada,NAm,False,5.314,3.791,42.46,39.89,40.62,95.36,4.9,EIA/OPEC ASB 2025 + synthetic fill
2016,1,2016-01-01,Norway,EUR,False,2.65,2.274,42.46,39.89,40.62,95.36,2.94,EIA/OPEC ASB 2025 + synthetic fill
2016,1,2016-01-01,Kazakhstan,CIS,False,1.002,0.822,42.46,39.89,40.62,95.36,1.06,EIA/OPEC ASB 2025 + synthetic fill
2016,1,2016-01-01,Libya,AFR,True,0.776,0.699,42.46,39.89,40.62,95.36,0.9,EIA/OPEC ASB 2025 + synthetic fill
2016,1,2016-01-01,Qatar,Gulf,True,0.771,0.602,42.46,39.89,40.62,95.36,0.78,EIA/OPEC ASB 2025 + synthetic fill
2016,1,2016-01-01,Algeria,AFR,True,1.265,0.955,42.46,39.89,40.62,95.36,1.23,EIA/OPEC ASB 2025 + synthetic fill
2016,1,2016-01-01,Angola,AFR,True,0.751,0.629,42.46,39.89,40.62,95.36,0.81,EIA/OPEC ASB 2025 + synthetic fill
2016,1,2016-01-01,Mexico,LAm,False,3.399,1.673,42.46,39.89,40.62,95.36,2.16,EIA/OPEC ASB 2025 + synthetic fill
2016,1,2016-01-01,Brazil,LAm,False,3.756,1.44,42.46,39.89,40.62,95.36,1.86,EIA/OPEC ASB 2025 + synthetic fill
2016,2,2016-02-01,Saudi Arabia,Gulf,True,10.713,8.139,42.66,41.1,41.2,95.73,10.56,EIA/OPEC ASB 2025 + synthetic fill
2016,2,2016-02-01,Russia,CIS,False,9.13,6.091,42.66,41.1,41.2,95.73,7.9,EIA/OPEC ASB 2025 + synthetic fill
2016,2,2016-02-01,United States,NAm,False,9.747,0.328,42.66,41.1,41.2,95.73,0.43,EIA/OPEC ASB 2025 + synthetic fill
2016,2,2016-02-01,Iraq,Gulf,True,5.159,4.034,42.66,41.1,41.2,95.73,5.23,EIA/OPEC ASB 2025 + synthetic fill
2016,2,2016-02-01,United Arab Emirates,Gulf,True,2.408,2.078,42.66,41.1,41.2,95.73,2.7,EIA/OPEC ASB 2025 + synthetic fill
2016,2,2016-02-01,Iran,Gulf,True,3.311,1.963,42.66,41.1,41.2,95.73,2.55,EIA/OPEC ASB 2025 + synthetic fill
2016,2,2016-02-01,Kuwait,Gulf,True,2.103,1.829,42.66,41.1,41.2,95.73,2.37,EIA/OPEC ASB 2025 + synthetic fill
2016,2,2016-02-01,Venezuela,LAm,True,2.034,1.611,42.66,41.1,41.2,95.73,2.09,EIA/OPEC ASB 2025 + synthetic fill
2016,2,2016-02-01,Nigeria,AFR,True,2.067,1.831,42.66,41.1,41.2,95.73,2.38,EIA/OPEC ASB 2025 + synthetic fill
2016,2,2016-02-01,Canada,NAm,False,4.969,3.613,42.66,41.1,41.2,95.73,4.69,EIA/OPEC ASB 2025 + synthetic fill
2016,2,2016-02-01,Norway,EUR,False,2.649,2.179,42.66,41.1,41.2,95.73,2.83,EIA/OPEC ASB 2025 + synthetic fill
2016,2,2016-02-01,Kazakhstan,CIS,False,0.948,0.73,42.66,41.1,41.2,95.73,0.95,EIA/OPEC ASB 2025 + synthetic fill
2016,2,2016-02-01,Libya,AFR,True,0.812,0.724,42.66,41.1,41.2,95.73,0.94,EIA/OPEC ASB 2025 + synthetic fill
2016,2,2016-02-01,Qatar,Gulf,True,0.751,0.617,42.66,41.1,41.2,95.73,0.8,EIA/OPEC ASB 2025 + synthetic fill
2016,2,2016-02-01,Algeria,AFR,True,1.277,0.877,42.66,41.1,41.2,95.73,1.14,EIA/OPEC ASB 2025 + synthetic fill
2016,2,2016-02-01,Angola,AFR,True,0.742,0.6,42.66,41.1,41.2,95.73,0.78,EIA/OPEC ASB 2025 + synthetic fill
2016,2,2016-02-01,Mexico,LAm,False,3.174,1.625,42.66,41.1,41.2,95.73,2.11,EIA/OPEC ASB 2025 + synthetic fill
2016,2,2016-02-01,Brazil,LAm,False,4.025,1.466,42.66,41.1,41.2,95.73,1.9,EIA/OPEC ASB 2025 + synthetic fill
2016,3,2016-03-01,Saudi Arabia,Gulf,True,10.703,8.315,43.1,38.57,41.71,94.82,10.9,EIA/OPEC ASB 2025 + synthetic fill
2016,3,2016-03-01,Russia,CIS,False,9.135,6.383,43.1,38.57,41.71,94.82,8.37,EIA/OPEC ASB 2025 + synthetic fill
2016,3,2016-03-01,United States,NAm,False,10.043,0.346,43.1,38.57,41.71,94.82,0.45,EIA/OPEC ASB 2025 + synthetic fill
2016,3,2016-03-01,Iraq,Gulf,True,5.091,4.048,43.1,38.57,41.71,94.82,5.31,EIA/OPEC ASB 2025 + synthetic fill
2016,3,2016-03-01,United Arab Emirates,Gulf,True,2.42,2.332,43.1,38.57,41.71,94.82,3.06,EIA/OPEC ASB 2025 + synthetic fill
2016,3,2016-03-01,Iran,Gulf,True,3.502,2.005,43.1,38.57,41.71,94.82,2.63,EIA/OPEC ASB 2025 + synthetic fill
2016,3,2016-03-01,Kuwait,Gulf,True,2.111,1.709,43.1,38.57,41.71,94.82,2.24,EIA/OPEC ASB 2025 + synthetic fill
2016,3,2016-03-01,Venezuela,LAm,True,2.037,1.657,43.1,38.57,41.71,94.82,2.17,EIA/OPEC ASB 2025 + synthetic fill
2016,3,2016-03-01,Nigeria,AFR,True,2.079,1.754,43.1,38.57,41.71,94.82,2.3,EIA/OPEC ASB 2025 + synthetic fill
2016,3,2016-03-01,Canada,NAm,False,5.337,3.571,43.1,38.57,41.71,94.82,4.68,EIA/OPEC ASB 2025 + synthetic fill
2016,3,2016-03-01,Norway,EUR,False,2.721,2.231,43.1,38.57,41.71,94.82,2.92,EIA/OPEC ASB 2025 + synthetic fill
2016,3,2016-03-01,Kazakhstan,CIS,False,0.967,0.719,43.1,38.57,41.71,94.82,0.94,EIA/OPEC ASB 2025 + synthetic fill
2016,3,2016-03-01,Libya,AFR,True,0.824,0.717,43.1,38.57,41.71,94.82,0.94,EIA/OPEC ASB 2025 + synthetic fill
2016,3,2016-03-01,Qatar,Gulf,True,0.766,0.648,43.1,38.57,41.71,94.82,0.85,EIA/OPEC ASB 2025 + synthetic fill
2016,3,2016-03-01,Algeria,AFR,True,1.281,0.976,43.1,38.57,41.71,94.82,1.28,EIA/OPEC ASB 2025 + synthetic fill
2016,3,2016-03-01,Angola,AFR,True,0.764,0.688,43.1,38.57,41.71,94.82,0.9,EIA/OPEC ASB 2025 + synthetic fill
2016,3,2016-03-01,Mexico,LAm,False,3.502,1.861,43.1,38.57,41.71,94.82,2.44,EIA/OPEC ASB 2025 + synthetic fill
2016,3,2016-03-01,Brazil,LAm,False,4.123,1.677,43.1,38.57,41.71,94.82,2.2,EIA/OPEC ASB 2025 + synthetic fill
2016,4,2016-04-01,Saudi Arabia,Gulf,True,10.439,8.973,44.08,39.19,43.0,94.57,12.03,EIA/OPEC ASB 2025 + synthetic fill
2016,4,2016-04-01,Russia,CIS,False,9.553,6.581,44.08,39.19,43.0,94.57,8.82,EIA/OPEC ASB 2025 + synthetic fill
2016,4,2016-04-01,United States,NAm,False,10.084,0.336,44.08,39.19,43.0,94.57,0.45,EIA/OPEC ASB 2025 + synthetic fill
2016,4,2016-04-01,Iraq,Gulf,True,4.915,4.15,44.08,39.19,43.0,94.57,5.56,EIA/OPEC ASB 2025 + synthetic fill
2016,4,2016-04-01,United Arab Emirates,Gulf,True,2.349,2.174,44.08,39.19,43.0,94.57,2.91,EIA/OPEC ASB 2025 + synthetic fill
2016,4,2016-04-01,Iran,Gulf,True,3.318,1.931,44.08,39.19,43.0,94.57,2.59,EIA/OPEC ASB 2025 + synthetic fill
2016,4,2016-04-01,Kuwait,Gulf,True,1.966,1.605,44.08,39.19,43.0,94.57,2.15,EIA/OPEC ASB 2025 + synthetic fill
2016,4,2016-04-01,Venezuela,LAm,True,1.886,1.582,44.08,39.19,43.0,94.57,2.12,EIA/OPEC ASB 2025 + synthetic fill
2016,4,2016-04-01,Nigeria,AFR,True,2.136,1.874,44.08,39.19,43.0,94.57,2.51,EIA/OPEC ASB 2025 + synthetic fill
2016,4,2016-04-01,Canada,NAm,False,5.166,3.816,44.08,39.19,43.0,94.57,5.12,EIA/OPEC ASB 2025 + synthetic fill
2016,4,2016-04-01,Norway,EUR,False,2.669,2.19,44.08,39.19,43.0,94.57,2.94,EIA/OPEC ASB 2025 + synthetic fill
2016,4,2016-04-01,Kazakhstan,CIS,False,0.994,0.765,44.08,39.19,43.0,94.57,1.03,EIA/OPEC ASB 2025 + synthetic fill
2016,4,2016-04-01,Libya,AFR,True,0.839,0.673,44.08,39.19,43.0,94.57,0.9,EIA/OPEC ASB 2025 + synthetic fill
2016,4,2016-04-01,Qatar,Gulf,True,0.76,0.638,44.08,39.19,43.0,94.57,0.86,EIA/OPEC ASB 2025 + synthetic fill
2016,4,2016-04-01,Algeria,AFR,True,1.188,0.875,44.08,39.19,43.0,94.57,1.17,EIA/OPEC ASB 2025 + synthetic fill
2016,4,2016-04-01,Angola,AFR,True,0.724,0.606,44.08,39.19,43.0,94.57,0.81,EIA/OPEC ASB 2025 + synthetic fill
2016,4,2016-04-01,Mexico,LAm,False,3.379,1.836,44.08,39.19,43.0,94.57,2.46,EIA/OPEC ASB 2025 + synthetic fill
2016,4,2016-04-01,Brazil,LAm,False,4.063,1.552,44.08,39.19,43.0,94.57,2.08,EIA/OPEC ASB 2025 + synthetic fill
2016,5,2016-05-01,Saudi Arabia,Gulf,True,10.761,8.454,48.37,46.22,49.3,94.94,12.44,EIA/OPEC ASB 2025 + synthetic fill
2016,5,2016-05-01,Russia,CIS,False,9.104,6.474,48.37,46.22,49.3,94.94,9.52,EIA/OPEC ASB 2025 + synthetic fill
2016,5,2016-05-01,United States,NAm,False,10.263,0.338,48.37,46.22,49.3,94.94,0.5,EIA/OPEC ASB 2025 + synthetic fill
2016,5,2016-05-01,Iraq,Gulf,True,4.938,4.215,48.37,46.22,49.3,94.94,6.2,EIA/OPEC ASB 2025 + synthetic fill
2016,5,2016-05-01,United Arab Emirates,Gulf,True,2.384,2.127,48.37,46.22,49.3,94.94,3.13,EIA/OPEC ASB 2025 + synthetic fill
2016,5,2016-05-01,Iran,Gulf,True,3.208,1.892,48.37,46.22,49.3,94.94,2.78,EIA/OPEC ASB 2025 + synthetic fill
2016,5,2016-05-01,Kuwait,Gulf,True,2.095,1.871,48.37,46.22,49.3,94.94,2.75,EIA/OPEC ASB 2025 + synthetic fill
2016,5,2016-05-01,Venezuela,LAm,True,1.935,1.499,48.37,46.22,49.3,94.94,2.21,EIA/OPEC ASB 2025 + synthetic fill
2016,5,2016-05-01,Nigeria,AFR,True,2.126,1.713,48.37,46.22,49.3,94.94,2.52,EIA/OPEC ASB 2025 + synthetic fill
2016,5,2016-05-01,Canada,NAm,False,5.424,3.705,48.37,46.22,49.3,94.94,5.45,EIA/OPEC ASB 2025 + synthetic fill
2016,5,2016-05-01,Norway,EUR,False,2.766,2.419,48.37,46.22,49.3,94.94,3.56,EIA/OPEC ASB 2025 + synthetic fill
2016,5,2016-05-01,Kazakhstan,CIS,False,1.018,0.855,48.37,46.22,49.3,94.94,1.26,EIA/OPEC ASB 2025 + synthetic fill
2016,5,2016-05-01,Libya,AFR,True,0.842,0.745,48.37,46.22,49.3,94.94,1.1,EIA/OPEC ASB 2025 + synthetic fill
2016,5,2016-05-01,Qatar,Gulf,True,0.758,0.584,48.37,46.22,49.3,94.94,0.86,EIA/OPEC ASB 2025 + synthetic fill
2016,5,2016-05-01,Algeria,AFR,True,1.246,0.848,48.37,46.22,49.3,94.94,1.25,EIA/OPEC ASB 2025 + synthetic fill
2016,5,2016-05-01,Angola,AFR,True,0.736,0.609,48.37,46.22,49.3,94.94,0.9,EIA/OPEC ASB 2025 + synthetic fill
2016,5,2016-05-01,Mexico,LAm,False,3.38,1.805,48.37,46.22,49.3,94.94,2.66,EIA/OPEC ASB 2025 + synthetic fill
2016,5,2016-05-01,Brazil,LAm,False,4.048,1.492,48.37,46.22,49.3,94.94,2.2,EIA/OPEC ASB 2025 + synthetic fill
2016,6,2016-06-01,Saudi Arabia,Gulf,True,10.767,8.785,46.34,41.45,46.15,94.88,12.38,EIA/OPEC ASB 2025 + synthetic fill
2016,6,2016-06-01,Russia,CIS,False,9.502,6.943,46.34,41.45,46.15,94.88,9.79,EIA/OPEC ASB 2025 + synthetic fill
2016,6,2016-06-01,United States,NAm,False,10.029,0.357,46.34,41.45,46.15,94.88,0.5,EIA/OPEC ASB 2025 + synthetic fill
2016,6,2016-06-01,Iraq,Gulf,True,4.819,3.735,46.34,41.45,46.15,94.88,5.26,EIA/OPEC ASB 2025 + synthetic fill
2016,6,2016-06-01,United Arab Emirates,Gulf,True,2.313,2.176,46.34,41.45,46.15,94.88,3.07,EIA/OPEC ASB 2025 + synthetic fill
2016,6,2016-06-01,Iran,Gulf,True,3.389,2.173,46.34,41.45,46.15,94.88,3.06,EIA/OPEC ASB 2025 + synthetic fill
2016,6,2016-06-01,Kuwait,Gulf,True,2.075,1.817,46.34,41.45,46.15,94.88,2.56,EIA/OPEC ASB 2025 + synthetic fill
2016,6,2016-06-01,Venezuela,LAm,True,1.889,1.505,46.34,41.45,46.15,94.88,2.12,EIA/OPEC ASB 2025 + synthetic fill
2016,6,2016-06-01,Nigeria,AFR,True,2.044,1.704,46.34,41.45,46.15,94.88,2.4,EIA/OPEC ASB 2025 + synthetic fill
2016,6,2016-06-01,Canada,NAm,False,5.298,3.833,46.34,41.45,46.15,94.88,5.4,EIA/OPEC ASB 2025 + synthetic fill
2016,6,2016-06-01,Norway,EUR,False,2.727,2.268,46.34,41.45,46.15,94.88,3.2,EIA/OPEC ASB 2025 + synthetic fill
2016,6,2016-06-01,Kazakhstan,CIS,False,1.006,0.758,46.34,41.45,46.15,94.88,1.07,EIA/OPEC ASB 2025 + synthetic fill
2016,6,2016-06-01,Libya,AFR,True,0.853,0.732,46.34,41.45,46.15,94.88,1.03,EIA/OPEC ASB 2025 + synthetic fill
2016,6,2016-06-01,Qatar,Gulf,True,0.753,0.615,46.34,41.45,46.15,94.88,0.87,EIA/OPEC ASB 2025 + synthetic fill
2016,6,2016-06-01,Algeria,AFR,True,1.179,0.893,46.34,41.45,46.15,94.88,1.26,EIA/OPEC ASB 2025 + synthetic fill
2016,6,2016-06-01,Angola,AFR,True,0.752,0.688,46.34,41.45,46.15,94.88,0.97,EIA/OPEC ASB 2025 + synthetic fill
2016,6,2016-06-01,Mexico,LAm,False,3.331,1.781,46.34,41.45,46.15,94.88,2.51,EIA/OPEC ASB 2025 + synthetic fill
2016,6,2016-06-01,Brazil,LAm,False,4.044,1.559,46.34,41.45,46.15,94.88,2.2,EIA/OPEC ASB 2025 + synthetic fill
2016,7,2016-07-01,Saudi Arabia,Gulf,True,10.465,8.455,45.45,40.76,45.3,95.05,11.69,EIA/OPEC ASB 2025 + synthetic fill
2016,7,2016-07-01,Russia,CIS,False,9.231,6.302,45.45,40.76,45.3,95.05,8.71,EIA/OPEC ASB 2025 + synthetic fill
2016,7,2016-07-01,United States,NAm,False,10.385,0.355,45.45,40.76,45.3,95.05,0.49,EIA/OPEC ASB 2025 + synthetic fill
2016,7,2016-07-01,Iraq,Gulf,True,4.957,4.116,45.45,40.76,45.3,95.05,5.69,EIA/OPEC ASB 2025 + synthetic fill
2016,7,2016-07-01,United Arab Emirates,Gulf,True,2.365,2.192,45.45,40.76,45.3,95.05,3.03,EIA/OPEC ASB 2025 + synthetic fill
2016,7,2016-07-01,Iran,Gulf,True,3.124,2.004,45.45,40.76,45.3,95.05,2.77,EIA/OPEC ASB 2025 + synthetic fill
2016,7,2016-07-01,Kuwait,Gulf,True,2.096,1.662,45.45,40.76,45.3,95.05,2.3,EIA/OPEC ASB 2025 + synthetic fill
2016,7,2016-07-01,Venezuela,LAm,True,1.84,1.585,45.45,40.76,45.3,95.05,2.19,EIA/OPEC ASB 2025 + synthetic fill
2016,7,2016-07-01,Nigeria,AFR,True,2.046,1.785,45.45,40.76,45.3,95.05,2.47,EIA/OPEC ASB 2025 + synthetic fill
2016,7,2016-07-01,Canada,NAm,False,5.136,3.736,45.45,40.76,45.3,95.05,5.16,EIA/OPEC ASB 2025 + synthetic fill
2016,7,2016-07-01,Norway,EUR,False,2.692,2.306,45.45,40.76,45.3,95.05,3.19,EIA/OPEC ASB 2025 + synthetic fill
2016,7,2016-07-01,Kazakhstan,CIS,False,1.027,0.785,45.45,40.76,45.3,95.05,1.09,EIA/OPEC ASB 2025 + synthetic fill
2016,7,2016-07-01,Libya,AFR,True,0.82,0.738,45.45,40.76,45.3,95.05,1.02,EIA/OPEC ASB 2025 + synthetic fill
2016,7,2016-07-01,Qatar,Gulf,True,0.722,0.532,45.45,40.76,45.3,95.05,0.74,EIA/OPEC ASB 2025 + synthetic fill
2016,7,2016-07-01,Algeria,AFR,True,1.256,0.948,45.45,40.76,45.3,95.05,1.31,EIA/OPEC ASB 2025 + synthetic fill
2016,7,2016-07-01,Angola,AFR,True,0.723,0.611,45.45,40.76,45.3,95.05,0.84,EIA/OPEC ASB 2025 + synthetic fill
2016,7,2016-07-01,Mexico,LAm,False,3.243,1.704,45.45,40.76,45.3,95.05,2.36,EIA/OPEC ASB 2025 + synthetic fill
2016,7,2016-07-01,Brazil,LAm,False,3.871,1.409,45.45,40.76,45.3,95.05,1.95,EIA/OPEC ASB 2025 + synthetic fill
2016,8,2016-08-01,Saudi Arabia,Gulf,True,11.006,8.824,42.04,40.03,42.13,95.26,11.28,EIA/OPEC ASB 2025 + synthetic fill
2016,8,2016-08-01,Russia,CIS,False,9.233,6.352,42.04,40.03,42.13,95.26,8.12,EIA/OPEC ASB 2025 + synthetic fill
2016,8,2016-08-01,United States,NAm,False,9.646,0.34,42.04,40.03,42.13,95.26,0.43,EIA/OPEC ASB 2025 + synthetic fill
2016,8,2016-08-01,Iraq,Gulf,True,5.21,4.081,42.04,40.03,42.13,95.26,5.22,EIA/OPEC ASB 2025 + synthetic fill
2016,8,2016-08-01,United Arab Emirates,Gulf,True,2.332,2.07,42.04,40.03,42.13,95.26,2.65,EIA/OPEC ASB 2025 + synthetic fill
2016,8,2016-08-01,Iran,Gulf,True,3.095,1.778,42.04,40.03,42.13,95.26,2.27,EIA/OPEC ASB 2025 + synthetic fill
2016,8,2016-08-01,Kuwait,Gulf,True,2.099,1.755,42.04,40.03,42.13,95.26,2.24,EIA/OPEC ASB 2025 + synthetic fill
2016,8,2016-08-01,Venezuela,LAm,True,1.739,1.396,42.04,40.03,42.13,95.26,1.79,EIA/OPEC ASB 2025 + synthetic fill
2016,8,2016-08-01,Nigeria,AFR,True,2.196,1.732,42.04,40.03,42.13,95.26,2.21,EIA/OPEC ASB 2025 + synthetic fill
2016,8,2016-08-01,Canada,NAm,False,5.277,3.533,42.04,40.03,42.13,95.26,4.52,EIA/OPEC ASB 2025 + synthetic fill
2016,8,2016-08-01,Norway,EUR,False,2.674,2.282,42.04,40.03,42.13,95.26,2.92,EIA/OPEC ASB 2025 + synthetic fill
2016,8,2016-08-01,Kazakhstan,CIS,False,0.971,0.794,42.04,40.03,42.13,95.26,1.02,EIA/OPEC ASB 2025 + synthetic fill
2016,8,2016-08-01,Libya,AFR,True,0.883,0.779,42.04,40.03,42.13,95.26,1.0,EIA/OPEC ASB 2025 + synthetic fill
2016,8,2016-08-01,Qatar,Gulf,True,0.766,0.581,42.04,40.03,42.13,95.26,0.74,EIA/OPEC ASB 2025 + synthetic fill
2016,8,2016-08-01,Algeria,AFR,True,1.282,0.907,42.04,40.03,42.13,95.26,1.16,EIA/OPEC ASB 2025 + synthetic fill
2016,8,2016-08-01,Angola,AFR,True,0.792,0.71,42.04,40.03,42.13,95.26,0.91,EIA/OPEC ASB 2025 + synthetic fill
2016,8,2016-08-01,Mexico,LAm,False,3.412,1.708,42.04,40.03,42.13,95.26,2.18,EIA/OPEC ASB 2025 + synthetic fill
2016,8,2016-08-01,Brazil,LAm,False,4.032,1.592,42.04,40.03,42.13,95.26,2.04,EIA/OPEC ASB 2025 + synthetic fill
2016,9,2016-09-01,Saudi Arabia,Gulf,True,10.245,7.958,43.48,40.84,42.6,95.65,10.52,EIA/OPEC ASB 2025 + synthetic fill
2016,9,2016-09-01,Russia,CIS,False,8.98,6.164,43.48,40.84,42.6,95.65,8.15,EIA/OPEC ASB 2025 + synthetic fill
2016,9,2016-09-01,United States,NAm,False,9.979,0.333,43.48,40.84,42.6,95.65,0.44,EIA/OPEC ASB 2025 + synthetic fill
2016,9,2016-09-01,Iraq,Gulf,True,5.154,4.338,43.48,40.84,42.6,95.65,5.74,EIA/OPEC ASB 2025 + synthetic fill
2016,9,2016-09-01,United Arab Emirates,Gulf,True,2.311,1.979,43.48,40.84,42.6,95.65,2.62,EIA/OPEC ASB 2025 + synthetic fill
2016,9,2016-09-01,Iran,Gulf,True,3.176,1.802,43.48,40.84,42.6,95.65,2.38,EIA/OPEC ASB 2025 + synthetic fill
2016,9,2016-09-01,Kuwait,Gulf,True,2.1,1.803,43.48,40.84,42.6,95.65,2.38,EIA/OPEC ASB 2025 + synthetic fill
2016,9,2016-09-01,Venezuela,LAm,True,1.811,1.597,43.48,40.84,42.6,95.65,2.11,EIA/OPEC ASB 2025 + synthetic fill
2016,9,2016-09-01,Nigeria,AFR,True,2.152,1.699,43.48,40.84,42.6,95.65,2.25,EIA/OPEC ASB 2025 + synthetic fill
2016,9,2016-09-01,Canada,NAm,False,5.405,3.909,43.48,40.84,42.6,95.65,5.17,EIA/OPEC ASB 2025 + synthetic fill
2016,9,2016-09-01,Norway,EUR,False,2.819,2.499,43.48,40.84,42.6,95.65,3.3,EIA/OPEC ASB 2025 + synthetic fill
2016,9,2016-09-01,Kazakhstan,CIS,False,0.997,0.787,43.48,40.84,42.6,95.65,1.04,EIA/OPEC ASB 2025 + synthetic fill
2016,9,2016-09-01,Libya,AFR,True,0.871,0.734,43.48,40.84,42.6,95.65,0.97,EIA/OPEC ASB 2025 + synthetic fill
2016,9,2016-09-01,Qatar,Gulf,True,0.767,0.641,43.48,40.84,42.6,95.65,0.85,EIA/OPEC ASB 2025 + synthetic fill
2016,9,2016-09-01,Algeria,AFR,True,1.308,0.99,43.48,40.84,42.6,95.65,1.31,EIA/OPEC ASB 2025 + synthetic fill
2016,9,2016-09-01,Angola,AFR,True,0.75,0.659,43.48,40.84,42.6,95.65,0.87,EIA/OPEC ASB 2025 + synthetic fill
2016,9,2016-09-01,Mexico,LAm,False,3.379,1.735,43.48,40.84,42.6,95.65,2.29,EIA/OPEC ASB 2025 + synthetic fill
2016,9,2016-09-01,Brazil,LAm,False,4.043,1.502,43.48,40.84,42.6,95.65,1.99,EIA/OPEC ASB 2025 + synthetic fill
2016,10,2016-10-01,Saudi Arabia,Gulf,True,10.736,8.879,44.01,40.22,42.83,95.2,11.89,EIA/OPEC ASB 2025 + synthetic fill
2016,10,2016-10-01,Russia,CIS,False,9.236,6.872,44.01,40.22,42.83,95.2,9.2,EIA/OPEC ASB 2025 + synthetic fill
2016,10,2016-10-01,United States,NAm,False,10.096,0.36,44.01,40.22,42.83,95.2,0.48,EIA/OPEC ASB 2025 + synthetic fill
2016,10,2016-10-01,Iraq,Gulf,True,5.288,4.316,44.01,40.22,42.83,95.2,5.78,EIA/OPEC ASB 2025 + synthetic fill
2016,10,2016-10-01,United Arab Emirates,Gulf,True,2.335,2.112,44.01,40.22,42.83,95.2,2.83,EIA/OPEC ASB 2025 + synthetic fill
2016,10,2016-10-01,Iran,Gulf,True,3.043,1.818,44.01,40.22,42.83,95.2,2.43,EIA/OPEC ASB 2025 + synthetic fill
2016,10,2016-10-01,Kuwait,Gulf,True,2.158,1.95,44.01,40.22,42.83,95.2,2.61,EIA/OPEC ASB 2025 + synthetic fill
2016,10,2016-10-01,Venezuela,LAm,True,1.908,1.644,44.01,40.22,42.83,95.2,2.2,EIA/OPEC ASB 2025 + synthetic fill
2016,10,2016-10-01,Nigeria,AFR,True,2.149,1.706,44.01,40.22,42.83,95.2,2.28,EIA/OPEC ASB 2025 + synthetic fill
2016,10,2016-10-01,Canada,NAm,False,5.341,3.973,44.01,40.22,42.83,95.2,5.32,EIA/OPEC ASB 2025 + synthetic fill
2016,10,2016-10-01,Norway,EUR,False,2.675,2.268,44.01,40.22,42.83,95.2,3.04,EIA/OPEC ASB 2025 + synthetic fill
2016,10,2016-10-01,Kazakhstan,CIS,False,1.024,0.8,44.01,40.22,42.83,95.2,1.07,EIA/OPEC ASB 2025 + synthetic fill
2016,10,2016-10-01,Libya,AFR,True,0.887,0.753,44.01,40.22,42.83,95.2,1.01,EIA/OPEC ASB 2025 + synthetic fill
2016,10,2016-10-01,Qatar,Gulf,True,0.745,0.626,44.01,40.22,42.83,95.2,0.84,EIA/OPEC ASB 2025 + synthetic fill
2016,10,2016-10-01,Algeria,AFR,True,1.333,0.998,44.01,40.22,42.83,95.2,1.34,EIA/OPEC ASB 2025 + synthetic fill
2016,10,2016-10-01,Angola,AFR,True,0.727,0.66,44.01,40.22,42.83,95.2,0.88,EIA/OPEC ASB 2025 + synthetic fill
2016,10,2016-10-01,Mexico,LAm,False,3.393,1.702,44.01,40.22,42.83,95.2,2.28,EIA/OPEC ASB 2025 + synthetic fill
2016,10,2016-10-01,Brazil,LAm,False,3.954,1.43,44.01,40.22,42.83,95.2,1.91,EIA/OPEC ASB 2025 + synthetic fill
2016,11,2016-11-01,Saudi Arabia,Gulf,True,10.954,8.68,39.28,34.85,38.77,94.95,10.37,EIA/OPEC ASB 2025 + synthetic fill
2016,11,2016-11-01,Russia,CIS,False,9.627,6.974,39.28,34.85,38.77,94.95,8.33,EIA/OPEC ASB 2025 + synthetic fill
2016,11,2016-11-01,United States,NAm,False,9.714,0.316,39.28,34.85,38.77,94.95,0.38,EIA/OPEC ASB 2025 + synthetic fill
2016,11,2016-11-01,Iraq,Gulf,True,5.026,4.148,39.28,34.85,38.77,94.95,4.96,EIA/OPEC ASB 2025 + synthetic fill
2016,11,2016-11-01,United Arab Emirates,Gulf,True,2.466,2.156,39.28,34.85,38.77,94.95,2.58,EIA/OPEC ASB 2025 + synthetic fill
2016,11,2016-11-01,Iran,Gulf,True,3.155,1.831,39.28,34.85,38.77,94.95,2.19,EIA/OPEC ASB 2025 + synthetic fill
2016,11,2016-11-01,Kuwait,Gulf,True,2.102,1.68,39.28,34.85,38.77,94.95,2.01,EIA/OPEC ASB 2025 + synthetic fill
2016,11,2016-11-01,Venezuela,LAm,True,1.694,1.385,39.28,34.85,38.77,94.95,1.65,EIA/OPEC ASB 2025 + synthetic fill
2016,11,2016-11-01,Nigeria,AFR,True,2.093,1.884,39.28,34.85,38.77,94.95,2.25,EIA/OPEC ASB 2025 + synthetic fill
2016,11,2016-11-01,Canada,NAm,False,5.267,3.968,39.28,34.85,38.77,94.95,4.74,EIA/OPEC ASB 2025 + synthetic fill
2016,11,2016-11-01,Norway,EUR,False,2.717,2.192,39.28,34.85,38.77,94.95,2.62,EIA/OPEC ASB 2025 + synthetic fill
2016,11,2016-11-01,Kazakhstan,CIS,False,0.982,0.775,39.28,34.85,38.77,94.95,0.93,EIA/OPEC ASB 2025 + synthetic fill
2016,11,2016-11-01,Libya,AFR,True,0.913,0.743,39.28,34.85,38.77,94.95,0.89,EIA/OPEC ASB 2025 + synthetic fill
2016,11,2016-11-01,Qatar,Gulf,True,0.744,0.592,39.28,34.85,38.77,94.95,0.71,EIA/OPEC ASB 2025 + synthetic fill
2016,11,2016-11-01,Algeria,AFR,True,1.248,0.914,39.28,34.85,38.77,94.95,1.09,EIA/OPEC ASB 2025 + synthetic fill
2016,11,2016-11-01,Angola,AFR,True,0.742,0.67,39.28,34.85,38.77,94.95,0.8,EIA/OPEC ASB 2025 + synthetic fill
2016,11,2016-11-01,Mexico,LAm,False,3.532,1.878,39.28,34.85,38.77,94.95,2.24,EIA/OPEC ASB 2025 + synthetic fill
2016,11,2016-11-01,Brazil,LAm,False,3.985,1.548,39.28,34.85,38.77,94.95,1.85,EIA/OPEC ASB 2025 + synthetic fill
2016,12,2016-12-01,Saudi Arabia,Gulf,True,10.411,8.916,39.21,35.27,39.07,95.33,10.63,EIA/OPEC ASB 2025 + synthetic fill
2016,12,2016-12-01,Russia,CIS,False,9.103,6.718,39.21,35.27,39.07,95.33,8.01,EIA/OPEC ASB 2025 + synthetic fill
2016,12,2016-12-01,United States,NAm,False,10.274,0.33,39.21,35.27,39.07,95.33,0.39,EIA/OPEC ASB 2025 + synthetic fill
2016,12,2016-12-01,Iraq,Gulf,True,5.177,4.055,39.21,35.27,39.07,95.33,4.84,EIA/OPEC ASB 2025 + synthetic fill
2016,12,2016-12-01,United Arab Emirates,Gulf,True,2.392,2.246,39.21,35.27,39.07,95.33,2.68,EIA/OPEC ASB 2025 + synthetic fill
2016,12,2016-12-01,Iran,Gulf,True,2.861,1.637,39.21,35.27,39.07,95.33,1.95,EIA/OPEC ASB 2025 + synthetic fill
2016,12,2016-12-01,Kuwait,Gulf,True,2.031,1.834,39.21,35.27,39.07,95.33,2.19,EIA/OPEC ASB 2025 + synthetic fill
2016,12,2016-12-01,Venezuela,LAm,True,1.792,1.494,39.21,35.27,39.07,95.33,1.78,EIA/OPEC ASB 2025 + synthetic fill
2016,12,2016-12-01,Nigeria,AFR,True,2.119,1.807,39.21,35.27,39.07,95.33,2.16,EIA/OPEC ASB 2025 + synthetic fill
2016,12,2016-12-01,Canada,NAm,False,5.36,4.008,39.21,35.27,39.07,95.33,4.78,EIA/OPEC ASB 2025 + synthetic fill
2016,12,2016-12-01,Norway,EUR,False,2.775,2.274,39.21,35.27,39.07,95.33,2.71,EIA/OPEC ASB 2025 + synthetic fill
2016,12,2016-12-01,Kazakhstan,CIS,False,0.997,0.81,39.21,35.27,39.07,95.33,0.97,EIA/OPEC ASB 2025 + synthetic fill
2016,12,2016-12-01,Libya,AFR,True,0.923,0.803,39.21,35.27,39.07,95.33,0.96,EIA/OPEC ASB 2025 + synthetic fill
2016,12,2016-12-01,Qatar,Gulf,True,0.728,0.554,39.21,35.27,39.07,95.33,0.66,EIA/OPEC ASB 2025 + synthetic fill
2016,12,2016-12-01,Algeria,AFR,True,1.219,0.864,39.21,35.27,39.07,95.33,1.03,EIA/OPEC ASB 2025 + synthetic fill
2016,12,2016-12-01,Angola,AFR,True,0.764,0.623,39.21,35.27,39.07,95.33,0.74,EIA/OPEC ASB 2025 + synthetic fill
2016,12,2016-12-01,Mexico,LAm,False,3.552,1.862,39.21,35.27,39.07,95.33,2.22,EIA/OPEC ASB 2025 + synthetic fill
2016,12,2016-12-01,Brazil,LAm,False,4.008,1.517,39.21,35.27,39.07,95.33,1.81,EIA/OPEC ASB 2025 + synthetic fill
2017,1,2017-01-01,Saudi Arabia,Gulf,True,10.52,8.345,51.06,47.4,49.66,97.2,12.96,EIA/OPEC ASB 2025 + synthetic fill
2017,1,2017-01-01,Russia,CIS,False,9.043,6.838,51.06,47.4,49.66,97.2,10.62,EIA/OPEC ASB 2025 + synthetic fill
2017,1,2017-01-01,United States,NAm,False,10.919,0.384,51.06,47.4,49.66,97.2,0.6,EIA/OPEC ASB 2025 + synthetic fill
2017,1,2017-01-01,Iraq,Gulf,True,5.43,4.502,51.06,47.4,49.66,97.2,6.99,EIA/OPEC ASB 2025 + synthetic fill
2017,1,2017-01-01,United Arab Emirates,Gulf,True,2.433,2.272,51.06,47.4,49.66,97.2,3.53,EIA/OPEC ASB 2025 + synthetic fill
2017,1,2017-01-01,Iran,Gulf,True,2.923,1.738,51.06,47.4,49.66,97.2,2.7,EIA/OPEC ASB 2025 + synthetic fill
2017,1,2017-01-01,Kuwait,Gulf,True,2.147,1.906,51.06,47.4,49.66,97.2,2.96,EIA/OPEC ASB 2025 + synthetic fill
2017,1,2017-01-01,Venezuela,LAm,True,1.695,1.341,51.06,47.4,49.66,97.2,2.08,EIA/OPEC ASB 2025 + synthetic fill
2017,1,2017-01-01,Nigeria,AFR,True,2.09,1.824,51.06,47.4,49.66,97.2,2.83,EIA/OPEC ASB 2025 + synthetic fill
2017,1,2017-01-01,Canada,NAm,False,5.131,3.426,51.06,47.4,49.66,97.2,5.32,EIA/OPEC ASB 2025 + synthetic fill
2017,1,2017-01-01,Norway,EUR,False,2.748,2.291,51.06,47.4,49.66,97.2,3.56,EIA/OPEC ASB 2025 + synthetic fill
2017,1,2017-01-01,Kazakhstan,CIS,False,0.988,0.771,51.06,47.4,49.66,97.2,1.2,EIA/OPEC ASB 2025 + synthetic fill
2017,1,2017-01-01,Libya,AFR,True,0.959,0.863,51.06,47.4,49.66,97.2,1.34,EIA/OPEC ASB 2025 + synthetic fill
2017,1,2017-01-01,Qatar,Gulf,True,0.747,0.633,51.06,47.4,49.66,97.2,0.98,EIA/OPEC ASB 2025 + synthetic fill
2017,1,2017-01-01,Algeria,AFR,True,1.223,0.894,51.06,47.4,49.66,97.2,1.39,EIA/OPEC ASB 2025 + synthetic fill
2017,1,2017-01-01,Angola,AFR,True,0.745,0.684,51.06,47.4,49.66,97.2,1.06,EIA/OPEC ASB 2025 + synthetic fill
2017,1,2017-01-01,Mexico,LAm,False,3.404,1.791,51.06,47.4,49.66,97.2,2.78,EIA/OPEC ASB 2025 + synthetic fill
2017,1,2017-01-01,Brazil,LAm,False,3.993,1.474,51.06,47.4,49.66,97.2,2.29,EIA/OPEC ASB 2025 + synthetic fill
2017,2,2017-02-01,Saudi Arabia,Gulf,True,10.927,9.01,52.48,48.05,52.3,97.11,14.38,EIA/OPEC ASB 2025 + synthetic fill
2017,2,2017-02-01,Russia,CIS,False,9.64,7.111,52.48,48.05,52.3,97.11,11.35,EIA/OPEC ASB 2025 + synthetic fill
2017,2,2017-02-01,United States,NAm,False,10.576,0.359,52.48,48.05,52.3,97.11,0.57,EIA/OPEC ASB 2025 + synthetic fill
2017,2,2017-02-01,Iraq,Gulf,True,4.972,3.938,52.48,48.05,52.3,97.11,6.29,EIA/OPEC ASB 2025 + synthetic fill
2017,2,2017-02-01,United Arab Emirates,Gulf,True,2.46,2.166,52.48,48.05,52.3,97.11,3.46,EIA/OPEC ASB 2025 + synthetic fill
2017,2,2017-02-01,Iran,Gulf,True,3.047,1.751,52.48,48.05,52.3,97.11,2.8,EIA/OPEC ASB 2025 + synthetic fill
2017,2,2017-02-01,Kuwait,Gulf,True,2.117,1.856,52.48,48.05,52.3,97.11,2.96,EIA/OPEC ASB 2025 + synthetic fill
2017,2,2017-02-01,Venezuela,LAm,True,1.739,1.335,52.48,48.05,52.3,97.11,2.13,EIA/OPEC ASB 2025 + synthetic fill
2017,2,2017-02-01,Nigeria,AFR,True,2.09,1.818,52.48,48.05,52.3,97.11,2.9,EIA/OPEC ASB 2025 + synthetic fill
2017,2,2017-02-01,Canada,NAm,False,5.216,3.975,52.48,48.05,52.3,97.11,6.35,EIA/OPEC ASB 2025 + synthetic fill
2017,2,2017-02-01,Norway,EUR,False,2.825,2.335,52.48,48.05,52.3,97.11,3.73,EIA/OPEC ASB 2025 + synthetic fill
2017,2,2017-02-01,Kazakhstan,CIS,False,1.049,0.871,52.48,48.05,52.3,97.11,1.39,EIA/OPEC ASB 2025 + synthetic fill
2017,2,2017-02-01,Libya,AFR,True,0.945,0.865,52.48,48.05,52.3,97.11,1.38,EIA/OPEC ASB 2025 + synthetic fill
2017,2,2017-02-01,Qatar,Gulf,True,0.746,0.564,52.48,48.05,52.3,97.11,0.9,EIA/OPEC ASB 2025 + synthetic fill
2017,2,2017-02-01,Algeria,AFR,True,1.333,0.97,52.48,48.05,52.3,97.11,1.55,EIA/OPEC ASB 2025 + synthetic fill
2017,2,2017-02-01,Angola,AFR,True,0.767,0.667,52.48,48.05,52.3,97.11,1.06,EIA/OPEC ASB 2025 + synthetic fill
2017,2,2017-02-01,Mexico,LAm,False,3.517,1.818,52.48,48.05,52.3,97.11,2.9,EIA/OPEC ASB 2025 + synthetic fill
2017,2,2017-02-01,Brazil,LAm,False,4.087,1.454,52.48,48.05,52.3,97.11,2.32,EIA/OPEC ASB 2025 + synthetic fill
2017,3,2017-03-01,Saudi Arabia,Gulf,True,10.477,8.774,54.34,50.59,52.48,97.65,14.5,EIA/OPEC ASB 2025 + synthetic fill
2017,3,2017-03-01,Russia,CIS,False,9.176,6.76,54.34,50.59,52.48,97.65,11.17,EIA/OPEC ASB 2025 + synthetic fill
2017,3,2017-03-01,United States,NAm,False,10.135,0.364,54.34,50.59,52.48,97.65,0.6,EIA/OPEC ASB 2025 + synthetic fill
2017,3,2017-03-01,Iraq,Gulf,True,4.959,4.212,54.34,50.59,52.48,97.65,6.96,EIA/OPEC ASB 2025 + synthetic fill
2017,3,2017-03-01,United Arab Emirates,Gulf,True,2.386,2.125,54.34,50.59,52.48,97.65,3.51,EIA/OPEC ASB 2025 + synthetic fill
2017,3,2017-03-01,Iran,Gulf,True,3.025,1.732,54.34,50.59,52.48,97.65,2.86,EIA/OPEC ASB 2025 + synthetic fill
2017,3,2017-03-01,Kuwait,Gulf,True,2.153,1.871,54.34,50.59,52.48,97.65,3.09,EIA/OPEC ASB 2025 + synthetic fill
2017,3,2017-03-01,Venezuela,LAm,True,1.665,1.376,54.34,50.59,52.48,97.65,2.27,EIA/OPEC ASB 2025 + synthetic fill
2017,3,2017-03-01,Nigeria,AFR,True,2.168,1.859,54.34,50.59,52.48,97.65,3.07,EIA/OPEC ASB 2025 + synthetic fill
2017,3,2017-03-01,Canada,NAm,False,5.432,3.748,54.34,50.59,52.48,97.65,6.19,EIA/OPEC ASB 2025 + synthetic fill
2017,3,2017-03-01,Norway,EUR,False,2.725,2.174,54.34,50.59,52.48,97.65,3.59,EIA/OPEC ASB 2025 + synthetic fill
2017,3,2017-03-01,Kazakhstan,CIS,False,0.956,0.755,54.34,50.59,52.48,97.65,1.25,EIA/OPEC ASB 2025 + synthetic fill
2017,3,2017-03-01,Libya,AFR,True,0.93,0.806,54.34,50.59,52.48,97.65,1.33,EIA/OPEC ASB 2025 + synthetic fill
2017,3,2017-03-01,Qatar,Gulf,True,0.734,0.548,54.34,50.59,52.48,97.65,0.91,EIA/OPEC ASB 2025 + synthetic fill
2017,3,2017-03-01,Algeria,AFR,True,1.313,0.975,54.34,50.59,52.48,97.65,1.61,EIA/OPEC ASB 2025 + synthetic fill
2017,3,2017-03-01,Angola,AFR,True,0.766,0.628,54.34,50.59,52.48,97.65,1.04,EIA/OPEC ASB 2025 + synthetic fill
2017,3,2017-03-01,Mexico,LAm,False,3.407,1.8,54.34,50.59,52.48,97.65,2.98,EIA/OPEC ASB 2025 + synthetic fill
2017,3,2017-03-01,Brazil,LAm,False,4.114,1.575,54.34,50.59,52.48,97.65,2.6,EIA/OPEC ASB 2025 + synthetic fill
2017,4,2017-04-01,Saudi Arabia,Gulf,True,10.519,8.12,56.41,53.33,55.66,96.98,13.93,EIA/OPEC ASB 2025 + synthetic fill
2017,4,2017-04-01,Russia,CIS,False,8.968,6.569,56.41,53.33,55.66,96.98,11.27,EIA/OPEC ASB 2025 + synthetic fill
2017,4,2017-04-01,United States,NAm,False,10.965,0.357,56.41,53.33,55.66,96.98,0.61,EIA/OPEC ASB 2025 + synthetic fill
2017,4,2017-04-01,Iraq,Gulf,True,5.097,4.298,56.41,53.33,55.66,96.98,7.37,EIA/OPEC ASB 2025 + synthetic fill
2017,4,2017-04-01,United Arab Emirates,Gulf,True,2.433,2.302,56.41,53.33,55.66,96.98,3.95,EIA/OPEC ASB 2025 + synthetic fill
2017,4,2017-04-01,Iran,Gulf,True,2.963,1.697,56.41,53.33,55.66,96.98,2.91,EIA/OPEC ASB 2025 + synthetic fill
2017,4,2017-04-01,Kuwait,Gulf,True,2.125,1.717,56.41,53.33,55.66,96.98,2.95,EIA/OPEC ASB 2025 + synthetic fill
2017,4,2017-04-01,Venezuela,LAm,True,1.632,1.358,56.41,53.33,55.66,96.98,2.33,EIA/OPEC ASB 2025 + synthetic fill
2017,4,2017-04-01,Nigeria,AFR,True,2.108,1.91,56.41,53.33,55.66,96.98,3.28,EIA/OPEC ASB 2025 + synthetic fill
2017,4,2017-04-01,Canada,NAm,False,5.393,3.847,56.41,53.33,55.66,96.98,6.6,EIA/OPEC ASB 2025 + synthetic fill
2017,4,2017-04-01,Norway,EUR,False,2.677,2.212,56.41,53.33,55.66,96.98,3.8,EIA/OPEC ASB 2025 + synthetic fill
2017,4,2017-04-01,Kazakhstan,CIS,False,1.024,0.862,56.41,53.33,55.66,96.98,1.48,EIA/OPEC ASB 2025 + synthetic fill
2017,4,2017-04-01,Libya,AFR,True,0.976,0.89,56.41,53.33,55.66,96.98,1.53,EIA/OPEC ASB 2025 + synthetic fill
2017,4,2017-04-01,Qatar,Gulf,True,0.75,0.596,56.41,53.33,55.66,96.98,1.02,EIA/OPEC ASB 2025 + synthetic fill
2017,4,2017-04-01,Algeria,AFR,True,1.259,0.89,56.41,53.33,55.66,96.98,1.53,EIA/OPEC ASB 2025 + synthetic fill
2017,4,2017-04-01,Angola,AFR,True,0.723,0.627,56.41,53.33,55.66,96.98,1.08,EIA/OPEC ASB 2025 + synthetic fill
2017,4,2017-04-01,Mexico,LAm,False,3.365,1.885,56.41,53.33,55.66,96.98,3.23,EIA/OPEC ASB 2025 + synthetic fill
2017,4,2017-04-01,Brazil,LAm,False,4.033,1.504,56.41,53.33,55.66,96.98,2.58,EIA/OPEC ASB 2025 + synthetic fill
2017,5,2017-05-01,Saudi Arabia,Gulf,True,10.639,8.428,54.92,53.52,53.46,97.25,14.08,EIA/OPEC ASB 2025 + synthetic fill
2017,5,2017-05-01,Russia,CIS,False,9.531,7.057,54.92,53.52,53.46,97.25,11.79,EIA/OPEC ASB 2025 + synthetic fill
2017,5,2017-05-01,United States,NAm,False,10.807,0.354,54.92,53.52,53.46,97.25,0.59,EIA/OPEC ASB 2025 + synthetic fill
2017,5,2017-05-01,Iraq,Gulf,True,5.12,4.173,54.92,53.52,53.46,97.25,6.97,EIA/OPEC ASB 2025 + synthetic fill
2017,5,2017-05-01,United Arab Emirates,Gulf,True,2.458,2.096,54.92,53.52,53.46,97.25,3.5,EIA/OPEC ASB 2025 + synthetic fill
2017,5,2017-05-01,Iran,Gulf,True,2.912,1.701,54.92,53.52,53.46,97.25,2.84,EIA/OPEC ASB 2025 + synthetic fill
2017,5,2017-05-01,Kuwait,Gulf,True,2.016,1.687,54.92,53.52,53.46,97.25,2.82,EIA/OPEC ASB 2025 + synthetic fill
2017,5,2017-05-01,Venezuela,LAm,True,1.641,1.274,54.92,53.52,53.46,97.25,2.13,EIA/OPEC ASB 2025 + synthetic fill
2017,5,2017-05-01,Nigeria,AFR,True,2.099,1.83,54.92,53.52,53.46,97.25,3.06,EIA/OPEC ASB 2025 + synthetic fill
2017,5,2017-05-01,Canada,NAm,False,5.581,3.998,54.92,53.52,53.46,97.25,6.68,EIA/OPEC ASB 2025 + synthetic fill
2017,5,2017-05-01,Norway,EUR,False,2.838,2.537,54.92,53.52,53.46,97.25,4.24,EIA/OPEC ASB 2025 + synthetic fill
2017,5,2017-05-01,Kazakhstan,CIS,False,1.017,0.828,54.92,53.52,53.46,97.25,1.38,EIA/OPEC ASB 2025 + synthetic fill
2017,5,2017-05-01,Libya,AFR,True,0.975,0.855,54.92,53.52,53.46,97.25,1.43,EIA/OPEC ASB 2025 + synthetic fill
2017,5,2017-05-01,Qatar,Gulf,True,0.767,0.635,54.92,53.52,53.46,97.25,1.06,EIA/OPEC ASB 2025 + synthetic fill
2017,5,2017-05-01,Algeria,AFR,True,1.224,0.83,54.92,53.52,53.46,97.25,1.39,EIA/OPEC ASB 2025 + synthetic fill
2017,5,2017-05-01,Angola,AFR,True,0.738,0.677,54.92,53.52,53.46,97.25,1.13,EIA/OPEC ASB 2025 + synthetic fill
2017,5,2017-05-01,Mexico,LAm,False,3.382,1.799,54.92,53.52,53.46,97.25,3.01,EIA/OPEC ASB 2025 + synthetic fill
2017,5,2017-05-01,Brazil,LAm,False,4.181,1.497,54.92,53.52,53.46,97.25,2.5,EIA/OPEC ASB 2025 + synthetic fill
2017,6,2017-06-01,Saudi Arabia,Gulf,True,10.464,8.33,57.44,54.25,58.24,97.4,14.55,EIA/OPEC ASB 2025 + synthetic fill
2017,6,2017-06-01,Russia,CIS,False,9.217,6.309,57.44,54.25,58.24,97.4,11.02,EIA/OPEC ASB 2025 + synthetic fill
2017,6,2017-06-01,United States,NAm,False,10.634,0.338,57.44,54.25,58.24,97.4,0.59,EIA/OPEC ASB 2025 + synthetic fill
2017,6,2017-06-01,Iraq,Gulf,True,5.109,4.175,57.44,54.25,58.24,97.4,7.29,EIA/OPEC ASB 2025 + synthetic fill
2017,6,2017-06-01,United Arab Emirates,Gulf,True,2.457,2.105,57.44,54.25,58.24,97.4,3.68,EIA/OPEC ASB 2025 + synthetic fill
2017,6,2017-06-01,Iran,Gulf,True,2.787,1.788,57.44,54.25,58.24,97.4,3.12,EIA/OPEC ASB 2025 + synthetic fill
2017,6,2017-06-01,Kuwait,Gulf,True,2.138,1.765,57.44,54.25,58.24,97.4,3.08,EIA/OPEC ASB 2025 + synthetic fill
2017,6,2017-06-01,Venezuela,LAm,True,1.61,1.389,57.44,54.25,58.24,97.4,2.43,EIA/OPEC ASB 2025 + synthetic fill
2017,6,2017-06-01,Nigeria,AFR,True,2.036,1.777,57.44,54.25,58.24,97.4,3.1,EIA/OPEC ASB 2025 + synthetic fill
2017,6,2017-06-01,Canada,NAm,False,5.464,4.096,57.44,54.25,58.24,97.4,7.16,EIA/OPEC ASB 2025 + synthetic fill
2017,6,2017-06-01,Norway,EUR,False,2.653,2.34,57.44,54.25,58.24,97.4,4.09,EIA/OPEC ASB 2025 + synthetic fill
2017,6,2017-06-01,Kazakhstan,CIS,False,0.989,0.747,57.44,54.25,58.24,97.4,1.31,EIA/OPEC ASB 2025 + synthetic fill
2017,6,2017-06-01,Libya,AFR,True,1.0,0.839,57.44,54.25,58.24,97.4,1.47,EIA/OPEC ASB 2025 + synthetic fill
2017,6,2017-06-01,Qatar,Gulf,True,0.744,0.609,57.44,54.25,58.24,97.4,1.06,EIA/OPEC ASB 2025 + synthetic fill
2017,6,2017-06-01,Algeria,AFR,True,1.288,0.93,57.44,54.25,58.24,97.4,1.62,EIA/OPEC ASB 2025 + synthetic fill
2017,6,2017-06-01,Angola,AFR,True,0.745,0.671,57.44,54.25,58.24,97.4,1.17,EIA/OPEC ASB 2025 + synthetic fill
2017,6,2017-06-01,Mexico,LAm,False,3.356,1.637,57.44,54.25,58.24,97.4,2.86,EIA/OPEC ASB 2025 + synthetic fill
2017,6,2017-06-01,Brazil,LAm,False,4.198,1.602,57.44,54.25,58.24,97.4,2.8,EIA/OPEC ASB 2025 + synthetic fill
2017,7,2017-07-01,Saudi Arabia,Gulf,True,11.029,9.595,57.0,54.48,55.79,97.43,16.64,EIA/OPEC ASB 2025 + synthetic fill
2017,7,2017-07-01,Russia,CIS,False,9.521,6.93,57.0,54.48,55.79,97.43,12.01,EIA/OPEC ASB 2025 + synthetic fill
2017,7,2017-07-01,United States,NAm,False,10.551,0.371,57.0,54.48,55.79,97.43,0.64,EIA/OPEC ASB 2025 + synthetic fill
2017,7,2017-07-01,Iraq,Gulf,True,5.365,4.262,57.0,54.48,55.79,97.43,7.39,EIA/OPEC ASB 2025 + synthetic fill
2017,7,2017-07-01,United Arab Emirates,Gulf,True,2.507,2.276,57.0,54.48,55.79,97.43,3.95,EIA/OPEC ASB 2025 + synthetic fill
2017,7,2017-07-01,Iran,Gulf,True,2.749,1.61,57.0,54.48,55.79,97.43,2.79,EIA/OPEC ASB 2025 + synthetic fill
2017,7,2017-07-01,Kuwait,Gulf,True,1.988,1.778,57.0,54.48,55.79,97.43,3.08,EIA/OPEC ASB 2025 + synthetic fill
2017,7,2017-07-01,Venezuela,LAm,True,1.565,1.348,57.0,54.48,55.79,97.43,2.34,EIA/OPEC ASB 2025 + synthetic fill
2017,7,2017-07-01,Nigeria,AFR,True,2.065,1.863,57.0,54.48,55.79,97.43,3.23,EIA/OPEC ASB 2025 + synthetic fill
2017,7,2017-07-01,Canada,NAm,False,5.723,4.025,57.0,54.48,55.79,97.43,6.98,EIA/OPEC ASB 2025 + synthetic fill
2017,7,2017-07-01,Norway,EUR,False,2.735,2.149,57.0,54.48,55.79,97.43,3.73,EIA/OPEC ASB 2025 + synthetic fill
2017,7,2017-07-01,Kazakhstan,CIS,False,1.01,0.826,57.0,54.48,55.79,97.43,1.43,EIA/OPEC ASB 2025 + synthetic fill
2017,7,2017-07-01,Libya,AFR,True,1.001,0.805,57.0,54.48,55.79,97.43,1.4,EIA/OPEC ASB 2025 + synthetic fill
2017,7,2017-07-01,Qatar,Gulf,True,0.746,0.611,57.0,54.48,55.79,97.43,1.06,EIA/OPEC ASB 2025 + synthetic fill
2017,7,2017-07-01,Algeria,AFR,True,1.216,0.913,57.0,54.48,55.79,97.43,1.58,EIA/OPEC ASB 2025 + synthetic fill
2017,7,2017-07-01,Angola,AFR,True,0.743,0.679,57.0,54.48,55.79,97.43,1.18,EIA/OPEC ASB 2025 + synthetic fill
2017,7,2017-07-01,Mexico,LAm,False,3.31,1.791,57.0,54.48,55.79,97.43,3.11,EIA/OPEC ASB 2025 + synthetic fill
2017,7,2017-07-01,Brazil,LAm,False,4.266,1.62,57.0,54.48,55.79,97.43,2.81,EIA/OPEC ASB 2025 + synthetic fill
2017,8,2017-08-01,Saudi Arabia,Gulf,True,10.32,8.903,47.85,43.3,46.76,97.2,12.96,EIA/OPEC ASB 2025 + synthetic fill
2017,8,2017-08-01,Russia,CIS,False,9.588,7.016,47.85,43.3,46.76,97.2,10.21,EIA/OPEC ASB 2025 + synthetic fill
2017,8,2017-08-01,United States,NAm,False,10.499,0.371,47.85,43.3,46.76,97.2,0.54,EIA/OPEC ASB 2025 + synthetic fill
2017,8,2017-08-01,Iraq,Gulf,True,5.001,4.008,47.85,43.3,46.76,97.2,5.83,EIA/OPEC ASB 2025 + synthetic fill
2017,8,2017-08-01,United Arab Emirates,Gulf,True,2.39,2.268,47.85,43.3,46.76,97.2,3.3,EIA/OPEC ASB 2025 + synthetic fill
2017,8,2017-08-01,Iran,Gulf,True,2.553,1.628,47.85,43.3,46.76,97.2,2.37,EIA/OPEC ASB 2025 + synthetic fill
2017,8,2017-08-01,Kuwait,Gulf,True,2.029,1.748,47.85,43.3,46.76,97.2,2.54,EIA/OPEC ASB 2025 + synthetic fill
2017,8,2017-08-01,Venezuela,LAm,True,1.487,1.307,47.85,43.3,46.76,97.2,1.9,EIA/OPEC ASB 2025 + synthetic fill
2017,8,2017-08-01,Nigeria,AFR,True,2.05,1.745,47.85,43.3,46.76,97.2,2.54,EIA/OPEC ASB 2025 + synthetic fill
2017,8,2017-08-01,Canada,NAm,False,5.232,3.584,47.85,43.3,46.76,97.2,5.22,EIA/OPEC ASB 2025 + synthetic fill
2017,8,2017-08-01,Norway,EUR,False,2.868,2.4,47.85,43.3,46.76,97.2,3.49,EIA/OPEC ASB 2025 + synthetic fill
2017,8,2017-08-01,Kazakhstan,CIS,False,1.022,0.861,47.85,43.3,46.76,97.2,1.25,EIA/OPEC ASB 2025 + synthetic fill
2017,8,2017-08-01,Libya,AFR,True,0.976,0.822,47.85,43.3,46.76,97.2,1.2,EIA/OPEC ASB 2025 + synthetic fill
2017,8,2017-08-01,Qatar,Gulf,True,0.759,0.568,47.85,43.3,46.76,97.2,0.83,EIA/OPEC ASB 2025 + synthetic fill
2017,8,2017-08-01,Algeria,AFR,True,1.27,0.91,47.85,43.3,46.76,97.2,1.32,EIA/OPEC ASB 2025 + synthetic fill
2017,8,2017-08-01,Angola,AFR,True,0.743,0.662,47.85,43.3,46.76,97.2,0.96,EIA/OPEC ASB 2025 + synthetic fill
2017,8,2017-08-01,Mexico,LAm,False,3.453,1.757,47.85,43.3,46.76,97.2,2.56,EIA/OPEC ASB 2025 + synthetic fill
2017,8,2017-08-01,Brazil,LAm,False,4.288,1.566,47.85,43.3,46.76,97.2,2.28,EIA/OPEC ASB 2025 + synthetic fill
2017,9,2017-09-01,Saudi Arabia,Gulf,True,10.973,9.358,53.99,52.12,54.08,96.91,15.37,EIA/OPEC ASB 2025 + synthetic fill
2017,9,2017-09-01,Russia,CIS,False,9.277,6.129,53.99,52.12,54.08,96.91,10.07,EIA/OPEC ASB 2025 + synthetic fill
2017,9,2017-09-01,United States,NAm,False,10.275,0.35,53.99,52.12,54.08,96.91,0.57,EIA/OPEC ASB 2025 + synthetic fill
2017,9,2017-09-01,Iraq,Gulf,True,5.25,4.277,53.99,52.12,54.08,96.91,7.02,EIA/OPEC ASB 2025 + synthetic fill
2017,9,2017-09-01,United Arab Emirates,Gulf,True,2.36,2.097,53.99,52.12,54.08,96.91,3.44,EIA/OPEC ASB 2025 + synthetic fill
2017,9,2017-09-01,Iran,Gulf,True,2.64,1.485,53.99,52.12,54.08,96.91,2.44,EIA/OPEC ASB 2025 + synthetic fill
2017,9,2017-09-01,Kuwait,Gulf,True,2.126,1.767,53.99,52.12,54.08,96.91,2.9,EIA/OPEC ASB 2025 + synthetic fill
2017,9,2017-09-01,Venezuela,LAm,True,1.452,1.13,53.99,52.12,54.08,96.91,1.86,EIA/OPEC ASB 2025 + synthetic fill
2017,9,2017-09-01,Nigeria,AFR,True,2.078,1.767,53.99,52.12,54.08,96.91,2.9,EIA/OPEC ASB 2025 + synthetic fill
2017,9,2017-09-01,Canada,NAm,False,5.503,3.73,53.99,52.12,54.08,96.91,6.13,EIA/OPEC ASB 2025 + synthetic fill
2017,9,2017-09-01,Norway,EUR,False,2.812,2.235,53.99,52.12,54.08,96.91,3.67,EIA/OPEC ASB 2025 + synthetic fill
2017,9,2017-09-01,Kazakhstan,CIS,False,1.02,0.826,53.99,52.12,54.08,96.91,1.36,EIA/OPEC ASB 2025 + synthetic fill
2017,9,2017-09-01,Libya,AFR,True,1.012,0.844,53.99,52.12,54.08,96.91,1.39,EIA/OPEC ASB 2025 + synthetic fill
2017,9,2017-09-01,Qatar,Gulf,True,0.769,0.603,53.99,52.12,54.08,96.91,0.99,EIA/OPEC ASB 2025 + synthetic fill
2017,9,2017-09-01,Algeria,AFR,True,1.274,0.858,53.99,52.12,54.08,96.91,1.41,EIA/OPEC ASB 2025 + synthetic fill
2017,9,2017-09-01,Angola,AFR,True,0.781,0.664,53.99,52.12,54.08,96.91,1.09,EIA/OPEC ASB 2025 + synthetic fill
2017,9,2017-09-01,Mexico,LAm,False,3.427,1.759,53.99,52.12,54.08,96.91,2.89,EIA/OPEC ASB 2025 + synthetic fill
2017,9,2017-09-01,Brazil,LAm,False,4.193,1.582,53.99,52.12,54.08,96.91,2.6,EIA/OPEC ASB 2025 + synthetic fill
2017,10,2017-10-01,Saudi Arabia,Gulf,True,10.883,9.179,50.17,48.38,50.6,97.77,14.01,EIA/OPEC ASB 2025 + synthetic fill
2017,10,2017-10-01,Russia,CIS,False,9.483,7.086,50.17,48.38,50.6,97.77,10.81,EIA/OPEC ASB 2025 + synthetic fill
2017,10,2017-10-01,United States,NAm,False,10.771,0.367,50.17,48.38,50.6,97.77,0.56,EIA/OPEC ASB 2025 + synthetic fill
2017,10,2017-10-01,Iraq,Gulf,True,5.292,4.504,50.17,48.38,50.6,97.77,6.87,EIA/OPEC ASB 2025 + synthetic fill
2017,10,2017-10-01,United Arab Emirates,Gulf,True,2.394,2.188,50.17,48.38,50.6,97.77,3.34,EIA/OPEC ASB 2025 + synthetic fill
2017,10,2017-10-01,Iran,Gulf,True,2.709,1.708,50.17,48.38,50.6,97.77,2.61,EIA/OPEC ASB 2025 + synthetic fill
2017,10,2017-10-01,Kuwait,Gulf,True,2.09,1.84,50.17,48.38,50.6,97.77,2.81,EIA/OPEC ASB 2025 + synthetic fill
2017,10,2017-10-01,Venezuela,LAm,True,1.406,1.223,50.17,48.38,50.6,97.77,1.87,EIA/OPEC ASB 2025 + synthetic fill
2017,10,2017-10-01,Nigeria,AFR,True,1.981,1.763,50.17,48.38,50.6,97.77,2.69,EIA/OPEC ASB 2025 + synthetic fill
2017,10,2017-10-01,Canada,NAm,False,5.512,3.867,50.17,48.38,50.6,97.77,5.9,EIA/OPEC ASB 2025 + synthetic fill
2017,10,2017-10-01,Norway,EUR,False,2.785,2.169,50.17,48.38,50.6,97.77,3.31,EIA/OPEC ASB 2025 + synthetic fill
2017,10,2017-10-01,Kazakhstan,CIS,False,1.008,0.759,50.17,48.38,50.6,97.77,1.16,EIA/OPEC ASB 2025 + synthetic fill
2017,10,2017-10-01,Libya,AFR,True,0.975,0.805,50.17,48.38,50.6,97.77,1.23,EIA/OPEC ASB 2025 + synthetic fill
2017,10,2017-10-01,Qatar,Gulf,True,0.75,0.609,50.17,48.38,50.6,97.77,0.93,EIA/OPEC ASB 2025 + synthetic fill
2017,10,2017-10-01,Algeria,AFR,True,1.203,0.886,50.17,48.38,50.6,97.77,1.35,EIA/OPEC ASB 2025 + synthetic fill
2017,10,2017-10-01,Angola,AFR,True,0.793,0.674,50.17,48.38,50.6,97.77,1.03,EIA/OPEC ASB 2025 + synthetic fill
2017,10,2017-10-01,Mexico,LAm,False,3.376,1.835,50.17,48.38,50.6,97.77,2.8,EIA/OPEC ASB 2025 + synthetic fill
2017,10,2017-10-01,Brazil,LAm,False,4.385,1.61,50.17,48.38,50.6,97.77,2.46,EIA/OPEC ASB 2025 + synthetic fill
2017,11,2017-11-01,Saudi Arabia,Gulf,True,11.186,8.794,53.53,51.53,52.23,97.59,14.32,EIA/OPEC ASB 2025 + synthetic fill
2017,11,2017-11-01,Russia,CIS,False,8.862,6.551,53.53,51.53,52.23,97.59,10.67,EIA/OPEC ASB 2025 + synthetic fill
2017,11,2017-11-01,United States,NAm,False,10.852,0.387,53.53,51.53,52.23,97.59,0.63,EIA/OPEC ASB 2025 + synthetic fill
2017,11,2017-11-01,Iraq,Gulf,True,5.423,4.638,53.53,51.53,52.23,97.59,7.55,EIA/OPEC ASB 2025 + synthetic fill
2017,11,2017-11-01,United Arab Emirates,Gulf,True,2.362,2.293,53.53,51.53,52.23,97.59,3.73,EIA/OPEC ASB 2025 + synthetic fill
2017,11,2017-11-01,Iran,Gulf,True,2.599,1.593,53.53,51.53,52.23,97.59,2.59,EIA/OPEC ASB 2025 + synthetic fill
2017,11,2017-11-01,Kuwait,Gulf,True,2.075,1.669,53.53,51.53,52.23,97.59,2.72,EIA/OPEC ASB 2025 + synthetic fill
2017,11,2017-11-01,Venezuela,LAm,True,1.389,1.071,53.53,51.53,52.23,97.59,1.74,EIA/OPEC ASB 2025 + synthetic fill
2017,11,2017-11-01,Nigeria,AFR,True,2.221,1.865,53.53,51.53,52.23,97.59,3.04,EIA/OPEC ASB 2025 + synthetic fill
2017,11,2017-11-01,Canada,NAm,False,5.512,3.994,53.53,51.53,52.23,97.59,6.5,EIA/OPEC ASB 2025 + synthetic fill
2017,11,2017-11-01,Norway,EUR,False,2.783,2.294,53.53,51.53,52.23,97.59,3.74,EIA/OPEC ASB 2025 + synthetic fill
2017,11,2017-11-01,Kazakhstan,CIS,False,1.004,0.773,53.53,51.53,52.23,97.59,1.26,EIA/OPEC ASB 2025 + synthetic fill
2017,11,2017-11-01,Libya,AFR,True,1.017,0.852,53.53,51.53,52.23,97.59,1.39,EIA/OPEC ASB 2025 + synthetic fill
2017,11,2017-11-01,Qatar,Gulf,True,0.74,0.584,53.53,51.53,52.23,97.59,0.95,EIA/OPEC ASB 2025 + synthetic fill
2017,11,2017-11-01,Algeria,AFR,True,1.205,0.835,53.53,51.53,52.23,97.59,1.36,EIA/OPEC ASB 2025 + synthetic fill
2017,11,2017-11-01,Angola,AFR,True,0.748,0.621,53.53,51.53,52.23,97.59,1.01,EIA/OPEC ASB 2025 + synthetic fill
2017,11,2017-11-01,Mexico,LAm,False,3.385,1.754,53.53,51.53,52.23,97.59,2.86,EIA/OPEC ASB 2025 + synthetic fill
2017,11,2017-11-01,Brazil,LAm,False,4.382,1.626,53.53,51.53,52.23,97.59,2.65,EIA/OPEC ASB 2025 + synthetic fill
2017,12,2017-12-01,Saudi Arabia,Gulf,True,10.696,9.224,52.3,51.09,51.07,97.33,14.67,EIA/OPEC ASB 2025 + synthetic fill
2017,12,2017-12-01,Russia,CIS,False,9.7,6.472,52.3,51.09,51.07,97.33,10.3,EIA/OPEC ASB 2025 + synthetic fill
2017,12,2017-12-01,United States,NAm,False,11.021,0.369,52.3,51.09,51.07,97.33,0.59,EIA/OPEC ASB 2025 + synthetic fill
2017,12,2017-12-01,Iraq,Gulf,True,5.532,4.473,52.3,51.09,51.07,97.33,7.12,EIA/OPEC ASB 2025 + synthetic fill
2017,12,2017-12-01,United Arab Emirates,Gulf,True,2.408,2.201,52.3,51.09,51.07,97.33,3.5,EIA/OPEC ASB 2025 + synthetic fill
2017,12,2017-12-01,Iran,Gulf,True,2.566,1.632,52.3,51.09,51.07,97.33,2.6,EIA/OPEC ASB 2025 + synthetic fill
2017,12,2017-12-01,Kuwait,Gulf,True,2.058,1.712,52.3,51.09,51.07,97.33,2.72,EIA/OPEC ASB 2025 + synthetic fill
2017,12,2017-12-01,Venezuela,LAm,True,1.429,1.225,52.3,51.09,51.07,97.33,1.95,EIA/OPEC ASB 2025 + synthetic fill
2017,12,2017-12-01,Nigeria,AFR,True,2.05,1.777,52.3,51.09,51.07,97.33,2.83,EIA/OPEC ASB 2025 + synthetic fill
2017,12,2017-12-01,Canada,NAm,False,5.523,3.775,52.3,51.09,51.07,97.33,6.01,EIA/OPEC ASB 2025 + synthetic fill
2017,12,2017-12-01,Norway,EUR,False,2.661,2.107,52.3,51.09,51.07,97.33,3.35,EIA/OPEC ASB 2025 + synthetic fill
2017,12,2017-12-01,Kazakhstan,CIS,False,1.035,0.848,52.3,51.09,51.07,97.33,1.35,EIA/OPEC ASB 2025 + synthetic fill
2017,12,2017-12-01,Libya,AFR,True,1.065,0.967,52.3,51.09,51.07,97.33,1.54,EIA/OPEC ASB 2025 + synthetic fill
2017,12,2017-12-01,Qatar,Gulf,True,0.767,0.621,52.3,51.09,51.07,97.33,0.99,EIA/OPEC ASB 2025 + synthetic fill
2017,12,2017-12-01,Algeria,AFR,True,1.268,0.958,52.3,51.09,51.07,97.33,1.52,EIA/OPEC ASB 2025 + synthetic fill
2017,12,2017-12-01,Angola,AFR,True,0.777,0.627,52.3,51.09,51.07,97.33,1.0,EIA/OPEC ASB 2025 + synthetic fill
2017,12,2017-12-01,Mexico,LAm,False,3.325,1.798,52.3,51.09,51.07,97.33,2.86,EIA/OPEC ASB 2025 + synthetic fill
2017,12,2017-12-01,Brazil,LAm,False,4.275,1.741,52.3,51.09,51.07,97.33,2.77,EIA/OPEC ASB 2025 + synthetic fill
2018,1,2018-01-01,Saudi Arabia,Gulf,True,10.432,8.959,70.49,69.31,70.91,99.66,19.21,EIA/OPEC ASB 2025 + synthetic fill
2018,1,2018-01-01,Russia,CIS,False,9.394,6.975,70.49,69.31,70.91,99.66,14.95,EIA/OPEC ASB 2025 + synthetic fill
2018,1,2018-01-01,United States,NAm,False,11.414,0.411,70.49,69.31,70.91,99.66,0.88,EIA/OPEC ASB 2025 + synthetic fill
2018,1,2018-01-01,Iraq,Gulf,True,5.053,4.171,70.49,69.31,70.91,99.66,8.94,EIA/OPEC ASB 2025 + synthetic fill
2018,1,2018-01-01,United Arab Emirates,Gulf,True,2.373,2.022,70.49,69.31,70.91,99.66,4.34,EIA/OPEC ASB 2025 + synthetic fill
2018,1,2018-01-01,Iran,Gulf,True,2.384,1.426,70.49,69.31,70.91,99.66,3.06,EIA/OPEC ASB 2025 + synthetic fill
2018,1,2018-01-01,Kuwait,Gulf,True,2.156,1.706,70.49,69.31,70.91,99.66,3.66,EIA/OPEC ASB 2025 + synthetic fill
2018,1,2018-01-01,Venezuela,LAm,True,1.333,1.115,70.49,69.31,70.91,99.66,2.39,EIA/OPEC ASB 2025 + synthetic fill
2018,1,2018-01-01,Nigeria,AFR,True,2.091,1.66,70.49,69.31,70.91,99.66,3.56,EIA/OPEC ASB 2025 + synthetic fill
2018,1,2018-01-01,Canada,NAm,False,5.493,3.952,70.49,69.31,70.91,99.66,8.47,EIA/OPEC ASB 2025 + synthetic fill
2018,1,2018-01-01,Norway,EUR,False,2.803,2.421,70.49,69.31,70.91,99.66,5.19,EIA/OPEC ASB 2025 + synthetic fill
2018,1,2018-01-01,Kazakhstan,CIS,False,0.963,0.752,70.49,69.31,70.91,99.66,1.61,EIA/OPEC ASB 2025 + synthetic fill
2018,1,2018-01-01,Libya,AFR,True,1.029,0.942,70.49,69.31,70.91,99.66,2.02,EIA/OPEC ASB 2025 + synthetic fill
2018,1,2018-01-01,Qatar,Gulf,True,0.715,0.539,70.49,69.31,70.91,99.66,1.16,EIA/OPEC ASB 2025 + synthetic fill
2018,1,2018-01-01,Algeria,AFR,True,1.25,0.926,70.49,69.31,70.91,99.66,1.99,EIA/OPEC ASB 2025 + synthetic fill
2018,1,2018-01-01,Angola,AFR,True,0.732,0.619,70.49,69.31,70.91,99.66,1.33,EIA/OPEC ASB 2025 + synthetic fill
2018,1,2018-01-01,Mexico,LAm,False,3.393,1.693,70.49,69.31,70.91,99.66,3.63,EIA/OPEC ASB 2025 + synthetic fill
2018,1,2018-01-01,Brazil,LAm,False,4.391,1.605,70.49,69.31,70.91,99.66,3.44,EIA/OPEC ASB 2025 + synthetic fill
2018,2,2018-02-01,Saudi Arabia,Gulf,True,10.47,8.299,68.12,63.96,67.75,98.62,17.2,EIA/OPEC ASB 2025 + synthetic fill
2018,2,2018-02-01,Russia,CIS,False,9.143,6.21,68.12,63.96,67.75,98.62,12.87,EIA/OPEC ASB 2025 + synthetic fill
2018,2,2018-02-01,United States,NAm,False,10.756,0.35,68.12,63.96,67.75,98.62,0.73,EIA/OPEC ASB 2025 + synthetic fill
2018,2,2018-02-01,Iraq,Gulf,True,5.069,3.945,68.12,63.96,67.75,98.62,8.17,EIA/OPEC ASB 2025 + synthetic fill
2018,2,2018-02-01,United Arab Emirates,Gulf,True,2.401,2.07,68.12,63.96,67.75,98.62,4.29,EIA/OPEC ASB 2025 + synthetic fill
2018,2,2018-02-01,Iran,Gulf,True,2.53,1.614,68.12,63.96,67.75,98.62,3.34,EIA/OPEC ASB 2025 + synthetic fill
2018,2,2018-02-01,Kuwait,Gulf,True,2.137,1.888,68.12,63.96,67.75,98.62,3.91,EIA/OPEC ASB 2025 + synthetic fill
2018,2,2018-02-01,Venezuela,LAm,True,1.32,1.111,68.12,63.96,67.75,98.62,2.3,EIA/OPEC ASB 2025 + synthetic fill
2018,2,2018-02-01,Nigeria,AFR,True,2.101,1.792,68.12,63.96,67.75,98.62,3.71,EIA/OPEC ASB 2025 + synthetic fill
2018,2,2018-02-01,Canada,NAm,False,5.838,3.868,68.12,63.96,67.75,98.62,8.01,EIA/OPEC ASB 2025 + synthetic fill
2018,2,2018-02-01,Norway,EUR,False,2.723,2.232,68.12,63.96,67.75,98.62,4.62,EIA/OPEC ASB 2025 + synthetic fill
2018,2,2018-02-01,Kazakhstan,CIS,False,1.028,0.766,68.12,63.96,67.75,98.62,1.59,EIA/OPEC ASB 2025 + synthetic fill
2018,2,2018-02-01,Libya,AFR,True,1.016,0.899,68.12,63.96,67.75,98.62,1.86,EIA/OPEC ASB 2025 + synthetic fill
2018,2,2018-02-01,Qatar,Gulf,True,0.727,0.568,68.12,63.96,67.75,98.62,1.18,EIA/OPEC ASB 2025 + synthetic fill
2018,2,2018-02-01,Algeria,AFR,True,1.229,0.821,68.12,63.96,67.75,98.62,1.7,EIA/OPEC ASB 2025 + synthetic fill
2018,2,2018-02-01,Angola,AFR,True,0.739,0.662,68.12,63.96,67.75,98.62,1.37,EIA/OPEC ASB 2025 + synthetic fill
2018,2,2018-02-01,Mexico,LAm,False,3.427,1.914,68.12,63.96,67.75,98.62,3.97,EIA/OPEC ASB 2025 + synthetic fill
2018,2,2018-02-01,Brazil,LAm,False,4.273,1.553,68.12,63.96,67.75,98.62,3.22,EIA/OPEC ASB 2025 + synthetic fill
2018,3,2018-03-01,Saudi Arabia,Gulf,True,10.507,8.864,74.79,69.87,73.46,99.13,20.16,EIA/OPEC ASB 2025 + synthetic fill
2018,3,2018-03-01,Russia,CIS,False,9.282,6.454,74.79,69.87,73.46,99.13,14.68,EIA/OPEC ASB 2025 + synthetic fill
2018,3,2018-03-01,United States,NAm,False,10.575,0.368,74.79,69.87,73.46,99.13,0.84,EIA/OPEC ASB 2025 + synthetic fill
2018,3,2018-03-01,Iraq,Gulf,True,4.992,4.181,74.79,69.87,73.46,99.13,9.51,EIA/OPEC ASB 2025 + synthetic fill
2018,3,2018-03-01,United Arab Emirates,Gulf,True,2.417,2.122,74.79,69.87,73.46,99.13,4.83,EIA/OPEC ASB 2025 + synthetic fill
2018,3,2018-03-01,Iran,Gulf,True,2.465,1.509,74.79,69.87,73.46,99.13,3.43,EIA/OPEC ASB 2025 + synthetic fill
2018,3,2018-03-01,Kuwait,Gulf,True,2.131,1.72,74.79,69.87,73.46,99.13,3.91,EIA/OPEC ASB 2025 + synthetic fill
2018,3,2018-03-01,Venezuela,LAm,True,1.261,1.001,74.79,69.87,73.46,99.13,2.28,EIA/OPEC ASB 2025 + synthetic fill
2018,3,2018-03-01,Nigeria,AFR,True,2.093,1.877,74.79,69.87,73.46,99.13,4.27,EIA/OPEC ASB 2025 + synthetic fill
2018,3,2018-03-01,Canada,NAm,False,5.461,3.669,74.79,69.87,73.46,99.13,8.35,EIA/OPEC ASB 2025 + synthetic fill
2018,3,2018-03-01,Norway,EUR,False,2.801,2.46,74.79,69.87,73.46,99.13,5.6,EIA/OPEC ASB 2025 + synthetic fill
2018,3,2018-03-01,Kazakhstan,CIS,False,1.015,0.769,74.79,69.87,73.46,99.13,1.75,EIA/OPEC ASB 2025 + synthetic fill
2018,3,2018-03-01,Libya,AFR,True,0.96,0.841,74.79,69.87,73.46,99.13,1.91,EIA/OPEC ASB 2025 + synthetic fill
2018,3,2018-03-01,Qatar,Gulf,True,0.752,0.555,74.79,69.87,73.46,99.13,1.26,EIA/OPEC ASB 2025 + synthetic fill
2018,3,2018-03-01,Algeria,AFR,True,1.26,0.885,74.79,69.87,73.46,99.13,2.01,EIA/OPEC ASB 2025 + synthetic fill
2018,3,2018-03-01,Angola,AFR,True,0.76,0.662,74.79,69.87,73.46,99.13,1.51,EIA/OPEC ASB 2025 + synthetic fill
2018,3,2018-03-01,Mexico,LAm,False,3.43,1.733,74.79,69.87,73.46,99.13,3.94,EIA/OPEC ASB 2025 + synthetic fill
2018,3,2018-03-01,Brazil,LAm,False,4.378,1.763,74.79,69.87,73.46,99.13,4.01,EIA/OPEC ASB 2025 + synthetic fill
2018,4,2018-04-01,Saudi Arabia,Gulf,True,10.539,8.444,73.84,70.73,72.66,99.17,18.96,EIA/OPEC ASB 2025 + synthetic fill
2018,4,2018-04-01,Russia,CIS,False,9.065,5.976,73.84,70.73,72.66,99.17,13.42,EIA/OPEC ASB 2025 + synthetic fill
2018,4,2018-04-01,United States,NAm,False,11.144,0.388,73.84,70.73,72.66,99.17,0.87,EIA/OPEC ASB 2025 + synthetic fill
2018,4,2018-04-01,Iraq,Gulf,True,4.992,3.883,73.84,70.73,72.66,99.17,8.72,EIA/OPEC ASB 2025 + synthetic fill
2018,4,2018-04-01,United Arab Emirates,Gulf,True,2.4,2.068,73.84,70.73,72.66,99.17,4.64,EIA/OPEC ASB 2025 + synthetic fill
2018,4,2018-04-01,Iran,Gulf,True,2.524,1.555,73.84,70.73,72.66,99.17,3.49,EIA/OPEC ASB 2025 + synthetic fill
2018,4,2018-04-01,Kuwait,Gulf,True,2.236,2.02,73.84,70.73,72.66,99.17,4.54,EIA/OPEC ASB 2025 + synthetic fill
2018,4,2018-04-01,Venezuela,LAm,True,1.301,1.014,73.84,70.73,72.66,99.17,2.28,EIA/OPEC ASB 2025 + synthetic fill
2018,4,2018-04-01,Nigeria,AFR,True,2.096,1.831,73.84,70.73,72.66,99.17,4.11,EIA/OPEC ASB 2025 + synthetic fill
2018,4,2018-04-01,Canada,NAm,False,5.482,3.743,73.84,70.73,72.66,99.17,8.41,EIA/OPEC ASB 2025 + synthetic fill
2018,4,2018-04-01,Norway,EUR,False,2.698,2.236,73.84,70.73,72.66,99.17,5.02,EIA/OPEC ASB 2025 + synthetic fill
2018,4,2018-04-01,Kazakhstan,CIS,False,1.004,0.757,73.84,70.73,72.66,99.17,1.7,EIA/OPEC ASB 2025 + synthetic fill
2018,4,2018-04-01,Libya,AFR,True,0.968,0.778,73.84,70.73,72.66,99.17,1.75,EIA/OPEC ASB 2025 + synthetic fill
2018,4,2018-04-01,Qatar,Gulf,True,0.759,0.617,73.84,70.73,72.66,99.17,1.39,EIA/OPEC ASB 2025 + synthetic fill
2018,4,2018-04-01,Algeria,AFR,True,1.239,0.924,73.84,70.73,72.66,99.17,2.08,EIA/OPEC ASB 2025 + synthetic fill
2018,4,2018-04-01,Angola,AFR,True,0.743,0.602,73.84,70.73,72.66,99.17,1.35,EIA/OPEC ASB 2025 + synthetic fill
2018,4,2018-04-01,Mexico,LAm,False,3.371,1.851,73.84,70.73,72.66,99.17,4.16,EIA/OPEC ASB 2025 + synthetic fill
2018,4,2018-04-01,Brazil,LAm,False,4.505,1.628,73.84,70.73,72.66,99.17,3.66,EIA/OPEC ASB 2025 + synthetic fill
2018,5,2018-05-01,Saudi Arabia,Gulf,True,10.238,8.794,74.0,71.29,74.56,99.17,19.79,EIA/OPEC ASB 2025 + synthetic fill
2018,5,2018-05-01,Russia,CIS,False,9.195,6.396,74.0,71.29,74.56,99.17,14.4,EIA/OPEC ASB 2025 + synthetic fill
2018,5,2018-05-01,United States,NAm,False,11.353,0.366,74.0,71.29,74.56,99.17,0.82,EIA/OPEC ASB 2025 + synthetic fill
2018,5,2018-05-01,Iraq,Gulf,True,5.007,3.969,74.0,71.29,74.56,99.17,8.93,EIA/OPEC ASB 2025 + synthetic fill
2018,5,2018-05-01,United Arab Emirates,Gulf,True,2.421,2.339,74.0,71.29,74.56,99.17,5.26,EIA/OPEC ASB 2025 + synthetic fill
2018,5,2018-05-01,Iran,Gulf,True,2.508,1.487,74.0,71.29,74.56,99.17,3.35,EIA/OPEC ASB 2025 + synthetic fill
2018,5,2018-05-01,Kuwait,Gulf,True,2.08,1.871,74.0,71.29,74.56,99.17,4.21,EIA/OPEC ASB 2025 + synthetic fill
2018,5,2018-05-01,Venezuela,LAm,True,1.264,1.105,74.0,71.29,74.56,99.17,2.49,EIA/OPEC ASB 2025 + synthetic fill
2018,5,2018-05-01,Nigeria,AFR,True,2.157,1.747,74.0,71.29,74.56,99.17,3.93,EIA/OPEC ASB 2025 + synthetic fill
2018,5,2018-05-01,Canada,NAm,False,5.508,3.943,74.0,71.29,74.56,99.17,8.88,EIA/OPEC ASB 2025 + synthetic fill
2018,5,2018-05-01,Norway,EUR,False,2.706,2.149,74.0,71.29,74.56,99.17,4.84,EIA/OPEC ASB 2025 + synthetic fill
2018,5,2018-05-01,Kazakhstan,CIS,False,0.978,0.793,74.0,71.29,74.56,99.17,1.78,EIA/OPEC ASB 2025 + synthetic fill
2018,5,2018-05-01,Libya,AFR,True,0.936,0.786,74.0,71.29,74.56,99.17,1.77,EIA/OPEC ASB 2025 + synthetic fill
2018,5,2018-05-01,Qatar,Gulf,True,0.783,0.585,74.0,71.29,74.56,99.17,1.32,EIA/OPEC ASB 2025 + synthetic fill
2018,5,2018-05-01,Algeria,AFR,True,1.29,0.976,74.0,71.29,74.56,99.17,2.2,EIA/OPEC ASB 2025 + synthetic fill
2018,5,2018-05-01,Angola,AFR,True,0.736,0.659,74.0,71.29,74.56,99.17,1.48,EIA/OPEC ASB 2025 + synthetic fill
2018,5,2018-05-01,Mexico,LAm,False,3.392,1.653,74.0,71.29,74.56,99.17,3.72,EIA/OPEC ASB 2025 + synthetic fill
2018,5,2018-05-01,Brazil,LAm,False,4.356,1.76,74.0,71.29,74.56,99.17,3.96,EIA/OPEC ASB 2025 + synthetic fill
2018,6,2018-06-01,Saudi Arabia,Gulf,True,10.19,8.283,76.28,74.0,76.11,99.55,19.22,EIA/OPEC ASB 2025 + synthetic fill
2018,6,2018-06-01,Russia,CIS,False,8.903,5.91,76.28,74.0,76.11,99.55,13.71,EIA/OPEC ASB 2025 + synthetic fill
2018,6,2018-06-01,United States,NAm,False,10.398,0.344,76.28,74.0,76.11,99.55,0.8,EIA/OPEC ASB 2025 + synthetic fill
2018,6,2018-06-01,Iraq,Gulf,True,4.993,3.912,76.28,74.0,76.11,99.55,9.08,EIA/OPEC ASB 2025 + synthetic fill
2018,6,2018-06-01,United Arab Emirates,Gulf,True,2.438,2.177,76.28,74.0,76.11,99.55,5.05,EIA/OPEC ASB 2025 + synthetic fill
2018,6,2018-06-01,Iran,Gulf,True,2.481,1.463,76.28,74.0,76.11,99.55,3.39,EIA/OPEC ASB 2025 + synthetic fill
2018,6,2018-06-01,Kuwait,Gulf,True,2.028,1.7,76.28,74.0,76.11,99.55,3.94,EIA/OPEC ASB 2025 + synthetic fill
2018,6,2018-06-01,Venezuela,LAm,True,1.278,1.098,76.28,74.0,76.11,99.55,2.55,EIA/OPEC ASB 2025 + synthetic fill
2018,6,2018-06-01,Nigeria,AFR,True,2.053,1.78,76.28,74.0,76.11,99.55,4.13,EIA/OPEC ASB 2025 + synthetic fill
2018,6,2018-06-01,Canada,NAm,False,5.86,4.027,76.28,74.0,76.11,99.55,9.34,EIA/OPEC ASB 2025 + synthetic fill
2018,6,2018-06-01,Norway,EUR,False,2.724,2.286,76.28,74.0,76.11,99.55,5.3,EIA/OPEC ASB 2025 + synthetic fill
2018,6,2018-06-01,Kazakhstan,CIS,False,1.014,0.807,76.28,74.0,76.11,99.55,1.87,EIA/OPEC ASB 2025 + synthetic fill
2018,6,2018-06-01,Libya,AFR,True,0.935,0.811,76.28,74.0,76.11,99.55,1.88,EIA/OPEC ASB 2025 + synthetic fill
2018,6,2018-06-01,Qatar,Gulf,True,0.733,0.574,76.28,74.0,76.11,99.55,1.33,EIA/OPEC ASB 2025 + synthetic fill
2018,6,2018-06-01,Algeria,AFR,True,1.208,0.891,76.28,74.0,76.11,99.55,2.07,EIA/OPEC ASB 2025 + synthetic fill
2018,6,2018-06-01,Angola,AFR,True,0.736,0.65,76.28,74.0,76.11,99.55,1.51,EIA/OPEC ASB 2025 + synthetic fill
2018,6,2018-06-01,Mexico,LAm,False,3.401,1.907,76.28,74.0,76.11,99.55,4.42,EIA/OPEC ASB 2025 + synthetic fill
2018,6,2018-06-01,Brazil,LAm,False,4.426,1.57,76.28,74.0,76.11,99.55,3.64,EIA/OPEC ASB 2025 + synthetic fill
2018,7,2018-07-01,Saudi Arabia,Gulf,True,9.91,8.499,66.77,62.09,67.59,98.93,17.26,EIA/OPEC ASB 2025 + synthetic fill
2018,7,2018-07-01,Russia,CIS,False,9.641,7.125,66.77,62.09,67.59,98.93,14.47,EIA/OPEC ASB 2025 + synthetic fill
2018,7,2018-07-01,United States,NAm,False,11.014,0.395,66.77,62.09,67.59,98.93,0.8,EIA/OPEC ASB 2025 + synthetic fill
2018,7,2018-07-01,Iraq,Gulf,True,5.194,4.608,66.77,62.09,67.59,98.93,9.36,EIA/OPEC ASB 2025 + synthetic fill
2018,7,2018-07-01,United Arab Emirates,Gulf,True,2.438,2.315,66.77,62.09,67.59,98.93,4.7,EIA/OPEC ASB 2025 + synthetic fill
2018,7,2018-07-01,Iran,Gulf,True,2.451,1.39,66.77,62.09,67.59,98.93,2.82,EIA/OPEC ASB 2025 + synthetic fill
2018,7,2018-07-01,Kuwait,Gulf,True,2.187,1.909,66.77,62.09,67.59,98.93,3.88,EIA/OPEC ASB 2025 + synthetic fill
2018,7,2018-07-01,Venezuela,LAm,True,1.298,1.052,66.77,62.09,67.59,98.93,2.14,EIA/OPEC ASB 2025 + synthetic fill
2018,7,2018-07-01,Nigeria,AFR,True,2.234,1.861,66.77,62.09,67.59,98.93,3.78,EIA/OPEC ASB 2025 + synthetic fill
2018,7,2018-07-01,Canada,NAm,False,5.717,4.191,66.77,62.09,67.59,98.93,8.51,EIA/OPEC ASB 2025 + synthetic fill
2018,7,2018-07-01,Norway,EUR,False,2.786,2.438,66.77,62.09,67.59,98.93,4.95,EIA/OPEC ASB 2025 + synthetic fill
2018,7,2018-07-01,Kazakhstan,CIS,False,0.992,0.827,66.77,62.09,67.59,98.93,1.68,EIA/OPEC ASB 2025 + synthetic fill
2018,7,2018-07-01,Libya,AFR,True,0.921,0.743,66.77,62.09,67.59,98.93,1.51,EIA/OPEC ASB 2025 + synthetic fill
2018,7,2018-07-01,Qatar,Gulf,True,0.753,0.561,66.77,62.09,67.59,98.93,1.14,EIA/OPEC ASB 2025 + synthetic fill
2018,7,2018-07-01,Algeria,AFR,True,1.198,0.812,66.77,62.09,67.59,98.93,1.65,EIA/OPEC ASB 2025 + synthetic fill
2018,7,2018-07-01,Angola,AFR,True,0.736,0.603,66.77,62.09,67.59,98.93,1.22,EIA/OPEC ASB 2025 + synthetic fill
2018,7,2018-07-01,Mexico,LAm,False,3.394,1.829,66.77,62.09,67.59,98.93,3.71,EIA/OPEC ASB 2025 + synthetic fill
2018,7,2018-07-01,Brazil,LAm,False,4.252,1.573,66.77,62.09,67.59,98.93,3.19,EIA/OPEC ASB 2025 + synthetic fill
2018,8,2018-08-01,Saudi Arabia,Gulf,True,10.095,8.674,70.35,66.22,69.26,99.34,18.56,EIA/OPEC ASB 2025 + synthetic fill
2018,8,2018-08-01,Russia,CIS,False,9.377,6.192,70.35,66.22,69.26,99.34,13.25,EIA/OPEC ASB 2025 + synthetic fill
2018,8,2018-08-01,United States,NAm,False,11.101,0.353,70.35,66.22,69.26,99.34,0.76,EIA/OPEC ASB 2025 + synthetic fill
2018,8,2018-08-01,Iraq,Gulf,True,4.953,4.313,70.35,66.22,69.26,99.34,9.23,EIA/OPEC ASB 2025 + synthetic fill
2018,8,2018-08-01,United Arab Emirates,Gulf,True,2.348,2.147,70.35,66.22,69.26,99.34,4.59,EIA/OPEC ASB 2025 + synthetic fill
2018,8,2018-08-01,Iran,Gulf,True,2.353,1.49,70.35,66.22,69.26,99.34,3.19,EIA/OPEC ASB 2025 + synthetic fill
2018,8,2018-08-01,Kuwait,Gulf,True,2.154,1.882,70.35,66.22,69.26,99.34,4.03,EIA/OPEC ASB 2025 + synthetic fill
2018,8,2018-08-01,Venezuela,LAm,True,1.201,0.98,70.35,66.22,69.26,99.34,2.1,EIA/OPEC ASB 2025 + synthetic fill
2018,8,2018-08-01,Nigeria,AFR,True,2.178,1.854,70.35,66.22,69.26,99.34,3.97,EIA/OPEC ASB 2025 + synthetic fill
2018,8,2018-08-01,Canada,NAm,False,5.99,4.558,70.35,66.22,69.26,99.34,9.75,EIA/OPEC ASB 2025 + synthetic fill
2018,8,2018-08-01,Norway,EUR,False,2.839,2.411,70.35,66.22,69.26,99.34,5.16,EIA/OPEC ASB 2025 + synthetic fill
2018,8,2018-08-01,Kazakhstan,CIS,False,1.012,0.77,70.35,66.22,69.26,99.34,1.65,EIA/OPEC ASB 2025 + synthetic fill
2018,8,2018-08-01,Libya,AFR,True,0.89,0.77,70.35,66.22,69.26,99.34,1.65,EIA/OPEC ASB 2025 + synthetic fill
2018,8,2018-08-01,Qatar,Gulf,True,0.778,0.646,70.35,66.22,69.26,99.34,1.38,EIA/OPEC ASB 2025 + synthetic fill
2018,8,2018-08-01,Algeria,AFR,True,1.264,0.877,70.35,66.22,69.26,99.34,1.88,EIA/OPEC ASB 2025 + synthetic fill
2018,8,2018-08-01,Angola,AFR,True,0.731,0.64,70.35,66.22,69.26,99.34,1.37,EIA/OPEC ASB 2025 + synthetic fill
2018,8,2018-08-01,Mexico,LAm,False,3.424,1.872,70.35,66.22,69.26,99.34,4.01,EIA/OPEC ASB 2025 + synthetic fill
2018,8,2018-08-01,Brazil,LAm,False,4.396,1.709,70.35,66.22,69.26,99.34,3.66,EIA/OPEC ASB 2025 + synthetic fill
2018,9,2018-09-01,Saudi Arabia,Gulf,True,10.093,7.975,71.76,70.45,70.95,99.34,17.41,EIA/OPEC ASB 2025 + synthetic fill
2018,9,2018-09-01,Russia,CIS,False,9.172,6.524,71.76,70.45,70.95,99.34,14.24,EIA/OPEC ASB 2025 + synthetic fill
2018,9,2018-09-01,United States,NAm,False,11.485,0.406,71.76,70.45,70.95,99.34,0.89,EIA/OPEC ASB 2025 + synthetic fill
2018,9,2018-09-01,Iraq,Gulf,True,5.152,4.169,71.76,70.45,70.95,99.34,9.1,EIA/OPEC ASB 2025 + synthetic fill
2018,9,2018-09-01,United Arab Emirates,Gulf,True,2.319,1.965,71.76,70.45,70.95,99.34,4.29,EIA/OPEC ASB 2025 + synthetic fill
2018,9,2018-09-01,Iran,Gulf,True,2.432,1.423,71.76,70.45,70.95,99.34,3.11,EIA/OPEC ASB 2025 + synthetic fill
2018,9,2018-09-01,Kuwait,Gulf,True,2.167,1.855,71.76,70.45,70.95,99.34,4.05,EIA/OPEC ASB 2025 + synthetic fill
2018,9,2018-09-01,Venezuela,LAm,True,1.194,1.025,71.76,70.45,70.95,99.34,2.24,EIA/OPEC ASB 2025 + synthetic fill
2018,9,2018-09-01,Nigeria,AFR,True,2.144,1.933,71.76,70.45,70.95,99.34,4.22,EIA/OPEC ASB 2025 + synthetic fill
2018,9,2018-09-01,Canada,NAm,False,5.722,3.795,71.76,70.45,70.95,99.34,8.28,EIA/OPEC ASB 2025 + synthetic fill
2018,9,2018-09-01,Norway,EUR,False,2.773,2.283,71.76,70.45,70.95,99.34,4.98,EIA/OPEC ASB 2025 + synthetic fill
2018,9,2018-09-01,Kazakhstan,CIS,False,1.016,0.77,71.76,70.45,70.95,99.34,1.68,EIA/OPEC ASB 2025 + synthetic fill
2018,9,2018-09-01,Libya,AFR,True,0.85,0.778,71.76,70.45,70.95,99.34,1.7,EIA/OPEC ASB 2025 + synthetic fill
2018,9,2018-09-01,Qatar,Gulf,True,0.72,0.587,71.76,70.45,70.95,99.34,1.28,EIA/OPEC ASB 2025 + synthetic fill
2018,9,2018-09-01,Algeria,AFR,True,1.276,0.941,71.76,70.45,70.95,99.34,2.05,EIA/OPEC ASB 2025 + synthetic fill
2018,9,2018-09-01,Angola,AFR,True,0.761,0.616,71.76,70.45,70.95,99.34,1.34,EIA/OPEC ASB 2025 + synthetic fill
2018,9,2018-09-01,Mexico,LAm,False,3.417,1.813,71.76,70.45,70.95,99.34,3.96,EIA/OPEC ASB 2025 + synthetic fill
2018,9,2018-09-01,Brazil,LAm,False,4.414,1.653,71.76,70.45,70.95,99.34,3.61,EIA/OPEC ASB 2025 + synthetic fill
2018,10,2018-10-01,Saudi Arabia,Gulf,True,9.482,7.286,65.28,63.12,65.83,98.9,14.47,EIA/OPEC ASB 2025 + synthetic fill
2018,10,2018-10-01,Russia,CIS,False,9.297,6.777,65.28,63.12,65.83,98.9,13.46,EIA/OPEC ASB 2025 + synthetic fill
2018,10,2018-10-01,United States,NAm,False,11.563,0.403,65.28,63.12,65.83,98.9,0.8,EIA/OPEC ASB 2025 + synthetic fill
2018,10,2018-10-01,Iraq,Gulf,True,4.91,4.238,65.28,63.12,65.83,98.9,8.41,EIA/OPEC ASB 2025 + synthetic fill
2018,10,2018-10-01,United Arab Emirates,Gulf,True,2.482,2.258,65.28,63.12,65.83,98.9,4.48,EIA/OPEC ASB 2025 + synthetic fill
2018,10,2018-10-01,Iran,Gulf,True,2.586,1.615,65.28,63.12,65.83,98.9,3.21,EIA/OPEC ASB 2025 + synthetic fill
2018,10,2018-10-01,Kuwait,Gulf,True,2.03,1.684,65.28,63.12,65.83,98.9,3.34,EIA/OPEC ASB 2025 + synthetic fill
2018,10,2018-10-01,Venezuela,LAm,True,1.126,0.966,65.28,63.12,65.83,98.9,1.92,EIA/OPEC ASB 2025 + synthetic fill
2018,10,2018-10-01,Nigeria,AFR,True,2.074,1.849,65.28,63.12,65.83,98.9,3.67,EIA/OPEC ASB 2025 + synthetic fill
2018,10,2018-10-01,Canada,NAm,False,5.817,4.106,65.28,63.12,65.83,98.9,8.15,EIA/OPEC ASB 2025 + synthetic fill
2018,10,2018-10-01,Norway,EUR,False,2.907,2.39,65.28,63.12,65.83,98.9,4.75,EIA/OPEC ASB 2025 + synthetic fill
2018,10,2018-10-01,Kazakhstan,CIS,False,0.973,0.739,65.28,63.12,65.83,98.9,1.47,EIA/OPEC ASB 2025 + synthetic fill
2018,10,2018-10-01,Libya,AFR,True,0.819,0.668,65.28,63.12,65.83,98.9,1.33,EIA/OPEC ASB 2025 + synthetic fill
2018,10,2018-10-01,Qatar,Gulf,True,0.745,0.601,65.28,63.12,65.83,98.9,1.19,EIA/OPEC ASB 2025 + synthetic fill
2018,10,2018-10-01,Algeria,AFR,True,1.194,0.808,65.28,63.12,65.83,98.9,1.6,EIA/OPEC ASB 2025 + synthetic fill
2018,10,2018-10-01,Angola,AFR,True,0.751,0.678,65.28,63.12,65.83,98.9,1.35,EIA/OPEC ASB 2025 + synthetic fill
2018,10,2018-10-01,Mexico,LAm,False,3.186,1.736,65.28,63.12,65.83,98.9,3.45,EIA/OPEC ASB 2025 + synthetic fill
2018,10,2018-10-01,Brazil,LAm,False,4.407,1.58,65.28,63.12,65.83,98.9,3.14,EIA/OPEC ASB 2025 + synthetic fill
2018,11,2018-11-01,Saudi Arabia,Gulf,True,9.872,7.581,71.19,66.45,71.71,99.35,16.42,EIA/OPEC ASB 2025 + synthetic fill
2018,11,2018-11-01,Russia,CIS,False,9.372,6.327,71.19,66.45,71.71,99.35,13.7,EIA/OPEC ASB 2025 + synthetic fill
2018,11,2018-11-01,United States,NAm,False,11.255,0.383,71.19,66.45,71.71,99.35,0.83,EIA/OPEC ASB 2025 + synthetic fill
2018,11,2018-11-01,Iraq,Gulf,True,4.945,3.97,71.19,66.45,71.71,99.35,8.6,EIA/OPEC ASB 2025 + synthetic fill
2018,11,2018-11-01,United Arab Emirates,Gulf,True,2.462,2.121,71.19,66.45,71.71,99.35,4.59,EIA/OPEC ASB 2025 + synthetic fill
2018,11,2018-11-01,Iran,Gulf,True,2.383,1.365,71.19,66.45,71.71,99.35,2.96,EIA/OPEC ASB 2025 + synthetic fill
2018,11,2018-11-01,Kuwait,Gulf,True,2.086,1.86,71.19,66.45,71.71,99.35,4.03,EIA/OPEC ASB 2025 + synthetic fill
2018,11,2018-11-01,Venezuela,LAm,True,1.159,0.943,71.19,66.45,71.71,99.35,2.04,EIA/OPEC ASB 2025 + synthetic fill
2018,11,2018-11-01,Nigeria,AFR,True,2.173,1.747,71.19,66.45,71.71,99.35,3.78,EIA/OPEC ASB 2025 + synthetic fill
2018,11,2018-11-01,Canada,NAm,False,5.469,3.825,71.19,66.45,71.71,99.35,8.28,EIA/OPEC ASB 2025 + synthetic fill
2018,11,2018-11-01,Norway,EUR,False,2.915,2.391,71.19,66.45,71.71,99.35,5.18,EIA/OPEC ASB 2025 + synthetic fill
2018,11,2018-11-01,Kazakhstan,CIS,False,0.949,0.771,71.19,66.45,71.71,99.35,1.67,EIA/OPEC ASB 2025 + synthetic fill
2018,11,2018-11-01,Libya,AFR,True,0.784,0.708,71.19,66.45,71.71,99.35,1.53,EIA/OPEC ASB 2025 + synthetic fill
2018,11,2018-11-01,Qatar,Gulf,True,0.749,0.609,71.19,66.45,71.71,99.35,1.32,EIA/OPEC ASB 2025 + synthetic fill
2018,11,2018-11-01,Algeria,AFR,True,1.217,0.897,71.19,66.45,71.71,99.35,1.94,EIA/OPEC ASB 2025 + synthetic fill
2018,11,2018-11-01,Angola,AFR,True,0.731,0.605,71.19,66.45,71.71,99.35,1.31,EIA/OPEC ASB 2025 + synthetic fill
2018,11,2018-11-01,Mexico,LAm,False,3.405,1.874,71.19,66.45,71.71,99.35,4.06,EIA/OPEC ASB 2025 + synthetic fill
2018,11,2018-11-01,Brazil,LAm,False,4.499,1.662,71.19,66.45,71.71,99.35,3.6,EIA/OPEC ASB 2025 + synthetic fill
2018,12,2018-12-01,Saudi Arabia,Gulf,True,9.74,7.903,70.37,69.08,70.21,99.45,16.92,EIA/OPEC ASB 2025 + synthetic fill
2018,12,2018-12-01,Russia,CIS,False,9.153,6.603,70.37,69.08,70.21,99.45,14.13,EIA/OPEC ASB 2025 + synthetic fill
2018,12,2018-12-01,United States,NAm,False,11.523,0.37,70.37,69.08,70.21,99.45,0.79,EIA/OPEC ASB 2025 + synthetic fill
2018,12,2018-12-01,Iraq,Gulf,True,4.938,4.241,70.37,69.08,70.21,99.45,9.08,EIA/OPEC ASB 2025 + synthetic fill
2018,12,2018-12-01,United Arab Emirates,Gulf,True,2.518,2.372,70.37,69.08,70.21,99.45,5.08,EIA/OPEC ASB 2025 + synthetic fill
2018,12,2018-12-01,Iran,Gulf,True,2.369,1.372,70.37,69.08,70.21,99.45,2.94,EIA/OPEC ASB 2025 + synthetic fill
2018,12,2018-12-01,Kuwait,Gulf,True,2.078,1.887,70.37,69.08,70.21,99.45,4.04,EIA/OPEC ASB 2025 + synthetic fill
2018,12,2018-12-01,Venezuela,LAm,True,1.166,0.96,70.37,69.08,70.21,99.45,2.05,EIA/OPEC ASB 2025 + synthetic fill
2018,12,2018-12-01,Nigeria,AFR,True,2.082,1.711,70.37,69.08,70.21,99.45,3.66,EIA/OPEC ASB 2025 + synthetic fill
2018,12,2018-12-01,Canada,NAm,False,5.579,3.717,70.37,69.08,70.21,99.45,7.96,EIA/OPEC ASB 2025 + synthetic fill
2018,12,2018-12-01,Norway,EUR,False,2.867,2.442,70.37,69.08,70.21,99.45,5.23,EIA/OPEC ASB 2025 + synthetic fill
2018,12,2018-12-01,Kazakhstan,CIS,False,1.023,0.79,70.37,69.08,70.21,99.45,1.69,EIA/OPEC ASB 2025 + synthetic fill
2018,12,2018-12-01,Libya,AFR,True,0.801,0.676,70.37,69.08,70.21,99.45,1.45,EIA/OPEC ASB 2025 + synthetic fill
2018,12,2018-12-01,Qatar,Gulf,True,0.755,0.635,70.37,69.08,70.21,99.45,1.36,EIA/OPEC ASB 2025 + synthetic fill
2018,12,2018-12-01,Algeria,AFR,True,1.229,0.873,70.37,69.08,70.21,99.45,1.87,EIA/OPEC ASB 2025 + synthetic fill
2018,12,2018-12-01,Angola,AFR,True,0.765,0.615,70.37,69.08,70.21,99.45,1.32,EIA/OPEC ASB 2025 + synthetic fill
2018,12,2018-12-01,Mexico,LAm,False,3.542,1.905,70.37,69.08,70.21,99.45,4.08,EIA/OPEC ASB 2025 + synthetic fill
2018,12,2018-12-01,Brazil,LAm,False,4.325,1.593,70.37,69.08,70.21,99.45,3.41,EIA/OPEC ASB 2025 + synthetic fill
2019,1,2019-01-01,Saudi Arabia,Gulf,True,9.66,8.289,61.13,59.85,60.91,100.41,15.41,EIA/OPEC ASB 2025 + synthetic fill
2019,1,2019-01-01,Russia,CIS,False,9.443,6.701,61.13,59.85,60.91,100.41,12.46,EIA/OPEC ASB 2025 + synthetic fill
2019,1,2019-01-01,United States,NAm,False,11.204,0.4,61.13,59.85,60.91,100.41,0.74,EIA/OPEC ASB 2025 + synthetic fill
2019,1,2019-01-01,Iraq,Gulf,True,4.915,3.852,61.13,59.85,60.91,100.41,7.16,EIA/OPEC ASB 2025 + synthetic fill
2019,1,2019-01-01,United Arab Emirates,Gulf,True,2.445,2.298,61.13,59.85,60.91,100.41,4.27,EIA/OPEC ASB 2025 + synthetic fill
2019,1,2019-01-01,Iran,Gulf,True,2.398,1.382,61.13,59.85,60.91,100.41,2.57,EIA/OPEC ASB 2025 + synthetic fill
2019,1,2019-01-01,Kuwait,Gulf,True,2.068,1.749,61.13,59.85,60.91,100.41,3.25,EIA/OPEC ASB 2025 + synthetic fill
2019,1,2019-01-01,Venezuela,LAm,True,1.149,0.973,61.13,59.85,60.91,100.41,1.81,EIA/OPEC ASB 2025 + synthetic fill
2019,1,2019-01-01,Nigeria,AFR,True,2.143,1.781,61.13,59.85,60.91,100.41,3.31,EIA/OPEC ASB 2025 + synthetic fill
2019,1,2019-01-01,Canada,NAm,False,5.938,4.348,61.13,59.85,60.91,100.41,8.08,EIA/OPEC ASB 2025 + synthetic fill
2019,1,2019-01-01,Norway,EUR,False,2.819,2.449,61.13,59.85,60.91,100.41,4.55,EIA/OPEC ASB 2025 + synthetic fill
2019,1,2019-01-01,Kazakhstan,CIS,False,1.002,0.804,61.13,59.85,60.91,100.41,1.49,EIA/OPEC ASB 2025 + synthetic fill
2019,1,2019-01-01,Libya,AFR,True,0.775,0.676,61.13,59.85,60.91,100.41,1.26,EIA/OPEC ASB 2025 + synthetic fill
2019,1,2019-01-01,Qatar,Gulf,True,0.763,0.589,61.13,59.85,60.91,100.41,1.1,EIA/OPEC ASB 2025 + synthetic fill
2019,1,2019-01-01,Algeria,AFR,True,1.324,0.976,61.13,59.85,60.91,100.41,1.81,EIA/OPEC ASB 2025 + synthetic fill
2019,1,2019-01-01,Angola,AFR,True,0.746,0.661,61.13,59.85,60.91,100.41,1.23,EIA/OPEC ASB 2025 + synthetic fill
2019,1,2019-01-01,Mexico,LAm,False,3.38,1.761,61.13,59.85,60.91,100.41,3.27,EIA/OPEC ASB 2025 + synthetic fill
2019,1,2019-01-01,Brazil,LAm,False,4.609,1.667,61.13,59.85,60.91,100.41,3.1,EIA/OPEC ASB 2025 + synthetic fill
2019,2,2019-02-01,Saudi Arabia,Gulf,True,9.684,7.84,63.58,58.7,63.36,100.39,15.16,EIA/OPEC ASB 2025 + synthetic fill
2019,2,2019-02-01,Russia,CIS,False,9.068,6.714,63.58,58.7,63.36,100.39,12.98,EIA/OPEC ASB 2025 + synthetic fill
2019,2,2019-02-01,United States,NAm,False,11.404,0.415,63.58,58.7,63.36,100.39,0.8,EIA/OPEC ASB 2025 + synthetic fill
2019,2,2019-02-01,Iraq,Gulf,True,5.076,3.981,63.58,58.7,63.36,100.39,7.7,EIA/OPEC ASB 2025 + synthetic fill
2019,2,2019-02-01,United Arab Emirates,Gulf,True,2.433,2.183,63.58,58.7,63.36,100.39,4.22,EIA/OPEC ASB 2025 + synthetic fill
2019,2,2019-02-01,Iran,Gulf,True,2.588,1.576,63.58,58.7,63.36,100.39,3.05,EIA/OPEC ASB 2025 + synthetic fill
2019,2,2019-02-01,Kuwait,Gulf,True,2.126,1.765,63.58,58.7,63.36,100.39,3.41,EIA/OPEC ASB 2025 + synthetic fill
2019,2,2019-02-01,Venezuela,LAm,True,1.13,0.992,63.58,58.7,63.36,100.39,1.92,EIA/OPEC ASB 2025 + synthetic fill
2019,2,2019-02-01,Nigeria,AFR,True,2.168,1.713,63.58,58.7,63.36,100.39,3.31,EIA/OPEC ASB 2025 + synthetic fill
2019,2,2019-02-01,Canada,NAm,False,5.724,4.261,63.58,58.7,63.36,100.39,8.24,EIA/OPEC ASB 2025 + synthetic fill
2019,2,2019-02-01,Norway,EUR,False,2.981,2.491,63.58,58.7,63.36,100.39,4.82,EIA/OPEC ASB 2025 + synthetic fill
2019,2,2019-02-01,Kazakhstan,CIS,False,1.005,0.837,63.58,58.7,63.36,100.39,1.62,EIA/OPEC ASB 2025 + synthetic fill
2019,2,2019-02-01,Libya,AFR,True,0.717,0.611,63.58,58.7,63.36,100.39,1.18,EIA/OPEC ASB 2025 + synthetic fill
2019,2,2019-02-01,Qatar,Gulf,True,0.724,0.566,63.58,58.7,63.36,100.39,1.09,EIA/OPEC ASB 2025 + synthetic fill
2019,2,2019-02-01,Algeria,AFR,True,1.227,0.877,63.58,58.7,63.36,100.39,1.7,EIA/OPEC ASB 2025 + synthetic fill
2019,2,2019-02-01,Angola,AFR,True,0.769,0.685,63.58,58.7,63.36,100.39,1.32,EIA/OPEC ASB 2025 + synthetic fill
2019,2,2019-02-01,Mexico,LAm,False,3.44,1.785,63.58,58.7,63.36,100.39,3.45,EIA/OPEC ASB 2025 + synthetic fill
2019,2,2019-02-01,Brazil,LAm,False,4.614,1.677,63.58,58.7,63.36,100.39,3.24,EIA/OPEC ASB 2025 + synthetic fill
2019,3,2019-03-01,Saudi Arabia,Gulf,True,9.536,7.536,61.35,58.82,59.81,100.29,14.06,EIA/OPEC ASB 2025 + synthetic fill
2019,3,2019-03-01,Russia,CIS,False,8.817,6.341,61.35,58.82,59.81,100.29,11.83,EIA/OPEC ASB 2025 + synthetic fill
2019,3,2019-03-01,United States,NAm,False,11.555,0.422,61.35,58.82,59.81,100.29,0.79,EIA/OPEC ASB 2025 + synthetic fill
2019,3,2019-03-01,Iraq,Gulf,True,4.848,4.206,61.35,58.82,59.81,100.29,7.85,EIA/OPEC ASB 2025 + synthetic fill
2019,3,2019-03-01,United Arab Emirates,Gulf,True,2.469,2.277,61.35,58.82,59.81,100.29,4.25,EIA/OPEC ASB 2025 + synthetic fill
2019,3,2019-03-01,Iran,Gulf,True,2.468,1.474,61.35,58.82,59.81,100.29,2.75,EIA/OPEC ASB 2025 + synthetic fill
2019,3,2019-03-01,Kuwait,Gulf,True,2.012,1.81,61.35,58.82,59.81,100.29,3.38,EIA/OPEC ASB 2025 + synthetic fill
2019,3,2019-03-01,Venezuela,LAm,True,1.089,0.848,61.35,58.82,59.81,100.29,1.58,EIA/OPEC ASB 2025 + synthetic fill
2019,3,2019-03-01,Nigeria,AFR,True,2.035,1.613,61.35,58.82,59.81,100.29,3.01,EIA/OPEC ASB 2025 + synthetic fill
2019,3,2019-03-01,Canada,NAm,False,5.829,4.031,61.35,58.82,59.81,100.29,7.52,EIA/OPEC ASB 2025 + synthetic fill
2019,3,2019-03-01,Norway,EUR,False,2.791,2.316,61.35,58.82,59.81,100.29,4.32,EIA/OPEC ASB 2025 + synthetic fill
2019,3,2019-03-01,Kazakhstan,CIS,False,1.008,0.785,61.35,58.82,59.81,100.29,1.46,EIA/OPEC ASB 2025 + synthetic fill
2019,3,2019-03-01,Libya,AFR,True,0.707,0.574,61.35,58.82,59.81,100.29,1.07,EIA/OPEC ASB 2025 + synthetic fill
2019,3,2019-03-01,Qatar,Gulf,True,0.77,0.65,61.35,58.82,59.81,100.29,1.21,EIA/OPEC ASB 2025 + synthetic fill
2019,3,2019-03-01,Algeria,AFR,True,1.278,0.952,61.35,58.82,59.81,100.29,1.78,EIA/OPEC ASB 2025 + synthetic fill
2019,3,2019-03-01,Angola,AFR,True,0.74,0.653,61.35,58.82,59.81,100.29,1.22,EIA/OPEC ASB 2025 + synthetic fill
2019,3,2019-03-01,Mexico,LAm,False,3.399,1.75,61.35,58.82,59.81,100.29,3.27,EIA/OPEC ASB 2025 + synthetic fill
2019,3,2019-03-01,Brazil,LAm,False,4.572,1.673,61.35,58.82,59.81,100.29,3.12,EIA/OPEC ASB 2025 + synthetic fill
2019,4,2019-04-01,Saudi Arabia,Gulf,True,9.632,7.566,64.15,62.09,62.63,101.1,14.76,EIA/OPEC ASB 2025 + synthetic fill
2019,4,2019-04-01,Russia,CIS,False,8.789,6.567,64.15,62.09,62.63,101.1,12.81,EIA/OPEC ASB 2025 + synthetic fill
2019,4,2019-04-01,United States,NAm,False,10.906,0.354,64.15,62.09,62.63,101.1,0.69,EIA/OPEC ASB 2025 + synthetic fill
2019,4,2019-04-01,Iraq,Gulf,True,4.949,4.042,64.15,62.09,62.63,101.1,7.89,EIA/OPEC ASB 2025 + synthetic fill
2019,4,2019-04-01,United Arab Emirates,Gulf,True,2.445,2.25,64.15,62.09,62.63,101.1,4.39,EIA/OPEC ASB 2025 + synthetic fill
2019,4,2019-04-01,Iran,Gulf,True,2.306,1.363,64.15,62.09,62.63,101.1,2.66,EIA/OPEC ASB 2025 + synthetic fill
2019,4,2019-04-01,Kuwait,Gulf,True,2.26,1.848,64.15,62.09,62.63,101.1,3.61,EIA/OPEC ASB 2025 + synthetic fill
2019,4,2019-04-01,Venezuela,LAm,True,1.047,0.922,64.15,62.09,62.63,101.1,1.8,EIA/OPEC ASB 2025 + synthetic fill
2019,4,2019-04-01,Nigeria,AFR,True,2.127,1.889,64.15,62.09,62.63,101.1,3.69,EIA/OPEC ASB 2025 + synthetic fill
2019,4,2019-04-01,Canada,NAm,False,5.965,4.433,64.15,62.09,62.63,101.1,8.65,EIA/OPEC ASB 2025 + synthetic fill
2019,4,2019-04-01,Norway,EUR,False,2.807,2.39,64.15,62.09,62.63,101.1,4.66,EIA/OPEC ASB 2025 + synthetic fill
2019,4,2019-04-01,Kazakhstan,CIS,False,0.994,0.84,64.15,62.09,62.63,101.1,1.64,EIA/OPEC ASB 2025 + synthetic fill
2019,4,2019-04-01,Libya,AFR,True,0.692,0.595,64.15,62.09,62.63,101.1,1.16,EIA/OPEC ASB 2025 + synthetic fill
2019,4,2019-04-01,Qatar,Gulf,True,0.786,0.617,64.15,62.09,62.63,101.1,1.2,EIA/OPEC ASB 2025 + synthetic fill
2019,4,2019-04-01,Algeria,AFR,True,1.296,0.924,64.15,62.09,62.63,101.1,1.8,EIA/OPEC ASB 2025 + synthetic fill
2019,4,2019-04-01,Angola,AFR,True,0.77,0.673,64.15,62.09,62.63,101.1,1.31,EIA/OPEC ASB 2025 + synthetic fill
2019,4,2019-04-01,Mexico,LAm,False,3.435,1.833,64.15,62.09,62.63,101.1,3.58,EIA/OPEC ASB 2025 + synthetic fill
2019,4,2019-04-01,Brazil,LAm,False,4.388,1.614,64.15,62.09,62.63,101.1,3.15,EIA/OPEC ASB 2025 + synthetic fill
2019,5,2019-05-01,Saudi Arabia,Gulf,True,9.183,7.586,60.27,58.45,60.99,100.26,13.91,EIA/OPEC ASB 2025 + synthetic fill
2019,5,2019-05-01,Russia,CIS,False,9.104,6.008,60.27,58.45,60.99,100.26,11.01,EIA/OPEC ASB 2025 + synthetic fill
2019,5,2019-05-01,United States,NAm,False,10.666,0.342,60.27,58.45,60.99,100.26,0.63,EIA/OPEC ASB 2025 + synthetic fill
2019,5,2019-05-01,Iraq,Gulf,True,4.65,3.803,60.27,58.45,60.99,100.26,6.97,EIA/OPEC ASB 2025 + synthetic fill
2019,5,2019-05-01,United Arab Emirates,Gulf,True,2.398,2.162,60.27,58.45,60.99,100.26,3.96,EIA/OPEC ASB 2025 + synthetic fill
2019,5,2019-05-01,Iran,Gulf,True,2.368,1.459,60.27,58.45,60.99,100.26,2.67,EIA/OPEC ASB 2025 + synthetic fill
2019,5,2019-05-01,Kuwait,Gulf,True,2.076,1.861,60.27,58.45,60.99,100.26,3.41,EIA/OPEC ASB 2025 + synthetic fill
2019,5,2019-05-01,Venezuela,LAm,True,1.065,0.853,60.27,58.45,60.99,100.26,1.56,EIA/OPEC ASB 2025 + synthetic fill
2019,5,2019-05-01,Nigeria,AFR,True,2.062,1.819,60.27,58.45,60.99,100.26,3.33,EIA/OPEC ASB 2025 + synthetic fill
2019,5,2019-05-01,Canada,NAm,False,5.754,4.267,60.27,58.45,60.99,100.26,7.82,EIA/OPEC ASB 2025 + synthetic fill
2019,5,2019-05-01,Norway,EUR,False,2.858,2.311,60.27,58.45,60.99,100.26,4.24,EIA/OPEC ASB 2025 + synthetic fill
2019,5,2019-05-01,Kazakhstan,CIS,False,0.964,0.81,60.27,58.45,60.99,100.26,1.48,EIA/OPEC ASB 2025 + synthetic fill
2019,5,2019-05-01,Libya,AFR,True,0.634,0.55,60.27,58.45,60.99,100.26,1.01,EIA/OPEC ASB 2025 + synthetic fill
2019,5,2019-05-01,Qatar,Gulf,True,0.731,0.546,60.27,58.45,60.99,100.26,1.0,EIA/OPEC ASB 2025 + synthetic fill
2019,5,2019-05-01,Algeria,AFR,True,1.209,0.814,60.27,58.45,60.99,100.26,1.49,EIA/OPEC ASB 2025 + synthetic fill
2019,5,2019-05-01,Angola,AFR,True,0.756,0.629,60.27,58.45,60.99,100.26,1.15,EIA/OPEC ASB 2025 + synthetic fill
2019,5,2019-05-01,Mexico,LAm,False,3.43,1.796,60.27,58.45,60.99,100.26,3.29,EIA/OPEC ASB 2025 + synthetic fill
2019,5,2019-05-01,Brazil,LAm,False,4.591,1.714,60.27,58.45,60.99,100.26,3.14,EIA/OPEC ASB 2025 + synthetic fill
2019,6,2019-06-01,Saudi Arabia,Gulf,True,9.954,7.629,67.84,64.88,68.77,100.25,15.74,EIA/OPEC ASB 2025 + synthetic fill
2019,6,2019-06-01,Russia,CIS,False,9.207,6.683,67.84,64.88,68.77,100.25,13.79,EIA/OPEC ASB 2025 + synthetic fill
2019,6,2019-06-01,United States,NAm,False,10.541,0.381,67.84,64.88,68.77,100.25,0.79,EIA/OPEC ASB 2025 + synthetic fill
2019,6,2019-06-01,Iraq,Gulf,True,4.971,4.314,67.84,64.88,68.77,100.25,8.9,EIA/OPEC ASB 2025 + synthetic fill
2019,6,2019-06-01,United Arab Emirates,Gulf,True,2.404,2.082,67.84,64.88,68.77,100.25,4.3,EIA/OPEC ASB 2025 + synthetic fill
2019,6,2019-06-01,Iran,Gulf,True,2.4,1.466,67.84,64.88,68.77,100.25,3.03,EIA/OPEC ASB 2025 + synthetic fill
2019,6,2019-06-01,Kuwait,Gulf,True,2.09,1.893,67.84,64.88,68.77,100.25,3.91,EIA/OPEC ASB 2025 + synthetic fill
2019,6,2019-06-01,Venezuela,LAm,True,1.027,0.906,67.84,64.88,68.77,100.25,1.87,EIA/OPEC ASB 2025 + synthetic fill
2019,6,2019-06-01,Nigeria,AFR,True,2.028,1.732,67.84,64.88,68.77,100.25,3.57,EIA/OPEC ASB 2025 + synthetic fill
2019,6,2019-06-01,Canada,NAm,False,5.805,3.938,67.84,64.88,68.77,100.25,8.13,EIA/OPEC ASB 2025 + synthetic fill
2019,6,2019-06-01,Norway,EUR,False,2.84,2.269,67.84,64.88,68.77,100.25,4.68,EIA/OPEC ASB 2025 + synthetic fill
2019,6,2019-06-01,Kazakhstan,CIS,False,0.943,0.697,67.84,64.88,68.77,100.25,1.44,EIA/OPEC ASB 2025 + synthetic fill
2019,6,2019-06-01,Libya,AFR,True,0.644,0.525,67.84,64.88,68.77,100.25,1.08,EIA/OPEC ASB 2025 + synthetic fill
2019,6,2019-06-01,Qatar,Gulf,True,0.753,0.627,67.84,64.88,68.77,100.25,1.29,EIA/OPEC ASB 2025 + synthetic fill
2019,6,2019-06-01,Algeria,AFR,True,1.266,0.88,67.84,64.88,68.77,100.25,1.82,EIA/OPEC ASB 2025 + synthetic fill
2019,6,2019-06-01,Angola,AFR,True,0.759,0.625,67.84,64.88,68.77,100.25,1.29,EIA/OPEC ASB 2025 + synthetic fill
2019,6,2019-06-01,Mexico,LAm,False,3.372,1.709,67.84,64.88,68.77,100.25,3.53,EIA/OPEC ASB 2025 + synthetic fill
2019,6,2019-06-01,Brazil,LAm,False,4.368,1.659,67.84,64.88,68.77,100.25,3.42,EIA/OPEC ASB 2025 + synthetic fill
2019,7,2019-07-01,Saudi Arabia,Gulf,True,9.342,7.63,68.43,65.22,68.55,100.42,15.88,EIA/OPEC ASB 2025 + synthetic fill
2019,7,2019-07-01,Russia,CIS,False,8.664,6.04,68.43,65.22,68.55,100.42,12.57,EIA/OPEC ASB 2025 + synthetic fill
2019,7,2019-07-01,United States,NAm,False,10.642,0.373,68.43,65.22,68.55,100.42,0.78,EIA/OPEC ASB 2025 + synthetic fill
2019,7,2019-07-01,Iraq,Gulf,True,4.945,4.337,68.43,65.22,68.55,100.42,9.03,EIA/OPEC ASB 2025 + synthetic fill
2019,7,2019-07-01,United Arab Emirates,Gulf,True,2.388,2.193,68.43,65.22,68.55,100.42,4.56,EIA/OPEC ASB 2025 + synthetic fill
2019,7,2019-07-01,Iran,Gulf,True,2.443,1.534,68.43,65.22,68.55,100.42,3.19,EIA/OPEC ASB 2025 + synthetic fill
2019,7,2019-07-01,Kuwait,Gulf,True,2.065,1.865,68.43,65.22,68.55,100.42,3.88,EIA/OPEC ASB 2025 + synthetic fill
2019,7,2019-07-01,Venezuela,LAm,True,1.054,0.868,68.43,65.22,68.55,100.42,1.81,EIA/OPEC ASB 2025 + synthetic fill
2019,7,2019-07-01,Nigeria,AFR,True,2.141,1.88,68.43,65.22,68.55,100.42,3.91,EIA/OPEC ASB 2025 + synthetic fill
2019,7,2019-07-01,Canada,NAm,False,5.69,4.237,68.43,65.22,68.55,100.42,8.82,EIA/OPEC ASB 2025 + synthetic fill
2019,7,2019-07-01,Norway,EUR,False,2.783,2.301,68.43,65.22,68.55,100.42,4.79,EIA/OPEC ASB 2025 + synthetic fill
2019,7,2019-07-01,Kazakhstan,CIS,False,0.976,0.78,68.43,65.22,68.55,100.42,1.62,EIA/OPEC ASB 2025 + synthetic fill
2019,7,2019-07-01,Libya,AFR,True,0.585,0.471,68.43,65.22,68.55,100.42,0.98,EIA/OPEC ASB 2025 + synthetic fill
2019,7,2019-07-01,Qatar,Gulf,True,0.769,0.58,68.43,65.22,68.55,100.42,1.21,EIA/OPEC ASB 2025 + synthetic fill
2019,7,2019-07-01,Algeria,AFR,True,1.287,0.929,68.43,65.22,68.55,100.42,1.93,EIA/OPEC ASB 2025 + synthetic fill
2019,7,2019-07-01,Angola,AFR,True,0.755,0.629,68.43,65.22,68.55,100.42,1.31,EIA/OPEC ASB 2025 + synthetic fill
2019,7,2019-07-01,Mexico,LAm,False,3.457,1.931,68.43,65.22,68.55,100.42,4.02,EIA/OPEC ASB 2025 + synthetic fill
2019,7,2019-07-01,Brazil,LAm,False,4.51,1.681,68.43,65.22,68.55,100.42,3.5,EIA/OPEC ASB 2025 + synthetic fill
2019,8,2019-08-01,Saudi Arabia,Gulf,True,9.223,7.686,66.83,64.54,65.46,100.54,15.62,EIA/OPEC ASB 2025 + synthetic fill
2019,8,2019-08-01,Russia,CIS,False,8.963,6.223,66.83,64.54,65.46,100.54,12.65,EIA/OPEC ASB 2025 + synthetic fill
2019,8,2019-08-01,United States,NAm,False,10.489,0.349,66.83,64.54,65.46,100.54,0.71,EIA/OPEC ASB 2025 + synthetic fill
2019,8,2019-08-01,Iraq,Gulf,True,4.793,3.71,66.83,64.54,65.46,100.54,7.54,EIA/OPEC ASB 2025 + synthetic fill
2019,8,2019-08-01,United Arab Emirates,Gulf,True,2.368,2.239,66.83,64.54,65.46,100.54,4.55,EIA/OPEC ASB 2025 + synthetic fill
2019,8,2019-08-01,Iran,Gulf,True,2.436,1.557,66.83,64.54,65.46,100.54,3.16,EIA/OPEC ASB 2025 + synthetic fill
2019,8,2019-08-01,Kuwait,Gulf,True,2.052,1.766,66.83,64.54,65.46,100.54,3.59,EIA/OPEC ASB 2025 + synthetic fill
2019,8,2019-08-01,Venezuela,LAm,True,0.984,0.815,66.83,64.54,65.46,100.54,1.66,EIA/OPEC ASB 2025 + synthetic fill
2019,8,2019-08-01,Nigeria,AFR,True,2.134,1.838,66.83,64.54,65.46,100.54,3.74,EIA/OPEC ASB 2025 + synthetic fill
2019,8,2019-08-01,Canada,NAm,False,5.869,4.41,66.83,64.54,65.46,100.54,8.96,EIA/OPEC ASB 2025 + synthetic fill
2019,8,2019-08-01,Norway,EUR,False,2.876,2.536,66.83,64.54,65.46,100.54,5.16,EIA/OPEC ASB 2025 + synthetic fill
2019,8,2019-08-01,Kazakhstan,CIS,False,0.992,0.777,66.83,64.54,65.46,100.54,1.58,EIA/OPEC ASB 2025 + synthetic fill
2019,8,2019-08-01,Libya,AFR,True,0.575,0.481,66.83,64.54,65.46,100.54,0.98,EIA/OPEC ASB 2025 + synthetic fill
2019,8,2019-08-01,Qatar,Gulf,True,0.734,0.556,66.83,64.54,65.46,100.54,1.13,EIA/OPEC ASB 2025 + synthetic fill
2019,8,2019-08-01,Algeria,AFR,True,1.262,0.962,66.83,64.54,65.46,100.54,1.96,EIA/OPEC ASB 2025 + synthetic fill
2019,8,2019-08-01,Angola,AFR,True,0.729,0.619,66.83,64.54,65.46,100.54,1.26,EIA/OPEC ASB 2025 + synthetic fill
2019,8,2019-08-01,Mexico,LAm,False,3.437,1.757,66.83,64.54,65.46,100.54,3.57,EIA/OPEC ASB 2025 + synthetic fill
2019,8,2019-08-01,Brazil,LAm,False,4.727,1.77,66.83,64.54,65.46,100.54,3.6,EIA/OPEC ASB 2025 + synthetic fill
2019,9,2019-09-01,Saudi Arabia,Gulf,True,9.714,7.678,62.14,58.57,60.57,100.39,14.51,EIA/OPEC ASB 2025 + synthetic fill
2019,9,2019-09-01,Russia,CIS,False,8.83,6.546,62.14,58.57,60.57,100.39,12.37,EIA/OPEC ASB 2025 + synthetic fill
2019,9,2019-09-01,United States,NAm,False,9.893,0.358,62.14,58.57,60.57,100.39,0.68,EIA/OPEC ASB 2025 + synthetic fill
2019,9,2019-09-01,Iraq,Gulf,True,4.981,3.872,62.14,58.57,60.57,100.39,7.32,EIA/OPEC ASB 2025 + synthetic fill
2019,9,2019-09-01,United Arab Emirates,Gulf,True,2.386,2.041,62.14,58.57,60.57,100.39,3.86,EIA/OPEC ASB 2025 + synthetic fill
2019,9,2019-09-01,Iran,Gulf,True,2.352,1.484,62.14,58.57,60.57,100.39,2.8,EIA/OPEC ASB 2025 + synthetic fill
2019,9,2019-09-01,Kuwait,Gulf,True,2.093,1.84,62.14,58.57,60.57,100.39,3.48,EIA/OPEC ASB 2025 + synthetic fill
2019,9,2019-09-01,Venezuela,LAm,True,0.956,0.778,62.14,58.57,60.57,100.39,1.47,EIA/OPEC ASB 2025 + synthetic fill
2019,9,2019-09-01,Nigeria,AFR,True,2.057,1.773,62.14,58.57,60.57,100.39,3.35,EIA/OPEC ASB 2025 + synthetic fill
2019,9,2019-09-01,Canada,NAm,False,5.762,4.045,62.14,58.57,60.57,100.39,7.65,EIA/OPEC ASB 2025 + synthetic fill
2019,9,2019-09-01,Norway,EUR,False,2.836,2.486,62.14,58.57,60.57,100.39,4.7,EIA/OPEC ASB 2025 + synthetic fill
2019,9,2019-09-01,Kazakhstan,CIS,False,0.974,0.822,62.14,58.57,60.57,100.39,1.55,EIA/OPEC ASB 2025 + synthetic fill
2019,9,2019-09-01,Libya,AFR,True,0.56,0.488,62.14,58.57,60.57,100.39,0.92,EIA/OPEC ASB 2025 + synthetic fill
2019,9,2019-09-01,Qatar,Gulf,True,0.763,0.564,62.14,58.57,60.57,100.39,1.07,EIA/OPEC ASB 2025 + synthetic fill
2019,9,2019-09-01,Algeria,AFR,True,1.254,0.844,62.14,58.57,60.57,100.39,1.6,EIA/OPEC ASB 2025 + synthetic fill
2019,9,2019-09-01,Angola,AFR,True,0.751,0.628,62.14,58.57,60.57,100.39,1.19,EIA/OPEC ASB 2025 + synthetic fill
2019,9,2019-09-01,Mexico,LAm,False,3.365,1.681,62.14,58.57,60.57,100.39,3.18,EIA/OPEC ASB 2025 + synthetic fill
2019,9,2019-09-01,Brazil,LAm,False,4.578,1.667,62.14,58.57,60.57,100.39,3.15,EIA/OPEC ASB 2025 + synthetic fill
2019,10,2019-10-01,Saudi Arabia,Gulf,True,9.558,7.528,64.76,60.15,62.79,100.33,14.83,EIA/OPEC ASB 2025 + synthetic fill
2019,10,2019-10-01,Russia,CIS,False,8.659,6.37,64.76,60.15,62.79,100.33,12.55,EIA/OPEC ASB 2025 + synthetic fill
2019,10,2019-10-01,United States,NAm,False,10.698,0.343,64.76,60.15,62.79,100.33,0.68,EIA/OPEC ASB 2025 + synthetic fill
2019,10,2019-10-01,Iraq,Gulf,True,5.0,4.058,64.76,60.15,62.79,100.33,7.99,EIA/OPEC ASB 2025 + synthetic fill
2019,10,2019-10-01,United Arab Emirates,Gulf,True,2.317,2.034,64.76,60.15,62.79,100.33,4.01,EIA/OPEC ASB 2025 + synthetic fill
2019,10,2019-10-01,Iran,Gulf,True,2.292,1.322,64.76,60.15,62.79,100.33,2.6,EIA/OPEC ASB 2025 + synthetic fill
2019,10,2019-10-01,Kuwait,Gulf,True,2.138,1.718,64.76,60.15,62.79,100.33,3.38,EIA/OPEC ASB 2025 + synthetic fill
2019,10,2019-10-01,Venezuela,LAm,True,0.976,0.846,64.76,60.15,62.79,100.33,1.67,EIA/OPEC ASB 2025 + synthetic fill
2019,10,2019-10-01,Nigeria,AFR,True,2.102,1.901,64.76,60.15,62.79,100.33,3.74,EIA/OPEC ASB 2025 + synthetic fill
2019,10,2019-10-01,Canada,NAm,False,5.509,3.879,64.76,60.15,62.79,100.33,7.64,EIA/OPEC ASB 2025 + synthetic fill
2019,10,2019-10-01,Norway,EUR,False,2.832,2.375,64.76,60.15,62.79,100.33,4.68,EIA/OPEC ASB 2025 + synthetic fill
2019,10,2019-10-01,Kazakhstan,CIS,False,1.004,0.804,64.76,60.15,62.79,100.33,1.58,EIA/OPEC ASB 2025 + synthetic fill
2019,10,2019-10-01,Libya,AFR,True,0.506,0.423,64.76,60.15,62.79,100.33,0.83,EIA/OPEC ASB 2025 + synthetic fill
2019,10,2019-10-01,Qatar,Gulf,True,0.706,0.577,64.76,60.15,62.79,100.33,1.14,EIA/OPEC ASB 2025 + synthetic fill
2019,10,2019-10-01,Algeria,AFR,True,1.254,0.868,64.76,60.15,62.79,100.33,1.71,EIA/OPEC ASB 2025 + synthetic fill
2019,10,2019-10-01,Angola,AFR,True,0.765,0.618,64.76,60.15,62.79,100.33,1.22,EIA/OPEC ASB 2025 + synthetic fill
2019,10,2019-10-01,Mexico,LAm,False,3.239,1.736,64.76,60.15,62.79,100.33,3.42,EIA/OPEC ASB 2025 + synthetic fill
2019,10,2019-10-01,Brazil,LAm,False,4.626,1.82,64.76,60.15,62.79,100.33,3.59,EIA/OPEC ASB 2025 + synthetic fill
2019,11,2019-11-01,Saudi Arabia,Gulf,True,9.224,7.859,62.12,57.23,62.94,100.62,14.85,EIA/OPEC ASB 2025 + synthetic fill
2019,11,2019-11-01,Russia,CIS,False,8.821,5.962,62.12,57.23,62.94,100.62,11.27,EIA/OPEC ASB 2025 + synthetic fill
2019,11,2019-11-01,United States,NAm,False,10.238,0.354,62.12,57.23,62.94,100.62,0.67,EIA/OPEC ASB 2025 + synthetic fill
2019,11,2019-11-01,Iraq,Gulf,True,4.842,4.042,62.12,57.23,62.94,100.62,7.64,EIA/OPEC ASB 2025 + synthetic fill
2019,11,2019-11-01,United Arab Emirates,Gulf,True,2.464,2.177,62.12,57.23,62.94,100.62,4.11,EIA/OPEC ASB 2025 + synthetic fill
2019,11,2019-11-01,Iran,Gulf,True,2.278,1.369,62.12,57.23,62.94,100.62,2.59,EIA/OPEC ASB 2025 + synthetic fill
2019,11,2019-11-01,Kuwait,Gulf,True,2.135,1.918,62.12,57.23,62.94,100.62,3.62,EIA/OPEC ASB 2025 + synthetic fill
2019,11,2019-11-01,Venezuela,LAm,True,0.96,0.761,62.12,57.23,62.94,100.62,1.44,EIA/OPEC ASB 2025 + synthetic fill
2019,11,2019-11-01,Nigeria,AFR,True,2.007,1.792,62.12,57.23,62.94,100.62,3.39,EIA/OPEC ASB 2025 + synthetic fill
2019,11,2019-11-01,Canada,NAm,False,6.118,4.369,62.12,57.23,62.94,100.62,8.26,EIA/OPEC ASB 2025 + synthetic fill
2019,11,2019-11-01,Norway,EUR,False,2.88,2.33,62.12,57.23,62.94,100.62,4.4,EIA/OPEC ASB 2025 + synthetic fill
2019,11,2019-11-01,Kazakhstan,CIS,False,0.984,0.742,62.12,57.23,62.94,100.62,1.4,EIA/OPEC ASB 2025 + synthetic fill
2019,11,2019-11-01,Libya,AFR,True,0.491,0.43,62.12,57.23,62.94,100.62,0.81,EIA/OPEC ASB 2025 + synthetic fill
2019,11,2019-11-01,Qatar,Gulf,True,0.785,0.591,62.12,57.23,62.94,100.62,1.12,EIA/OPEC ASB 2025 + synthetic fill
2019,11,2019-11-01,Algeria,AFR,True,1.287,0.884,62.12,57.23,62.94,100.62,1.67,EIA/OPEC ASB 2025 + synthetic fill
2019,11,2019-11-01,Angola,AFR,True,0.728,0.659,62.12,57.23,62.94,100.62,1.25,EIA/OPEC ASB 2025 + synthetic fill
2019,11,2019-11-01,Mexico,LAm,False,3.408,1.827,62.12,57.23,62.94,100.62,3.45,EIA/OPEC ASB 2025 + synthetic fill
2019,11,2019-11-01,Brazil,LAm,False,4.757,1.799,62.12,57.23,62.94,100.62,3.4,EIA/OPEC ASB 2025 + synthetic fill
2019,12,2019-12-01,Saudi Arabia,Gulf,True,9.151,7.469,60.93,59.59,60.64,101.18,13.84,EIA/OPEC ASB 2025 + synthetic fill
2019,12,2019-12-01,Russia,CIS,False,8.989,5.955,60.93,59.59,60.64,101.18,11.04,EIA/OPEC ASB 2025 + synthetic fill
2019,12,2019-12-01,United States,NAm,False,9.965,0.347,60.93,59.59,60.64,101.18,0.64,EIA/OPEC ASB 2025 + synthetic fill
2019,12,2019-12-01,Iraq,Gulf,True,4.824,4.143,60.93,59.59,60.64,101.18,7.68,EIA/OPEC ASB 2025 + synthetic fill
2019,12,2019-12-01,United Arab Emirates,Gulf,True,2.356,2.109,60.93,59.59,60.64,101.18,3.91,EIA/OPEC ASB 2025 + synthetic fill
2019,12,2019-12-01,Iran,Gulf,True,2.37,1.453,60.93,59.59,60.64,101.18,2.69,EIA/OPEC ASB 2025 + synthetic fill
2019,12,2019-12-01,Kuwait,Gulf,True,2.04,1.715,60.93,59.59,60.64,101.18,3.18,EIA/OPEC ASB 2025 + synthetic fill
2019,12,2019-12-01,Venezuela,LAm,True,0.914,0.773,60.93,59.59,60.64,101.18,1.43,EIA/OPEC ASB 2025 + synthetic fill
2019,12,2019-12-01,Nigeria,AFR,True,2.02,1.646,60.93,59.59,60.64,101.18,3.05,EIA/OPEC ASB 2025 + synthetic fill
2019,12,2019-12-01,Canada,NAm,False,5.534,3.695,60.93,59.59,60.64,101.18,6.85,EIA/OPEC ASB 2025 + synthetic fill
2019,12,2019-12-01,Norway,EUR,False,2.931,2.298,60.93,59.59,60.64,101.18,4.26,EIA/OPEC ASB 2025 + synthetic fill
2019,12,2019-12-01,Kazakhstan,CIS,False,1.004,0.75,60.93,59.59,60.64,101.18,1.39,EIA/OPEC ASB 2025 + synthetic fill
2019,12,2019-12-01,Libya,AFR,True,0.477,0.422,60.93,59.59,60.64,101.18,0.78,EIA/OPEC ASB 2025 + synthetic fill
2019,12,2019-12-01,Qatar,Gulf,True,0.776,0.605,60.93,59.59,60.64,101.18,1.12,EIA/OPEC ASB 2025 + synthetic fill
2019,12,2019-12-01,Algeria,AFR,True,1.291,0.97,60.93,59.59,60.64,101.18,1.8,EIA/OPEC ASB 2025 + synthetic fill
2019,12,2019-12-01,Angola,AFR,True,0.768,0.637,60.93,59.59,60.64,101.18,1.18,EIA/OPEC ASB 2025 + synthetic fill
2019,12,2019-12-01,Mexico,LAm,False,3.441,1.765,60.93,59.59,60.64,101.18,3.27,EIA/OPEC ASB 2025 + synthetic fill
2019,12,2019-12-01,Brazil,LAm,False,4.949,1.828,60.93,59.59,60.64,101.18,3.39,EIA/OPEC ASB 2025 + synthetic fill
2020,1,2020-01-01,Saudi Arabia,Gulf,True,8.847,7.014,37.3,35.92,36.79,90.22,7.96,EIA/OPEC ASB 2025 + synthetic fill
2020,1,2020-01-01,Russia,CIS,False,8.513,6.366,37.3,35.92,36.79,90.22,7.22,EIA/OPEC ASB 2025 + synthetic fill
2020,1,2020-01-01,United States,NAm,False,9.875,0.317,37.3,35.92,36.79,90.22,0.36,EIA/OPEC ASB 2025 + synthetic fill
2020,1,2020-01-01,Iraq,Gulf,True,4.853,3.857,37.3,35.92,36.79,90.22,4.38,EIA/OPEC ASB 2025 + synthetic fill
2020,1,2020-01-01,United Arab Emirates,Gulf,True,2.427,2.051,37.3,35.92,36.79,90.22,2.33,EIA/OPEC ASB 2025 + synthetic fill
2020,1,2020-01-01,Iran,Gulf,True,2.321,1.399,37.3,35.92,36.79,90.22,1.59,EIA/OPEC ASB 2025 + synthetic fill
2020,1,2020-01-01,Kuwait,Gulf,True,2.083,1.709,37.3,35.92,36.79,90.22,1.94,EIA/OPEC ASB 2025 + synthetic fill
2020,1,2020-01-01,Venezuela,LAm,True,0.912,0.707,37.3,35.92,36.79,90.22,0.8,EIA/OPEC ASB 2025 + synthetic fill
2020,1,2020-01-01,Nigeria,AFR,True,2.056,1.768,37.3,35.92,36.79,90.22,2.01,EIA/OPEC ASB 2025 + synthetic fill
2020,1,2020-01-01,Canada,NAm,False,5.576,4.238,37.3,35.92,36.79,90.22,4.81,EIA/OPEC ASB 2025 + synthetic fill
2020,1,2020-01-01,Norway,EUR,False,2.808,2.262,37.3,35.92,36.79,90.22,2.57,EIA/OPEC ASB 2025 + synthetic fill
2020,1,2020-01-01,Kazakhstan,CIS,False,0.986,0.738,37.3,35.92,36.79,90.22,0.84,EIA/OPEC ASB 2025 + synthetic fill
2020,1,2020-01-01,Libya,AFR,True,0.456,0.418,37.3,35.92,36.79,90.22,0.47,EIA/OPEC ASB 2025 + synthetic fill
2020,1,2020-01-01,Qatar,Gulf,True,0.728,0.604,37.3,35.92,36.79,90.22,0.69,EIA/OPEC ASB 2025 + synthetic fill
2020,1,2020-01-01,Algeria,AFR,True,1.231,0.834,37.3,35.92,36.79,90.22,0.95,EIA/OPEC ASB 2025 + synthetic fill
2020,1,2020-01-01,Angola,AFR,True,0.748,0.605,37.3,35.92,36.79,90.22,0.69,EIA/OPEC ASB 2025 + synthetic fill
2020,1,2020-01-01,Mexico,LAm,False,3.353,1.746,37.3,35.92,36.79,90.22,1.98,EIA/OPEC ASB 2025 + synthetic fill
2020,1,2020-01-01,Brazil,LAm,False,4.95,1.947,37.3,35.92,36.79,90.22,2.21,EIA/OPEC ASB 2025 + synthetic fill
2020,2,2020-02-01,Saudi Arabia,Gulf,True,9.187,7.713,41.73,38.78,41.64,90.49,9.79,EIA/OPEC ASB 2025 + synthetic fill
2020,2,2020-02-01,Russia,CIS,False,8.753,6.532,41.73,38.78,41.64,90.49,8.29,EIA/OPEC ASB 2025 + synthetic fill
2020,2,2020-02-01,United States,NAm,False,9.971,0.36,41.73,38.78,41.64,90.49,0.46,EIA/OPEC ASB 2025 + synthetic fill
2020,2,2020-02-01,Iraq,Gulf,True,4.528,3.816,41.73,38.78,41.64,90.49,4.84,EIA/OPEC ASB 2025 + synthetic fill
2020,2,2020-02-01,United Arab Emirates,Gulf,True,2.469,2.313,41.73,38.78,41.64,90.49,2.94,EIA/OPEC ASB 2025 + synthetic fill
2020,2,2020-02-01,Iran,Gulf,True,2.413,1.361,41.73,38.78,41.64,90.49,1.73,EIA/OPEC ASB 2025 + synthetic fill
2020,2,2020-02-01,Kuwait,Gulf,True,2.202,1.911,41.73,38.78,41.64,90.49,2.43,EIA/OPEC ASB 2025 + synthetic fill
2020,2,2020-02-01,Venezuela,LAm,True,0.904,0.708,41.73,38.78,41.64,90.49,0.9,EIA/OPEC ASB 2025 + synthetic fill
2020,2,2020-02-01,Nigeria,AFR,True,2.061,1.809,41.73,38.78,41.64,90.49,2.3,EIA/OPEC ASB 2025 + synthetic fill
2020,2,2020-02-01,Canada,NAm,False,5.842,4.443,41.73,38.78,41.64,90.49,5.64,EIA/OPEC ASB 2025 + synthetic fill
2020,2,2020-02-01,Norway,EUR,False,2.802,2.239,41.73,38.78,41.64,90.49,2.84,EIA/OPEC ASB 2025 + synthetic fill
2020,2,2020-02-01,Kazakhstan,CIS,False,1.032,0.87,41.73,38.78,41.64,90.49,1.1,EIA/OPEC ASB 2025 + synthetic fill
2020,2,2020-02-01,Libya,AFR,True,0.461,0.417,41.73,38.78,41.64,90.49,0.53,EIA/OPEC ASB 2025 + synthetic fill
2020,2,2020-02-01,Qatar,Gulf,True,0.713,0.579,41.73,38.78,41.64,90.49,0.73,EIA/OPEC ASB 2025 + synthetic fill
2020,2,2020-02-01,Algeria,AFR,True,1.278,0.97,41.73,38.78,41.64,90.49,1.23,EIA/OPEC ASB 2025 + synthetic fill
2020,2,2020-02-01,Angola,AFR,True,0.738,0.636,41.73,38.78,41.64,90.49,0.81,EIA/OPEC ASB 2025 + synthetic fill
2020,2,2020-02-01,Mexico,LAm,False,3.388,1.873,41.73,38.78,41.64,90.49,2.38,EIA/OPEC ASB 2025 + synthetic fill
2020,2,2020-02-01,Brazil,LAm,False,4.964,1.861,41.73,38.78,41.64,90.49,2.36,EIA/OPEC ASB 2025 + synthetic fill
2020,3,2020-03-01,Saudi Arabia,Gulf,True,8.826,7.31,37.07,34.83,37.95,90.98,8.24,EIA/OPEC ASB 2025 + synthetic fill
2020,3,2020-03-01,Russia,CIS,False,8.696,6.091,37.07,34.83,37.95,90.98,6.87,EIA/OPEC ASB 2025 + synthetic fill
2020,3,2020-03-01,United States,NAm,False,9.306,0.331,37.07,34.83,37.95,90.98,0.37,EIA/OPEC ASB 2025 + synthetic fill
2020,3,2020-03-01,Iraq,Gulf,True,4.858,3.919,37.07,34.83,37.95,90.98,4.42,EIA/OPEC ASB 2025 + synthetic fill
2020,3,2020-03-01,United Arab Emirates,Gulf,True,2.469,2.299,37.07,34.83,37.95,90.98,2.59,EIA/OPEC ASB 2025 + synthetic fill
2020,3,2020-03-01,Iran,Gulf,True,2.357,1.419,37.07,34.83,37.95,90.98,1.6,EIA/OPEC ASB 2025 + synthetic fill
2020,3,2020-03-01,Kuwait,Gulf,True,2.18,1.882,37.07,34.83,37.95,90.98,2.12,EIA/OPEC ASB 2025 + synthetic fill
2020,3,2020-03-01,Venezuela,LAm,True,0.969,0.818,37.07,34.83,37.95,90.98,0.92,EIA/OPEC ASB 2025 + synthetic fill
2020,3,2020-03-01,Nigeria,AFR,True,2.086,1.845,37.07,34.83,37.95,90.98,2.08,EIA/OPEC ASB 2025 + synthetic fill
2020,3,2020-03-01,Canada,NAm,False,5.961,3.958,37.07,34.83,37.95,90.98,4.46,EIA/OPEC ASB 2025 + synthetic fill
2020,3,2020-03-01,Norway,EUR,False,2.931,2.481,37.07,34.83,37.95,90.98,2.8,EIA/OPEC ASB 2025 + synthetic fill
2020,3,2020-03-01,Kazakhstan,CIS,False,1.005,0.746,37.07,34.83,37.95,90.98,0.84,EIA/OPEC ASB 2025 + synthetic fill
2020,3,2020-03-01,Libya,AFR,True,0.508,0.446,37.07,34.83,37.95,90.98,0.5,EIA/OPEC ASB 2025 + synthetic fill
2020,3,2020-03-01,Qatar,Gulf,True,0.769,0.566,37.07,34.83,37.95,90.98,0.64,EIA/OPEC ASB 2025 + synthetic fill
2020,3,2020-03-01,Algeria,AFR,True,1.25,0.864,37.07,34.83,37.95,90.98,0.97,EIA/OPEC ASB 2025 + synthetic fill
2020,3,2020-03-01,Angola,AFR,True,0.767,0.691,37.07,34.83,37.95,90.98,0.78,EIA/OPEC ASB 2025 + synthetic fill
2020,3,2020-03-01,Mexico,LAm,False,3.326,1.658,37.07,34.83,37.95,90.98,1.87,EIA/OPEC ASB 2025 + synthetic fill
2020,3,2020-03-01,Brazil,LAm,False,4.626,1.658,37.07,34.83,37.95,90.98,1.87,EIA/OPEC ASB 2025 + synthetic fill
2020,4,2020-04-01,Saudi Arabia,Gulf,True,9.224,7.492,42.23,40.44,41.47,91.49,9.62,EIA/OPEC ASB 2025 + synthetic fill
2020,4,2020-04-01,Russia,CIS,False,8.781,6.082,42.23,40.44,41.47,91.49,7.81,EIA/OPEC ASB 2025 + synthetic fill
2020,4,2020-04-01,United States,NAm,False,10.103,0.341,42.23,40.44,41.47,91.49,0.44,EIA/OPEC ASB 2025 + synthetic fill
2020,4,2020-04-01,Iraq,Gulf,True,4.624,4.099,42.23,40.44,41.47,91.49,5.27,EIA/OPEC ASB 2025 + synthetic fill
2020,4,2020-04-01,United Arab Emirates,Gulf,True,2.438,2.151,42.23,40.44,41.47,91.49,2.76,EIA/OPEC ASB 2025 + synthetic fill
2020,4,2020-04-01,Iran,Gulf,True,2.412,1.42,42.23,40.44,41.47,91.49,1.82,EIA/OPEC ASB 2025 + synthetic fill
2020,4,2020-04-01,Kuwait,Gulf,True,2.027,1.677,42.23,40.44,41.47,91.49,2.15,EIA/OPEC ASB 2025 + synthetic fill
2020,4,2020-04-01,Venezuela,LAm,True,0.916,0.764,42.23,40.44,41.47,91.49,0.98,EIA/OPEC ASB 2025 + synthetic fill
2020,4,2020-04-01,Nigeria,AFR,True,2.086,1.679,42.23,40.44,41.47,91.49,2.16,EIA/OPEC ASB 2025 + synthetic fill
2020,4,2020-04-01,Canada,NAm,False,5.765,4.141,42.23,40.44,41.47,91.49,5.32,EIA/OPEC ASB 2025 + synthetic fill
2020,4,2020-04-01,Norway,EUR,False,2.862,2.413,42.23,40.44,41.47,91.49,3.1,EIA/OPEC ASB 2025 + synthetic fill
2020,4,2020-04-01,Kazakhstan,CIS,False,1.01,0.814,42.23,40.44,41.47,91.49,1.05,EIA/OPEC ASB 2025 + synthetic fill
2020,4,2020-04-01,Libya,AFR,True,0.531,0.48,42.23,40.44,41.47,91.49,0.62,EIA/OPEC ASB 2025 + synthetic fill
2020,4,2020-04-01,Qatar,Gulf,True,0.745,0.585,42.23,40.44,41.47,91.49,0.75,EIA/OPEC ASB 2025 + synthetic fill
2020,4,2020-04-01,Algeria,AFR,True,1.272,0.883,42.23,40.44,41.47,91.49,1.13,EIA/OPEC ASB 2025 + synthetic fill
2020,4,2020-04-01,Angola,AFR,True,0.765,0.697,42.23,40.44,41.47,91.49,0.9,EIA/OPEC ASB 2025 + synthetic fill
2020,4,2020-04-01,Mexico,LAm,False,3.378,1.752,42.23,40.44,41.47,91.49,2.25,EIA/OPEC ASB 2025 + synthetic fill
2020,4,2020-04-01,Brazil,LAm,False,4.689,1.765,42.23,40.44,41.47,91.49,2.27,EIA/OPEC ASB 2025 + synthetic fill
2020,5,2020-05-01,Saudi Arabia,Gulf,True,8.8,7.291,43.53,40.29,41.66,90.54,9.65,EIA/OPEC ASB 2025 + synthetic fill
2020,5,2020-05-01,Russia,CIS,False,8.866,6.094,43.53,40.29,41.66,90.54,8.07,EIA/OPEC ASB 2025 + synthetic fill
2020,5,2020-05-01,United States,NAm,False,10.019,0.324,43.53,40.29,41.66,90.54,0.43,EIA/OPEC ASB 2025 + synthetic fill
2020,5,2020-05-01,Iraq,Gulf,True,4.935,4.129,43.53,40.29,41.66,90.54,5.47,EIA/OPEC ASB 2025 + synthetic fill
2020,5,2020-05-01,United Arab Emirates,Gulf,True,2.354,2.213,43.53,40.29,41.66,90.54,2.93,EIA/OPEC ASB 2025 + synthetic fill
2020,5,2020-05-01,Iran,Gulf,True,2.38,1.418,43.53,40.29,41.66,90.54,1.88,EIA/OPEC ASB 2025 + synthetic fill
2020,5,2020-05-01,Kuwait,Gulf,True,2.095,1.855,43.53,40.29,41.66,90.54,2.46,EIA/OPEC ASB 2025 + synthetic fill
2020,5,2020-05-01,Venezuela,LAm,True,0.941,0.817,43.53,40.29,41.66,90.54,1.08,EIA/OPEC ASB 2025 + synthetic fill
2020,5,2020-05-01,Nigeria,AFR,True,2.083,1.656,43.53,40.29,41.66,90.54,2.19,EIA/OPEC ASB 2025 + synthetic fill
2020,5,2020-05-01,Canada,NAm,False,5.873,4.382,43.53,40.29,41.66,90.54,5.8,EIA/OPEC ASB 2025 + synthetic fill
2020,5,2020-05-01,Norway,EUR,False,2.831,2.23,43.53,40.29,41.66,90.54,2.95,EIA/OPEC ASB 2025 + synthetic fill
2020,5,2020-05-01,Kazakhstan,CIS,False,0.982,0.755,43.53,40.29,41.66,90.54,1.0,EIA/OPEC ASB 2025 + synthetic fill
2020,5,2020-05-01,Libya,AFR,True,0.562,0.452,43.53,40.29,41.66,90.54,0.6,EIA/OPEC ASB 2025 + synthetic fill
2020,5,2020-05-01,Qatar,Gulf,True,0.752,0.616,43.53,40.29,41.66,90.54,0.82,EIA/OPEC ASB 2025 + synthetic fill
2020,5,2020-05-01,Algeria,AFR,True,1.227,0.819,43.53,40.29,41.66,90.54,1.08,EIA/OPEC ASB 2025 + synthetic fill
2020,5,2020-05-01,Angola,AFR,True,0.723,0.594,43.53,40.29,41.66,90.54,0.79,EIA/OPEC ASB 2025 + synthetic fill
2020,5,2020-05-01,Mexico,LAm,False,3.486,1.826,43.53,40.29,41.66,90.54,2.42,EIA/OPEC ASB 2025 + synthetic fill
2020,5,2020-05-01,Brazil,LAm,False,4.995,1.828,43.53,40.29,41.66,90.54,2.42,EIA/OPEC ASB 2025 + synthetic fill
2020,6,2020-06-01,Saudi Arabia,Gulf,True,9.217,7.499,42.73,40.53,42.8,89.98,9.75,EIA/OPEC ASB 2025 + synthetic fill
2020,6,2020-06-01,Russia,CIS,False,8.675,6.297,42.73,40.53,42.8,89.98,8.18,EIA/OPEC ASB 2025 + synthetic fill
2020,6,2020-06-01,United States,NAm,False,10.043,0.348,42.73,40.53,42.8,89.98,0.45,EIA/OPEC ASB 2025 + synthetic fill
2020,6,2020-06-01,Iraq,Gulf,True,4.803,3.78,42.73,40.53,42.8,89.98,4.91,EIA/OPEC ASB 2025 + synthetic fill
2020,6,2020-06-01,United Arab Emirates,Gulf,True,2.433,2.2,42.73,40.53,42.8,89.98,2.86,EIA/OPEC ASB 2025 + synthetic fill
2020,6,2020-06-01,Iran,Gulf,True,2.438,1.544,42.73,40.53,42.8,89.98,2.01,EIA/OPEC ASB 2025 + synthetic fill
2020,6,2020-06-01,Kuwait,Gulf,True,2.083,1.673,42.73,40.53,42.8,89.98,2.17,EIA/OPEC ASB 2025 + synthetic fill
2020,6,2020-06-01,Venezuela,LAm,True,0.953,0.776,42.73,40.53,42.8,89.98,1.01,EIA/OPEC ASB 2025 + synthetic fill
2020,6,2020-06-01,Nigeria,AFR,True,2.197,1.954,42.73,40.53,42.8,89.98,2.54,EIA/OPEC ASB 2025 + synthetic fill
2020,6,2020-06-01,Canada,NAm,False,5.839,4.19,42.73,40.53,42.8,89.98,5.45,EIA/OPEC ASB 2025 + synthetic fill
2020,6,2020-06-01,Norway,EUR,False,2.914,2.558,42.73,40.53,42.8,89.98,3.32,EIA/OPEC ASB 2025 + synthetic fill
2020,6,2020-06-01,Kazakhstan,CIS,False,0.966,0.778,42.73,40.53,42.8,89.98,1.01,EIA/OPEC ASB 2025 + synthetic fill
2020,6,2020-06-01,Libya,AFR,True,0.587,0.481,42.73,40.53,42.8,89.98,0.63,EIA/OPEC ASB 2025 + synthetic fill
2020,6,2020-06-01,Qatar,Gulf,True,0.761,0.63,42.73,40.53,42.8,89.98,0.82,EIA/OPEC ASB 2025 + synthetic fill
2020,6,2020-06-01,Algeria,AFR,True,1.239,0.913,42.73,40.53,42.8,89.98,1.19,EIA/OPEC ASB 2025 + synthetic fill
2020,6,2020-06-01,Angola,AFR,True,0.74,0.639,42.73,40.53,42.8,89.98,0.83,EIA/OPEC ASB 2025 + synthetic fill
2020,6,2020-06-01,Mexico,LAm,False,3.33,1.787,42.73,40.53,42.8,89.98,2.32,EIA/OPEC ASB 2025 + synthetic fill
2020,6,2020-06-01,Brazil,LAm,False,4.872,1.976,42.73,40.53,42.8,89.98,2.57,EIA/OPEC ASB 2025 + synthetic fill
2020,7,2020-07-01,Saudi Arabia,Gulf,True,9.431,7.607,41.39,38.83,40.3,90.52,9.58,EIA/OPEC ASB 2025 + synthetic fill
2020,7,2020-07-01,Russia,CIS,False,8.803,5.809,41.39,38.83,40.3,90.52,7.31,EIA/OPEC ASB 2025 + synthetic fill
2020,7,2020-07-01,United States,NAm,False,9.765,0.31,41.39,38.83,40.3,90.52,0.39,EIA/OPEC ASB 2025 + synthetic fill
2020,7,2020-07-01,Iraq,Gulf,True,4.854,3.924,41.39,38.83,40.3,90.52,4.94,EIA/OPEC ASB 2025 + synthetic fill
2020,7,2020-07-01,United Arab Emirates,Gulf,True,2.322,2.143,41.39,38.83,40.3,90.52,2.7,EIA/OPEC ASB 2025 + synthetic fill
2020,7,2020-07-01,Iran,Gulf,True,2.328,1.317,41.39,38.83,40.3,90.52,1.66,EIA/OPEC ASB 2025 + synthetic fill
2020,7,2020-07-01,Kuwait,Gulf,True,2.212,1.869,41.39,38.83,40.3,90.52,2.35,EIA/OPEC ASB 2025 + synthetic fill
2020,7,2020-07-01,Venezuela,LAm,True,0.926,0.788,41.39,38.83,40.3,90.52,0.99,EIA/OPEC ASB 2025 + synthetic fill
2020,7,2020-07-01,Nigeria,AFR,True,2.075,1.725,41.39,38.83,40.3,90.52,2.17,EIA/OPEC ASB 2025 + synthetic fill
2020,7,2020-07-01,Canada,NAm,False,6.285,4.705,41.39,38.83,40.3,90.52,5.92,EIA/OPEC ASB 2025 + synthetic fill
2020,7,2020-07-01,Norway,EUR,False,2.798,2.405,41.39,38.83,40.3,90.52,3.03,EIA/OPEC ASB 2025 + synthetic fill
2020,7,2020-07-01,Kazakhstan,CIS,False,1.0,0.78,41.39,38.83,40.3,90.52,0.98,EIA/OPEC ASB 2025 + synthetic fill
2020,7,2020-07-01,Libya,AFR,True,0.659,0.554,41.39,38.83,40.3,90.52,0.7,EIA/OPEC ASB 2025 + synthetic fill
2020,7,2020-07-01,Qatar,Gulf,True,0.761,0.621,41.39,38.83,40.3,90.52,0.78,EIA/OPEC ASB 2025 + synthetic fill
2020,7,2020-07-01,Algeria,AFR,True,1.224,0.908,41.39,38.83,40.3,90.52,1.14,EIA/OPEC ASB 2025 + synthetic fill
2020,7,2020-07-01,Angola,AFR,True,0.775,0.644,41.39,38.83,40.3,90.52,0.81,EIA/OPEC ASB 2025 + synthetic fill
2020,7,2020-07-01,Mexico,LAm,False,3.406,1.758,41.39,38.83,40.3,90.52,2.21,EIA/OPEC ASB 2025 + synthetic fill
2020,7,2020-07-01,Brazil,LAm,False,4.772,1.924,41.39,38.83,40.3,90.52,2.42,EIA/OPEC ASB 2025 + synthetic fill
2020,8,2020-08-01,Saudi Arabia,Gulf,True,8.824,7.474,41.96,39.07,40.98,90.27,9.54,EIA/OPEC ASB 2025 + synthetic fill
2020,8,2020-08-01,Russia,CIS,False,8.42,5.976,41.96,39.07,40.98,90.27,7.63,EIA/OPEC ASB 2025 + synthetic fill
2020,8,2020-08-01,United States,NAm,False,10.268,0.373,41.96,39.07,40.98,90.27,0.48,EIA/OPEC ASB 2025 + synthetic fill
2020,8,2020-08-01,Iraq,Gulf,True,4.9,3.987,41.96,39.07,40.98,90.27,5.09,EIA/OPEC ASB 2025 + synthetic fill
2020,8,2020-08-01,United Arab Emirates,Gulf,True,2.355,2.0,41.96,39.07,40.98,90.27,2.55,EIA/OPEC ASB 2025 + synthetic fill
2020,8,2020-08-01,Iran,Gulf,True,2.403,1.526,41.96,39.07,40.98,90.27,1.95,EIA/OPEC ASB 2025 + synthetic fill
2020,8,2020-08-01,Kuwait,Gulf,True,2.113,1.693,41.96,39.07,40.98,90.27,2.16,EIA/OPEC ASB 2025 + synthetic fill
2020,8,2020-08-01,Venezuela,LAm,True,0.979,0.857,41.96,39.07,40.98,90.27,1.09,EIA/OPEC ASB 2025 + synthetic fill
2020,8,2020-08-01,Nigeria,AFR,True,2.012,1.824,41.96,39.07,40.98,90.27,2.33,EIA/OPEC ASB 2025 + synthetic fill
2020,8,2020-08-01,Canada,NAm,False,5.919,4.403,41.96,39.07,40.98,90.27,5.62,EIA/OPEC ASB 2025 + synthetic fill
2020,8,2020-08-01,Norway,EUR,False,2.856,2.521,41.96,39.07,40.98,90.27,3.22,EIA/OPEC ASB 2025 + synthetic fill
2020,8,2020-08-01,Kazakhstan,CIS,False,0.982,0.742,41.96,39.07,40.98,90.27,0.95,EIA/OPEC ASB 2025 + synthetic fill
2020,8,2020-08-01,Libya,AFR,True,0.691,0.586,41.96,39.07,40.98,90.27,0.75,EIA/OPEC ASB 2025 + synthetic fill
2020,8,2020-08-01,Qatar,Gulf,True,0.73,0.543,41.96,39.07,40.98,90.27,0.69,EIA/OPEC ASB 2025 + synthetic fill
2020,8,2020-08-01,Algeria,AFR,True,1.238,0.926,41.96,39.07,40.98,90.27,1.18,EIA/OPEC ASB 2025 + synthetic fill
2020,8,2020-08-01,Angola,AFR,True,0.744,0.6,41.96,39.07,40.98,90.27,0.77,EIA/OPEC ASB 2025 + synthetic fill
2020,8,2020-08-01,Mexico,LAm,False,3.41,1.873,41.96,39.07,40.98,90.27,2.39,EIA/OPEC ASB 2025 + synthetic fill
2020,8,2020-08-01,Brazil,LAm,False,4.727,1.908,41.96,39.07,40.98,90.27,2.44,EIA/OPEC ASB 2025 + synthetic fill
2020,9,2020-09-01,Saudi Arabia,Gulf,True,9.21,7.246,40.58,38.07,38.61,90.92,8.94,EIA/OPEC ASB 2025 + synthetic fill
2020,9,2020-09-01,Russia,CIS,False,8.569,6.006,40.58,38.07,38.61,90.92,7.41,EIA/OPEC ASB 2025 + synthetic fill
2020,9,2020-09-01,United States,NAm,False,10.112,0.329,40.58,38.07,38.61,90.92,0.41,EIA/OPEC ASB 2025 + synthetic fill
2020,9,2020-09-01,Iraq,Gulf,True,4.912,4.266,40.58,38.07,38.61,90.92,5.27,EIA/OPEC ASB 2025 + synthetic fill
2020,9,2020-09-01,United Arab Emirates,Gulf,True,2.414,2.216,40.58,38.07,38.61,90.92,2.74,EIA/OPEC ASB 2025 + synthetic fill
2020,9,2020-09-01,Iran,Gulf,True,2.423,1.493,40.58,38.07,38.61,90.92,1.84,EIA/OPEC ASB 2025 + synthetic fill
2020,9,2020-09-01,Kuwait,Gulf,True,2.083,1.845,40.58,38.07,38.61,90.92,2.28,EIA/OPEC ASB 2025 + synthetic fill
2020,9,2020-09-01,Venezuela,LAm,True,0.966,0.841,40.58,38.07,38.61,90.92,1.04,EIA/OPEC ASB 2025 + synthetic fill
2020,9,2020-09-01,Nigeria,AFR,True,2.066,1.765,40.58,38.07,38.61,90.92,2.18,EIA/OPEC ASB 2025 + synthetic fill
2020,9,2020-09-01,Canada,NAm,False,6.005,4.021,40.58,38.07,38.61,90.92,4.96,EIA/OPEC ASB 2025 + synthetic fill
2020,9,2020-09-01,Norway,EUR,False,2.904,2.567,40.58,38.07,38.61,90.92,3.17,EIA/OPEC ASB 2025 + synthetic fill
2020,9,2020-09-01,Kazakhstan,CIS,False,1.037,0.838,40.58,38.07,38.61,90.92,1.03,EIA/OPEC ASB 2025 + synthetic fill
2020,9,2020-09-01,Libya,AFR,True,0.667,0.578,40.58,38.07,38.61,90.92,0.71,EIA/OPEC ASB 2025 + synthetic fill
2020,9,2020-09-01,Qatar,Gulf,True,0.751,0.593,40.58,38.07,38.61,90.92,0.73,EIA/OPEC ASB 2025 + synthetic fill
2020,9,2020-09-01,Algeria,AFR,True,1.224,0.88,40.58,38.07,38.61,90.92,1.09,EIA/OPEC ASB 2025 + synthetic fill
2020,9,2020-09-01,Angola,AFR,True,0.771,0.628,40.58,38.07,38.61,90.92,0.78,EIA/OPEC ASB 2025 + synthetic fill
2020,9,2020-09-01,Mexico,LAm,False,3.482,1.793,40.58,38.07,38.61,90.92,2.21,EIA/OPEC ASB 2025 + synthetic fill
2020,9,2020-09-01,Brazil,LAm,False,4.964,1.775,40.58,38.07,38.61,90.92,2.19,EIA/OPEC ASB 2025 + synthetic fill
2020,10,2020-10-01,Saudi Arabia,Gulf,True,9.442,7.514,43.02,40.83,43.67,90.75,9.83,EIA/OPEC ASB 2025 + synthetic fill
2020,10,2020-10-01,Russia,CIS,False,8.909,6.054,43.02,40.83,43.67,90.75,7.92,EIA/OPEC ASB 2025 + synthetic fill
2020,10,2020-10-01,United States,NAm,False,10.722,0.353,43.02,40.83,43.67,90.75,0.46,EIA/OPEC ASB 2025 + synthetic fill
2020,10,2020-10-01,Iraq,Gulf,True,4.744,4.059,43.02,40.83,43.67,90.75,5.31,EIA/OPEC ASB 2025 + synthetic fill
2020,10,2020-10-01,United Arab Emirates,Gulf,True,2.511,2.43,43.02,40.83,43.67,90.75,3.18,EIA/OPEC ASB 2025 + synthetic fill
2020,10,2020-10-01,Iran,Gulf,True,2.527,1.437,43.02,40.83,43.67,90.75,1.88,EIA/OPEC ASB 2025 + synthetic fill
2020,10,2020-10-01,Kuwait,Gulf,True,2.008,1.808,43.02,40.83,43.67,90.75,2.37,EIA/OPEC ASB 2025 + synthetic fill
2020,10,2020-10-01,Venezuela,LAm,True,0.968,0.799,43.02,40.83,43.67,90.75,1.05,EIA/OPEC ASB 2025 + synthetic fill
2020,10,2020-10-01,Nigeria,AFR,True,2.086,1.82,43.02,40.83,43.67,90.75,2.38,EIA/OPEC ASB 2025 + synthetic fill
2020,10,2020-10-01,Canada,NAm,False,5.926,3.992,43.02,40.83,43.67,90.75,5.22,EIA/OPEC ASB 2025 + synthetic fill
2020,10,2020-10-01,Norway,EUR,False,2.699,2.179,43.02,40.83,43.67,90.75,2.85,EIA/OPEC ASB 2025 + synthetic fill
2020,10,2020-10-01,Kazakhstan,CIS,False,1.01,0.747,43.02,40.83,43.67,90.75,0.98,EIA/OPEC ASB 2025 + synthetic fill
2020,10,2020-10-01,Libya,AFR,True,0.724,0.607,43.02,40.83,43.67,90.75,0.79,EIA/OPEC ASB 2025 + synthetic fill
2020,10,2020-10-01,Qatar,Gulf,True,0.762,0.626,43.02,40.83,43.67,90.75,0.82,EIA/OPEC ASB 2025 + synthetic fill
2020,10,2020-10-01,Algeria,AFR,True,1.275,0.939,43.02,40.83,43.67,90.75,1.23,EIA/OPEC ASB 2025 + synthetic fill
2020,10,2020-10-01,Angola,AFR,True,0.768,0.698,43.02,40.83,43.67,90.75,0.91,EIA/OPEC ASB 2025 + synthetic fill
2020,10,2020-10-01,Mexico,LAm,False,3.31,1.67,43.02,40.83,43.67,90.75,2.19,EIA/OPEC ASB 2025 + synthetic fill
2020,10,2020-10-01,Brazil,LAm,False,4.713,1.686,43.02,40.83,43.67,90.75,2.21,EIA/OPEC ASB 2025 + synthetic fill
2020,11,2020-11-01,Saudi Arabia,Gulf,True,10.106,8.764,42.96,39.15,41.66,90.29,11.45,EIA/OPEC ASB 2025 + synthetic fill
2020,11,2020-11-01,Russia,CIS,False,8.738,6.265,42.96,39.15,41.66,90.29,8.19,EIA/OPEC ASB 2025 + synthetic fill
2020,11,2020-11-01,United States,NAm,False,10.143,0.349,42.96,39.15,41.66,90.29,0.46,EIA/OPEC ASB 2025 + synthetic fill
2020,11,2020-11-01,Iraq,Gulf,True,4.822,4.263,42.96,39.15,41.66,90.29,5.57,EIA/OPEC ASB 2025 + synthetic fill
2020,11,2020-11-01,United Arab Emirates,Gulf,True,2.398,2.033,42.96,39.15,41.66,90.29,2.66,EIA/OPEC ASB 2025 + synthetic fill
2020,11,2020-11-01,Iran,Gulf,True,2.508,1.519,42.96,39.15,41.66,90.29,1.98,EIA/OPEC ASB 2025 + synthetic fill
2020,11,2020-11-01,Kuwait,Gulf,True,2.067,1.705,42.96,39.15,41.66,90.29,2.23,EIA/OPEC ASB 2025 + synthetic fill
2020,11,2020-11-01,Venezuela,LAm,True,0.978,0.847,42.96,39.15,41.66,90.29,1.11,EIA/OPEC ASB 2025 + synthetic fill
2020,11,2020-11-01,Nigeria,AFR,True,2.111,1.679,42.96,39.15,41.66,90.29,2.19,EIA/OPEC ASB 2025 + synthetic fill
2020,11,2020-11-01,Canada,NAm,False,5.897,4.366,42.96,39.15,41.66,90.29,5.71,EIA/OPEC ASB 2025 + synthetic fill
2020,11,2020-11-01,Norway,EUR,False,2.886,2.534,42.96,39.15,41.66,90.29,3.31,EIA/OPEC ASB 2025 + synthetic fill
2020,11,2020-11-01,Kazakhstan,CIS,False,0.971,0.789,42.96,39.15,41.66,90.29,1.03,EIA/OPEC ASB 2025 + synthetic fill
2020,11,2020-11-01,Libya,AFR,True,0.761,0.612,42.96,39.15,41.66,90.29,0.8,EIA/OPEC ASB 2025 + synthetic fill
2020,11,2020-11-01,Qatar,Gulf,True,0.726,0.597,42.96,39.15,41.66,90.29,0.78,EIA/OPEC ASB 2025 + synthetic fill
2020,11,2020-11-01,Algeria,AFR,True,1.239,0.874,42.96,39.15,41.66,90.29,1.14,EIA/OPEC ASB 2025 + synthetic fill
2020,11,2020-11-01,Angola,AFR,True,0.731,0.595,42.96,39.15,41.66,90.29,0.78,EIA/OPEC ASB 2025 + synthetic fill
2020,11,2020-11-01,Mexico,LAm,False,3.232,1.81,42.96,39.15,41.66,90.29,2.37,EIA/OPEC ASB 2025 + synthetic fill
2020,11,2020-11-01,Brazil,LAm,False,5.047,1.886,42.96,39.15,41.66,90.29,2.46,EIA/OPEC ASB 2025 + synthetic fill
2020,12,2020-12-01,Saudi Arabia,Gulf,True,9.364,7.902,39.82,38.59,40.12,90.8,9.57,EIA/OPEC ASB 2025 + synthetic fill
2020,12,2020-12-01,Russia,CIS,False,8.508,6.347,39.82,38.59,40.12,90.8,7.69,EIA/OPEC ASB 2025 + synthetic fill
2020,12,2020-12-01,United States,NAm,False,10.348,0.378,39.82,38.59,40.12,90.8,0.46,EIA/OPEC ASB 2025 + synthetic fill
2020,12,2020-12-01,Iraq,Gulf,True,4.713,3.65,39.82,38.59,40.12,90.8,4.42,EIA/OPEC ASB 2025 + synthetic fill
2020,12,2020-12-01,United Arab Emirates,Gulf,True,2.379,2.03,39.82,38.59,40.12,90.8,2.46,EIA/OPEC ASB 2025 + synthetic fill
2020,12,2020-12-01,Iran,Gulf,True,2.392,1.371,39.82,38.59,40.12,90.8,1.66,EIA/OPEC ASB 2025 + synthetic fill
2020,12,2020-12-01,Kuwait,Gulf,True,2.107,1.75,39.82,38.59,40.12,90.8,2.12,EIA/OPEC ASB 2025 + synthetic fill
2020,12,2020-12-01,Venezuela,LAm,True,1.017,0.857,39.82,38.59,40.12,90.8,1.04,EIA/OPEC ASB 2025 + synthetic fill
2020,12,2020-12-01,Nigeria,AFR,True,2.102,1.81,39.82,38.59,40.12,90.8,2.19,EIA/OPEC ASB 2025 + synthetic fill
2020,12,2020-12-01,Canada,NAm,False,6.033,4.287,39.82,38.59,40.12,90.8,5.19,EIA/OPEC ASB 2025 + synthetic fill
2020,12,2020-12-01,Norway,EUR,False,2.871,2.313,39.82,38.59,40.12,90.8,2.8,EIA/OPEC ASB 2025 + synthetic fill
2020,12,2020-12-01,Kazakhstan,CIS,False,1.007,0.802,39.82,38.59,40.12,90.8,0.97,EIA/OPEC ASB 2025 + synthetic fill
2020,12,2020-12-01,Libya,AFR,True,0.761,0.64,39.82,38.59,40.12,90.8,0.78,EIA/OPEC ASB 2025 + synthetic fill
2020,12,2020-12-01,Qatar,Gulf,True,0.751,0.63,39.82,38.59,40.12,90.8,0.76,EIA/OPEC ASB 2025 + synthetic fill
2020,12,2020-12-01,Algeria,AFR,True,1.259,0.953,39.82,38.59,40.12,90.8,1.15,EIA/OPEC ASB 2025 + synthetic fill
2020,12,2020-12-01,Angola,AFR,True,0.779,0.695,39.82,38.59,40.12,90.8,0.84,EIA/OPEC ASB 2025 + synthetic fill
2020,12,2020-12-01,Mexico,LAm,False,3.367,1.771,39.82,38.59,40.12,90.8,2.15,EIA/OPEC ASB 2025 + synthetic fill
2020,12,2020-12-01,Brazil,LAm,False,5.14,1.893,39.82,38.59,40.12,90.8,2.29,EIA/OPEC ASB 2025 + synthetic fill
2021,1,2021-01-01,Saudi Arabia,Gulf,True,9.47,7.48,67.65,66.43,65.95,95.86,15.39,EIA/OPEC ASB 2025 + synthetic fill
2021,1,2021-01-01,Russia,CIS,False,8.288,5.615,67.65,66.43,65.95,95.86,11.55,EIA/OPEC ASB 2025 + synthetic fill
2021,1,2021-01-01,United States,NAm,False,10.753,0.353,67.65,66.43,65.95,95.86,0.73,EIA/OPEC ASB 2025 + synthetic fill
2021,1,2021-01-01,Iraq,Gulf,True,5.128,4.41,67.65,66.43,65.95,95.86,9.07,EIA/OPEC ASB 2025 + synthetic fill
2021,1,2021-01-01,United Arab Emirates,Gulf,True,2.414,2.289,67.65,66.43,65.95,95.86,4.71,EIA/OPEC ASB 2025 + synthetic fill
2021,1,2021-01-01,Iran,Gulf,True,2.579,1.481,67.65,66.43,65.95,95.86,3.05,EIA/OPEC ASB 2025 + synthetic fill
2021,1,2021-01-01,Kuwait,Gulf,True,2.18,1.889,67.65,66.43,65.95,95.86,3.89,EIA/OPEC ASB 2025 + synthetic fill
2021,1,2021-01-01,Venezuela,LAm,True,1.015,0.832,67.65,66.43,65.95,95.86,1.71,EIA/OPEC ASB 2025 + synthetic fill
2021,1,2021-01-01,Nigeria,AFR,True,2.146,1.701,67.65,66.43,65.95,95.86,3.5,EIA/OPEC ASB 2025 + synthetic fill
2021,1,2021-01-01,Canada,NAm,False,6.031,4.164,67.65,66.43,65.95,95.86,8.57,EIA/OPEC ASB 2025 + synthetic fill
2021,1,2021-01-01,Norway,EUR,False,2.748,2.161,67.65,66.43,65.95,95.86,4.45,EIA/OPEC ASB 2025 + synthetic fill
2021,1,2021-01-01,Kazakhstan,CIS,False,1.031,0.791,67.65,66.43,65.95,95.86,1.63,EIA/OPEC ASB 2025 + synthetic fill
2021,1,2021-01-01,Libya,AFR,True,0.806,0.727,67.65,66.43,65.95,95.86,1.5,EIA/OPEC ASB 2025 + synthetic fill
2021,1,2021-01-01,Qatar,Gulf,True,0.736,0.573,67.65,66.43,65.95,95.86,1.18,EIA/OPEC ASB 2025 + synthetic fill
2021,1,2021-01-01,Algeria,AFR,True,1.27,0.865,67.65,66.43,65.95,95.86,1.78,EIA/OPEC ASB 2025 + synthetic fill
2021,1,2021-01-01,Angola,AFR,True,0.754,0.641,67.65,66.43,65.95,95.86,1.32,EIA/OPEC ASB 2025 + synthetic fill
2021,1,2021-01-01,Mexico,LAm,False,3.469,1.829,67.65,66.43,65.95,95.86,3.76,EIA/OPEC ASB 2025 + synthetic fill
2021,1,2021-01-01,Brazil,LAm,False,5.018,1.87,67.65,66.43,65.95,95.86,3.85,EIA/OPEC ASB 2025 + synthetic fill
2021,2,2021-02-01,Saudi Arabia,Gulf,True,9.982,8.243,73.48,68.91,71.71,96.27,18.42,EIA/OPEC ASB 2025 + synthetic fill
2021,2,2021-02-01,Russia,CIS,False,8.346,6.117,73.48,68.91,71.71,96.27,13.67,EIA/OPEC ASB 2025 + synthetic fill
2021,2,2021-02-01,United States,NAm,False,10.069,0.341,73.48,68.91,71.71,96.27,0.76,EIA/OPEC ASB 2025 + synthetic fill
2021,2,2021-02-01,Iraq,Gulf,True,5.079,4.18,73.48,68.91,71.71,96.27,9.34,EIA/OPEC ASB 2025 + synthetic fill
2021,2,2021-02-01,United Arab Emirates,Gulf,True,2.387,2.031,73.48,68.91,71.71,96.27,4.54,EIA/OPEC ASB 2025 + synthetic fill
2021,2,2021-02-01,Iran,Gulf,True,2.433,1.391,73.48,68.91,71.71,96.27,3.11,EIA/OPEC ASB 2025 + synthetic fill
2021,2,2021-02-01,Kuwait,Gulf,True,2.036,1.771,73.48,68.91,71.71,96.27,3.96,EIA/OPEC ASB 2025 + synthetic fill
2021,2,2021-02-01,Venezuela,LAm,True,1.057,0.916,73.48,68.91,71.71,96.27,2.05,EIA/OPEC ASB 2025 + synthetic fill
2021,2,2021-02-01,Nigeria,AFR,True,2.154,1.847,73.48,68.91,71.71,96.27,4.13,EIA/OPEC ASB 2025 + synthetic fill
2021,2,2021-02-01,Canada,NAm,False,5.861,4.218,73.48,68.91,71.71,96.27,9.43,EIA/OPEC ASB 2025 + synthetic fill
2021,2,2021-02-01,Norway,EUR,False,2.803,2.302,73.48,68.91,71.71,96.27,5.15,EIA/OPEC ASB 2025 + synthetic fill
2021,2,2021-02-01,Kazakhstan,CIS,False,0.998,0.818,73.48,68.91,71.71,96.27,1.83,EIA/OPEC ASB 2025 + synthetic fill
2021,2,2021-02-01,Libya,AFR,True,0.866,0.692,73.48,68.91,71.71,96.27,1.55,EIA/OPEC ASB 2025 + synthetic fill
2021,2,2021-02-01,Qatar,Gulf,True,0.745,0.615,73.48,68.91,71.71,96.27,1.37,EIA/OPEC ASB 2025 + synthetic fill
2021,2,2021-02-01,Algeria,AFR,True,1.263,0.868,73.48,68.91,71.71,96.27,1.94,EIA/OPEC ASB 2025 + synthetic fill
2021,2,2021-02-01,Angola,AFR,True,0.748,0.646,73.48,68.91,71.71,96.27,1.44,EIA/OPEC ASB 2025 + synthetic fill
2021,2,2021-02-01,Mexico,LAm,False,3.355,1.787,73.48,68.91,71.71,96.27,3.99,EIA/OPEC ASB 2025 + synthetic fill
2021,2,2021-02-01,Brazil,LAm,False,5.108,1.907,73.48,68.91,71.71,96.27,4.26,EIA/OPEC ASB 2025 + synthetic fill
2021,3,2021-03-01,Saudi Arabia,Gulf,True,9.891,7.86,68.23,63.99,67.41,95.76,16.31,EIA/OPEC ASB 2025 + synthetic fill
2021,3,2021-03-01,Russia,CIS,False,8.741,5.975,68.23,63.99,67.41,95.76,12.4,EIA/OPEC ASB 2025 + synthetic fill
2021,3,2021-03-01,United States,NAm,False,10.493,0.355,68.23,63.99,67.41,95.76,0.74,EIA/OPEC ASB 2025 + synthetic fill
2021,3,2021-03-01,Iraq,Gulf,True,5.019,4.154,68.23,63.99,67.41,95.76,8.62,EIA/OPEC ASB 2025 + synthetic fill
2021,3,2021-03-01,United Arab Emirates,Gulf,True,2.467,2.348,68.23,63.99,67.41,95.76,4.87,EIA/OPEC ASB 2025 + synthetic fill
2021,3,2021-03-01,Iran,Gulf,True,2.534,1.472,68.23,63.99,67.41,95.76,3.05,EIA/OPEC ASB 2025 + synthetic fill
2021,3,2021-03-01,Kuwait,Gulf,True,2.216,1.821,68.23,63.99,67.41,95.76,3.78,EIA/OPEC ASB 2025 + synthetic fill
2021,3,2021-03-01,Venezuela,LAm,True,1.062,0.89,68.23,63.99,67.41,95.76,1.85,EIA/OPEC ASB 2025 + synthetic fill
2021,3,2021-03-01,Nigeria,AFR,True,2.093,1.696,68.23,63.99,67.41,95.76,3.52,EIA/OPEC ASB 2025 + synthetic fill
2021,3,2021-03-01,Canada,NAm,False,5.98,4.423,68.23,63.99,67.41,95.76,9.18,EIA/OPEC ASB 2025 + synthetic fill
2021,3,2021-03-01,Norway,EUR,False,2.819,2.231,68.23,63.99,67.41,95.76,4.63,EIA/OPEC ASB 2025 + synthetic fill
2021,3,2021-03-01,Kazakhstan,CIS,False,1.05,0.847,68.23,63.99,67.41,95.76,1.76,EIA/OPEC ASB 2025 + synthetic fill
2021,3,2021-03-01,Libya,AFR,True,0.906,0.728,68.23,63.99,67.41,95.76,1.51,EIA/OPEC ASB 2025 + synthetic fill
2021,3,2021-03-01,Qatar,Gulf,True,0.771,0.577,68.23,63.99,67.41,95.76,1.2,EIA/OPEC ASB 2025 + synthetic fill
2021,3,2021-03-01,Algeria,AFR,True,1.296,0.971,68.23,63.99,67.41,95.76,2.02,EIA/OPEC ASB 2025 + synthetic fill
2021,3,2021-03-01,Angola,AFR,True,0.757,0.657,68.23,63.99,67.41,95.76,1.36,EIA/OPEC ASB 2025 + synthetic fill
2021,3,2021-03-01,Mexico,LAm,False,3.53,1.735,68.23,63.99,67.41,95.76,3.6,EIA/OPEC ASB 2025 + synthetic fill
2021,3,2021-03-01,Brazil,LAm,False,5.071,1.989,68.23,63.99,67.41,95.76,4.13,EIA/OPEC ASB 2025 + synthetic fill
2021,4,2021-04-01,Saudi Arabia,Gulf,True,9.488,7.846,72.03,68.32,70.46,96.43,17.19,EIA/OPEC ASB 2025 + synthetic fill
2021,4,2021-04-01,Russia,CIS,False,8.802,6.092,72.03,68.32,70.46,96.43,13.35,EIA/OPEC ASB 2025 + synthetic fill
2021,4,2021-04-01,United States,NAm,False,10.653,0.364,72.03,68.32,70.46,96.43,0.8,EIA/OPEC ASB 2025 + synthetic fill
2021,4,2021-04-01,Iraq,Gulf,True,4.968,3.978,72.03,68.32,70.46,96.43,8.72,EIA/OPEC ASB 2025 + synthetic fill
2021,4,2021-04-01,United Arab Emirates,Gulf,True,2.373,2.252,72.03,68.32,70.46,96.43,4.93,EIA/OPEC ASB 2025 + synthetic fill
2021,4,2021-04-01,Iran,Gulf,True,2.62,1.566,72.03,68.32,70.46,96.43,3.43,EIA/OPEC ASB 2025 + synthetic fill
2021,4,2021-04-01,Kuwait,Gulf,True,2.033,1.638,72.03,68.32,70.46,96.43,3.59,EIA/OPEC ASB 2025 + synthetic fill
2021,4,2021-04-01,Venezuela,LAm,True,1.008,0.811,72.03,68.32,70.46,96.43,1.78,EIA/OPEC ASB 2025 + synthetic fill
2021,4,2021-04-01,Nigeria,AFR,True,2.111,1.768,72.03,68.32,70.46,96.43,3.87,EIA/OPEC ASB 2025 + synthetic fill
2021,4,2021-04-01,Canada,NAm,False,5.807,4.228,72.03,68.32,70.46,96.43,9.26,EIA/OPEC ASB 2025 + synthetic fill
2021,4,2021-04-01,Norway,EUR,False,2.652,2.253,72.03,68.32,70.46,96.43,4.94,EIA/OPEC ASB 2025 + synthetic fill
2021,4,2021-04-01,Kazakhstan,CIS,False,1.012,0.763,72.03,68.32,70.46,96.43,1.67,EIA/OPEC ASB 2025 + synthetic fill
2021,4,2021-04-01,Libya,AFR,True,0.97,0.881,72.03,68.32,70.46,96.43,1.93,EIA/OPEC ASB 2025 + synthetic fill
2021,4,2021-04-01,Qatar,Gulf,True,0.762,0.563,72.03,68.32,70.46,96.43,1.23,EIA/OPEC ASB 2025 + synthetic fill
2021,4,2021-04-01,Algeria,AFR,True,1.206,0.861,72.03,68.32,70.46,96.43,1.89,EIA/OPEC ASB 2025 + synthetic fill
2021,4,2021-04-01,Angola,AFR,True,0.728,0.649,72.03,68.32,70.46,96.43,1.42,EIA/OPEC ASB 2025 + synthetic fill
2021,4,2021-04-01,Mexico,LAm,False,3.288,1.685,72.03,68.32,70.46,96.43,3.69,EIA/OPEC ASB 2025 + synthetic fill
2021,4,2021-04-01,Brazil,LAm,False,5.029,1.838,72.03,68.32,70.46,96.43,4.03,EIA/OPEC ASB 2025 + synthetic fill
2021,5,2021-05-01,Saudi Arabia,Gulf,True,9.874,7.569,73.42,69.51,73.28,96.13,16.9,EIA/OPEC ASB 2025 + synthetic fill
2021,5,2021-05-01,Russia,CIS,False,8.515,6.392,73.42,69.51,73.28,96.13,14.27,EIA/OPEC ASB 2025 + synthetic fill
2021,5,2021-05-01,United States,NAm,False,10.489,0.362,73.42,69.51,73.28,96.13,0.81,EIA/OPEC ASB 2025 + synthetic fill
2021,5,2021-05-01,Iraq,Gulf,True,5.06,4.237,73.42,69.51,73.28,96.13,9.46,EIA/OPEC ASB 2025 + synthetic fill
2021,5,2021-05-01,United Arab Emirates,Gulf,True,2.315,2.204,73.42,69.51,73.28,96.13,4.92,EIA/OPEC ASB 2025 + synthetic fill
2021,5,2021-05-01,Iran,Gulf,True,2.632,1.599,73.42,69.51,73.28,96.13,3.57,EIA/OPEC ASB 2025 + synthetic fill
2021,5,2021-05-01,Kuwait,Gulf,True,2.156,1.836,73.42,69.51,73.28,96.13,4.1,EIA/OPEC ASB 2025 + synthetic fill
2021,5,2021-05-01,Venezuela,LAm,True,1.07,0.875,73.42,69.51,73.28,96.13,1.95,EIA/OPEC ASB 2025 + synthetic fill
2021,5,2021-05-01,Nigeria,AFR,True,2.088,1.72,73.42,69.51,73.28,96.13,3.84,EIA/OPEC ASB 2025 + synthetic fill
2021,5,2021-05-01,Canada,NAm,False,6.225,4.277,73.42,69.51,73.28,96.13,9.55,EIA/OPEC ASB 2025 + synthetic fill
2021,5,2021-05-01,Norway,EUR,False,2.843,2.328,73.42,69.51,73.28,96.13,5.2,EIA/OPEC ASB 2025 + synthetic fill
2021,5,2021-05-01,Kazakhstan,CIS,False,1.043,0.821,73.42,69.51,73.28,96.13,1.83,EIA/OPEC ASB 2025 + synthetic fill
2021,5,2021-05-01,Libya,AFR,True,0.95,0.785,73.42,69.51,73.28,96.13,1.75,EIA/OPEC ASB 2025 + synthetic fill
2021,5,2021-05-01,Qatar,Gulf,True,0.741,0.606,73.42,69.51,73.28,96.13,1.35,EIA/OPEC ASB 2025 + synthetic fill
2021,5,2021-05-01,Algeria,AFR,True,1.272,0.888,73.42,69.51,73.28,96.13,1.98,EIA/OPEC ASB 2025 + synthetic fill
2021,5,2021-05-01,Angola,AFR,True,0.738,0.634,73.42,69.51,73.28,96.13,1.42,EIA/OPEC ASB 2025 + synthetic fill
2021,5,2021-05-01,Mexico,LAm,False,3.506,1.865,73.42,69.51,73.28,96.13,4.16,EIA/OPEC ASB 2025 + synthetic fill
2021,5,2021-05-01,Brazil,LAm,False,4.962,1.876,73.42,69.51,73.28,96.13,4.19,EIA/OPEC ASB 2025 + synthetic fill
2021,6,2021-06-01,Saudi Arabia,Gulf,True,9.415,7.576,70.19,65.88,70.81,96.39,16.17,EIA/OPEC ASB 2025 + synthetic fill
2021,6,2021-06-01,Russia,CIS,False,8.416,6.023,70.19,65.88,70.81,96.39,12.86,EIA/OPEC ASB 2025 + synthetic fill
2021,6,2021-06-01,United States,NAm,False,10.608,0.351,70.19,65.88,70.81,96.39,0.75,EIA/OPEC ASB 2025 + synthetic fill
2021,6,2021-06-01,Iraq,Gulf,True,5.0,4.049,70.19,65.88,70.81,96.39,8.64,EIA/OPEC ASB 2025 + synthetic fill
2021,6,2021-06-01,United Arab Emirates,Gulf,True,2.455,2.38,70.19,65.88,70.81,96.39,5.08,EIA/OPEC ASB 2025 + synthetic fill
2021,6,2021-06-01,Iran,Gulf,True,2.628,1.607,70.19,65.88,70.81,96.39,3.43,EIA/OPEC ASB 2025 + synthetic fill
2021,6,2021-06-01,Kuwait,Gulf,True,2.039,1.828,70.19,65.88,70.81,96.39,3.9,EIA/OPEC ASB 2025 + synthetic fill
2021,6,2021-06-01,Venezuela,LAm,True,1.036,0.9,70.19,65.88,70.81,96.39,1.92,EIA/OPEC ASB 2025 + synthetic fill
2021,6,2021-06-01,Nigeria,AFR,True,2.127,1.745,70.19,65.88,70.81,96.39,3.73,EIA/OPEC ASB 2025 + synthetic fill
2021,6,2021-06-01,Canada,NAm,False,5.959,4.28,70.19,65.88,70.81,96.39,9.14,EIA/OPEC ASB 2025 + synthetic fill
2021,6,2021-06-01,Norway,EUR,False,2.94,2.326,70.19,65.88,70.81,96.39,4.97,EIA/OPEC ASB 2025 + synthetic fill
2021,6,2021-06-01,Kazakhstan,CIS,False,0.982,0.726,70.19,65.88,70.81,96.39,1.55,EIA/OPEC ASB 2025 + synthetic fill
2021,6,2021-06-01,Libya,AFR,True,0.947,0.869,70.19,65.88,70.81,96.39,1.86,EIA/OPEC ASB 2025 + synthetic fill
2021,6,2021-06-01,Qatar,Gulf,True,0.762,0.572,70.19,65.88,70.81,96.39,1.22,EIA/OPEC ASB 2025 + synthetic fill
2021,6,2021-06-01,Algeria,AFR,True,1.297,0.977,70.19,65.88,70.81,96.39,2.09,EIA/OPEC ASB 2025 + synthetic fill
2021,6,2021-06-01,Angola,AFR,True,0.719,0.604,70.19,65.88,70.81,96.39,1.29,EIA/OPEC ASB 2025 + synthetic fill
2021,6,2021-06-01,Mexico,LAm,False,3.311,1.787,70.19,65.88,70.81,96.39,3.82,EIA/OPEC ASB 2025 + synthetic fill
2021,6,2021-06-01,Brazil,LAm,False,5.167,1.861,70.19,65.88,70.81,96.39,3.97,EIA/OPEC ASB 2025 + synthetic fill
2021,7,2021-07-01,Saudi Arabia,Gulf,True,9.956,8.391,77.91,74.54,77.06,95.81,19.88,EIA/OPEC ASB 2025 + synthetic fill
2021,7,2021-07-01,Russia,CIS,False,8.485,5.877,77.91,74.54,77.06,95.81,13.93,EIA/OPEC ASB 2025 + synthetic fill
2021,7,2021-07-01,United States,NAm,False,10.257,0.348,77.91,74.54,77.06,95.81,0.82,EIA/OPEC ASB 2025 + synthetic fill
2021,7,2021-07-01,Iraq,Gulf,True,4.977,4.335,77.91,74.54,77.06,95.81,10.27,EIA/OPEC ASB 2025 + synthetic fill
2021,7,2021-07-01,United Arab Emirates,Gulf,True,2.383,2.051,77.91,74.54,77.06,95.81,4.86,EIA/OPEC ASB 2025 + synthetic fill
2021,7,2021-07-01,Iran,Gulf,True,2.682,1.55,77.91,74.54,77.06,95.81,3.67,EIA/OPEC ASB 2025 + synthetic fill
2021,7,2021-07-01,Kuwait,Gulf,True,2.112,1.903,77.91,74.54,77.06,95.81,4.51,EIA/OPEC ASB 2025 + synthetic fill
2021,7,2021-07-01,Venezuela,LAm,True,1.02,0.792,77.91,74.54,77.06,95.81,1.88,EIA/OPEC ASB 2025 + synthetic fill
2021,7,2021-07-01,Nigeria,AFR,True,2.156,1.796,77.91,74.54,77.06,95.81,4.26,EIA/OPEC ASB 2025 + synthetic fill
2021,7,2021-07-01,Canada,NAm,False,5.836,4.248,77.91,74.54,77.06,95.81,10.07,EIA/OPEC ASB 2025 + synthetic fill
2021,7,2021-07-01,Norway,EUR,False,2.777,2.323,77.91,74.54,77.06,95.81,5.5,EIA/OPEC ASB 2025 + synthetic fill
2021,7,2021-07-01,Kazakhstan,CIS,False,1.018,0.816,77.91,74.54,77.06,95.81,1.93,EIA/OPEC ASB 2025 + synthetic fill
2021,7,2021-07-01,Libya,AFR,True,1.023,0.853,77.91,74.54,77.06,95.81,2.02,EIA/OPEC ASB 2025 + synthetic fill
2021,7,2021-07-01,Qatar,Gulf,True,0.747,0.578,77.91,74.54,77.06,95.81,1.37,EIA/OPEC ASB 2025 + synthetic fill
2021,7,2021-07-01,Algeria,AFR,True,1.189,0.857,77.91,74.54,77.06,95.81,2.03,EIA/OPEC ASB 2025 + synthetic fill
2021,7,2021-07-01,Angola,AFR,True,0.734,0.66,77.91,74.54,77.06,95.81,1.56,EIA/OPEC ASB 2025 + synthetic fill
2021,7,2021-07-01,Mexico,LAm,False,3.333,1.702,77.91,74.54,77.06,95.81,4.03,EIA/OPEC ASB 2025 + synthetic fill
2021,7,2021-07-01,Brazil,LAm,False,5.142,1.869,77.91,74.54,77.06,95.81,4.43,EIA/OPEC ASB 2025 + synthetic fill
2021,8,2021-08-01,Saudi Arabia,Gulf,True,10.008,8.246,75.38,71.44,73.41,96.63,18.91,EIA/OPEC ASB 2025 + synthetic fill
2021,8,2021-08-01,Russia,CIS,False,8.721,6.268,75.38,71.44,73.41,96.63,14.37,EIA/OPEC ASB 2025 + synthetic fill
2021,8,2021-08-01,United States,NAm,False,10.724,0.346,75.38,71.44,73.41,96.63,0.79,EIA/OPEC ASB 2025 + synthetic fill
2021,8,2021-08-01,Iraq,Gulf,True,5.007,4.031,75.38,71.44,73.41,96.63,9.24,EIA/OPEC ASB 2025 + synthetic fill
2021,8,2021-08-01,United Arab Emirates,Gulf,True,2.284,2.011,75.38,71.44,73.41,96.63,4.61,EIA/OPEC ASB 2025 + synthetic fill
2021,8,2021-08-01,Iran,Gulf,True,2.676,1.715,75.38,71.44,73.41,96.63,3.93,EIA/OPEC ASB 2025 + synthetic fill
2021,8,2021-08-01,Kuwait,Gulf,True,2.188,1.968,75.38,71.44,73.41,96.63,4.51,EIA/OPEC ASB 2025 + synthetic fill
2021,8,2021-08-01,Venezuela,LAm,True,1.087,0.918,75.38,71.44,73.41,96.63,2.1,EIA/OPEC ASB 2025 + synthetic fill
2021,8,2021-08-01,Nigeria,AFR,True,2.123,1.888,75.38,71.44,73.41,96.63,4.33,EIA/OPEC ASB 2025 + synthetic fill
2021,8,2021-08-01,Canada,NAm,False,6.044,4.463,75.38,71.44,73.41,96.63,10.23,EIA/OPEC ASB 2025 + synthetic fill
2021,8,2021-08-01,Norway,EUR,False,2.98,2.651,75.38,71.44,73.41,96.63,6.08,EIA/OPEC ASB 2025 + synthetic fill
2021,8,2021-08-01,Kazakhstan,CIS,False,1.009,0.804,75.38,71.44,73.41,96.63,1.84,EIA/OPEC ASB 2025 + synthetic fill
2021,8,2021-08-01,Libya,AFR,True,1.045,0.939,75.38,71.44,73.41,96.63,2.15,EIA/OPEC ASB 2025 + synthetic fill
2021,8,2021-08-01,Qatar,Gulf,True,0.748,0.553,75.38,71.44,73.41,96.63,1.27,EIA/OPEC ASB 2025 + synthetic fill
2021,8,2021-08-01,Algeria,AFR,True,1.272,0.916,75.38,71.44,73.41,96.63,2.1,EIA/OPEC ASB 2025 + synthetic fill
2021,8,2021-08-01,Angola,AFR,True,0.793,0.703,75.38,71.44,73.41,96.63,1.61,EIA/OPEC ASB 2025 + synthetic fill
2021,8,2021-08-01,Mexico,LAm,False,3.241,1.649,75.38,71.44,73.41,96.63,3.78,EIA/OPEC ASB 2025 + synthetic fill
2021,8,2021-08-01,Brazil,LAm,False,5.078,1.827,75.38,71.44,73.41,96.63,4.19,EIA/OPEC ASB 2025 + synthetic fill
2021,9,2021-09-01,Saudi Arabia,Gulf,True,9.947,8.675,69.42,66.64,69.12,95.64,18.32,EIA/OPEC ASB 2025 + synthetic fill
2021,9,2021-09-01,Russia,CIS,False,8.88,6.485,69.42,66.64,69.12,95.64,13.69,EIA/OPEC ASB 2025 + synthetic fill
2021,9,2021-09-01,United States,NAm,False,10.769,0.346,69.42,66.64,69.12,95.64,0.73,EIA/OPEC ASB 2025 + synthetic fill
2021,9,2021-09-01,Iraq,Gulf,True,5.036,4.362,69.42,66.64,69.12,95.64,9.21,EIA/OPEC ASB 2025 + synthetic fill
2021,9,2021-09-01,United Arab Emirates,Gulf,True,2.392,2.173,69.42,66.64,69.12,95.64,4.59,EIA/OPEC ASB 2025 + synthetic fill
2021,9,2021-09-01,Iran,Gulf,True,2.582,1.513,69.42,66.64,69.12,95.64,3.19,EIA/OPEC ASB 2025 + synthetic fill
2021,9,2021-09-01,Kuwait,Gulf,True,2.057,1.814,69.42,66.64,69.12,95.64,3.83,EIA/OPEC ASB 2025 + synthetic fill
2021,9,2021-09-01,Venezuela,LAm,True,1.076,0.914,69.42,66.64,69.12,95.64,1.93,EIA/OPEC ASB 2025 + synthetic fill
2021,9,2021-09-01,Nigeria,AFR,True,2.053,1.726,69.42,66.64,69.12,95.64,3.64,EIA/OPEC ASB 2025 + synthetic fill
2021,9,2021-09-01,Canada,NAm,False,6.284,4.753,69.42,66.64,69.12,95.64,10.04,EIA/OPEC ASB 2025 + synthetic fill
2021,9,2021-09-01,Norway,EUR,False,2.844,2.49,69.42,66.64,69.12,95.64,5.26,EIA/OPEC ASB 2025 + synthetic fill
2021,9,2021-09-01,Kazakhstan,CIS,False,0.979,0.793,69.42,66.64,69.12,95.64,1.67,EIA/OPEC ASB 2025 + synthetic fill
2021,9,2021-09-01,Libya,AFR,True,1.08,0.944,69.42,66.64,69.12,95.64,1.99,EIA/OPEC ASB 2025 + synthetic fill
2021,9,2021-09-01,Qatar,Gulf,True,0.746,0.55,69.42,66.64,69.12,95.64,1.16,EIA/OPEC ASB 2025 + synthetic fill
2021,9,2021-09-01,Algeria,AFR,True,1.27,0.962,69.42,66.64,69.12,95.64,2.03,EIA/OPEC ASB 2025 + synthetic fill
2021,9,2021-09-01,Angola,AFR,True,0.764,0.672,69.42,66.64,69.12,95.64,1.42,EIA/OPEC ASB 2025 + synthetic fill
2021,9,2021-09-01,Mexico,LAm,False,3.395,1.858,69.42,66.64,69.12,95.64,3.92,EIA/OPEC ASB 2025 + synthetic fill
2021,9,2021-09-01,Brazil,LAm,False,5.201,2.046,69.42,66.64,69.12,95.64,4.32,EIA/OPEC ASB 2025 + synthetic fill
2021,10,2021-10-01,Saudi Arabia,Gulf,True,10.301,7.808,69.27,64.77,67.42,96.4,16.45,EIA/OPEC ASB 2025 + synthetic fill
2021,10,2021-10-01,Russia,CIS,False,8.169,5.423,69.27,64.77,67.42,96.4,11.43,EIA/OPEC ASB 2025 + synthetic fill
2021,10,2021-10-01,United States,NAm,False,10.451,0.341,69.27,64.77,67.42,96.4,0.72,EIA/OPEC ASB 2025 + synthetic fill
2021,10,2021-10-01,Iraq,Gulf,True,4.939,4.06,69.27,64.77,67.42,96.4,8.55,EIA/OPEC ASB 2025 + synthetic fill
2021,10,2021-10-01,United Arab Emirates,Gulf,True,2.395,2.199,69.27,64.77,67.42,96.4,4.63,EIA/OPEC ASB 2025 + synthetic fill
2021,10,2021-10-01,Iran,Gulf,True,2.72,1.678,69.27,64.77,67.42,96.4,3.54,EIA/OPEC ASB 2025 + synthetic fill
2021,10,2021-10-01,Kuwait,Gulf,True,2.024,1.64,69.27,64.77,67.42,96.4,3.46,EIA/OPEC ASB 2025 + synthetic fill
2021,10,2021-10-01,Venezuela,LAm,True,1.114,0.893,69.27,64.77,67.42,96.4,1.88,EIA/OPEC ASB 2025 + synthetic fill
2021,10,2021-10-01,Nigeria,AFR,True,2.105,1.782,69.27,64.77,67.42,96.4,3.75,EIA/OPEC ASB 2025 + synthetic fill
2021,10,2021-10-01,Canada,NAm,False,6.103,4.533,69.27,64.77,67.42,96.4,9.55,EIA/OPEC ASB 2025 + synthetic fill
2021,10,2021-10-01,Norway,EUR,False,2.772,2.309,69.27,64.77,67.42,96.4,4.86,EIA/OPEC ASB 2025 + synthetic fill
2021,10,2021-10-01,Kazakhstan,CIS,False,1.015,0.758,69.27,64.77,67.42,96.4,1.6,EIA/OPEC ASB 2025 + synthetic fill
2021,10,2021-10-01,Libya,AFR,True,1.15,1.022,69.27,64.77,67.42,96.4,2.15,EIA/OPEC ASB 2025 + synthetic fill
2021,10,2021-10-01,Qatar,Gulf,True,0.775,0.595,69.27,64.77,67.42,96.4,1.25,EIA/OPEC ASB 2025 + synthetic fill
2021,10,2021-10-01,Algeria,AFR,True,1.277,0.931,69.27,64.77,67.42,96.4,1.96,EIA/OPEC ASB 2025 + synthetic fill
2021,10,2021-10-01,Angola,AFR,True,0.747,0.606,69.27,64.77,67.42,96.4,1.28,EIA/OPEC ASB 2025 + synthetic fill
2021,10,2021-10-01,Mexico,LAm,False,3.327,1.648,69.27,64.77,67.42,96.4,3.47,EIA/OPEC ASB 2025 + synthetic fill
2021,10,2021-10-01,Brazil,LAm,False,5.171,2.024,69.27,64.77,67.42,96.4,4.26,EIA/OPEC ASB 2025 + synthetic fill
2021,11,2021-11-01,Saudi Arabia,Gulf,True,9.834,7.717,67.37,64.44,65.96,95.7,15.81,EIA/OPEC ASB 2025 + synthetic fill
2021,11,2021-11-01,Russia,CIS,False,8.444,5.795,67.37,64.44,65.96,95.7,11.87,EIA/OPEC ASB 2025 + synthetic fill
2021,11,2021-11-01,United States,NAm,False,10.099,0.359,67.37,64.44,65.96,95.7,0.74,EIA/OPEC ASB 2025 + synthetic fill
2021,11,2021-11-01,Iraq,Gulf,True,4.967,3.874,67.37,64.44,65.96,95.7,7.94,EIA/OPEC ASB 2025 + synthetic fill
2021,11,2021-11-01,United Arab Emirates,Gulf,True,2.406,2.127,67.37,64.44,65.96,95.7,4.36,EIA/OPEC ASB 2025 + synthetic fill
2021,11,2021-11-01,Iran,Gulf,True,2.619,1.56,67.37,64.44,65.96,95.7,3.2,EIA/OPEC ASB 2025 + synthetic fill
2021,11,2021-11-01,Kuwait,Gulf,True,2.051,1.842,67.37,64.44,65.96,95.7,3.77,EIA/OPEC ASB 2025 + synthetic fill
2021,11,2021-11-01,Venezuela,LAm,True,1.13,0.902,67.37,64.44,65.96,95.7,1.85,EIA/OPEC ASB 2025 + synthetic fill
2021,11,2021-11-01,Nigeria,AFR,True,2.093,1.856,67.37,64.44,65.96,95.7,3.8,EIA/OPEC ASB 2025 + synthetic fill
2021,11,2021-11-01,Canada,NAm,False,5.851,4.058,67.37,64.44,65.96,95.7,8.32,EIA/OPEC ASB 2025 + synthetic fill
2021,11,2021-11-01,Norway,EUR,False,2.744,2.184,67.37,64.44,65.96,95.7,4.48,EIA/OPEC ASB 2025 + synthetic fill
2021,11,2021-11-01,Kazakhstan,CIS,False,1.017,0.772,67.37,64.44,65.96,95.7,1.58,EIA/OPEC ASB 2025 + synthetic fill
2021,11,2021-11-01,Libya,AFR,True,1.089,0.949,67.37,64.44,65.96,95.7,1.94,EIA/OPEC ASB 2025 + synthetic fill
2021,11,2021-11-01,Qatar,Gulf,True,0.718,0.555,67.37,64.44,65.96,95.7,1.14,EIA/OPEC ASB 2025 + synthetic fill
2021,11,2021-11-01,Algeria,AFR,True,1.245,0.915,67.37,64.44,65.96,95.7,1.87,EIA/OPEC ASB 2025 + synthetic fill
2021,11,2021-11-01,Angola,AFR,True,0.748,0.669,67.37,64.44,65.96,95.7,1.37,EIA/OPEC ASB 2025 + synthetic fill
2021,11,2021-11-01,Mexico,LAm,False,3.512,1.948,67.37,64.44,65.96,95.7,3.99,EIA/OPEC ASB 2025 + synthetic fill
2021,11,2021-11-01,Brazil,LAm,False,5.272,2.083,67.37,64.44,65.96,95.7,4.27,EIA/OPEC ASB 2025 + synthetic fill
2021,12,2021-12-01,Saudi Arabia,Gulf,True,10.194,8.353,64.49,61.42,64.4,96.06,16.39,EIA/OPEC ASB 2025 + synthetic fill
2021,12,2021-12-01,Russia,CIS,False,8.531,6.34,64.49,61.42,64.4,96.06,12.44,EIA/OPEC ASB 2025 + synthetic fill
2021,12,2021-12-01,United States,NAm,False,10.756,0.389,64.49,61.42,64.4,96.06,0.76,EIA/OPEC ASB 2025 + synthetic fill
2021,12,2021-12-01,Iraq,Gulf,True,5.212,4.231,64.49,61.42,64.4,96.06,8.3,EIA/OPEC ASB 2025 + synthetic fill
2021,12,2021-12-01,United Arab Emirates,Gulf,True,2.421,2.334,64.49,61.42,64.4,96.06,4.58,EIA/OPEC ASB 2025 + synthetic fill
2021,12,2021-12-01,Iran,Gulf,True,2.792,1.578,64.49,61.42,64.4,96.06,3.1,EIA/OPEC ASB 2025 + synthetic fill
2021,12,2021-12-01,Kuwait,Gulf,True,2.224,1.781,64.49,61.42,64.4,96.06,3.49,EIA/OPEC ASB 2025 + synthetic fill
2021,12,2021-12-01,Venezuela,LAm,True,1.138,0.925,64.49,61.42,64.4,96.06,1.81,EIA/OPEC ASB 2025 + synthetic fill
2021,12,2021-12-01,Nigeria,AFR,True,2.069,1.706,64.49,61.42,64.4,96.06,3.35,EIA/OPEC ASB 2025 + synthetic fill
2021,12,2021-12-01,Canada,NAm,False,6.001,4.114,64.49,61.42,64.4,96.06,8.07,EIA/OPEC ASB 2025 + synthetic fill
2021,12,2021-12-01,Norway,EUR,False,2.826,2.285,64.49,61.42,64.4,96.06,4.48,EIA/OPEC ASB 2025 + synthetic fill
2021,12,2021-12-01,Kazakhstan,CIS,False,0.981,0.736,64.49,61.42,64.4,96.06,1.44,EIA/OPEC ASB 2025 + synthetic fill
2021,12,2021-12-01,Libya,AFR,True,1.178,0.958,64.49,61.42,64.4,96.06,1.88,EIA/OPEC ASB 2025 + synthetic fill
2021,12,2021-12-01,Qatar,Gulf,True,0.723,0.592,64.49,61.42,64.4,96.06,1.16,EIA/OPEC ASB 2025 + synthetic fill
2021,12,2021-12-01,Algeria,AFR,True,1.248,0.836,64.49,61.42,64.4,96.06,1.64,EIA/OPEC ASB 2025 + synthetic fill
2021,12,2021-12-01,Angola,AFR,True,0.758,0.671,64.49,61.42,64.4,96.06,1.32,EIA/OPEC ASB 2025 + synthetic fill
2021,12,2021-12-01,Mexico,LAm,False,3.407,1.663,64.49,61.42,64.4,96.06,3.26,EIA/OPEC ASB 2025 + synthetic fill
2021,12,2021-12-01,Brazil,LAm,False,5.048,2.012,64.49,61.42,64.4,96.06,3.95,EIA/OPEC ASB 2025 + synthetic fill
2022,1,2022-01-01,Saudi Arabia,Gulf,True,10.319,8.19,96.9,92.96,95.52,99.69,24.14,EIA/OPEC ASB 2025 + synthetic fill
2022,1,2022-01-01,Russia,CIS,False,8.669,5.977,96.9,92.96,95.52,99.69,17.62,EIA/OPEC ASB 2025 + synthetic fill
2022,1,2022-01-01,United States,NAm,False,10.672,0.353,96.9,92.96,95.52,99.69,1.04,EIA/OPEC ASB 2025 + synthetic fill
2022,1,2022-01-01,Iraq,Gulf,True,4.998,3.982,96.9,92.96,95.52,99.69,11.74,EIA/OPEC ASB 2025 + synthetic fill
2022,1,2022-01-01,United Arab Emirates,Gulf,True,2.392,2.162,96.9,92.96,95.52,99.69,6.37,EIA/OPEC ASB 2025 + synthetic fill
2022,1,2022-01-01,Iran,Gulf,True,2.798,1.643,96.9,92.96,95.52,99.69,4.84,EIA/OPEC ASB 2025 + synthetic fill
2022,1,2022-01-01,Kuwait,Gulf,True,2.214,1.895,96.9,92.96,95.52,99.69,5.59,EIA/OPEC ASB 2025 + synthetic fill
2022,1,2022-01-01,Venezuela,LAm,True,1.181,0.972,96.9,92.96,95.52,99.69,2.86,EIA/OPEC ASB 2025 + synthetic fill
2022,1,2022-01-01,Nigeria,AFR,True,2.154,1.762,96.9,92.96,95.52,99.69,5.19,EIA/OPEC ASB 2025 + synthetic fill
2022,1,2022-01-01,Canada,NAm,False,5.899,3.918,96.9,92.96,95.52,99.69,11.55,EIA/OPEC ASB 2025 + synthetic fill
2022,1,2022-01-01,Norway,EUR,False,2.746,2.252,96.9,92.96,95.52,99.69,6.64,EIA/OPEC ASB 2025 + synthetic fill
2022,1,2022-01-01,Kazakhstan,CIS,False,1.0,0.797,96.9,92.96,95.52,99.69,2.35,EIA/OPEC ASB 2025 + synthetic fill
2022,1,2022-01-01,Libya,AFR,True,1.217,1.114,96.9,92.96,95.52,99.69,3.28,EIA/OPEC ASB 2025 + synthetic fill
2022,1,2022-01-01,Qatar,Gulf,True,0.758,0.592,96.9,92.96,95.52,99.69,1.74,EIA/OPEC ASB 2025 + synthetic fill
2022,1,2022-01-01,Algeria,AFR,True,1.253,0.901,96.9,92.96,95.52,99.69,2.66,EIA/OPEC ASB 2025 + synthetic fill
2022,1,2022-01-01,Angola,AFR,True,0.768,0.672,96.9,92.96,95.52,99.69,1.98,EIA/OPEC ASB 2025 + synthetic fill
2022,1,2022-01-01,Mexico,LAm,False,3.323,1.859,96.9,92.96,95.52,99.69,5.48,EIA/OPEC ASB 2025 + synthetic fill
2022,1,2022-01-01,Brazil,LAm,False,5.406,1.941,96.9,92.96,95.52,99.69,5.72,EIA/OPEC ASB 2025 + synthetic fill
2022,2,2022-02-01,Saudi Arabia,Gulf,True,10.405,8.451,103.57,100.61,103.82,100.32,26.62,EIA/OPEC ASB 2025 + synthetic fill
2022,2,2022-02-01,Russia,CIS,False,8.626,6.292,103.57,100.61,103.82,100.32,19.82,EIA/OPEC ASB 2025 + synthetic fill
2022,2,2022-02-01,United States,NAm,False,10.587,0.375,103.57,100.61,103.82,100.32,1.18,EIA/OPEC ASB 2025 + synthetic fill
2022,2,2022-02-01,Iraq,Gulf,True,4.953,3.974,103.57,100.61,103.82,100.32,12.52,EIA/OPEC ASB 2025 + synthetic fill
2022,2,2022-02-01,United Arab Emirates,Gulf,True,2.379,2.052,103.57,100.61,103.82,100.32,6.46,EIA/OPEC ASB 2025 + synthetic fill
2022,2,2022-02-01,Iran,Gulf,True,2.772,1.635,103.57,100.61,103.82,100.32,5.15,EIA/OPEC ASB 2025 + synthetic fill
2022,2,2022-02-01,Kuwait,Gulf,True,2.051,1.619,103.57,100.61,103.82,100.32,5.1,EIA/OPEC ASB 2025 + synthetic fill
2022,2,2022-02-01,Venezuela,LAm,True,1.131,0.958,103.57,100.61,103.82,100.32,3.02,EIA/OPEC ASB 2025 + synthetic fill
2022,2,2022-02-01,Nigeria,AFR,True,2.103,1.796,103.57,100.61,103.82,100.32,5.66,EIA/OPEC ASB 2025 + synthetic fill
2022,2,2022-02-01,Canada,NAm,False,5.743,3.985,103.57,100.61,103.82,100.32,12.55,EIA/OPEC ASB 2025 + synthetic fill
2022,2,2022-02-01,Norway,EUR,False,2.779,2.39,103.57,100.61,103.82,100.32,7.53,EIA/OPEC ASB 2025 + synthetic fill
2022,2,2022-02-01,Kazakhstan,CIS,False,0.982,0.779,103.57,100.61,103.82,100.32,2.45,EIA/OPEC ASB 2025 + synthetic fill
2022,2,2022-02-01,Libya,AFR,True,1.258,1.015,103.57,100.61,103.82,100.32,3.2,EIA/OPEC ASB 2025 + synthetic fill
2022,2,2022-02-01,Qatar,Gulf,True,0.704,0.526,103.57,100.61,103.82,100.32,1.66,EIA/OPEC ASB 2025 + synthetic fill
2022,2,2022-02-01,Algeria,AFR,True,1.24,0.916,103.57,100.61,103.82,100.32,2.89,EIA/OPEC ASB 2025 + synthetic fill
2022,2,2022-02-01,Angola,AFR,True,0.733,0.599,103.57,100.61,103.82,100.32,1.89,EIA/OPEC ASB 2025 + synthetic fill
2022,2,2022-02-01,Mexico,LAm,False,3.399,1.766,103.57,100.61,103.82,100.32,5.56,EIA/OPEC ASB 2025 + synthetic fill
2022,2,2022-02-01,Brazil,LAm,False,5.138,2.087,103.57,100.61,103.82,100.32,6.57,EIA/OPEC ASB 2025 + synthetic fill
2022,3,2022-03-01,Saudi Arabia,Gulf,True,9.743,7.996,105.01,103.33,103.6,99.88,25.54,EIA/OPEC ASB 2025 + synthetic fill
2022,3,2022-03-01,Russia,CIS,False,8.428,5.875,105.01,103.33,103.6,99.88,18.77,EIA/OPEC ASB 2025 + synthetic fill
2022,3,2022-03-01,United States,NAm,False,10.719,0.355,105.01,103.33,103.6,99.88,1.13,EIA/OPEC ASB 2025 + synthetic fill
2022,3,2022-03-01,Iraq,Gulf,True,5.107,4.5,105.01,103.33,103.6,99.88,14.37,EIA/OPEC ASB 2025 + synthetic fill
2022,3,2022-03-01,United Arab Emirates,Gulf,True,2.368,2.184,105.01,103.33,103.6,99.88,6.98,EIA/OPEC ASB 2025 + synthetic fill
2022,3,2022-03-01,Iran,Gulf,True,2.656,1.578,105.01,103.33,103.6,99.88,5.04,EIA/OPEC ASB 2025 + synthetic fill
2022,3,2022-03-01,Kuwait,Gulf,True,2.083,1.773,105.01,103.33,103.6,99.88,5.66,EIA/OPEC ASB 2025 + synthetic fill
2022,3,2022-03-01,Venezuela,LAm,True,1.132,0.895,105.01,103.33,103.6,99.88,2.86,EIA/OPEC ASB 2025 + synthetic fill
2022,3,2022-03-01,Nigeria,AFR,True,2.037,1.733,105.01,103.33,103.6,99.88,5.54,EIA/OPEC ASB 2025 + synthetic fill
2022,3,2022-03-01,Canada,NAm,False,5.864,4.033,105.01,103.33,103.6,99.88,12.88,EIA/OPEC ASB 2025 + synthetic fill
2022,3,2022-03-01,Norway,EUR,False,2.654,2.351,105.01,103.33,103.6,99.88,7.51,EIA/OPEC ASB 2025 + synthetic fill
2022,3,2022-03-01,Kazakhstan,CIS,False,1.014,0.828,105.01,103.33,103.6,99.88,2.64,EIA/OPEC ASB 2025 + synthetic fill
2022,3,2022-03-01,Libya,AFR,True,1.207,1.039,105.01,103.33,103.6,99.88,3.32,EIA/OPEC ASB 2025 + synthetic fill
2022,3,2022-03-01,Qatar,Gulf,True,0.742,0.615,105.01,103.33,103.6,99.88,1.96,EIA/OPEC ASB 2025 + synthetic fill
2022,3,2022-03-01,Algeria,AFR,True,1.282,0.869,105.01,103.33,103.6,99.88,2.78,EIA/OPEC ASB 2025 + synthetic fill
2022,3,2022-03-01,Angola,AFR,True,0.751,0.605,105.01,103.33,103.6,99.88,1.93,EIA/OPEC ASB 2025 + synthetic fill
2022,3,2022-03-01,Mexico,LAm,False,3.473,1.74,105.01,103.33,103.6,99.88,5.56,EIA/OPEC ASB 2025 + synthetic fill
2022,3,2022-03-01,Brazil,LAm,False,5.216,2.041,105.01,103.33,103.6,99.88,6.52,EIA/OPEC ASB 2025 + synthetic fill
2022,4,2022-04-01,Saudi Arabia,Gulf,True,10.278,8.45,98.63,97.39,98.22,99.74,25.35,EIA/OPEC ASB 2025 + synthetic fill
2022,4,2022-04-01,Russia,CIS,False,8.562,5.82,98.63,97.39,98.22,99.74,17.46,EIA/OPEC ASB 2025 + synthetic fill
2022,4,2022-04-01,United States,NAm,False,10.41,0.344,98.63,97.39,98.22,99.74,1.03,EIA/OPEC ASB 2025 + synthetic fill
2022,4,2022-04-01,Iraq,Gulf,True,4.763,4.141,98.63,97.39,98.22,99.74,12.42,EIA/OPEC ASB 2025 + synthetic fill
2022,4,2022-04-01,United Arab Emirates,Gulf,True,2.454,2.166,98.63,97.39,98.22,99.74,6.5,EIA/OPEC ASB 2025 + synthetic fill
2022,4,2022-04-01,Iran,Gulf,True,2.678,1.649,98.63,97.39,98.22,99.74,4.95,EIA/OPEC ASB 2025 + synthetic fill
2022,4,2022-04-01,Kuwait,Gulf,True,2.067,1.764,98.63,97.39,98.22,99.74,5.29,EIA/OPEC ASB 2025 + synthetic fill
2022,4,2022-04-01,Venezuela,LAm,True,1.16,0.979,98.63,97.39,98.22,99.74,2.94,EIA/OPEC ASB 2025 + synthetic fill
2022,4,2022-04-01,Nigeria,AFR,True,2.127,1.864,98.63,97.39,98.22,99.74,5.59,EIA/OPEC ASB 2025 + synthetic fill
2022,4,2022-04-01,Canada,NAm,False,6.072,4.193,98.63,97.39,98.22,99.74,12.58,EIA/OPEC ASB 2025 + synthetic fill
2022,4,2022-04-01,Norway,EUR,False,2.811,2.447,98.63,97.39,98.22,99.74,7.34,EIA/OPEC ASB 2025 + synthetic fill
2022,4,2022-04-01,Kazakhstan,CIS,False,1.012,0.811,98.63,97.39,98.22,99.74,2.43,EIA/OPEC ASB 2025 + synthetic fill
2022,4,2022-04-01,Libya,AFR,True,1.199,1.068,98.63,97.39,98.22,99.74,3.2,EIA/OPEC ASB 2025 + synthetic fill
2022,4,2022-04-01,Qatar,Gulf,True,0.733,0.588,98.63,97.39,98.22,99.74,1.76,EIA/OPEC ASB 2025 + synthetic fill
2022,4,2022-04-01,Algeria,AFR,True,1.24,0.93,98.63,97.39,98.22,99.74,2.79,EIA/OPEC ASB 2025 + synthetic fill
2022,4,2022-04-01,Angola,AFR,True,0.784,0.689,98.63,97.39,98.22,99.74,2.07,EIA/OPEC ASB 2025 + synthetic fill
2022,4,2022-04-01,Mexico,LAm,False,3.349,1.826,98.63,97.39,98.22,99.74,5.48,EIA/OPEC ASB 2025 + synthetic fill
2022,4,2022-04-01,Brazil,LAm,False,5.262,2.142,98.63,97.39,98.22,99.74,6.43,EIA/OPEC ASB 2025 + synthetic fill
2022,5,2022-05-01,Saudi Arabia,Gulf,True,10.287,8.857,109.18,107.59,109.69,100.09,29.41,EIA/OPEC ASB 2025 + synthetic fill
2022,5,2022-05-01,Russia,CIS,False,8.268,5.476,109.18,107.59,109.69,100.09,18.19,EIA/OPEC ASB 2025 + synthetic fill
2022,5,2022-05-01,United States,NAm,False,10.583,0.37,109.18,107.59,109.69,100.09,1.23,EIA/OPEC ASB 2025 + synthetic fill
2022,5,2022-05-01,Iraq,Gulf,True,4.949,4.015,109.18,107.59,109.69,100.09,13.33,EIA/OPEC ASB 2025 + synthetic fill
2022,5,2022-05-01,United Arab Emirates,Gulf,True,2.37,2.169,109.18,107.59,109.69,100.09,7.2,EIA/OPEC ASB 2025 + synthetic fill
2022,5,2022-05-01,Iran,Gulf,True,2.76,1.641,109.18,107.59,109.69,100.09,5.45,EIA/OPEC ASB 2025 + synthetic fill
2022,5,2022-05-01,Kuwait,Gulf,True,2.055,1.697,109.18,107.59,109.69,100.09,5.64,EIA/OPEC ASB 2025 + synthetic fill
2022,5,2022-05-01,Venezuela,LAm,True,1.171,0.969,109.18,107.59,109.69,100.09,3.22,EIA/OPEC ASB 2025 + synthetic fill
2022,5,2022-05-01,Nigeria,AFR,True,1.993,1.773,109.18,107.59,109.69,100.09,5.89,EIA/OPEC ASB 2025 + synthetic fill
2022,5,2022-05-01,Canada,NAm,False,5.982,4.539,109.18,107.59,109.69,100.09,15.07,EIA/OPEC ASB 2025 + synthetic fill
2022,5,2022-05-01,Norway,EUR,False,2.938,2.527,109.18,107.59,109.69,100.09,8.39,EIA/OPEC ASB 2025 + synthetic fill
2022,5,2022-05-01,Kazakhstan,CIS,False,0.984,0.817,109.18,107.59,109.69,100.09,2.71,EIA/OPEC ASB 2025 + synthetic fill
2022,5,2022-05-01,Libya,AFR,True,1.163,1.039,109.18,107.59,109.69,100.09,3.45,EIA/OPEC ASB 2025 + synthetic fill
2022,5,2022-05-01,Qatar,Gulf,True,0.742,0.603,109.18,107.59,109.69,100.09,2.0,EIA/OPEC ASB 2025 + synthetic fill
2022,5,2022-05-01,Algeria,AFR,True,1.219,0.85,109.18,107.59,109.69,100.09,2.82,EIA/OPEC ASB 2025 + synthetic fill
2022,5,2022-05-01,Angola,AFR,True,0.743,0.595,109.18,107.59,109.69,100.09,1.98,EIA/OPEC ASB 2025 + synthetic fill
2022,5,2022-05-01,Mexico,LAm,False,3.337,1.791,109.18,107.59,109.69,100.09,5.95,EIA/OPEC ASB 2025 + synthetic fill
2022,5,2022-05-01,Brazil,LAm,False,5.375,2.113,109.18,107.59,109.69,100.09,7.02,EIA/OPEC ASB 2025 + synthetic fill
2022,6,2022-06-01,Saudi Arabia,Gulf,True,9.994,8.433,104.57,99.58,102.75,100.17,26.82,EIA/OPEC ASB 2025 + synthetic fill
2022,6,2022-06-01,Russia,CIS,False,8.489,5.588,104.57,99.58,102.75,100.17,17.77,EIA/OPEC ASB 2025 + synthetic fill
2022,6,2022-06-01,United States,NAm,False,10.6,0.337,104.57,99.58,102.75,100.17,1.07,EIA/OPEC ASB 2025 + synthetic fill
2022,6,2022-06-01,Iraq,Gulf,True,5.002,4.048,104.57,99.58,102.75,100.17,12.88,EIA/OPEC ASB 2025 + synthetic fill
2022,6,2022-06-01,United Arab Emirates,Gulf,True,2.448,2.144,104.57,99.58,102.75,100.17,6.82,EIA/OPEC ASB 2025 + synthetic fill
2022,6,2022-06-01,Iran,Gulf,True,2.812,1.803,104.57,99.58,102.75,100.17,5.73,EIA/OPEC ASB 2025 + synthetic fill
2022,6,2022-06-01,Kuwait,Gulf,True,2.089,1.716,104.57,99.58,102.75,100.17,5.46,EIA/OPEC ASB 2025 + synthetic fill
2022,6,2022-06-01,Venezuela,LAm,True,1.148,0.944,104.57,99.58,102.75,100.17,3.0,EIA/OPEC ASB 2025 + synthetic fill
2022,6,2022-06-01,Nigeria,AFR,True,2.178,1.784,104.57,99.58,102.75,100.17,5.67,EIA/OPEC ASB 2025 + synthetic fill
2022,6,2022-06-01,Canada,NAm,False,6.116,4.437,104.57,99.58,102.75,100.17,14.11,EIA/OPEC ASB 2025 + synthetic fill
2022,6,2022-06-01,Norway,EUR,False,2.94,2.582,104.57,99.58,102.75,100.17,8.21,EIA/OPEC ASB 2025 + synthetic fill
2022,6,2022-06-01,Kazakhstan,CIS,False,0.992,0.833,104.57,99.58,102.75,100.17,2.65,EIA/OPEC ASB 2025 + synthetic fill
2022,6,2022-06-01,Libya,AFR,True,1.236,1.059,104.57,99.58,102.75,100.17,3.37,EIA/OPEC ASB 2025 + synthetic fill
2022,6,2022-06-01,Qatar,Gulf,True,0.75,0.592,104.57,99.58,102.75,100.17,1.88,EIA/OPEC ASB 2025 + synthetic fill
2022,6,2022-06-01,Algeria,AFR,True,1.287,0.957,104.57,99.58,102.75,100.17,3.04,EIA/OPEC ASB 2025 + synthetic fill
2022,6,2022-06-01,Angola,AFR,True,0.728,0.584,104.57,99.58,102.75,100.17,1.86,EIA/OPEC ASB 2025 + synthetic fill
2022,6,2022-06-01,Mexico,LAm,False,3.577,1.783,104.57,99.58,102.75,100.17,5.67,EIA/OPEC ASB 2025 + synthetic fill
2022,6,2022-06-01,Brazil,LAm,False,5.332,2.098,104.57,99.58,102.75,100.17,6.67,EIA/OPEC ASB 2025 + synthetic fill
2022,7,2022-07-01,Saudi Arabia,Gulf,True,10.431,7.978,104.54,101.86,103.0,99.68,25.37,EIA/OPEC ASB 2025 + synthetic fill
2022,7,2022-07-01,Russia,CIS,False,8.503,5.671,104.54,101.86,103.0,99.68,18.03,EIA/OPEC ASB 2025 + synthetic fill
2022,7,2022-07-01,United States,NAm,False,10.194,0.333,104.54,101.86,103.0,99.68,1.06,EIA/OPEC ASB 2025 + synthetic fill
2022,7,2022-07-01,Iraq,Gulf,True,4.841,4.091,104.54,101.86,103.0,99.68,13.01,EIA/OPEC ASB 2025 + synthetic fill
2022,7,2022-07-01,United Arab Emirates,Gulf,True,2.514,2.394,104.54,101.86,103.0,99.68,7.61,EIA/OPEC ASB 2025 + synthetic fill
2022,7,2022-07-01,Iran,Gulf,True,2.804,1.652,104.54,101.86,103.0,99.68,5.25,EIA/OPEC ASB 2025 + synthetic fill
2022,7,2022-07-01,Kuwait,Gulf,True,2.071,1.779,104.54,101.86,103.0,99.68,5.66,EIA/OPEC ASB 2025 + synthetic fill
2022,7,2022-07-01,Venezuela,LAm,True,1.094,0.959,104.54,101.86,103.0,99.68,3.05,EIA/OPEC ASB 2025 + synthetic fill
2022,7,2022-07-01,Nigeria,AFR,True,1.976,1.654,104.54,101.86,103.0,99.68,5.26,EIA/OPEC ASB 2025 + synthetic fill
2022,7,2022-07-01,Canada,NAm,False,6.026,4.5,104.54,101.86,103.0,99.68,14.31,EIA/OPEC ASB 2025 + synthetic fill
2022,7,2022-07-01,Norway,EUR,False,2.798,2.445,104.54,101.86,103.0,99.68,7.77,EIA/OPEC ASB 2025 + synthetic fill
2022,7,2022-07-01,Kazakhstan,CIS,False,0.992,0.786,104.54,101.86,103.0,99.68,2.5,EIA/OPEC ASB 2025 + synthetic fill
2022,7,2022-07-01,Libya,AFR,True,1.191,1.014,104.54,101.86,103.0,99.68,3.22,EIA/OPEC ASB 2025 + synthetic fill
2022,7,2022-07-01,Qatar,Gulf,True,0.742,0.569,104.54,101.86,103.0,99.68,1.81,EIA/OPEC ASB 2025 + synthetic fill
2022,7,2022-07-01,Algeria,AFR,True,1.262,0.858,104.54,101.86,103.0,99.68,2.73,EIA/OPEC ASB 2025 + synthetic fill
2022,7,2022-07-01,Angola,AFR,True,0.771,0.685,104.54,101.86,103.0,99.68,2.18,EIA/OPEC ASB 2025 + synthetic fill
2022,7,2022-07-01,Mexico,LAm,False,3.404,1.727,104.54,101.86,103.0,99.68,5.49,EIA/OPEC ASB 2025 + synthetic fill
2022,7,2022-07-01,Brazil,LAm,False,5.288,1.971,104.54,101.86,103.0,99.68,6.27,EIA/OPEC ASB 2025 + synthetic fill
2022,8,2022-08-01,Saudi Arabia,Gulf,True,9.954,7.646,99.31,95.52,98.61,100.13,23.1,EIA/OPEC ASB 2025 + synthetic fill
2022,8,2022-08-01,Russia,CIS,False,8.424,6.15,99.31,95.52,98.61,100.13,18.58,EIA/OPEC ASB 2025 + synthetic fill
2022,8,2022-08-01,United States,NAm,False,11.128,0.405,99.31,95.52,98.61,100.13,1.22,EIA/OPEC ASB 2025 + synthetic fill
2022,8,2022-08-01,Iraq,Gulf,True,5.079,4.383,99.31,95.52,98.61,100.13,13.24,EIA/OPEC ASB 2025 + synthetic fill
2022,8,2022-08-01,United Arab Emirates,Gulf,True,2.41,2.148,99.31,95.52,98.61,100.13,6.49,EIA/OPEC ASB 2025 + synthetic fill
2022,8,2022-08-01,Iran,Gulf,True,2.757,1.569,99.31,95.52,98.61,100.13,4.74,EIA/OPEC ASB 2025 + synthetic fill
2022,8,2022-08-01,Kuwait,Gulf,True,2.094,1.862,99.31,95.52,98.61,100.13,5.62,EIA/OPEC ASB 2025 + synthetic fill
2022,8,2022-08-01,Venezuela,LAm,True,1.136,0.956,99.31,95.52,98.61,100.13,2.89,EIA/OPEC ASB 2025 + synthetic fill
2022,8,2022-08-01,Nigeria,AFR,True,2.128,1.871,99.31,95.52,98.61,100.13,5.65,EIA/OPEC ASB 2025 + synthetic fill
2022,8,2022-08-01,Canada,NAm,False,6.016,4.065,99.31,95.52,98.61,100.13,12.28,EIA/OPEC ASB 2025 + synthetic fill
2022,8,2022-08-01,Norway,EUR,False,2.914,2.323,99.31,95.52,98.61,100.13,7.02,EIA/OPEC ASB 2025 + synthetic fill
2022,8,2022-08-01,Kazakhstan,CIS,False,1.013,0.762,99.31,95.52,98.61,100.13,2.3,EIA/OPEC ASB 2025 + synthetic fill
2022,8,2022-08-01,Libya,AFR,True,1.183,0.97,99.31,95.52,98.61,100.13,2.93,EIA/OPEC ASB 2025 + synthetic fill
2022,8,2022-08-01,Qatar,Gulf,True,0.762,0.636,99.31,95.52,98.61,100.13,1.92,EIA/OPEC ASB 2025 + synthetic fill
2022,8,2022-08-01,Algeria,AFR,True,1.262,0.925,99.31,95.52,98.61,100.13,2.79,EIA/OPEC ASB 2025 + synthetic fill
2022,8,2022-08-01,Angola,AFR,True,0.764,0.634,99.31,95.52,98.61,100.13,1.92,EIA/OPEC ASB 2025 + synthetic fill
2022,8,2022-08-01,Mexico,LAm,False,3.288,1.686,99.31,95.52,98.61,100.13,5.09,EIA/OPEC ASB 2025 + synthetic fill
2022,8,2022-08-01,Brazil,LAm,False,5.325,2.068,99.31,95.52,98.61,100.13,6.25,EIA/OPEC ASB 2025 + synthetic fill
2022,9,2022-09-01,Saudi Arabia,Gulf,True,10.184,8.348,95.48,91.15,96.37,99.93,24.24,EIA/OPEC ASB 2025 + synthetic fill
2022,9,2022-09-01,Russia,CIS,False,8.221,5.576,95.48,91.15,96.37,99.93,16.19,EIA/OPEC ASB 2025 + synthetic fill
2022,9,2022-09-01,United States,NAm,False,10.945,0.39,95.48,91.15,96.37,99.93,1.13,EIA/OPEC ASB 2025 + synthetic fill
2022,9,2022-09-01,Iraq,Gulf,True,4.808,4.166,95.48,91.15,96.37,99.93,12.1,EIA/OPEC ASB 2025 + synthetic fill
2022,9,2022-09-01,United Arab Emirates,Gulf,True,2.425,2.202,95.48,91.15,96.37,99.93,6.4,EIA/OPEC ASB 2025 + synthetic fill
2022,9,2022-09-01,Iran,Gulf,True,2.925,1.852,95.48,91.15,96.37,99.93,5.38,EIA/OPEC ASB 2025 + synthetic fill
2022,9,2022-09-01,Kuwait,Gulf,True,2.106,1.856,95.48,91.15,96.37,99.93,5.39,EIA/OPEC ASB 2025 + synthetic fill
2022,9,2022-09-01,Venezuela,LAm,True,1.148,0.915,95.48,91.15,96.37,99.93,2.66,EIA/OPEC ASB 2025 + synthetic fill
2022,9,2022-09-01,Nigeria,AFR,True,2.087,1.675,95.48,91.15,96.37,99.93,4.86,EIA/OPEC ASB 2025 + synthetic fill
2022,9,2022-09-01,Canada,NAm,False,6.091,4.439,95.48,91.15,96.37,99.93,12.89,EIA/OPEC ASB 2025 + synthetic fill
2022,9,2022-09-01,Norway,EUR,False,2.824,2.388,95.48,91.15,96.37,99.93,6.94,EIA/OPEC ASB 2025 + synthetic fill
2022,9,2022-09-01,Kazakhstan,CIS,False,1.013,0.788,95.48,91.15,96.37,99.93,2.29,EIA/OPEC ASB 2025 + synthetic fill
2022,9,2022-09-01,Libya,AFR,True,1.161,0.93,95.48,91.15,96.37,99.93,2.7,EIA/OPEC ASB 2025 + synthetic fill
2022,9,2022-09-01,Qatar,Gulf,True,0.767,0.625,95.48,91.15,96.37,99.93,1.82,EIA/OPEC ASB 2025 + synthetic fill
2022,9,2022-09-01,Algeria,AFR,True,1.207,0.8,95.48,91.15,96.37,99.93,2.32,EIA/OPEC ASB 2025 + synthetic fill
2022,9,2022-09-01,Angola,AFR,True,0.723,0.613,95.48,91.15,96.37,99.93,1.78,EIA/OPEC ASB 2025 + synthetic fill
2022,9,2022-09-01,Mexico,LAm,False,3.338,1.651,95.48,91.15,96.37,99.93,4.79,EIA/OPEC ASB 2025 + synthetic fill
2022,9,2022-09-01,Brazil,LAm,False,5.496,2.215,95.48,91.15,96.37,99.93,6.43,EIA/OPEC ASB 2025 + synthetic fill
2022,10,2022-10-01,Saudi Arabia,Gulf,True,10.141,8.357,98.08,96.34,99.01,100.12,24.93,EIA/OPEC ASB 2025 + synthetic fill
2022,10,2022-10-01,Russia,CIS,False,8.184,5.734,98.08,96.34,99.01,100.12,17.11,EIA/OPEC ASB 2025 + synthetic fill
2022,10,2022-10-01,United States,NAm,False,10.634,0.35,98.08,96.34,99.01,100.12,1.04,EIA/OPEC ASB 2025 + synthetic fill
2022,10,2022-10-01,Iraq,Gulf,True,5.044,4.119,98.08,96.34,99.01,100.12,12.29,EIA/OPEC ASB 2025 + synthetic fill
2022,10,2022-10-01,United Arab Emirates,Gulf,True,2.353,2.075,98.08,96.34,99.01,100.12,6.19,EIA/OPEC ASB 2025 + synthetic fill
2022,10,2022-10-01,Iran,Gulf,True,2.926,1.888,98.08,96.34,99.01,100.12,5.63,EIA/OPEC ASB 2025 + synthetic fill
2022,10,2022-10-01,Kuwait,Gulf,True,2.164,1.94,98.08,96.34,99.01,100.12,5.79,EIA/OPEC ASB 2025 + synthetic fill
2022,10,2022-10-01,Venezuela,LAm,True,1.128,0.932,98.08,96.34,99.01,100.12,2.78,EIA/OPEC ASB 2025 + synthetic fill
2022,10,2022-10-01,Nigeria,AFR,True,2.02,1.824,98.08,96.34,99.01,100.12,5.44,EIA/OPEC ASB 2025 + synthetic fill
2022,10,2022-10-01,Canada,NAm,False,6.219,4.371,98.08,96.34,99.01,100.12,13.04,EIA/OPEC ASB 2025 + synthetic fill
2022,10,2022-10-01,Norway,EUR,False,2.891,2.559,98.08,96.34,99.01,100.12,7.63,EIA/OPEC ASB 2025 + synthetic fill
2022,10,2022-10-01,Kazakhstan,CIS,False,1.005,0.839,98.08,96.34,99.01,100.12,2.5,EIA/OPEC ASB 2025 + synthetic fill
2022,10,2022-10-01,Libya,AFR,True,1.258,1.033,98.08,96.34,99.01,100.12,3.08,EIA/OPEC ASB 2025 + synthetic fill
2022,10,2022-10-01,Qatar,Gulf,True,0.74,0.625,98.08,96.34,99.01,100.12,1.86,EIA/OPEC ASB 2025 + synthetic fill
2022,10,2022-10-01,Algeria,AFR,True,1.25,0.87,98.08,96.34,99.01,100.12,2.6,EIA/OPEC ASB 2025 + synthetic fill
2022,10,2022-10-01,Angola,AFR,True,0.74,0.676,98.08,96.34,99.01,100.12,2.02,EIA/OPEC ASB 2025 + synthetic fill
2022,10,2022-10-01,Mexico,LAm,False,3.472,1.888,98.08,96.34,99.01,100.12,5.63,EIA/OPEC ASB 2025 + synthetic fill
2022,10,2022-10-01,Brazil,LAm,False,5.325,2.114,98.08,96.34,99.01,100.12,6.31,EIA/OPEC ASB 2025 + synthetic fill
2022,11,2022-11-01,Saudi Arabia,Gulf,True,10.18,7.807,96.39,95.39,96.95,99.85,22.89,EIA/OPEC ASB 2025 + synthetic fill
2022,11,2022-11-01,Russia,CIS,False,8.281,5.637,96.39,95.39,96.95,99.85,16.53,EIA/OPEC ASB 2025 + synthetic fill
2022,11,2022-11-01,United States,NAm,False,11.127,0.366,96.39,95.39,96.95,99.85,1.07,EIA/OPEC ASB 2025 + synthetic fill
2022,11,2022-11-01,Iraq,Gulf,True,4.947,4.221,96.39,95.39,96.95,99.85,12.38,EIA/OPEC ASB 2025 + synthetic fill
2022,11,2022-11-01,United Arab Emirates,Gulf,True,2.433,2.201,96.39,95.39,96.95,99.85,6.45,EIA/OPEC ASB 2025 + synthetic fill
2022,11,2022-11-01,Iran,Gulf,True,2.793,1.653,96.39,95.39,96.95,99.85,4.85,EIA/OPEC ASB 2025 + synthetic fill
2022,11,2022-11-01,Kuwait,Gulf,True,2.021,1.763,96.39,95.39,96.95,99.85,5.17,EIA/OPEC ASB 2025 + synthetic fill
2022,11,2022-11-01,Venezuela,LAm,True,1.173,1.024,96.39,95.39,96.95,99.85,3.0,EIA/OPEC ASB 2025 + synthetic fill
2022,11,2022-11-01,Nigeria,AFR,True,2.051,1.791,96.39,95.39,96.95,99.85,5.25,EIA/OPEC ASB 2025 + synthetic fill
2022,11,2022-11-01,Canada,NAm,False,5.853,4.327,96.39,95.39,96.95,99.85,12.69,EIA/OPEC ASB 2025 + synthetic fill
2022,11,2022-11-01,Norway,EUR,False,2.837,2.458,96.39,95.39,96.95,99.85,7.21,EIA/OPEC ASB 2025 + synthetic fill
2022,11,2022-11-01,Kazakhstan,CIS,False,1.007,0.756,96.39,95.39,96.95,99.85,2.22,EIA/OPEC ASB 2025 + synthetic fill
2022,11,2022-11-01,Libya,AFR,True,1.197,1.073,96.39,95.39,96.95,99.85,3.15,EIA/OPEC ASB 2025 + synthetic fill
2022,11,2022-11-01,Qatar,Gulf,True,0.71,0.581,96.39,95.39,96.95,99.85,1.7,EIA/OPEC ASB 2025 + synthetic fill
2022,11,2022-11-01,Algeria,AFR,True,1.222,0.818,96.39,95.39,96.95,99.85,2.4,EIA/OPEC ASB 2025 + synthetic fill
2022,11,2022-11-01,Angola,AFR,True,0.759,0.65,96.39,95.39,96.95,99.85,1.91,EIA/OPEC ASB 2025 + synthetic fill
2022,11,2022-11-01,Mexico,LAm,False,3.393,1.708,96.39,95.39,96.95,99.85,5.01,EIA/OPEC ASB 2025 + synthetic fill
2022,11,2022-11-01,Brazil,LAm,False,5.185,2.005,96.39,95.39,96.95,99.85,5.88,EIA/OPEC ASB 2025 + synthetic fill
2022,12,2022-12-01,Saudi Arabia,Gulf,True,9.684,8.358,98.83,96.47,97.36,99.51,25.12,EIA/OPEC ASB 2025 + synthetic fill
2022,12,2022-12-01,Russia,CIS,False,8.176,5.901,98.83,96.47,97.36,99.51,17.74,EIA/OPEC ASB 2025 + synthetic fill
2022,12,2022-12-01,United States,NAm,False,11.245,0.368,98.83,96.47,97.36,99.51,1.11,EIA/OPEC ASB 2025 + synthetic fill
2022,12,2022-12-01,Iraq,Gulf,True,4.946,4.076,98.83,96.47,97.36,99.51,12.25,EIA/OPEC ASB 2025 + synthetic fill
2022,12,2022-12-01,United Arab Emirates,Gulf,True,2.353,2.113,98.83,96.47,97.36,99.51,6.35,EIA/OPEC ASB 2025 + synthetic fill
2022,12,2022-12-01,Iran,Gulf,True,2.953,1.732,98.83,96.47,97.36,99.51,5.21,EIA/OPEC ASB 2025 + synthetic fill
2022,12,2022-12-01,Kuwait,Gulf,True,2.026,1.606,98.83,96.47,97.36,99.51,4.83,EIA/OPEC ASB 2025 + synthetic fill
2022,12,2022-12-01,Venezuela,LAm,True,1.203,1.057,98.83,96.47,97.36,99.51,3.18,EIA/OPEC ASB 2025 + synthetic fill
2022,12,2022-12-01,Nigeria,AFR,True,2.072,1.804,98.83,96.47,97.36,99.51,5.42,EIA/OPEC ASB 2025 + synthetic fill
2022,12,2022-12-01,Canada,NAm,False,6.158,4.597,98.83,96.47,97.36,99.51,13.82,EIA/OPEC ASB 2025 + synthetic fill
2022,12,2022-12-01,Norway,EUR,False,2.778,2.382,98.83,96.47,97.36,99.51,7.16,EIA/OPEC ASB 2025 + synthetic fill
2022,12,2022-12-01,Kazakhstan,CIS,False,1.002,0.749,98.83,96.47,97.36,99.51,2.25,EIA/OPEC ASB 2025 + synthetic fill
2022,12,2022-12-01,Libya,AFR,True,1.221,0.975,98.83,96.47,97.36,99.51,2.93,EIA/OPEC ASB 2025 + synthetic fill
2022,12,2022-12-01,Qatar,Gulf,True,0.724,0.559,98.83,96.47,97.36,99.51,1.68,EIA/OPEC ASB 2025 + synthetic fill
2022,12,2022-12-01,Algeria,AFR,True,1.223,0.866,98.83,96.47,97.36,99.51,2.6,EIA/OPEC ASB 2025 + synthetic fill
2022,12,2022-12-01,Angola,AFR,True,0.742,0.635,98.83,96.47,97.36,99.51,1.91,EIA/OPEC ASB 2025 + synthetic fill
2022,12,2022-12-01,Mexico,LAm,False,3.483,1.896,98.83,96.47,97.36,99.51,5.7,EIA/OPEC ASB 2025 + synthetic fill
2022,12,2022-12-01,Brazil,LAm,False,5.345,1.979,98.83,96.47,97.36,99.51,5.95,EIA/OPEC ASB 2025 + synthetic fill
2023,1,2023-01-01,Saudi Arabia,Gulf,True,9.758,7.926,80.08,76.67,78.67,102.62,19.31,EIA/OPEC ASB 2025 + synthetic fill
2023,1,2023-01-01,Russia,CIS,False,8.462,5.844,80.08,76.67,78.67,102.62,14.23,EIA/OPEC ASB 2025 + synthetic fill
2023,1,2023-01-01,United States,NAm,False,10.905,0.387,80.08,76.67,78.67,102.62,0.94,EIA/OPEC ASB 2025 + synthetic fill
2023,1,2023-01-01,Iraq,Gulf,True,4.85,4.307,80.08,76.67,78.67,102.62,10.49,EIA/OPEC ASB 2025 + synthetic fill
2023,1,2023-01-01,United Arab Emirates,Gulf,True,2.342,2.178,80.08,76.67,78.67,102.62,5.31,EIA/OPEC ASB 2025 + synthetic fill
2023,1,2023-01-01,Iran,Gulf,True,2.866,1.648,80.08,76.67,78.67,102.62,4.01,EIA/OPEC ASB 2025 + synthetic fill
2023,1,2023-01-01,Kuwait,Gulf,True,2.036,1.75,80.08,76.67,78.67,102.62,4.26,EIA/OPEC ASB 2025 + synthetic fill
2023,1,2023-01-01,Venezuela,LAm,True,1.228,0.97,80.08,76.67,78.67,102.62,2.36,EIA/OPEC ASB 2025 + synthetic fill
2023,1,2023-01-01,Nigeria,AFR,True,2.133,1.798,80.08,76.67,78.67,102.62,4.38,EIA/OPEC ASB 2025 + synthetic fill
2023,1,2023-01-01,Canada,NAm,False,5.897,3.935,80.08,76.67,78.67,102.62,9.58,EIA/OPEC ASB 2025 + synthetic fill
2023,1,2023-01-01,Norway,EUR,False,2.798,2.334,80.08,76.67,78.67,102.62,5.69,EIA/OPEC ASB 2025 + synthetic fill
2023,1,2023-01-01,Kazakhstan,CIS,False,1.012,0.786,80.08,76.67,78.67,102.62,1.91,EIA/OPEC ASB 2025 + synthetic fill
2023,1,2023-01-01,Libya,AFR,True,1.22,1.01,80.08,76.67,78.67,102.62,2.46,EIA/OPEC ASB 2025 + synthetic fill
2023,1,2023-01-01,Qatar,Gulf,True,0.732,0.566,80.08,76.67,78.67,102.62,1.38,EIA/OPEC ASB 2025 + synthetic fill
2023,1,2023-01-01,Algeria,AFR,True,1.233,0.884,80.08,76.67,78.67,102.62,2.15,EIA/OPEC ASB 2025 + synthetic fill
2023,1,2023-01-01,Angola,AFR,True,0.783,0.641,80.08,76.67,78.67,102.62,1.56,EIA/OPEC ASB 2025 + synthetic fill
2023,1,2023-01-01,Mexico,LAm,False,3.39,1.733,80.08,76.67,78.67,102.62,4.22,EIA/OPEC ASB 2025 + synthetic fill
2023,1,2023-01-01,Brazil,LAm,False,5.415,2.102,80.08,76.67,78.67,102.62,5.12,EIA/OPEC ASB 2025 + synthetic fill
2023,2,2023-02-01,Saudi Arabia,Gulf,True,9.971,7.663,78.69,77.54,77.47,102.04,18.34,EIA/OPEC ASB 2025 + synthetic fill
2023,2,2023-02-01,Russia,CIS,False,8.488,6.195,78.69,77.54,77.47,102.04,14.83,EIA/OPEC ASB 2025 + synthetic fill
2023,2,2023-02-01,United States,NAm,False,11.002,0.364,78.69,77.54,77.47,102.04,0.87,EIA/OPEC ASB 2025 + synthetic fill
2023,2,2023-02-01,Iraq,Gulf,True,4.769,4.231,78.69,77.54,77.47,102.04,10.13,EIA/OPEC ASB 2025 + synthetic fill
2023,2,2023-02-01,United Arab Emirates,Gulf,True,2.383,2.262,78.69,77.54,77.47,102.04,5.41,EIA/OPEC ASB 2025 + synthetic fill
2023,2,2023-02-01,Iran,Gulf,True,2.845,1.803,78.69,77.54,77.47,102.04,4.32,EIA/OPEC ASB 2025 + synthetic fill
2023,2,2023-02-01,Kuwait,Gulf,True,2.093,1.766,78.69,77.54,77.47,102.04,4.23,EIA/OPEC ASB 2025 + synthetic fill
2023,2,2023-02-01,Venezuela,LAm,True,1.137,0.882,78.69,77.54,77.47,102.04,2.11,EIA/OPEC ASB 2025 + synthetic fill
2023,2,2023-02-01,Nigeria,AFR,True,2.079,1.883,78.69,77.54,77.47,102.04,4.51,EIA/OPEC ASB 2025 + synthetic fill
2023,2,2023-02-01,Canada,NAm,False,6.197,4.503,78.69,77.54,77.47,102.04,10.78,EIA/OPEC ASB 2025 + synthetic fill
2023,2,2023-02-01,Norway,EUR,False,2.855,2.547,78.69,77.54,77.47,102.04,6.1,EIA/OPEC ASB 2025 + synthetic fill
2023,2,2023-02-01,Kazakhstan,CIS,False,0.983,0.732,78.69,77.54,77.47,102.04,1.75,EIA/OPEC ASB 2025 + synthetic fill
2023,2,2023-02-01,Libya,AFR,True,1.228,1.042,78.69,77.54,77.47,102.04,2.49,EIA/OPEC ASB 2025 + synthetic fill
2023,2,2023-02-01,Qatar,Gulf,True,0.736,0.544,78.69,77.54,77.47,102.04,1.3,EIA/OPEC ASB 2025 + synthetic fill
2023,2,2023-02-01,Algeria,AFR,True,1.273,0.927,78.69,77.54,77.47,102.04,2.22,EIA/OPEC ASB 2025 + synthetic fill
2023,2,2023-02-01,Angola,AFR,True,0.746,0.675,78.69,77.54,77.47,102.04,1.62,EIA/OPEC ASB 2025 + synthetic fill
2023,2,2023-02-01,Mexico,LAm,False,3.447,1.709,78.69,77.54,77.47,102.04,4.09,EIA/OPEC ASB 2025 + synthetic fill
2023,2,2023-02-01,Brazil,LAm,False,5.288,1.926,78.69,77.54,77.47,102.04,4.61,EIA/OPEC ASB 2025 + synthetic fill
2023,3,2023-03-01,Saudi Arabia,Gulf,True,9.97,7.984,82.31,79.25,80.75,102.45,19.99,EIA/OPEC ASB 2025 + synthetic fill
2023,3,2023-03-01,Russia,CIS,False,8.776,6.182,82.31,79.25,80.75,102.45,15.48,EIA/OPEC ASB 2025 + synthetic fill
2023,3,2023-03-01,United States,NAm,False,11.258,0.398,82.31,79.25,80.75,102.45,1.0,EIA/OPEC ASB 2025 + synthetic fill
2023,3,2023-03-01,Iraq,Gulf,True,4.724,4.083,82.31,79.25,80.75,102.45,10.22,EIA/OPEC ASB 2025 + synthetic fill
2023,3,2023-03-01,United Arab Emirates,Gulf,True,2.385,2.196,82.31,79.25,80.75,102.45,5.5,EIA/OPEC ASB 2025 + synthetic fill
2023,3,2023-03-01,Iran,Gulf,True,3.017,1.931,82.31,79.25,80.75,102.45,4.83,EIA/OPEC ASB 2025 + synthetic fill
2023,3,2023-03-01,Kuwait,Gulf,True,2.082,1.744,82.31,79.25,80.75,102.45,4.37,EIA/OPEC ASB 2025 + synthetic fill
2023,3,2023-03-01,Venezuela,LAm,True,1.154,0.887,82.31,79.25,80.75,102.45,2.22,EIA/OPEC ASB 2025 + synthetic fill
2023,3,2023-03-01,Nigeria,AFR,True,2.076,1.704,82.31,79.25,80.75,102.45,4.27,EIA/OPEC ASB 2025 + synthetic fill
2023,3,2023-03-01,Canada,NAm,False,6.187,4.472,82.31,79.25,80.75,102.45,11.2,EIA/OPEC ASB 2025 + synthetic fill
2023,3,2023-03-01,Norway,EUR,False,2.864,2.298,82.31,79.25,80.75,102.45,5.75,EIA/OPEC ASB 2025 + synthetic fill
2023,3,2023-03-01,Kazakhstan,CIS,False,0.997,0.736,82.31,79.25,80.75,102.45,1.84,EIA/OPEC ASB 2025 + synthetic fill
2023,3,2023-03-01,Libya,AFR,True,1.178,0.98,82.31,79.25,80.75,102.45,2.45,EIA/OPEC ASB 2025 + synthetic fill
2023,3,2023-03-01,Qatar,Gulf,True,0.756,0.617,82.31,79.25,80.75,102.45,1.54,EIA/OPEC ASB 2025 + synthetic fill
2023,3,2023-03-01,Algeria,AFR,True,1.269,0.922,82.31,79.25,80.75,102.45,2.31,EIA/OPEC ASB 2025 + synthetic fill
2023,3,2023-03-01,Angola,AFR,True,0.728,0.609,82.31,79.25,80.75,102.45,1.52,EIA/OPEC ASB 2025 + synthetic fill
2023,3,2023-03-01,Mexico,LAm,False,3.25,1.586,82.31,79.25,80.75,102.45,3.97,EIA/OPEC ASB 2025 + synthetic fill
2023,3,2023-03-01,Brazil,LAm,False,5.628,2.095,82.31,79.25,80.75,102.45,5.25,EIA/OPEC ASB 2025 + synthetic fill
2023,4,2023-04-01,Saudi Arabia,Gulf,True,10.028,8.376,81.71,78.86,80.48,102.47,20.82,EIA/OPEC ASB 2025 + synthetic fill
2023,4,2023-04-01,Russia,CIS,False,8.715,5.95,81.71,78.86,80.48,102.47,14.79,EIA/OPEC ASB 2025 + synthetic fill
2023,4,2023-04-01,United States,NAm,False,11.814,0.43,81.71,78.86,80.48,102.47,1.07,EIA/OPEC ASB 2025 + synthetic fill
2023,4,2023-04-01,Iraq,Gulf,True,4.891,4.143,81.71,78.86,80.48,102.47,10.3,EIA/OPEC ASB 2025 + synthetic fill
2023,4,2023-04-01,United Arab Emirates,Gulf,True,2.349,2.044,81.71,78.86,80.48,102.47,5.08,EIA/OPEC ASB 2025 + synthetic fill
2023,4,2023-04-01,Iran,Gulf,True,2.9,1.875,81.71,78.86,80.48,102.47,4.66,EIA/OPEC ASB 2025 + synthetic fill
2023,4,2023-04-01,Kuwait,Gulf,True,2.07,1.711,81.71,78.86,80.48,102.47,4.25,EIA/OPEC ASB 2025 + synthetic fill
2023,4,2023-04-01,Venezuela,LAm,True,1.195,1.01,81.71,78.86,80.48,102.47,2.51,EIA/OPEC ASB 2025 + synthetic fill
2023,4,2023-04-01,Nigeria,AFR,True,2.172,1.756,81.71,78.86,80.48,102.47,4.36,EIA/OPEC ASB 2025 + synthetic fill
2023,4,2023-04-01,Canada,NAm,False,6.196,4.324,81.71,78.86,80.48,102.47,10.75,EIA/OPEC ASB 2025 + synthetic fill
2023,4,2023-04-01,Norway,EUR,False,2.592,2.019,81.71,78.86,80.48,102.47,5.02,EIA/OPEC ASB 2025 + synthetic fill
2023,4,2023-04-01,Kazakhstan,CIS,False,1.035,0.875,81.71,78.86,80.48,102.47,2.17,EIA/OPEC ASB 2025 + synthetic fill
2023,4,2023-04-01,Libya,AFR,True,1.149,0.949,81.71,78.86,80.48,102.47,2.36,EIA/OPEC ASB 2025 + synthetic fill
2023,4,2023-04-01,Qatar,Gulf,True,0.742,0.623,81.71,78.86,80.48,102.47,1.55,EIA/OPEC ASB 2025 + synthetic fill
2023,4,2023-04-01,Algeria,AFR,True,1.279,0.957,81.71,78.86,80.48,102.47,2.38,EIA/OPEC ASB 2025 + synthetic fill
2023,4,2023-04-01,Angola,AFR,True,0.769,0.622,81.71,78.86,80.48,102.47,1.55,EIA/OPEC ASB 2025 + synthetic fill
2023,4,2023-04-01,Mexico,LAm,False,3.452,1.827,81.71,78.86,80.48,102.47,4.54,EIA/OPEC ASB 2025 + synthetic fill
2023,4,2023-04-01,Brazil,LAm,False,5.859,2.13,81.71,78.86,80.48,102.47,5.29,EIA/OPEC ASB 2025 + synthetic fill
2023,5,2023-05-01,Saudi Arabia,Gulf,True,9.57,7.712,87.76,83.82,87.56,102.64,20.59,EIA/OPEC ASB 2025 + synthetic fill
2023,5,2023-05-01,Russia,CIS,False,8.59,6.16,87.76,83.82,87.56,102.64,16.44,EIA/OPEC ASB 2025 + synthetic fill
2023,5,2023-05-01,United States,NAm,False,11.197,0.361,87.76,83.82,87.56,102.64,0.96,EIA/OPEC ASB 2025 + synthetic fill
2023,5,2023-05-01,Iraq,Gulf,True,4.937,4.329,87.76,83.82,87.56,102.64,11.56,EIA/OPEC ASB 2025 + synthetic fill
2023,5,2023-05-01,United Arab Emirates,Gulf,True,2.498,2.209,87.76,83.82,87.56,102.64,5.9,EIA/OPEC ASB 2025 + synthetic fill
2023,5,2023-05-01,Iran,Gulf,True,2.909,1.769,87.76,83.82,87.56,102.64,4.72,EIA/OPEC ASB 2025 + synthetic fill
2023,5,2023-05-01,Kuwait,Gulf,True,2.019,1.712,87.76,83.82,87.56,102.64,4.57,EIA/OPEC ASB 2025 + synthetic fill
2023,5,2023-05-01,Venezuela,LAm,True,1.217,0.999,87.76,83.82,87.56,102.64,2.67,EIA/OPEC ASB 2025 + synthetic fill
2023,5,2023-05-01,Nigeria,AFR,True,2.126,1.912,87.76,83.82,87.56,102.64,5.1,EIA/OPEC ASB 2025 + synthetic fill
2023,5,2023-05-01,Canada,NAm,False,6.017,4.093,87.76,83.82,87.56,102.64,10.93,EIA/OPEC ASB 2025 + synthetic fill
2023,5,2023-05-01,Norway,EUR,False,2.781,2.268,87.76,83.82,87.56,102.64,6.05,EIA/OPEC ASB 2025 + synthetic fill
2023,5,2023-05-01,Kazakhstan,CIS,False,1.03,0.812,87.76,83.82,87.56,102.64,2.17,EIA/OPEC ASB 2025 + synthetic fill
2023,5,2023-05-01,Libya,AFR,True,1.21,1.021,87.76,83.82,87.56,102.64,2.73,EIA/OPEC ASB 2025 + synthetic fill
2023,5,2023-05-01,Qatar,Gulf,True,0.786,0.636,87.76,83.82,87.56,102.64,1.7,EIA/OPEC ASB 2025 + synthetic fill
2023,5,2023-05-01,Algeria,AFR,True,1.282,0.931,87.76,83.82,87.56,102.64,2.49,EIA/OPEC ASB 2025 + synthetic fill
2023,5,2023-05-01,Angola,AFR,True,0.747,0.652,87.76,83.82,87.56,102.64,1.74,EIA/OPEC ASB 2025 + synthetic fill
2023,5,2023-05-01,Mexico,LAm,False,3.476,1.95,87.76,83.82,87.56,102.64,5.21,EIA/OPEC ASB 2025 + synthetic fill
2023,5,2023-05-01,Brazil,LAm,False,5.605,2.164,87.76,83.82,87.56,102.64,5.78,EIA/OPEC ASB 2025 + synthetic fill
2023,6,2023-06-01,Saudi Arabia,Gulf,True,9.645,7.409,84.11,81.81,84.36,101.48,18.95,EIA/OPEC ASB 2025 + synthetic fill
2023,6,2023-06-01,Russia,CIS,False,8.3,5.762,84.11,81.81,84.36,101.48,14.74,EIA/OPEC ASB 2025 + synthetic fill
2023,6,2023-06-01,United States,NAm,False,11.32,0.395,84.11,81.81,84.36,101.48,1.01,EIA/OPEC ASB 2025 + synthetic fill
2023,6,2023-06-01,Iraq,Gulf,True,4.573,3.831,84.11,81.81,84.36,101.48,9.8,EIA/OPEC ASB 2025 + synthetic fill
2023,6,2023-06-01,United Arab Emirates,Gulf,True,2.476,2.139,84.11,81.81,84.36,101.48,5.47,EIA/OPEC ASB 2025 + synthetic fill
2023,6,2023-06-01,Iran,Gulf,True,2.846,1.69,84.11,81.81,84.36,101.48,4.32,EIA/OPEC ASB 2025 + synthetic fill
2023,6,2023-06-01,Kuwait,Gulf,True,2.123,1.913,84.11,81.81,84.36,101.48,4.89,EIA/OPEC ASB 2025 + synthetic fill
2023,6,2023-06-01,Venezuela,LAm,True,1.169,1.022,84.11,81.81,84.36,101.48,2.61,EIA/OPEC ASB 2025 + synthetic fill
2023,6,2023-06-01,Nigeria,AFR,True,2.081,1.864,84.11,81.81,84.36,101.48,4.77,EIA/OPEC ASB 2025 + synthetic fill
2023,6,2023-06-01,Canada,NAm,False,6.292,4.299,84.11,81.81,84.36,101.48,11.0,EIA/OPEC ASB 2025 + synthetic fill
2023,6,2023-06-01,Norway,EUR,False,2.75,2.331,84.11,81.81,84.36,101.48,5.96,EIA/OPEC ASB 2025 + synthetic fill
2023,6,2023-06-01,Kazakhstan,CIS,False,1.005,0.851,84.11,81.81,84.36,101.48,2.18,EIA/OPEC ASB 2025 + synthetic fill
2023,6,2023-06-01,Libya,AFR,True,1.202,1.031,84.11,81.81,84.36,101.48,2.64,EIA/OPEC ASB 2025 + synthetic fill
2023,6,2023-06-01,Qatar,Gulf,True,0.702,0.525,84.11,81.81,84.36,101.48,1.34,EIA/OPEC ASB 2025 + synthetic fill
2023,6,2023-06-01,Algeria,AFR,True,1.228,0.927,84.11,81.81,84.36,101.48,2.37,EIA/OPEC ASB 2025 + synthetic fill
2023,6,2023-06-01,Angola,AFR,True,0.74,0.604,84.11,81.81,84.36,101.48,1.55,EIA/OPEC ASB 2025 + synthetic fill
2023,6,2023-06-01,Mexico,LAm,False,3.188,1.554,84.11,81.81,84.36,101.48,3.98,EIA/OPEC ASB 2025 + synthetic fill
2023,6,2023-06-01,Brazil,LAm,False,5.559,1.977,84.11,81.81,84.36,101.48,5.06,EIA/OPEC ASB 2025 + synthetic fill
2023,7,2023-07-01,Saudi Arabia,Gulf,True,10.113,7.965,81.73,76.75,80.14,101.66,19.8,EIA/OPEC ASB 2025 + synthetic fill
2023,7,2023-07-01,Russia,CIS,False,8.493,6.189,81.73,76.75,80.14,101.66,15.39,EIA/OPEC ASB 2025 + synthetic fill
2023,7,2023-07-01,United States,NAm,False,11.74,0.409,81.73,76.75,80.14,101.66,1.02,EIA/OPEC ASB 2025 + synthetic fill
2023,7,2023-07-01,Iraq,Gulf,True,4.956,4.141,81.73,76.75,80.14,101.66,10.29,EIA/OPEC ASB 2025 + synthetic fill
2023,7,2023-07-01,United Arab Emirates,Gulf,True,2.468,2.311,81.73,76.75,80.14,101.66,5.75,EIA/OPEC ASB 2025 + synthetic fill
2023,7,2023-07-01,Iran,Gulf,True,2.983,1.752,81.73,76.75,80.14,101.66,4.36,EIA/OPEC ASB 2025 + synthetic fill
2023,7,2023-07-01,Kuwait,Gulf,True,2.022,1.781,81.73,76.75,80.14,101.66,4.43,EIA/OPEC ASB 2025 + synthetic fill
2023,7,2023-07-01,Venezuela,LAm,True,1.218,0.985,81.73,76.75,80.14,101.66,2.45,EIA/OPEC ASB 2025 + synthetic fill
2023,7,2023-07-01,Nigeria,AFR,True,2.087,1.808,81.73,76.75,80.14,101.66,4.49,EIA/OPEC ASB 2025 + synthetic fill
2023,7,2023-07-01,Canada,NAm,False,6.006,4.238,81.73,76.75,80.14,101.66,10.54,EIA/OPEC ASB 2025 + synthetic fill
2023,7,2023-07-01,Norway,EUR,False,2.828,2.283,81.73,76.75,80.14,101.66,5.68,EIA/OPEC ASB 2025 + synthetic fill
2023,7,2023-07-01,Kazakhstan,CIS,False,1.01,0.837,81.73,76.75,80.14,101.66,2.08,EIA/OPEC ASB 2025 + synthetic fill
2023,7,2023-07-01,Libya,AFR,True,1.178,0.963,81.73,76.75,80.14,101.66,2.39,EIA/OPEC ASB 2025 + synthetic fill
2023,7,2023-07-01,Qatar,Gulf,True,0.741,0.58,81.73,76.75,80.14,101.66,1.44,EIA/OPEC ASB 2025 + synthetic fill
2023,7,2023-07-01,Algeria,AFR,True,1.213,0.901,81.73,76.75,80.14,101.66,2.24,EIA/OPEC ASB 2025 + synthetic fill
2023,7,2023-07-01,Angola,AFR,True,0.785,0.646,81.73,76.75,80.14,101.66,1.61,EIA/OPEC ASB 2025 + synthetic fill
2023,7,2023-07-01,Mexico,LAm,False,3.5,1.724,81.73,76.75,80.14,101.66,4.29,EIA/OPEC ASB 2025 + synthetic fill
2023,7,2023-07-01,Brazil,LAm,False,5.605,2.255,81.73,76.75,80.14,101.66,5.61,EIA/OPEC ASB 2025 + synthetic fill
2023,8,2023-08-01,Saudi Arabia,Gulf,True,9.456,7.927,81.28,79.24,81.39,102.21,19.6,EIA/OPEC ASB 2025 + synthetic fill
2023,8,2023-08-01,Russia,CIS,False,8.526,6.087,81.28,79.24,81.39,102.21,15.05,EIA/OPEC ASB 2025 + synthetic fill
2023,8,2023-08-01,United States,NAm,False,11.018,0.357,81.28,79.24,81.39,102.21,0.88,EIA/OPEC ASB 2025 + synthetic fill
2023,8,2023-08-01,Iraq,Gulf,True,4.688,3.782,81.28,79.24,81.39,102.21,9.35,EIA/OPEC ASB 2025 + synthetic fill
2023,8,2023-08-01,United Arab Emirates,Gulf,True,2.41,2.145,81.28,79.24,81.39,102.21,5.3,EIA/OPEC ASB 2025 + synthetic fill
2023,8,2023-08-01,Iran,Gulf,True,3.056,1.794,81.28,79.24,81.39,102.21,4.44,EIA/OPEC ASB 2025 + synthetic fill
2023,8,2023-08-01,Kuwait,Gulf,True,2.129,1.841,81.28,79.24,81.39,102.21,4.55,EIA/OPEC ASB 2025 + synthetic fill
2023,8,2023-08-01,Venezuela,LAm,True,1.182,0.972,81.28,79.24,81.39,102.21,2.4,EIA/OPEC ASB 2025 + synthetic fill
2023,8,2023-08-01,Nigeria,AFR,True,2.059,1.807,81.28,79.24,81.39,102.21,4.47,EIA/OPEC ASB 2025 + synthetic fill
2023,8,2023-08-01,Canada,NAm,False,6.246,4.575,81.28,79.24,81.39,102.21,11.31,EIA/OPEC ASB 2025 + synthetic fill
2023,8,2023-08-01,Norway,EUR,False,2.834,2.329,81.28,79.24,81.39,102.21,5.76,EIA/OPEC ASB 2025 + synthetic fill
2023,8,2023-08-01,Kazakhstan,CIS,False,1.017,0.821,81.28,79.24,81.39,102.21,2.03,EIA/OPEC ASB 2025 + synthetic fill
2023,8,2023-08-01,Libya,AFR,True,1.196,0.998,81.28,79.24,81.39,102.21,2.47,EIA/OPEC ASB 2025 + synthetic fill
2023,8,2023-08-01,Qatar,Gulf,True,0.752,0.603,81.28,79.24,81.39,102.21,1.49,EIA/OPEC ASB 2025 + synthetic fill
2023,8,2023-08-01,Algeria,AFR,True,1.247,0.92,81.28,79.24,81.39,102.21,2.27,EIA/OPEC ASB 2025 + synthetic fill
2023,8,2023-08-01,Angola,AFR,True,0.78,0.716,81.28,79.24,81.39,102.21,1.77,EIA/OPEC ASB 2025 + synthetic fill
2023,8,2023-08-01,Mexico,LAm,False,3.302,1.65,81.28,79.24,81.39,102.21,4.08,EIA/OPEC ASB 2025 + synthetic fill
2023,8,2023-08-01,Brazil,LAm,False,5.615,2.091,81.28,79.24,81.39,102.21,5.17,EIA/OPEC ASB 2025 + synthetic fill
2023,9,2023-09-01,Saudi Arabia,Gulf,True,10.034,7.798,86.1,83.84,85.98,102.69,20.42,EIA/OPEC ASB 2025 + synthetic fill
2023,9,2023-09-01,Russia,CIS,False,8.219,5.833,86.1,83.84,85.98,102.69,15.28,EIA/OPEC ASB 2025 + synthetic fill
2023,9,2023-09-01,United States,NAm,False,11.731,0.373,86.1,83.84,85.98,102.69,0.98,EIA/OPEC ASB 2025 + synthetic fill
2023,9,2023-09-01,Iraq,Gulf,True,5.02,4.438,86.1,83.84,85.98,102.69,11.62,EIA/OPEC ASB 2025 + synthetic fill
2023,9,2023-09-01,United Arab Emirates,Gulf,True,2.372,2.069,86.1,83.84,85.98,102.69,5.42,EIA/OPEC ASB 2025 + synthetic fill
2023,9,2023-09-01,Iran,Gulf,True,3.054,1.79,86.1,83.84,85.98,102.69,4.69,EIA/OPEC ASB 2025 + synthetic fill
2023,9,2023-09-01,Kuwait,Gulf,True,2.116,1.834,86.1,83.84,85.98,102.69,4.8,EIA/OPEC ASB 2025 + synthetic fill
2023,9,2023-09-01,Venezuela,LAm,True,1.138,0.92,86.1,83.84,85.98,102.69,2.41,EIA/OPEC ASB 2025 + synthetic fill
2023,9,2023-09-01,Nigeria,AFR,True,1.988,1.784,86.1,83.84,85.98,102.69,4.67,EIA/OPEC ASB 2025 + synthetic fill
2023,9,2023-09-01,Canada,NAm,False,6.295,4.703,86.1,83.84,85.98,102.69,12.32,EIA/OPEC ASB 2025 + synthetic fill
2023,9,2023-09-01,Norway,EUR,False,2.867,2.403,86.1,83.84,85.98,102.69,6.29,EIA/OPEC ASB 2025 + synthetic fill
2023,9,2023-09-01,Kazakhstan,CIS,False,0.964,0.734,86.1,83.84,85.98,102.69,1.92,EIA/OPEC ASB 2025 + synthetic fill
2023,9,2023-09-01,Libya,AFR,True,1.188,1.005,86.1,83.84,85.98,102.69,2.63,EIA/OPEC ASB 2025 + synthetic fill
2023,9,2023-09-01,Qatar,Gulf,True,0.776,0.58,86.1,83.84,85.98,102.69,1.52,EIA/OPEC ASB 2025 + synthetic fill
2023,9,2023-09-01,Algeria,AFR,True,1.244,0.893,86.1,83.84,85.98,102.69,2.34,EIA/OPEC ASB 2025 + synthetic fill
2023,9,2023-09-01,Angola,AFR,True,0.756,0.652,86.1,83.84,85.98,102.69,1.71,EIA/OPEC ASB 2025 + synthetic fill
2023,9,2023-09-01,Mexico,LAm,False,3.391,1.896,86.1,83.84,85.98,102.69,4.97,EIA/OPEC ASB 2025 + synthetic fill
2023,9,2023-09-01,Brazil,LAm,False,5.245,1.872,86.1,83.84,85.98,102.69,4.9,EIA/OPEC ASB 2025 + synthetic fill
2023,10,2023-10-01,Saudi Arabia,Gulf,True,9.696,7.62,78.97,76.95,77.75,102.11,18.3,EIA/OPEC ASB 2025 + synthetic fill
2023,10,2023-10-01,Russia,CIS,False,8.117,5.894,78.97,76.95,77.75,102.11,14.16,EIA/OPEC ASB 2025 + synthetic fill
2023,10,2023-10-01,United States,NAm,False,11.412,0.396,78.97,76.95,77.75,102.11,0.95,EIA/OPEC ASB 2025 + synthetic fill
2023,10,2023-10-01,Iraq,Gulf,True,4.791,4.013,78.97,76.95,77.75,102.11,9.64,EIA/OPEC ASB 2025 + synthetic fill
2023,10,2023-10-01,United Arab Emirates,Gulf,True,2.433,2.311,78.97,76.95,77.75,102.11,5.55,EIA/OPEC ASB 2025 + synthetic fill
2023,10,2023-10-01,Iran,Gulf,True,3.042,1.727,78.97,76.95,77.75,102.11,4.15,EIA/OPEC ASB 2025 + synthetic fill
2023,10,2023-10-01,Kuwait,Gulf,True,2.152,1.713,78.97,76.95,77.75,102.11,4.11,EIA/OPEC ASB 2025 + synthetic fill
2023,10,2023-10-01,Venezuela,LAm,True,1.172,0.93,78.97,76.95,77.75,102.11,2.23,EIA/OPEC ASB 2025 + synthetic fill
2023,10,2023-10-01,Nigeria,AFR,True,2.041,1.723,78.97,76.95,77.75,102.11,4.14,EIA/OPEC ASB 2025 + synthetic fill
2023,10,2023-10-01,Canada,NAm,False,6.114,4.381,78.97,76.95,77.75,102.11,10.52,EIA/OPEC ASB 2025 + synthetic fill
2023,10,2023-10-01,Norway,EUR,False,2.809,2.391,78.97,76.95,77.75,102.11,5.74,EIA/OPEC ASB 2025 + synthetic fill
2023,10,2023-10-01,Kazakhstan,CIS,False,0.979,0.742,78.97,76.95,77.75,102.11,1.78,EIA/OPEC ASB 2025 + synthetic fill
2023,10,2023-10-01,Libya,AFR,True,1.183,0.972,78.97,76.95,77.75,102.11,2.33,EIA/OPEC ASB 2025 + synthetic fill
2023,10,2023-10-01,Qatar,Gulf,True,0.755,0.602,78.97,76.95,77.75,102.11,1.45,EIA/OPEC ASB 2025 + synthetic fill
2023,10,2023-10-01,Algeria,AFR,True,1.258,0.905,78.97,76.95,77.75,102.11,2.17,EIA/OPEC ASB 2025 + synthetic fill
2023,10,2023-10-01,Angola,AFR,True,0.771,0.669,78.97,76.95,77.75,102.11,1.61,EIA/OPEC ASB 2025 + synthetic fill
2023,10,2023-10-01,Mexico,LAm,False,3.427,1.894,78.97,76.95,77.75,102.11,4.55,EIA/OPEC ASB 2025 + synthetic fill
2023,10,2023-10-01,Brazil,LAm,False,5.49,2.172,78.97,76.95,77.75,102.11,5.22,EIA/OPEC ASB 2025 + synthetic fill
2023,11,2023-11-01,Saudi Arabia,Gulf,True,10.222,8.453,82.37,78.91,82.0,102.71,21.18,EIA/OPEC ASB 2025 + synthetic fill
2023,11,2023-11-01,Russia,CIS,False,8.401,5.934,82.37,78.91,82.0,102.71,14.87,EIA/OPEC ASB 2025 + synthetic fill
2023,11,2023-11-01,United States,NAm,False,11.68,0.4,82.37,78.91,82.0,102.71,1.0,EIA/OPEC ASB 2025 + synthetic fill
2023,11,2023-11-01,Iraq,Gulf,True,4.898,4.333,82.37,78.91,82.0,102.71,10.86,EIA/OPEC ASB 2025 + synthetic fill
2023,11,2023-11-01,United Arab Emirates,Gulf,True,2.363,2.068,82.37,78.91,82.0,102.71,5.18,EIA/OPEC ASB 2025 + synthetic fill
2023,11,2023-11-01,Iran,Gulf,True,3.175,1.86,82.37,78.91,82.0,102.71,4.66,EIA/OPEC ASB 2025 + synthetic fill
2023,11,2023-11-01,Kuwait,Gulf,True,2.058,1.732,82.37,78.91,82.0,102.71,4.34,EIA/OPEC ASB 2025 + synthetic fill
2023,11,2023-11-01,Venezuela,LAm,True,1.185,1.044,82.37,78.91,82.0,102.71,2.62,EIA/OPEC ASB 2025 + synthetic fill
2023,11,2023-11-01,Nigeria,AFR,True,2.157,1.784,82.37,78.91,82.0,102.71,4.47,EIA/OPEC ASB 2025 + synthetic fill
2023,11,2023-11-01,Canada,NAm,False,6.169,4.692,82.37,78.91,82.0,102.71,11.76,EIA/OPEC ASB 2025 + synthetic fill
2023,11,2023-11-01,Norway,EUR,False,2.755,2.16,82.37,78.91,82.0,102.71,5.41,EIA/OPEC ASB 2025 + synthetic fill
2023,11,2023-11-01,Kazakhstan,CIS,False,1.003,0.787,82.37,78.91,82.0,102.71,1.97,EIA/OPEC ASB 2025 + synthetic fill
2023,11,2023-11-01,Libya,AFR,True,1.15,0.979,82.37,78.91,82.0,102.71,2.45,EIA/OPEC ASB 2025 + synthetic fill
2023,11,2023-11-01,Qatar,Gulf,True,0.79,0.638,82.37,78.91,82.0,102.71,1.6,EIA/OPEC ASB 2025 + synthetic fill
2023,11,2023-11-01,Algeria,AFR,True,1.231,0.912,82.37,78.91,82.0,102.71,2.28,EIA/OPEC ASB 2025 + synthetic fill
2023,11,2023-11-01,Angola,AFR,True,0.747,0.665,82.37,78.91,82.0,102.71,1.67,EIA/OPEC ASB 2025 + synthetic fill
2023,11,2023-11-01,Mexico,LAm,False,3.423,1.748,82.37,78.91,82.0,102.71,4.38,EIA/OPEC ASB 2025 + synthetic fill
2023,11,2023-11-01,Brazil,LAm,False,5.717,2.186,82.37,78.91,82.0,102.71,5.48,EIA/OPEC ASB 2025 + synthetic fill
2023,12,2023-12-01,Saudi Arabia,Gulf,True,9.873,8.353,82.22,78.78,81.51,102.35,20.89,EIA/OPEC ASB 2025 + synthetic fill
2023,12,2023-12-01,Russia,CIS,False,8.501,6.254,82.22,78.78,81.51,102.35,15.64,EIA/OPEC ASB 2025 + synthetic fill
2023,12,2023-12-01,United States,NAm,False,11.802,0.383,82.22,78.78,81.51,102.35,0.96,EIA/OPEC ASB 2025 + synthetic fill
2023,12,2023-12-01,Iraq,Gulf,True,4.63,4.099,82.22,78.78,81.51,102.35,10.25,EIA/OPEC ASB 2025 + synthetic fill
2023,12,2023-12-01,United Arab Emirates,Gulf,True,2.487,2.349,82.22,78.78,81.51,102.35,5.87,EIA/OPEC ASB 2025 + synthetic fill
2023,12,2023-12-01,Iran,Gulf,True,3.032,1.907,82.22,78.78,81.51,102.35,4.77,EIA/OPEC ASB 2025 + synthetic fill
2023,12,2023-12-01,Kuwait,Gulf,True,2.085,1.762,82.22,78.78,81.51,102.35,4.41,EIA/OPEC ASB 2025 + synthetic fill
2023,12,2023-12-01,Venezuela,LAm,True,1.267,1.098,82.22,78.78,81.51,102.35,2.75,EIA/OPEC ASB 2025 + synthetic fill
2023,12,2023-12-01,Nigeria,AFR,True,2.09,1.732,82.22,78.78,81.51,102.35,4.33,EIA/OPEC ASB 2025 + synthetic fill
2023,12,2023-12-01,Canada,NAm,False,6.322,4.413,82.22,78.78,81.51,102.35,11.04,EIA/OPEC ASB 2025 + synthetic fill
2023,12,2023-12-01,Norway,EUR,False,2.793,2.308,82.22,78.78,81.51,102.35,5.77,EIA/OPEC ASB 2025 + synthetic fill
2023,12,2023-12-01,Kazakhstan,CIS,False,0.973,0.759,82.22,78.78,81.51,102.35,1.9,EIA/OPEC ASB 2025 + synthetic fill
2023,12,2023-12-01,Libya,AFR,True,1.128,0.955,82.22,78.78,81.51,102.35,2.39,EIA/OPEC ASB 2025 + synthetic fill
2023,12,2023-12-01,Qatar,Gulf,True,0.766,0.647,82.22,78.78,81.51,102.35,1.62,EIA/OPEC ASB 2025 + synthetic fill
2023,12,2023-12-01,Algeria,AFR,True,1.216,0.925,82.22,78.78,81.51,102.35,2.31,EIA/OPEC ASB 2025 + synthetic fill
2023,12,2023-12-01,Angola,AFR,True,0.777,0.692,82.22,78.78,81.51,102.35,1.73,EIA/OPEC ASB 2025 + synthetic fill
2023,12,2023-12-01,Mexico,LAm,False,3.532,1.775,82.22,78.78,81.51,102.35,4.44,EIA/OPEC ASB 2025 + synthetic fill
2023,12,2023-12-01,Brazil,LAm,False,5.6,2.198,82.22,78.78,81.51,102.35,5.5,EIA/OPEC ASB 2025 + synthetic fill
2024,1,2024-01-01,Saudi Arabia,Gulf,True,9.632,7.519,76.98,74.69,75.61,102.88,17.61,EIA/OPEC ASB 2025 + synthetic fill
2024,1,2024-01-01,Russia,CIS,False,8.639,5.863,76.98,74.69,75.61,102.88,13.73,EIA/OPEC ASB 2025 + synthetic fill
2024,1,2024-01-01,United States,NAm,False,11.029,0.356,76.98,74.69,75.61,102.88,0.83,EIA/OPEC ASB 2025 + synthetic fill
2024,1,2024-01-01,Iraq,Gulf,True,4.746,3.803,76.98,74.69,75.61,102.88,8.9,EIA/OPEC ASB 2025 + synthetic fill
2024,1,2024-01-01,United Arab Emirates,Gulf,True,2.369,2.217,76.98,74.69,75.61,102.88,5.19,EIA/OPEC ASB 2025 + synthetic fill
2024,1,2024-01-01,Iran,Gulf,True,3.138,1.89,76.98,74.69,75.61,102.88,4.43,EIA/OPEC ASB 2025 + synthetic fill
2024,1,2024-01-01,Kuwait,Gulf,True,2.116,1.836,76.98,74.69,75.61,102.88,4.3,EIA/OPEC ASB 2025 + synthetic fill
2024,1,2024-01-01,Venezuela,LAm,True,1.198,1.015,76.98,74.69,75.61,102.88,2.38,EIA/OPEC ASB 2025 + synthetic fill
2024,1,2024-01-01,Nigeria,AFR,True,2.151,1.769,76.98,74.69,75.61,102.88,4.14,EIA/OPEC ASB 2025 + synthetic fill
2024,1,2024-01-01,Canada,NAm,False,6.152,4.451,76.98,74.69,75.61,102.88,10.42,EIA/OPEC ASB 2025 + synthetic fill
2024,1,2024-01-01,Norway,EUR,False,2.772,2.361,76.98,74.69,75.61,102.88,5.53,EIA/OPEC ASB 2025 + synthetic fill
2024,1,2024-01-01,Kazakhstan,CIS,False,1.008,0.773,76.98,74.69,75.61,102.88,1.81,EIA/OPEC ASB 2025 + synthetic fill
2024,1,2024-01-01,Libya,AFR,True,1.125,0.912,76.98,74.69,75.61,102.88,2.14,EIA/OPEC ASB 2025 + synthetic fill
2024,1,2024-01-01,Qatar,Gulf,True,0.781,0.587,76.98,74.69,75.61,102.88,1.37,EIA/OPEC ASB 2025 + synthetic fill
2024,1,2024-01-01,Algeria,AFR,True,1.25,0.926,76.98,74.69,75.61,102.88,2.17,EIA/OPEC ASB 2025 + synthetic fill
2024,1,2024-01-01,Angola,AFR,True,0.733,0.621,76.98,74.69,75.61,102.88,1.45,EIA/OPEC ASB 2025 + synthetic fill
2024,1,2024-01-01,Mexico,LAm,False,3.428,1.746,76.98,74.69,75.61,102.88,4.09,EIA/OPEC ASB 2025 + synthetic fill
2024,1,2024-01-01,Brazil,LAm,False,5.655,2.062,76.98,74.69,75.61,102.88,4.83,EIA/OPEC ASB 2025 + synthetic fill
2024,2,2024-02-01,Saudi Arabia,Gulf,True,9.776,7.735,80.79,77.5,79.5,102.72,19.01,EIA/OPEC ASB 2025 + synthetic fill
2024,2,2024-02-01,Russia,CIS,False,8.646,5.701,80.79,77.5,79.5,102.72,14.01,EIA/OPEC ASB 2025 + synthetic fill
2024,2,2024-02-01,United States,NAm,False,11.625,0.413,80.79,77.5,79.5,102.72,1.01,EIA/OPEC ASB 2025 + synthetic fill
2024,2,2024-02-01,Iraq,Gulf,True,4.706,4.031,80.79,77.5,79.5,102.72,9.91,EIA/OPEC ASB 2025 + synthetic fill
2024,2,2024-02-01,United Arab Emirates,Gulf,True,2.354,2.259,80.79,77.5,79.5,102.72,5.55,EIA/OPEC ASB 2025 + synthetic fill
2024,2,2024-02-01,Iran,Gulf,True,3.151,1.892,80.79,77.5,79.5,102.72,4.65,EIA/OPEC ASB 2025 + synthetic fill
2024,2,2024-02-01,Kuwait,Gulf,True,2.125,1.795,80.79,77.5,79.5,102.72,4.41,EIA/OPEC ASB 2025 + synthetic fill
2024,2,2024-02-01,Venezuela,LAm,True,1.182,0.97,80.79,77.5,79.5,102.72,2.38,EIA/OPEC ASB 2025 + synthetic fill
2024,2,2024-02-01,Nigeria,AFR,True,2.061,1.799,80.79,77.5,79.5,102.72,4.42,EIA/OPEC ASB 2025 + synthetic fill
2024,2,2024-02-01,Canada,NAm,False,6.458,4.444,80.79,77.5,79.5,102.72,10.92,EIA/OPEC ASB 2025 + synthetic fill
2024,2,2024-02-01,Norway,EUR,False,2.794,2.208,80.79,77.5,79.5,102.72,5.43,EIA/OPEC ASB 2025 + synthetic fill
2024,2,2024-02-01,Kazakhstan,CIS,False,0.995,0.778,80.79,77.5,79.5,102.72,1.91,EIA/OPEC ASB 2025 + synthetic fill
2024,2,2024-02-01,Libya,AFR,True,1.141,0.916,80.79,77.5,79.5,102.72,2.25,EIA/OPEC ASB 2025 + synthetic fill
2024,2,2024-02-01,Qatar,Gulf,True,0.763,0.607,80.79,77.5,79.5,102.72,1.49,EIA/OPEC ASB 2025 + synthetic fill
2024,2,2024-02-01,Algeria,AFR,True,1.282,0.851,80.79,77.5,79.5,102.72,2.09,EIA/OPEC ASB 2025 + synthetic fill
2024,2,2024-02-01,Angola,AFR,True,0.738,0.628,80.79,77.5,79.5,102.72,1.54,EIA/OPEC ASB 2025 + synthetic fill
2024,2,2024-02-01,Mexico,LAm,False,3.499,1.911,80.79,77.5,79.5,102.72,4.7,EIA/OPEC ASB 2025 + synthetic fill
2024,2,2024-02-01,Brazil,LAm,False,5.634,2.233,80.79,77.5,79.5,102.72,5.49,EIA/OPEC ASB 2025 + synthetic fill
2024,3,2024-03-01,Saudi Arabia,Gulf,True,9.209,7.806,75.82,72.28,74.62,102.62,18.0,EIA/OPEC ASB 2025 + synthetic fill
2024,3,2024-03-01,Russia,CIS,False,8.151,5.79,75.82,72.28,74.62,102.62,13.35,EIA/OPEC ASB 2025 + synthetic fill
2024,3,2024-03-01,United States,NAm,False,11.788,0.379,75.82,72.28,74.62,102.62,0.87,EIA/OPEC ASB 2025 + synthetic fill
2024,3,2024-03-01,Iraq,Gulf,True,4.531,3.993,75.82,72.28,74.62,102.62,9.21,EIA/OPEC ASB 2025 + synthetic fill
2024,3,2024-03-01,United Arab Emirates,Gulf,True,2.254,2.118,75.82,72.28,74.62,102.62,4.88,EIA/OPEC ASB 2025 + synthetic fill
2024,3,2024-03-01,Iran,Gulf,True,2.821,1.771,75.82,72.28,74.62,102.62,4.08,EIA/OPEC ASB 2025 + synthetic fill
2024,3,2024-03-01,Kuwait,Gulf,True,2.062,1.738,75.82,72.28,74.62,102.62,4.01,EIA/OPEC ASB 2025 + synthetic fill
2024,3,2024-03-01,Venezuela,LAm,True,1.2,1.043,75.82,72.28,74.62,102.62,2.41,EIA/OPEC ASB 2025 + synthetic fill
2024,3,2024-03-01,Nigeria,AFR,True,2.095,1.67,75.82,72.28,74.62,102.62,3.85,EIA/OPEC ASB 2025 + synthetic fill
2024,3,2024-03-01,Canada,NAm,False,6.032,4.39,75.82,72.28,74.62,102.62,10.12,EIA/OPEC ASB 2025 + synthetic fill
2024,3,2024-03-01,Norway,EUR,False,2.747,2.357,75.82,72.28,74.62,102.62,5.44,EIA/OPEC ASB 2025 + synthetic fill
2024,3,2024-03-01,Kazakhstan,CIS,False,1.026,0.849,75.82,72.28,74.62,102.62,1.96,EIA/OPEC ASB 2025 + synthetic fill
2024,3,2024-03-01,Libya,AFR,True,1.159,1.005,75.82,72.28,74.62,102.62,2.32,EIA/OPEC ASB 2025 + synthetic fill
2024,3,2024-03-01,Qatar,Gulf,True,0.752,0.554,75.82,72.28,74.62,102.62,1.28,EIA/OPEC ASB 2025 + synthetic fill
2024,3,2024-03-01,Algeria,AFR,True,1.253,0.858,75.82,72.28,74.62,102.62,1.98,EIA/OPEC ASB 2025 + synthetic fill
2024,3,2024-03-01,Angola,AFR,True,0.747,0.634,75.82,72.28,74.62,102.62,1.46,EIA/OPEC ASB 2025 + synthetic fill
2024,3,2024-03-01,Mexico,LAm,False,3.397,1.824,75.82,72.28,74.62,102.62,4.21,EIA/OPEC ASB 2025 + synthetic fill
2024,3,2024-03-01,Brazil,LAm,False,5.711,2.121,75.82,72.28,74.62,102.62,4.89,EIA/OPEC ASB 2025 + synthetic fill
2024,4,2024-04-01,Saudi Arabia,Gulf,True,9.529,8.172,76.68,72.6,75.96,102.72,19.06,EIA/OPEC ASB 2025 + synthetic fill
2024,4,2024-04-01,Russia,CIS,False,8.706,5.854,76.68,72.6,75.96,102.72,13.65,EIA/OPEC ASB 2025 + synthetic fill
2024,4,2024-04-01,United States,NAm,False,11.657,0.38,76.68,72.6,75.96,102.72,0.89,EIA/OPEC ASB 2025 + synthetic fill
2024,4,2024-04-01,Iraq,Gulf,True,4.67,3.623,76.68,72.6,75.96,102.72,8.45,EIA/OPEC ASB 2025 + synthetic fill
2024,4,2024-04-01,United Arab Emirates,Gulf,True,2.307,2.176,76.68,72.6,75.96,102.72,5.08,EIA/OPEC ASB 2025 + synthetic fill
2024,4,2024-04-01,Iran,Gulf,True,2.841,1.729,76.68,72.6,75.96,102.72,4.03,EIA/OPEC ASB 2025 + synthetic fill
2024,4,2024-04-01,Kuwait,Gulf,True,2.145,1.773,76.68,72.6,75.96,102.72,4.14,EIA/OPEC ASB 2025 + synthetic fill
2024,4,2024-04-01,Venezuela,LAm,True,1.178,0.935,76.68,72.6,75.96,102.72,2.18,EIA/OPEC ASB 2025 + synthetic fill
2024,4,2024-04-01,Nigeria,AFR,True,2.111,1.772,76.68,72.6,75.96,102.72,4.13,EIA/OPEC ASB 2025 + synthetic fill
2024,4,2024-04-01,Canada,NAm,False,6.391,4.408,76.68,72.6,75.96,102.72,10.28,EIA/OPEC ASB 2025 + synthetic fill
2024,4,2024-04-01,Norway,EUR,False,2.837,2.321,76.68,72.6,75.96,102.72,5.41,EIA/OPEC ASB 2025 + synthetic fill
2024,4,2024-04-01,Kazakhstan,CIS,False,0.993,0.746,76.68,72.6,75.96,102.72,1.74,EIA/OPEC ASB 2025 + synthetic fill
2024,4,2024-04-01,Libya,AFR,True,1.188,1.067,76.68,72.6,75.96,102.72,2.49,EIA/OPEC ASB 2025 + synthetic fill
2024,4,2024-04-01,Qatar,Gulf,True,0.738,0.574,76.68,72.6,75.96,102.72,1.34,EIA/OPEC ASB 2025 + synthetic fill
2024,4,2024-04-01,Algeria,AFR,True,1.202,0.886,76.68,72.6,75.96,102.72,2.07,EIA/OPEC ASB 2025 + synthetic fill
2024,4,2024-04-01,Angola,AFR,True,0.761,0.642,76.68,72.6,75.96,102.72,1.5,EIA/OPEC ASB 2025 + synthetic fill
2024,4,2024-04-01,Mexico,LAm,False,3.319,1.667,76.68,72.6,75.96,102.72,3.89,EIA/OPEC ASB 2025 + synthetic fill
2024,4,2024-04-01,Brazil,LAm,False,5.669,2.122,76.68,72.6,75.96,102.72,4.95,EIA/OPEC ASB 2025 + synthetic fill
2024,5,2024-05-01,Saudi Arabia,Gulf,True,9.84,8.314,82.72,81.02,80.98,102.48,20.92,EIA/OPEC ASB 2025 + synthetic fill
2024,5,2024-05-01,Russia,CIS,False,8.248,5.519,82.72,81.02,80.98,102.48,13.89,EIA/OPEC ASB 2025 + synthetic fill
2024,5,2024-05-01,United States,NAm,False,11.243,0.397,82.72,81.02,80.98,102.48,1.0,EIA/OPEC ASB 2025 + synthetic fill
2024,5,2024-05-01,Iraq,Gulf,True,4.761,3.857,82.72,81.02,80.98,102.48,9.7,EIA/OPEC ASB 2025 + synthetic fill
2024,5,2024-05-01,United Arab Emirates,Gulf,True,2.463,2.33,82.72,81.02,80.98,102.48,5.86,EIA/OPEC ASB 2025 + synthetic fill
2024,5,2024-05-01,Iran,Gulf,True,3.075,1.824,82.72,81.02,80.98,102.48,4.59,EIA/OPEC ASB 2025 + synthetic fill
2024,5,2024-05-01,Kuwait,Gulf,True,2.099,1.77,82.72,81.02,80.98,102.48,4.45,EIA/OPEC ASB 2025 + synthetic fill
2024,5,2024-05-01,Venezuela,LAm,True,1.194,0.916,82.72,81.02,80.98,102.48,2.3,EIA/OPEC ASB 2025 + synthetic fill
2024,5,2024-05-01,Nigeria,AFR,True,2.117,1.887,82.72,81.02,80.98,102.48,4.75,EIA/OPEC ASB 2025 + synthetic fill
2024,5,2024-05-01,Canada,NAm,False,6.117,4.271,82.72,81.02,80.98,102.48,10.75,EIA/OPEC ASB 2025 + synthetic fill
2024,5,2024-05-01,Norway,EUR,False,2.916,2.413,82.72,81.02,80.98,102.48,6.07,EIA/OPEC ASB 2025 + synthetic fill
2024,5,2024-05-01,Kazakhstan,CIS,False,0.984,0.818,82.72,81.02,80.98,102.48,2.06,EIA/OPEC ASB 2025 + synthetic fill
2024,5,2024-05-01,Libya,AFR,True,1.123,0.907,82.72,81.02,80.98,102.48,2.28,EIA/OPEC ASB 2025 + synthetic fill
2024,5,2024-05-01,Qatar,Gulf,True,0.822,0.664,82.72,81.02,80.98,102.48,1.67,EIA/OPEC ASB 2025 + synthetic fill
2024,5,2024-05-01,Algeria,AFR,True,1.223,0.927,82.72,81.02,80.98,102.48,2.33,EIA/OPEC ASB 2025 + synthetic fill
2024,5,2024-05-01,Angola,AFR,True,0.764,0.635,82.72,81.02,80.98,102.48,1.6,EIA/OPEC ASB 2025 + synthetic fill
2024,5,2024-05-01,Mexico,LAm,False,3.355,1.669,82.72,81.02,80.98,102.48,4.2,EIA/OPEC ASB 2025 + synthetic fill
2024,5,2024-05-01,Brazil,LAm,False,5.534,2.032,82.72,81.02,80.98,102.48,5.11,EIA/OPEC ASB 2025 + synthetic fill
2024,6,2024-06-01,Saudi Arabia,Gulf,True,9.888,8.406,80.96,79.34,79.87,102.54,20.7,EIA/OPEC ASB 2025 + synthetic fill
2024,6,2024-06-01,Russia,CIS,False,8.268,6.15,80.96,79.34,79.87,102.54,15.14,EIA/OPEC ASB 2025 + synthetic fill
2024,6,2024-06-01,United States,NAm,False,11.499,0.388,80.96,79.34,79.87,102.54,0.96,EIA/OPEC ASB 2025 + synthetic fill
2024,6,2024-06-01,Iraq,Gulf,True,4.653,3.682,80.96,79.34,79.87,102.54,9.07,EIA/OPEC ASB 2025 + synthetic fill
2024,6,2024-06-01,United Arab Emirates,Gulf,True,2.466,2.385,80.96,79.34,79.87,102.54,5.87,EIA/OPEC ASB 2025 + synthetic fill
2024,6,2024-06-01,Iran,Gulf,True,2.982,1.866,80.96,79.34,79.87,102.54,4.6,EIA/OPEC ASB 2025 + synthetic fill
2024,6,2024-06-01,Kuwait,Gulf,True,2.112,1.888,80.96,79.34,79.87,102.54,4.65,EIA/OPEC ASB 2025 + synthetic fill
2024,6,2024-06-01,Venezuela,LAm,True,1.158,0.903,80.96,79.34,79.87,102.54,2.22,EIA/OPEC ASB 2025 + synthetic fill
2024,6,2024-06-01,Nigeria,AFR,True,2.132,1.76,80.96,79.34,79.87,102.54,4.33,EIA/OPEC ASB 2025 + synthetic fill
2024,6,2024-06-01,Canada,NAm,False,6.428,4.663,80.96,79.34,79.87,102.54,11.48,EIA/OPEC ASB 2025 + synthetic fill
2024,6,2024-06-01,Norway,EUR,False,2.836,2.309,80.96,79.34,79.87,102.54,5.69,EIA/OPEC ASB 2025 + synthetic fill
2024,6,2024-06-01,Kazakhstan,CIS,False,0.989,0.815,80.96,79.34,79.87,102.54,2.01,EIA/OPEC ASB 2025 + synthetic fill
2024,6,2024-06-01,Libya,AFR,True,1.128,0.904,80.96,79.34,79.87,102.54,2.23,EIA/OPEC ASB 2025 + synthetic fill
2024,6,2024-06-01,Qatar,Gulf,True,0.784,0.654,80.96,79.34,79.87,102.54,1.61,EIA/OPEC ASB 2025 + synthetic fill
2024,6,2024-06-01,Algeria,AFR,True,1.258,0.881,80.96,79.34,79.87,102.54,2.17,EIA/OPEC ASB 2025 + synthetic fill
2024,6,2024-06-01,Angola,AFR,True,0.747,0.65,80.96,79.34,79.87,102.54,1.6,EIA/OPEC ASB 2025 + synthetic fill
2024,6,2024-06-01,Mexico,LAm,False,3.351,1.636,80.96,79.34,79.87,102.54,4.03,EIA/OPEC ASB 2025 + synthetic fill
2024,6,2024-06-01,Brazil,LAm,False,5.631,2.265,80.96,79.34,79.87,102.54,5.58,EIA/OPEC ASB 2025 + synthetic fill
2024,7,2024-07-01,Saudi Arabia,Gulf,True,10.387,8.512,90.15,88.7,89.72,103.09,23.34,EIA/OPEC ASB 2025 + synthetic fill
2024,7,2024-07-01,Russia,CIS,False,8.287,5.557,90.15,88.7,89.72,103.09,15.24,EIA/OPEC ASB 2025 + synthetic fill
2024,7,2024-07-01,United States,NAm,False,11.327,0.376,90.15,88.7,89.72,103.09,1.03,EIA/OPEC ASB 2025 + synthetic fill
2024,7,2024-07-01,Iraq,Gulf,True,4.648,3.849,90.15,88.7,89.72,103.09,10.55,EIA/OPEC ASB 2025 + synthetic fill
2024,7,2024-07-01,United Arab Emirates,Gulf,True,2.426,2.25,90.15,88.7,89.72,103.09,6.17,EIA/OPEC ASB 2025 + synthetic fill
2024,7,2024-07-01,Iran,Gulf,True,2.769,1.643,90.15,88.7,89.72,103.09,4.51,EIA/OPEC ASB 2025 + synthetic fill
2024,7,2024-07-01,Kuwait,Gulf,True,2.037,1.723,90.15,88.7,89.72,103.09,4.72,EIA/OPEC ASB 2025 + synthetic fill
2024,7,2024-07-01,Venezuela,LAm,True,1.14,0.974,90.15,88.7,89.72,103.09,2.67,EIA/OPEC ASB 2025 + synthetic fill
2024,7,2024-07-01,Nigeria,AFR,True,2.121,1.728,90.15,88.7,89.72,103.09,4.74,EIA/OPEC ASB 2025 + synthetic fill
2024,7,2024-07-01,Canada,NAm,False,6.192,4.183,90.15,88.7,89.72,103.09,11.47,EIA/OPEC ASB 2025 + synthetic fill
2024,7,2024-07-01,Norway,EUR,False,2.836,2.229,90.15,88.7,89.72,103.09,6.11,EIA/OPEC ASB 2025 + synthetic fill
2024,7,2024-07-01,Kazakhstan,CIS,False,0.994,0.742,90.15,88.7,89.72,103.09,2.03,EIA/OPEC ASB 2025 + synthetic fill
2024,7,2024-07-01,Libya,AFR,True,1.105,0.895,90.15,88.7,89.72,103.09,2.45,EIA/OPEC ASB 2025 + synthetic fill
2024,7,2024-07-01,Qatar,Gulf,True,0.772,0.588,90.15,88.7,89.72,103.09,1.61,EIA/OPEC ASB 2025 + synthetic fill
2024,7,2024-07-01,Algeria,AFR,True,1.268,0.882,90.15,88.7,89.72,103.09,2.42,EIA/OPEC ASB 2025 + synthetic fill
2024,7,2024-07-01,Angola,AFR,True,0.775,0.71,90.15,88.7,89.72,103.09,1.95,EIA/OPEC ASB 2025 + synthetic fill
2024,7,2024-07-01,Mexico,LAm,False,3.349,1.774,90.15,88.7,89.72,103.09,4.86,EIA/OPEC ASB 2025 + synthetic fill
2024,7,2024-07-01,Brazil,LAm,False,5.506,2.21,90.15,88.7,89.72,103.09,6.06,EIA/OPEC ASB 2025 + synthetic fill
2024,8,2024-08-01,Saudi Arabia,Gulf,True,9.415,7.17,81.36,78.67,80.38,102.44,17.74,EIA/OPEC ASB 2025 + synthetic fill
2024,8,2024-08-01,Russia,CIS,False,8.086,6.046,81.36,78.67,80.38,102.44,14.96,EIA/OPEC ASB 2025 + synthetic fill
2024,8,2024-08-01,United States,NAm,False,11.599,0.379,81.36,78.67,80.38,102.44,0.94,EIA/OPEC ASB 2025 + synthetic fill
2024,8,2024-08-01,Iraq,Gulf,True,4.775,3.792,81.36,78.67,80.38,102.44,9.38,EIA/OPEC ASB 2025 + synthetic fill
2024,8,2024-08-01,United Arab Emirates,Gulf,True,2.41,2.278,81.36,78.67,80.38,102.44,5.64,EIA/OPEC ASB 2025 + synthetic fill
2024,8,2024-08-01,Iran,Gulf,True,2.759,1.589,81.36,78.67,80.38,102.44,3.93,EIA/OPEC ASB 2025 + synthetic fill
2024,8,2024-08-01,Kuwait,Gulf,True,2.07,1.753,81.36,78.67,80.38,102.44,4.34,EIA/OPEC ASB 2025 + synthetic fill
2024,8,2024-08-01,Venezuela,LAm,True,1.199,0.967,81.36,78.67,80.38,102.44,2.39,EIA/OPEC ASB 2025 + synthetic fill
2024,8,2024-08-01,Nigeria,AFR,True,2.033,1.744,81.36,78.67,80.38,102.44,4.32,EIA/OPEC ASB 2025 + synthetic fill
2024,8,2024-08-01,Canada,NAm,False,6.07,4.297,81.36,78.67,80.38,102.44,10.63,EIA/OPEC ASB 2025 + synthetic fill
2024,8,2024-08-01,Norway,EUR,False,2.81,2.362,81.36,78.67,80.38,102.44,5.85,EIA/OPEC ASB 2025 + synthetic fill
2024,8,2024-08-01,Kazakhstan,CIS,False,1.034,0.775,81.36,78.67,80.38,102.44,1.92,EIA/OPEC ASB 2025 + synthetic fill
2024,8,2024-08-01,Libya,AFR,True,1.143,1.039,81.36,78.67,80.38,102.44,2.57,EIA/OPEC ASB 2025 + synthetic fill
2024,8,2024-08-01,Qatar,Gulf,True,0.782,0.605,81.36,78.67,80.38,102.44,1.5,EIA/OPEC ASB 2025 + synthetic fill
2024,8,2024-08-01,Algeria,AFR,True,1.269,0.944,81.36,78.67,80.38,102.44,2.34,EIA/OPEC ASB 2025 + synthetic fill
2024,8,2024-08-01,Angola,AFR,True,0.741,0.635,81.36,78.67,80.38,102.44,1.57,EIA/OPEC ASB 2025 + synthetic fill
2024,8,2024-08-01,Mexico,LAm,False,3.28,1.76,81.36,78.67,80.38,102.44,4.36,EIA/OPEC ASB 2025 + synthetic fill
2024,8,2024-08-01,Brazil,LAm,False,5.603,2.086,81.36,78.67,80.38,102.44,5.16,EIA/OPEC ASB 2025 + synthetic fill
2024,9,2024-09-01,Saudi Arabia,Gulf,True,10.071,7.894,78.85,76.39,77.92,102.59,18.93,EIA/OPEC ASB 2025 + synthetic fill
2024,9,2024-09-01,Russia,CIS,False,8.283,5.822,78.85,76.39,77.92,102.59,13.96,EIA/OPEC ASB 2025 + synthetic fill
2024,9,2024-09-01,United States,NAm,False,11.96,0.396,78.85,76.39,77.92,102.59,0.95,EIA/OPEC ASB 2025 + synthetic fill
2024,9,2024-09-01,Iraq,Gulf,True,4.847,4.244,78.85,76.39,77.92,102.59,10.18,EIA/OPEC ASB 2025 + synthetic fill
2024,9,2024-09-01,United Arab Emirates,Gulf,True,2.377,2.305,78.85,76.39,77.92,102.59,5.53,EIA/OPEC ASB 2025 + synthetic fill
2024,9,2024-09-01,Iran,Gulf,True,2.768,1.576,78.85,76.39,77.92,102.59,3.78,EIA/OPEC ASB 2025 + synthetic fill
2024,9,2024-09-01,Kuwait,Gulf,True,2.142,1.791,78.85,76.39,77.92,102.59,4.3,EIA/OPEC ASB 2025 + synthetic fill
2024,9,2024-09-01,Venezuela,LAm,True,1.134,0.994,78.85,76.39,77.92,102.59,2.38,EIA/OPEC ASB 2025 + synthetic fill
2024,9,2024-09-01,Nigeria,AFR,True,2.135,1.899,78.85,76.39,77.92,102.59,4.55,EIA/OPEC ASB 2025 + synthetic fill
2024,9,2024-09-01,Canada,NAm,False,6.282,4.302,78.85,76.39,77.92,102.59,10.32,EIA/OPEC ASB 2025 + synthetic fill
2024,9,2024-09-01,Norway,EUR,False,2.9,2.372,78.85,76.39,77.92,102.59,5.69,EIA/OPEC ASB 2025 + synthetic fill
2024,9,2024-09-01,Kazakhstan,CIS,False,1.004,0.807,78.85,76.39,77.92,102.59,1.94,EIA/OPEC ASB 2025 + synthetic fill
2024,9,2024-09-01,Libya,AFR,True,1.183,1.019,78.85,76.39,77.92,102.59,2.44,EIA/OPEC ASB 2025 + synthetic fill
2024,9,2024-09-01,Qatar,Gulf,True,0.78,0.644,78.85,76.39,77.92,102.59,1.54,EIA/OPEC ASB 2025 + synthetic fill
2024,9,2024-09-01,Algeria,AFR,True,1.235,0.936,78.85,76.39,77.92,102.59,2.24,EIA/OPEC ASB 2025 + synthetic fill
2024,9,2024-09-01,Angola,AFR,True,0.76,0.655,78.85,76.39,77.92,102.59,1.57,EIA/OPEC ASB 2025 + synthetic fill
2024,9,2024-09-01,Mexico,LAm,False,3.372,1.684,78.85,76.39,77.92,102.59,4.04,EIA/OPEC ASB 2025 + synthetic fill
2024,9,2024-09-01,Brazil,LAm,False,5.723,2.221,78.85,76.39,77.92,102.59,5.33,EIA/OPEC ASB 2025 + synthetic fill
2024,10,2024-10-01,Saudi Arabia,Gulf,True,10.286,8.811,74.21,70.21,74.75,102.21,19.89,EIA/OPEC ASB 2025 + synthetic fill
2024,10,2024-10-01,Russia,CIS,False,8.194,5.613,74.21,70.21,74.75,102.21,12.67,EIA/OPEC ASB 2025 + synthetic fill
2024,10,2024-10-01,United States,NAm,False,12.376,0.41,74.21,70.21,74.75,102.21,0.93,EIA/OPEC ASB 2025 + synthetic fill
2024,10,2024-10-01,Iraq,Gulf,True,4.676,4.109,74.21,70.21,74.75,102.21,9.27,EIA/OPEC ASB 2025 + synthetic fill
2024,10,2024-10-01,United Arab Emirates,Gulf,True,2.525,2.281,74.21,70.21,74.75,102.21,5.15,EIA/OPEC ASB 2025 + synthetic fill
2024,10,2024-10-01,Iran,Gulf,True,2.63,1.509,74.21,70.21,74.75,102.21,3.41,EIA/OPEC ASB 2025 + synthetic fill
2024,10,2024-10-01,Kuwait,Gulf,True,2.101,1.72,74.21,70.21,74.75,102.21,3.88,EIA/OPEC ASB 2025 + synthetic fill
2024,10,2024-10-01,Venezuela,LAm,True,1.155,0.96,74.21,70.21,74.75,102.21,2.17,EIA/OPEC ASB 2025 + synthetic fill
2024,10,2024-10-01,Nigeria,AFR,True,2.055,1.772,74.21,70.21,74.75,102.21,4.0,EIA/OPEC ASB 2025 + synthetic fill
2024,10,2024-10-01,Canada,NAm,False,6.617,5.023,74.21,70.21,74.75,102.21,11.34,EIA/OPEC ASB 2025 + synthetic fill
2024,10,2024-10-01,Norway,EUR,False,2.853,2.263,74.21,70.21,74.75,102.21,5.11,EIA/OPEC ASB 2025 + synthetic fill
2024,10,2024-10-01,Kazakhstan,CIS,False,1.009,0.836,74.21,70.21,74.75,102.21,1.89,EIA/OPEC ASB 2025 + synthetic fill
2024,10,2024-10-01,Libya,AFR,True,1.152,1.051,74.21,70.21,74.75,102.21,2.37,EIA/OPEC ASB 2025 + synthetic fill
2024,10,2024-10-01,Qatar,Gulf,True,0.716,0.546,74.21,70.21,74.75,102.21,1.23,EIA/OPEC ASB 2025 + synthetic fill
2024,10,2024-10-01,Algeria,AFR,True,1.26,0.884,74.21,70.21,74.75,102.21,2.0,EIA/OPEC ASB 2025 + synthetic fill
2024,10,2024-10-01,Angola,AFR,True,0.724,0.594,74.21,70.21,74.75,102.21,1.34,EIA/OPEC ASB 2025 + synthetic fill
2024,10,2024-10-01,Mexico,LAm,False,3.416,1.908,74.21,70.21,74.75,102.21,4.31,EIA/OPEC ASB 2025 + synthetic fill
2024,10,2024-10-01,Brazil,LAm,False,5.641,2.08,74.21,70.21,74.75,102.21,4.7,EIA/OPEC ASB 2025 + synthetic fill
2024,11,2024-11-01,Saudi Arabia,Gulf,True,10.144,8.472,79.12,75.16,77.29,102.5,20.39,EIA/OPEC ASB 2025 + synthetic fill
2024,11,2024-11-01,Russia,CIS,False,8.466,6.207,79.12,75.16,77.29,102.5,14.94,EIA/OPEC ASB 2025 + synthetic fill
2024,11,2024-11-01,United States,NAm,False,11.842,0.393,79.12,75.16,77.29,102.5,0.95,EIA/OPEC ASB 2025 + synthetic fill
2024,11,2024-11-01,Iraq,Gulf,True,4.754,3.731,79.12,75.16,77.29,102.5,8.98,EIA/OPEC ASB 2025 + synthetic fill
2024,11,2024-11-01,United Arab Emirates,Gulf,True,2.353,2.184,79.12,75.16,77.29,102.5,5.26,EIA/OPEC ASB 2025 + synthetic fill
2024,11,2024-11-01,Iran,Gulf,True,2.557,1.503,79.12,75.16,77.29,102.5,3.62,EIA/OPEC ASB 2025 + synthetic fill
2024,11,2024-11-01,Kuwait,Gulf,True,2.161,1.822,79.12,75.16,77.29,102.5,4.38,EIA/OPEC ASB 2025 + synthetic fill
2024,11,2024-11-01,Venezuela,LAm,True,1.183,0.917,79.12,75.16,77.29,102.5,2.21,EIA/OPEC ASB 2025 + synthetic fill
2024,11,2024-11-01,Nigeria,AFR,True,2.214,1.837,79.12,75.16,77.29,102.5,4.42,EIA/OPEC ASB 2025 + synthetic fill
2024,11,2024-11-01,Canada,NAm,False,6.246,4.309,79.12,75.16,77.29,102.5,10.37,EIA/OPEC ASB 2025 + synthetic fill
2024,11,2024-11-01,Norway,EUR,False,2.854,2.516,79.12,75.16,77.29,102.5,6.05,EIA/OPEC ASB 2025 + synthetic fill
2024,11,2024-11-01,Kazakhstan,CIS,False,0.998,0.747,79.12,75.16,77.29,102.5,1.8,EIA/OPEC ASB 2025 + synthetic fill
2024,11,2024-11-01,Libya,AFR,True,1.108,1.001,79.12,75.16,77.29,102.5,2.41,EIA/OPEC ASB 2025 + synthetic fill
2024,11,2024-11-01,Qatar,Gulf,True,0.755,0.614,79.12,75.16,77.29,102.5,1.48,EIA/OPEC ASB 2025 + synthetic fill
2024,11,2024-11-01,Algeria,AFR,True,1.265,0.867,79.12,75.16,77.29,102.5,2.09,EIA/OPEC ASB 2025 + synthetic fill
2024,11,2024-11-01,Angola,AFR,True,0.72,0.583,79.12,75.16,77.29,102.5,1.4,EIA/OPEC ASB 2025 + synthetic fill
2024,11,2024-11-01,Mexico,LAm,False,3.516,1.869,79.12,75.16,77.29,102.5,4.5,EIA/OPEC ASB 2025 + synthetic fill
2024,11,2024-11-01,Brazil,LAm,False,5.695,2.126,79.12,75.16,77.29,102.5,5.12,EIA/OPEC ASB 2025 + synthetic fill
2024,12,2024-12-01,Saudi Arabia,Gulf,True,9.694,8.312,80.73,76.38,78.84,102.28,20.41,EIA/OPEC ASB 2025 + synthetic fill
2024,12,2024-12-01,Russia,CIS,False,8.411,5.763,80.73,76.38,78.84,102.28,14.15,EIA/OPEC ASB 2025 + synthetic fill
2024,12,2024-12-01,United States,NAm,False,11.668,0.384,80.73,76.38,78.84,102.28,0.94,EIA/OPEC ASB 2025 + synthetic fill
2024,12,2024-12-01,Iraq,Gulf,True,4.656,3.876,80.73,76.38,78.84,102.28,9.52,EIA/OPEC ASB 2025 + synthetic fill
2024,12,2024-12-01,United Arab Emirates,Gulf,True,2.3,2.23,80.73,76.38,78.84,102.28,5.48,EIA/OPEC ASB 2025 + synthetic fill
2024,12,2024-12-01,Iran,Gulf,True,2.624,1.494,80.73,76.38,78.84,102.28,3.67,EIA/OPEC ASB 2025 + synthetic fill
2024,12,2024-12-01,Kuwait,Gulf,True,2.177,1.78,80.73,76.38,78.84,102.28,4.37,EIA/OPEC ASB 2025 + synthetic fill
2024,12,2024-12-01,Venezuela,LAm,True,1.176,0.97,80.73,76.38,78.84,102.28,2.38,EIA/OPEC ASB 2025 + synthetic fill
2024,12,2024-12-01,Nigeria,AFR,True,2.035,1.63,80.73,76.38,78.84,102.28,4.0,EIA/OPEC ASB 2025 + synthetic fill
2024,12,2024-12-01,Canada,NAm,False,6.17,4.573,80.73,76.38,78.84,102.28,11.23,EIA/OPEC ASB 2025 + synthetic fill
2024,12,2024-12-01,Norway,EUR,False,2.762,2.417,80.73,76.38,78.84,102.28,5.94,EIA/OPEC ASB 2025 + synthetic fill
2024,12,2024-12-01,Kazakhstan,CIS,False,0.969,0.754,80.73,76.38,78.84,102.28,1.85,EIA/OPEC ASB 2025 + synthetic fill
2024,12,2024-12-01,Libya,AFR,True,1.078,0.91,80.73,76.38,78.84,102.28,2.23,EIA/OPEC ASB 2025 + synthetic fill
2024,12,2024-12-01,Qatar,Gulf,True,0.745,0.599,80.73,76.38,78.84,102.28,1.47,EIA/OPEC ASB 2025 + synthetic fill
2024,12,2024-12-01,Algeria,AFR,True,1.203,0.913,80.73,76.38,78.84,102.28,2.24,EIA/OPEC ASB 2025 + synthetic fill
2024,12,2024-12-01,Angola,AFR,True,0.732,0.635,80.73,76.38,78.84,102.28,1.56,EIA/OPEC ASB 2025 + synthetic fill
2024,12,2024-12-01,Mexico,LAm,False,3.507,1.802,80.73,76.38,78.84,102.28,4.42,EIA/OPEC ASB 2025 + synthetic fill
2024,12,2024-12-01,Brazil,LAm,False,5.872,2.29,80.73,76.38,78.84,102.28,5.62,EIA/OPEC ASB 2025 + synthetic fill
2025,1,2025-01-01,Saudi Arabia,Gulf,True,9.776,8.367,74.38,71.81,73.15,103.82,18.93,EIA/OPEC ASB 2025 + synthetic fill
2025,1,2025-01-01,Russia,CIS,False,8.558,6.114,74.38,71.81,73.15,103.82,13.83,EIA/OPEC ASB 2025 + synthetic fill
2025,1,2025-01-01,United States,NAm,False,11.028,0.393,74.38,71.81,73.15,103.82,0.89,EIA/OPEC ASB 2025 + synthetic fill
2025,1,2025-01-01,Iraq,Gulf,True,4.71,3.988,74.38,71.81,73.15,103.82,9.02,EIA/OPEC ASB 2025 + synthetic fill
2025,1,2025-01-01,United Arab Emirates,Gulf,True,2.415,2.045,74.38,71.81,73.15,103.82,4.63,EIA/OPEC ASB 2025 + synthetic fill
2025,1,2025-01-01,Iran,Gulf,True,2.428,1.483,74.38,71.81,73.15,103.82,3.36,EIA/OPEC ASB 2025 + synthetic fill
2025,1,2025-01-01,Kuwait,Gulf,True,2.225,1.781,74.38,71.81,73.15,103.82,4.03,EIA/OPEC ASB 2025 + synthetic fill
2025,1,2025-01-01,Venezuela,LAm,True,1.15,1.005,74.38,71.81,73.15,103.82,2.27,EIA/OPEC ASB 2025 + synthetic fill
2025,1,2025-01-01,Nigeria,AFR,True,2.127,1.894,74.38,71.81,73.15,103.82,4.28,EIA/OPEC ASB 2025 + synthetic fill
2025,1,2025-01-01,Canada,NAm,False,6.059,4.168,74.38,71.81,73.15,103.82,9.43,EIA/OPEC ASB 2025 + synthetic fill
2025,1,2025-01-01,Norway,EUR,False,2.811,2.505,74.38,71.81,73.15,103.82,5.67,EIA/OPEC ASB 2025 + synthetic fill
2025,1,2025-01-01,Kazakhstan,CIS,False,0.979,0.748,74.38,71.81,73.15,103.82,1.69,EIA/OPEC ASB 2025 + synthetic fill
2025,1,2025-01-01,Libya,AFR,True,1.132,0.966,74.38,71.81,73.15,103.82,2.19,EIA/OPEC ASB 2025 + synthetic fill
2025,1,2025-01-01,Qatar,Gulf,True,0.752,0.637,74.38,71.81,73.15,103.82,1.44,EIA/OPEC ASB 2025 + synthetic fill
2025,1,2025-01-01,Algeria,AFR,True,1.245,0.851,74.38,71.81,73.15,103.82,1.93,EIA/OPEC ASB 2025 + synthetic fill
2025,1,2025-01-01,Angola,AFR,True,0.783,0.698,74.38,71.81,73.15,103.82,1.58,EIA/OPEC ASB 2025 + synthetic fill
2025,1,2025-01-01,Mexico,LAm,False,3.328,1.72,74.38,71.81,73.15,103.82,3.89,EIA/OPEC ASB 2025 + synthetic fill
2025,1,2025-01-01,Brazil,LAm,False,5.683,2.118,74.38,71.81,73.15,103.82,4.79,EIA/OPEC ASB 2025 + synthetic fill
2025,2,2025-02-01,Saudi Arabia,Gulf,True,9.724,8.305,75.03,70.6,75.03,103.47,18.95,EIA/OPEC ASB 2025 + synthetic fill
2025,2,2025-02-01,Russia,CIS,False,8.034,5.462,75.03,70.6,75.03,103.47,12.47,EIA/OPEC ASB 2025 + synthetic fill
2025,2,2025-02-01,United States,NAm,False,11.78,0.415,75.03,70.6,75.03,103.47,0.95,EIA/OPEC ASB 2025 + synthetic fill
2025,2,2025-02-01,Iraq,Gulf,True,4.702,3.987,75.03,70.6,75.03,103.47,9.1,EIA/OPEC ASB 2025 + synthetic fill
2025,2,2025-02-01,United Arab Emirates,Gulf,True,2.373,2.058,75.03,70.6,75.03,103.47,4.7,EIA/OPEC ASB 2025 + synthetic fill
2025,2,2025-02-01,Iran,Gulf,True,2.588,1.54,75.03,70.6,75.03,103.47,3.51,EIA/OPEC ASB 2025 + synthetic fill
2025,2,2025-02-01,Kuwait,Gulf,True,2.092,1.738,75.03,70.6,75.03,103.47,3.97,EIA/OPEC ASB 2025 + synthetic fill
2025,2,2025-02-01,Venezuela,LAm,True,1.184,1.019,75.03,70.6,75.03,103.47,2.33,EIA/OPEC ASB 2025 + synthetic fill
2025,2,2025-02-01,Nigeria,AFR,True,2.17,1.961,75.03,70.6,75.03,103.47,4.48,EIA/OPEC ASB 2025 + synthetic fill
2025,2,2025-02-01,Canada,NAm,False,6.139,4.266,75.03,70.6,75.03,103.47,9.74,EIA/OPEC ASB 2025 + synthetic fill
2025,2,2025-02-01,Norway,EUR,False,2.854,2.522,75.03,70.6,75.03,103.47,5.76,EIA/OPEC ASB 2025 + synthetic fill
2025,2,2025-02-01,Kazakhstan,CIS,False,1.021,0.832,75.03,70.6,75.03,103.47,1.9,EIA/OPEC ASB 2025 + synthetic fill
2025,2,2025-02-01,Libya,AFR,True,1.095,0.945,75.03,70.6,75.03,103.47,2.16,EIA/OPEC ASB 2025 + synthetic fill
2025,2,2025-02-01,Qatar,Gulf,True,0.738,0.576,75.03,70.6,75.03,103.47,1.31,EIA/OPEC ASB 2025 + synthetic fill
2025,2,2025-02-01,Algeria,AFR,True,1.243,0.835,75.03,70.6,75.03,103.47,1.91,EIA/OPEC ASB 2025 + synthetic fill
2025,2,2025-02-01,Angola,AFR,True,0.738,0.642,75.03,70.6,75.03,103.47,1.47,EIA/OPEC ASB 2025 + synthetic fill
2025,2,2025-02-01,Mexico,LAm,False,3.462,1.754,75.03,70.6,75.03,103.47,4.0,EIA/OPEC ASB 2025 + synthetic fill
2025,2,2025-02-01,Brazil,LAm,False,5.618,2.204,75.03,70.6,75.03,103.47,5.03,EIA/OPEC ASB 2025 + synthetic fill
2025,3,2025-03-01,Saudi Arabia,Gulf,True,10.473,9.006,71.09,66.4,71.78,103.94,19.47,EIA/OPEC ASB 2025 + synthetic fill
2025,3,2025-03-01,Russia,CIS,False,8.157,5.6,71.09,66.4,71.78,103.94,12.11,EIA/OPEC ASB 2025 + synthetic fill
2025,3,2025-03-01,United States,NAm,False,11.606,0.424,71.09,66.4,71.78,103.94,0.92,EIA/OPEC ASB 2025 + synthetic fill
2025,3,2025-03-01,Iraq,Gulf,True,4.729,3.901,71.09,66.4,71.78,103.94,8.44,EIA/OPEC ASB 2025 + synthetic fill
2025,3,2025-03-01,United Arab Emirates,Gulf,True,2.473,2.297,71.09,66.4,71.78,103.94,4.97,EIA/OPEC ASB 2025 + synthetic fill
2025,3,2025-03-01,Iran,Gulf,True,2.54,1.488,71.09,66.4,71.78,103.94,3.22,EIA/OPEC ASB 2025 + synthetic fill
2025,3,2025-03-01,Kuwait,Gulf,True,2.001,1.814,71.09,66.4,71.78,103.94,3.92,EIA/OPEC ASB 2025 + synthetic fill
2025,3,2025-03-01,Venezuela,LAm,True,1.142,0.908,71.09,66.4,71.78,103.94,1.96,EIA/OPEC ASB 2025 + synthetic fill
2025,3,2025-03-01,Nigeria,AFR,True,2.111,1.719,71.09,66.4,71.78,103.94,3.72,EIA/OPEC ASB 2025 + synthetic fill
2025,3,2025-03-01,Canada,NAm,False,6.525,4.33,71.09,66.4,71.78,103.94,9.36,EIA/OPEC ASB 2025 + synthetic fill
2025,3,2025-03-01,Norway,EUR,False,2.785,2.363,71.09,66.4,71.78,103.94,5.11,EIA/OPEC ASB 2025 + synthetic fill
2025,3,2025-03-01,Kazakhstan,CIS,False,1.005,0.834,71.09,66.4,71.78,103.94,1.8,EIA/OPEC ASB 2025 + synthetic fill
2025,3,2025-03-01,Libya,AFR,True,1.109,0.961,71.09,66.4,71.78,103.94,2.08,EIA/OPEC ASB 2025 + synthetic fill
2025,3,2025-03-01,Qatar,Gulf,True,0.762,0.596,71.09,66.4,71.78,103.94,1.29,EIA/OPEC ASB 2025 + synthetic fill
2025,3,2025-03-01,Algeria,AFR,True,1.274,0.924,71.09,66.4,71.78,103.94,2.0,EIA/OPEC ASB 2025 + synthetic fill
2025,3,2025-03-01,Angola,AFR,True,0.73,0.661,71.09,66.4,71.78,103.94,1.43,EIA/OPEC ASB 2025 + synthetic fill
2025,3,2025-03-01,Mexico,LAm,False,3.54,1.91,71.09,66.4,71.78,103.94,4.13,EIA/OPEC ASB 2025 + synthetic fill
2025,3,2025-03-01,Brazil,LAm,False,5.689,2.314,71.09,66.4,71.78,103.94,5.0,EIA/OPEC ASB 2025 + synthetic fill
2025,4,2025-04-01,Saudi Arabia,Gulf,True,10.233,8.174,76.01,73.53,74.31,103.78,18.9,EIA/OPEC ASB 2025 + synthetic fill
2025,4,2025-04-01,Russia,CIS,False,8.19,6.167,76.01,73.53,74.31,103.78,14.26,EIA/OPEC ASB 2025 + synthetic fill
2025,4,2025-04-01,United States,NAm,False,12.101,0.442,76.01,73.53,74.31,103.78,1.02,EIA/OPEC ASB 2025 + synthetic fill
2025,4,2025-04-01,Iraq,Gulf,True,4.926,3.95,76.01,73.53,74.31,103.78,9.13,EIA/OPEC ASB 2025 + synthetic fill
2025,4,2025-04-01,United Arab Emirates,Gulf,True,2.369,2.296,76.01,73.53,74.31,103.78,5.31,EIA/OPEC ASB 2025 + synthetic fill
2025,4,2025-04-01,Iran,Gulf,True,2.512,1.581,76.01,73.53,74.31,103.78,3.66,EIA/OPEC ASB 2025 + synthetic fill
2025,4,2025-04-01,Kuwait,Gulf,True,2.04,1.685,76.01,73.53,74.31,103.78,3.9,EIA/OPEC ASB 2025 + synthetic fill
2025,4,2025-04-01,Venezuela,LAm,True,1.138,0.98,76.01,73.53,74.31,103.78,2.27,EIA/OPEC ASB 2025 + synthetic fill
2025,4,2025-04-01,Nigeria,AFR,True,2.034,1.779,76.01,73.53,74.31,103.78,4.11,EIA/OPEC ASB 2025 + synthetic fill
2025,4,2025-04-01,Canada,NAm,False,6.147,4.471,76.01,73.53,74.31,103.78,10.34,EIA/OPEC ASB 2025 + synthetic fill
2025,4,2025-04-01,Norway,EUR,False,2.594,2.156,76.01,73.53,74.31,103.78,4.98,EIA/OPEC ASB 2025 + synthetic fill
2025,4,2025-04-01,Kazakhstan,CIS,False,0.976,0.781,76.01,73.53,74.31,103.78,1.81,EIA/OPEC ASB 2025 + synthetic fill
2025,4,2025-04-01,Libya,AFR,True,1.177,1.009,76.01,73.53,74.31,103.78,2.33,EIA/OPEC ASB 2025 + synthetic fill
2025,4,2025-04-01,Qatar,Gulf,True,0.759,0.596,76.01,73.53,74.31,103.78,1.38,EIA/OPEC ASB 2025 + synthetic fill
2025,4,2025-04-01,Algeria,AFR,True,1.268,0.911,76.01,73.53,74.31,103.78,2.11,EIA/OPEC ASB 2025 + synthetic fill
2025,4,2025-04-01,Angola,AFR,True,0.747,0.646,76.01,73.53,74.31,103.78,1.49,EIA/OPEC ASB 2025 + synthetic fill
2025,4,2025-04-01,Mexico,LAm,False,3.473,1.915,76.01,73.53,74.31,103.78,4.43,EIA/OPEC ASB 2025 + synthetic fill
2025,4,2025-04-01,Brazil,LAm,False,5.767,2.087,76.01,73.53,74.31,103.78,4.83,EIA/OPEC ASB 2025 + synthetic fill
2025,5,2025-05-01,Saudi Arabia,Gulf,True,10.413,8.746,75.71,71.83,75.0,103.9,20.14,EIA/OPEC ASB 2025 + synthetic fill
2025,5,2025-05-01,Russia,CIS,False,8.152,5.757,75.71,71.83,75.0,103.9,13.26,EIA/OPEC ASB 2025 + synthetic fill
2025,5,2025-05-01,United States,NAm,False,11.517,0.42,75.71,71.83,75.0,103.9,0.97,EIA/OPEC ASB 2025 + synthetic fill
2025,5,2025-05-01,Iraq,Gulf,True,4.478,3.574,75.71,71.83,75.0,103.9,8.23,EIA/OPEC ASB 2025 + synthetic fill
2025,5,2025-05-01,United Arab Emirates,Gulf,True,2.329,2.166,75.71,71.83,75.0,103.9,4.99,EIA/OPEC ASB 2025 + synthetic fill
2025,5,2025-05-01,Iran,Gulf,True,2.543,1.502,75.71,71.83,75.0,103.9,3.46,EIA/OPEC ASB 2025 + synthetic fill
2025,5,2025-05-01,Kuwait,Gulf,True,2.003,1.807,75.71,71.83,75.0,103.9,4.16,EIA/OPEC ASB 2025 + synthetic fill
2025,5,2025-05-01,Venezuela,LAm,True,1.115,0.874,75.71,71.83,75.0,103.9,2.01,EIA/OPEC ASB 2025 + synthetic fill
2025,5,2025-05-01,Nigeria,AFR,True,2.023,1.672,75.71,71.83,75.0,103.9,3.85,EIA/OPEC ASB 2025 + synthetic fill
2025,5,2025-05-01,Canada,NAm,False,6.241,4.138,75.71,71.83,75.0,103.9,9.53,EIA/OPEC ASB 2025 + synthetic fill
2025,5,2025-05-01,Norway,EUR,False,2.699,2.209,75.71,71.83,75.0,103.9,5.09,EIA/OPEC ASB 2025 + synthetic fill
2025,5,2025-05-01,Kazakhstan,CIS,False,0.975,0.731,75.71,71.83,75.0,103.9,1.68,EIA/OPEC ASB 2025 + synthetic fill
2025,5,2025-05-01,Libya,AFR,True,1.179,1.016,75.71,71.83,75.0,103.9,2.34,EIA/OPEC ASB 2025 + synthetic fill
2025,5,2025-05-01,Qatar,Gulf,True,0.746,0.61,75.71,71.83,75.0,103.9,1.4,EIA/OPEC ASB 2025 + synthetic fill
2025,5,2025-05-01,Algeria,AFR,True,1.247,0.902,75.71,71.83,75.0,103.9,2.08,EIA/OPEC ASB 2025 + synthetic fill
2025,5,2025-05-01,Angola,AFR,True,0.736,0.655,75.71,71.83,75.0,103.9,1.51,EIA/OPEC ASB 2025 + synthetic fill
2025,5,2025-05-01,Mexico,LAm,False,3.423,1.832,75.71,71.83,75.0,103.9,4.22,EIA/OPEC ASB 2025 + synthetic fill
2025,5,2025-05-01,Brazil,LAm,False,5.802,2.208,75.71,71.83,75.0,103.9,5.08,EIA/OPEC ASB 2025 + synthetic fill
2025,6,2025-06-01,Saudi Arabia,Gulf,True,10.266,8.26,77.43,72.65,76.71,104.09,19.45,EIA/OPEC ASB 2025 + synthetic fill
2025,6,2025-06-01,Russia,CIS,False,8.196,5.957,77.43,72.65,76.71,104.09,14.03,EIA/OPEC ASB 2025 + synthetic fill
2025,6,2025-06-01,United States,NAm,False,11.889,0.383,77.43,72.65,76.71,104.09,0.9,EIA/OPEC ASB 2025 + synthetic fill
2025,6,2025-06-01,Iraq,Gulf,True,4.833,3.937,77.43,72.65,76.71,104.09,9.27,EIA/OPEC ASB 2025 + synthetic fill
2025,6,2025-06-01,United Arab Emirates,Gulf,True,2.367,2.148,77.43,72.65,76.71,104.09,5.06,EIA/OPEC ASB 2025 + synthetic fill
2025,6,2025-06-01,Iran,Gulf,True,2.395,1.384,77.43,72.65,76.71,104.09,3.26,EIA/OPEC ASB 2025 + synthetic fill
2025,6,2025-06-01,Kuwait,Gulf,True,2.069,1.876,77.43,72.65,76.71,104.09,4.42,EIA/OPEC ASB 2025 + synthetic fill
2025,6,2025-06-01,Venezuela,LAm,True,1.152,0.968,77.43,72.65,76.71,104.09,2.28,EIA/OPEC ASB 2025 + synthetic fill
2025,6,2025-06-01,Nigeria,AFR,True,2.053,1.748,77.43,72.65,76.71,104.09,4.12,EIA/OPEC ASB 2025 + synthetic fill
2025,6,2025-06-01,Canada,NAm,False,6.522,4.334,77.43,72.65,76.71,104.09,10.21,EIA/OPEC ASB 2025 + synthetic fill
2025,6,2025-06-01,Norway,EUR,False,2.629,2.059,77.43,72.65,76.71,104.09,4.85,EIA/OPEC ASB 2025 + synthetic fill
2025,6,2025-06-01,Kazakhstan,CIS,False,0.956,0.744,77.43,72.65,76.71,104.09,1.75,EIA/OPEC ASB 2025 + synthetic fill
2025,6,2025-06-01,Libya,AFR,True,1.176,1.013,77.43,72.65,76.71,104.09,2.39,EIA/OPEC ASB 2025 + synthetic fill
2025,6,2025-06-01,Qatar,Gulf,True,0.792,0.583,77.43,72.65,76.71,104.09,1.37,EIA/OPEC ASB 2025 + synthetic fill
2025,6,2025-06-01,Algeria,AFR,True,1.244,0.938,77.43,72.65,76.71,104.09,2.21,EIA/OPEC ASB 2025 + synthetic fill
2025,6,2025-06-01,Angola,AFR,True,0.753,0.652,77.43,72.65,76.71,104.09,1.54,EIA/OPEC ASB 2025 + synthetic fill
2025,6,2025-06-01,Mexico,LAm,False,3.535,1.771,77.43,72.65,76.71,104.09,4.17,EIA/OPEC ASB 2025 + synthetic fill
2025,6,2025-06-01,Brazil,LAm,False,5.444,2.108,77.43,72.65,76.71,104.09,4.96,EIA/OPEC ASB 2025 + synthetic fill
2025,7,2025-07-01,Saudi Arabia,Gulf,True,10.319,8.501,77.03,74.65,75.41,104.19,19.92,EIA/OPEC ASB 2025 + synthetic fill
2025,7,2025-07-01,Russia,CIS,False,8.114,6.055,77.03,74.65,75.41,104.19,14.19,EIA/OPEC ASB 2025 + synthetic fill
2025,7,2025-07-01,United States,NAm,False,11.553,0.376,77.03,74.65,75.41,104.19,0.88,EIA/OPEC ASB 2025 + synthetic fill
2025,7,2025-07-01,Iraq,Gulf,True,4.515,3.568,77.03,74.65,75.41,104.19,8.36,EIA/OPEC ASB 2025 + synthetic fill
2025,7,2025-07-01,United Arab Emirates,Gulf,True,2.406,2.041,77.03,74.65,75.41,104.19,4.78,EIA/OPEC ASB 2025 + synthetic fill
2025,7,2025-07-01,Iran,Gulf,True,2.506,1.524,77.03,74.65,75.41,104.19,3.57,EIA/OPEC ASB 2025 + synthetic fill
2025,7,2025-07-01,Kuwait,Gulf,True,2.22,1.966,77.03,74.65,75.41,104.19,4.61,EIA/OPEC ASB 2025 + synthetic fill
2025,7,2025-07-01,Venezuela,LAm,True,1.122,0.901,77.03,74.65,75.41,104.19,2.11,EIA/OPEC ASB 2025 + synthetic fill
2025,7,2025-07-01,Nigeria,AFR,True,2.087,1.691,77.03,74.65,75.41,104.19,3.96,EIA/OPEC ASB 2025 + synthetic fill
2025,7,2025-07-01,Canada,NAm,False,6.441,4.603,77.03,74.65,75.41,104.19,10.78,EIA/OPEC ASB 2025 + synthetic fill
2025,7,2025-07-01,Norway,EUR,False,2.85,2.415,77.03,74.65,75.41,104.19,5.66,EIA/OPEC ASB 2025 + synthetic fill
2025,7,2025-07-01,Kazakhstan,CIS,False,0.983,0.833,77.03,74.65,75.41,104.19,1.95,EIA/OPEC ASB 2025 + synthetic fill
2025,7,2025-07-01,Libya,AFR,True,1.199,1.091,77.03,74.65,75.41,104.19,2.56,EIA/OPEC ASB 2025 + synthetic fill
2025,7,2025-07-01,Qatar,Gulf,True,0.729,0.581,77.03,74.65,75.41,104.19,1.36,EIA/OPEC ASB 2025 + synthetic fill
2025,7,2025-07-01,Algeria,AFR,True,1.224,0.825,77.03,74.65,75.41,104.19,1.93,EIA/OPEC ASB 2025 + synthetic fill
2025,7,2025-07-01,Angola,AFR,True,0.763,0.66,77.03,74.65,75.41,104.19,1.55,EIA/OPEC ASB 2025 + synthetic fill
2025,7,2025-07-01,Mexico,LAm,False,3.357,1.695,77.03,74.65,75.41,104.19,3.97,EIA/OPEC ASB 2025 + synthetic fill
2025,7,2025-07-01,Brazil,LAm,False,5.836,2.322,77.03,74.65,75.41,104.19,5.44,EIA/OPEC ASB 2025 + synthetic fill
2025,8,2025-08-01,Saudi Arabia,Gulf,True,10.433,8.999,76.39,73.96,74.64,104.28,20.91,EIA/OPEC ASB 2025 + synthetic fill
2025,8,2025-08-01,Russia,CIS,False,8.081,5.882,76.39,73.96,74.64,104.28,13.67,EIA/OPEC ASB 2025 + synthetic fill
2025,8,2025-08-01,United States,NAm,False,11.787,0.404,76.39,73.96,74.64,104.28,0.94,EIA/OPEC ASB 2025 + synthetic fill
2025,8,2025-08-01,Iraq,Gulf,True,4.704,4.002,76.39,73.96,74.64,104.28,9.3,EIA/OPEC ASB 2025 + synthetic fill
2025,8,2025-08-01,United Arab Emirates,Gulf,True,2.368,2.172,76.39,73.96,74.64,104.28,5.05,EIA/OPEC ASB 2025 + synthetic fill
2025,8,2025-08-01,Iran,Gulf,True,2.59,1.574,76.39,73.96,74.64,104.28,3.66,EIA/OPEC ASB 2025 + synthetic fill
2025,8,2025-08-01,Kuwait,Gulf,True,2.048,1.664,76.39,73.96,74.64,104.28,3.87,EIA/OPEC ASB 2025 + synthetic fill
2025,8,2025-08-01,Venezuela,LAm,True,1.162,0.934,76.39,73.96,74.64,104.28,2.17,EIA/OPEC ASB 2025 + synthetic fill
2025,8,2025-08-01,Nigeria,AFR,True,2.067,1.864,76.39,73.96,74.64,104.28,4.33,EIA/OPEC ASB 2025 + synthetic fill
2025,8,2025-08-01,Canada,NAm,False,6.334,4.468,76.39,73.96,74.64,104.28,10.38,EIA/OPEC ASB 2025 + synthetic fill
2025,8,2025-08-01,Norway,EUR,False,2.758,2.149,76.39,73.96,74.64,104.28,4.99,EIA/OPEC ASB 2025 + synthetic fill
2025,8,2025-08-01,Kazakhstan,CIS,False,1.004,0.751,76.39,73.96,74.64,104.28,1.74,EIA/OPEC ASB 2025 + synthetic fill
2025,8,2025-08-01,Libya,AFR,True,1.104,0.921,76.39,73.96,74.64,104.28,2.14,EIA/OPEC ASB 2025 + synthetic fill
2025,8,2025-08-01,Qatar,Gulf,True,0.74,0.627,76.39,73.96,74.64,104.28,1.46,EIA/OPEC ASB 2025 + synthetic fill
2025,8,2025-08-01,Algeria,AFR,True,1.257,0.921,76.39,73.96,74.64,104.28,2.14,EIA/OPEC ASB 2025 + synthetic fill
2025,8,2025-08-01,Angola,AFR,True,0.718,0.618,76.39,73.96,74.64,104.28,1.44,EIA/OPEC ASB 2025 + synthetic fill
2025,8,2025-08-01,Mexico,LAm,False,3.599,1.835,76.39,73.96,74.64,104.28,4.26,EIA/OPEC ASB 2025 + synthetic fill
2025,8,2025-08-01,Brazil,LAm,False,5.81,2.24,76.39,73.96,74.64,104.28,5.2,EIA/OPEC ASB 2025 + synthetic fill
2025,9,2025-09-01,Saudi Arabia,Gulf,True,9.954,7.889,77.0,73.44,75.78,103.78,18.48,EIA/OPEC ASB 2025 + synthetic fill
2025,9,2025-09-01,Russia,CIS,False,8.246,5.574,77.0,73.44,75.78,103.78,13.05,EIA/OPEC ASB 2025 + synthetic fill
2025,9,2025-09-01,United States,NAm,False,11.81,0.422,77.0,73.44,75.78,103.78,0.99,EIA/OPEC ASB 2025 + synthetic fill
2025,9,2025-09-01,Iraq,Gulf,True,4.741,4.151,77.0,73.44,75.78,103.78,9.72,EIA/OPEC ASB 2025 + synthetic fill
2025,9,2025-09-01,United Arab Emirates,Gulf,True,2.395,2.075,77.0,73.44,75.78,103.78,4.86,EIA/OPEC ASB 2025 + synthetic fill
2025,9,2025-09-01,Iran,Gulf,True,2.443,1.451,77.0,73.44,75.78,103.78,3.4,EIA/OPEC ASB 2025 + synthetic fill
2025,9,2025-09-01,Kuwait,Gulf,True,2.064,1.652,77.0,73.44,75.78,103.78,3.87,EIA/OPEC ASB 2025 + synthetic fill
2025,9,2025-09-01,Venezuela,LAm,True,1.081,0.949,77.0,73.44,75.78,103.78,2.22,EIA/OPEC ASB 2025 + synthetic fill
2025,9,2025-09-01,Nigeria,AFR,True,2.165,1.726,77.0,73.44,75.78,103.78,4.04,EIA/OPEC ASB 2025 + synthetic fill
2025,9,2025-09-01,Canada,NAm,False,6.144,4.196,77.0,73.44,75.78,103.78,9.83,EIA/OPEC ASB 2025 + synthetic fill
2025,9,2025-09-01,Norway,EUR,False,2.811,2.187,77.0,73.44,75.78,103.78,5.12,EIA/OPEC ASB 2025 + synthetic fill
2025,9,2025-09-01,Kazakhstan,CIS,False,1.034,0.868,77.0,73.44,75.78,103.78,2.03,EIA/OPEC ASB 2025 + synthetic fill
2025,9,2025-09-01,Libya,AFR,True,1.152,1.048,77.0,73.44,75.78,103.78,2.45,EIA/OPEC ASB 2025 + synthetic fill
2025,9,2025-09-01,Qatar,Gulf,True,0.778,0.573,77.0,73.44,75.78,103.78,1.34,EIA/OPEC ASB 2025 + synthetic fill
2025,9,2025-09-01,Algeria,AFR,True,1.253,0.935,77.0,73.44,75.78,103.78,2.19,EIA/OPEC ASB 2025 + synthetic fill
2025,9,2025-09-01,Angola,AFR,True,0.784,0.719,77.0,73.44,75.78,103.78,1.68,EIA/OPEC ASB 2025 + synthetic fill
2025,9,2025-09-01,Mexico,LAm,False,3.559,1.832,77.0,73.44,75.78,103.78,4.29,EIA/OPEC ASB 2025 + synthetic fill
2025,9,2025-09-01,Brazil,LAm,False,5.698,2.273,77.0,73.44,75.78,103.78,5.32,EIA/OPEC ASB 2025 + synthetic fill
2025,10,2025-10-01,Saudi Arabia,Gulf,True,10.224,8.419,74.32,72.34,73.31,104.05,19.03,EIA/OPEC ASB 2025 + synthetic fill
2025,10,2025-10-01,Russia,CIS,False,8.114,6.033,74.32,72.34,73.31,104.05,13.64,EIA/OPEC ASB 2025 + synthetic fill
2025,10,2025-10-01,United States,NAm,False,11.577,0.416,74.32,72.34,73.31,104.05,0.94,EIA/OPEC ASB 2025 + synthetic fill
2025,10,2025-10-01,Iraq,Gulf,True,4.693,4.033,74.32,72.34,73.31,104.05,9.12,EIA/OPEC ASB 2025 + synthetic fill
2025,10,2025-10-01,United Arab Emirates,Gulf,True,2.387,2.14,74.32,72.34,73.31,104.05,4.84,EIA/OPEC ASB 2025 + synthetic fill
2025,10,2025-10-01,Iran,Gulf,True,2.615,1.563,74.32,72.34,73.31,104.05,3.53,EIA/OPEC ASB 2025 + synthetic fill
2025,10,2025-10-01,Kuwait,Gulf,True,2.08,1.844,74.32,72.34,73.31,104.05,4.17,EIA/OPEC ASB 2025 + synthetic fill
2025,10,2025-10-01,Venezuela,LAm,True,1.2,0.988,74.32,72.34,73.31,104.05,2.23,EIA/OPEC ASB 2025 + synthetic fill
2025,10,2025-10-01,Nigeria,AFR,True,2.04,1.705,74.32,72.34,73.31,104.05,3.85,EIA/OPEC ASB 2025 + synthetic fill
2025,10,2025-10-01,Canada,NAm,False,6.17,4.52,74.32,72.34,73.31,104.05,10.22,EIA/OPEC ASB 2025 + synthetic fill
2025,10,2025-10-01,Norway,EUR,False,2.687,2.157,74.32,72.34,73.31,104.05,4.88,EIA/OPEC ASB 2025 + synthetic fill
2025,10,2025-10-01,Kazakhstan,CIS,False,1.012,0.817,74.32,72.34,73.31,104.05,1.85,EIA/OPEC ASB 2025 + synthetic fill
2025,10,2025-10-01,Libya,AFR,True,1.186,1.016,74.32,72.34,73.31,104.05,2.3,EIA/OPEC ASB 2025 + synthetic fill
2025,10,2025-10-01,Qatar,Gulf,True,0.777,0.588,74.32,72.34,73.31,104.05,1.33,EIA/OPEC ASB 2025 + synthetic fill
2025,10,2025-10-01,Algeria,AFR,True,1.215,0.836,74.32,72.34,73.31,104.05,1.89,EIA/OPEC ASB 2025 + synthetic fill
2025,10,2025-10-01,Angola,AFR,True,0.79,0.695,74.32,72.34,73.31,104.05,1.57,EIA/OPEC ASB 2025 + synthetic fill
2025,10,2025-10-01,Mexico,LAm,False,3.478,1.832,74.32,72.34,73.31,104.05,4.14,EIA/OPEC ASB 2025 + synthetic fill
2025,10,2025-10-01,Brazil,LAm,False,5.659,2.089,74.32,72.34,73.31,104.05,4.72,EIA/OPEC ASB 2025 + synthetic fill
2025,11,2025-11-01,Saudi Arabia,Gulf,True,10.488,8.617,70.55,69.07,69.08,103.94,18.49,EIA/OPEC ASB 2025 + synthetic fill
2025,11,2025-11-01,Russia,CIS,False,7.923,5.601,70.55,69.07,69.08,103.94,12.02,EIA/OPEC ASB 2025 + synthetic fill
2025,11,2025-11-01,United States,NAm,False,12.389,0.421,70.55,69.07,69.08,103.94,0.9,EIA/OPEC ASB 2025 + synthetic fill
2025,11,2025-11-01,Iraq,Gulf,True,5.03,3.952,70.55,69.07,69.08,103.94,8.48,EIA/OPEC ASB 2025 + synthetic fill
2025,11,2025-11-01,United Arab Emirates,Gulf,True,2.415,2.094,70.55,69.07,69.08,103.94,4.49,EIA/OPEC ASB 2025 + synthetic fill
2025,11,2025-11-01,Iran,Gulf,True,2.638,1.655,70.55,69.07,69.08,103.94,3.55,EIA/OPEC ASB 2025 + synthetic fill
2025,11,2025-11-01,Kuwait,Gulf,True,2.114,1.823,70.55,69.07,69.08,103.94,3.91,EIA/OPEC ASB 2025 + synthetic fill
2025,11,2025-11-01,Venezuela,LAm,True,1.12,0.916,70.55,69.07,69.08,103.94,1.97,EIA/OPEC ASB 2025 + synthetic fill
2025,11,2025-11-01,Nigeria,AFR,True,2.144,1.701,70.55,69.07,69.08,103.94,3.65,EIA/OPEC ASB 2025 + synthetic fill
2025,11,2025-11-01,Canada,NAm,False,6.466,4.892,70.55,69.07,69.08,103.94,10.5,EIA/OPEC ASB 2025 + synthetic fill
2025,11,2025-11-01,Norway,EUR,False,2.789,2.234,70.55,69.07,69.08,103.94,4.79,EIA/OPEC ASB 2025 + synthetic fill
2025,11,2025-11-01,Kazakhstan,CIS,False,0.984,0.759,70.55,69.07,69.08,103.94,1.63,EIA/OPEC ASB 2025 + synthetic fill
2025,11,2025-11-01,Libya,AFR,True,1.077,0.903,70.55,69.07,69.08,103.94,1.94,EIA/OPEC ASB 2025 + synthetic fill
2025,11,2025-11-01,Qatar,Gulf,True,0.731,0.616,70.55,69.07,69.08,103.94,1.32,EIA/OPEC ASB 2025 + synthetic fill
2025,11,2025-11-01,Algeria,AFR,True,1.276,0.871,70.55,69.07,69.08,103.94,1.87,EIA/OPEC ASB 2025 + synthetic fill
2025,11,2025-11-01,Angola,AFR,True,0.742,0.65,70.55,69.07,69.08,103.94,1.39,EIA/OPEC ASB 2025 + synthetic fill
2025,11,2025-11-01,Mexico,LAm,False,3.362,1.71,70.55,69.07,69.08,103.94,3.67,EIA/OPEC ASB 2025 + synthetic fill
2025,11,2025-11-01,Brazil,LAm,False,5.772,2.062,70.55,69.07,69.08,103.94,4.42,EIA/OPEC ASB 2025 + synthetic fill
2025,12,2025-12-01,Saudi Arabia,Gulf,True,10.096,7.935,72.28,68.65,71.96,104.18,17.45,EIA/OPEC ASB 2025 + synthetic fill
2025,12,2025-12-01,Russia,CIS,False,8.203,5.824,72.28,68.65,71.96,104.18,12.8,EIA/OPEC ASB 2025 + synthetic fill
2025,12,2025-12-01,United States,NAm,False,11.563,0.421,72.28,68.65,71.96,104.18,0.93,EIA/OPEC ASB 2025 + synthetic fill
2025,12,2025-12-01,Iraq,Gulf,True,4.727,3.685,72.28,68.65,71.96,104.18,8.1,EIA/OPEC ASB 2025 + synthetic fill
2025,12,2025-12-01,United Arab Emirates,Gulf,True,2.375,2.166,72.28,68.65,71.96,104.18,4.76,EIA/OPEC ASB 2025 + synthetic fill
2025,12,2025-12-01,Iran,Gulf,True,2.461,1.514,72.28,68.65,71.96,104.18,3.33,EIA/OPEC ASB 2025 + synthetic fill
2025,12,2025-12-01,Kuwait,Gulf,True,2.159,1.798,72.28,68.65,71.96,104.18,3.95,EIA/OPEC ASB 2025 + synthetic fill
2025,12,2025-12-01,Venezuela,LAm,True,1.198,0.939,72.28,68.65,71.96,104.18,2.06,EIA/OPEC ASB 2025 + synthetic fill
2025,12,2025-12-01,Nigeria,AFR,True,2.13,1.777,72.28,68.65,71.96,104.18,3.91,EIA/OPEC ASB 2025 + synthetic fill
2025,12,2025-12-01,Canada,NAm,False,6.37,4.581,72.28,68.65,71.96,104.18,10.07,EIA/OPEC ASB 2025 + synthetic fill
2025,12,2025-12-01,Norway,EUR,False,2.83,2.237,72.28,68.65,71.96,104.18,4.92,EIA/OPEC ASB 2025 + synthetic fill
2025,12,2025-12-01,Kazakhstan,CIS,False,0.961,0.731,72.28,68.65,71.96,104.18,1.61,EIA/OPEC ASB 2025 + synthetic fill
2025,12,2025-12-01,Libya,AFR,True,1.115,0.899,72.28,68.65,71.96,104.18,1.98,EIA/OPEC ASB 2025 + synthetic fill
2025,12,2025-12-01,Qatar,Gulf,True,0.733,0.593,72.28,68.65,71.96,104.18,1.3,EIA/OPEC ASB 2025 + synthetic fill
2025,12,2025-12-01,Algeria,AFR,True,1.312,0.954,72.28,68.65,71.96,104.18,2.1,EIA/OPEC ASB 2025 + synthetic fill
2025,12,2025-12-01,Angola,AFR,True,0.727,0.605,72.28,68.65,71.96,104.18,1.33,EIA/OPEC ASB 2025 + synthetic fill
2025,12,2025-12-01,Mexico,LAm,False,3.331,1.807,72.28,68.65,71.96,104.18,3.97,EIA/OPEC ASB 2025 + synthetic fill
2025,12,2025-12-01,Brazil,LAm,False,5.616,2.194,72.28,68.65,71.96,104.18,4.82,EIA/OPEC ASB 2025 + synthetic fill
